Código IES;Instituição(IES);Sigla;Categoria Administrativa;Código Curso;Nome do Curso;Grau;Modalidade;CC;Ano CC;CPC;Ano CPC;ENADE;Ano ENADE;IDD;Ano IDD;Vagas Autorizadas;Data início funcionamento;Data Ato de Criação;Situação;Código Área Geral CINE;Área Geral CINE;Código Área Específica CINE;Área Específica CINE;Código Área Detalhada CINE;Área Detalhada CINE;Código Rótulo CINE;Rótulo CINE
1;UNIVERSIDADE FEDERAL DE MATO GROSSO;UFMT;Pública Federal;12;MEDICINA;Bacharelado;Presencial;4;2024;3;2023;4;2025;2;2023;80;03/11/1978;03/11/1978;Em Atividade;9;Saúde e bem-estar;91;Saúde;912;Medicina;0912M01;Medicina
1;UNIVERSIDADE FEDERAL DE MATO GROSSO;UFMT;Pública Federal;37;MEDICINA VETERINÁRIA;Bacharelado;Presencial;4;2008;4;2023;4;2023;3;2023;60;21/05/1992;21/05/1992;Em Atividade;8;Agricultura, silvicultura, pesca e veterinária;84;Veterinária;841;Veterinária;0841M01;Medicina veterinária
1;UNIVERSIDADE FEDERAL DE MATO GROSSO;UFMT;Pública Federal;100763;MEDICINA VETERINÁRIA;Bacharelado;Presencial;4;2010;4;2023;4;2023;4;2023;100;07/08/2006;13/09/2007;Em Atividade;8;Agricultura, silvicultura, pesca e veterinária;84;Veterinária;841;Veterinária;0841M01;Medicina veterinária
1;UNIVERSIDADE FEDERAL DE MATO GROSSO;UFMT;Pública Federal;116648;BIOMEDICINA;Bacharelado;Presencial;4;2012;4;2023;3;2023;2;2023;45;02/03/2009;30/06/2008;Em Atividade;9;Saúde e bem-estar;91;Saúde;914;Tecnologia de diagnóstico e tratamento médico;0914B01;Biomedicina
1;UNIVERSIDADE FEDERAL DE MATO GROSSO;UFMT;Pública Federal;1261972;MEDICINA;Bacharelado;Presencial;4;2025;3;2023;4;2025;2;2023;60;14/04/2014;12/12/2013;Em Atividade;9;Saúde e bem-estar;91;Saúde;912;Medicina;0912M01;Medicina
2;UNIVERSIDADE DE BRASÍLIA;UNB;Pública Federal;140;MEDICINA;Bacharelado;Presencial;5;2024;4;2023;4;2025;4;2023;76;01/03/1962;01/03/1962;Em Atividade;9;Saúde e bem-estar;91;Saúde;912;Medicina;0912M01;Medicina
2;UNIVERSIDADE DE BRASÍLIA;UNB;Pública Federal;18031;MEDICINA VETERINÁRIA;Bacharelado;Presencial;4;2008;4;2023;4;2023;3;2023;80;01/03/1997;04/11/1996;Em Atividade;8;Agricultura, silvicultura, pesca e veterinária;84;Veterinária;841;Veterinária;0841M01;Medicina veterinária
3;UNIVERSIDADE FEDERAL DE SERGIPE;UFS;Pública Federal;303;MEDICINA;Bacharelado;Presencial;4;2025;4;2023;5;2025;3;2023;100;20/03/1961;11/01/1961;Em Atividade;9;Saúde e bem-estar;91;Saúde;912;Medicina;0912M01;Medicina
3;UNIVERSIDADE FEDERAL DE SERGIPE;UFS;Pública Federal;1108067;MEDICINA VETERINÁRIA;Bacharelado;Presencial;4;2014;4;2023;5;2023;4;2023;50;15/03/2010;14/12/2009;Em Atividade;8;Agricultura, silvicultura, pesca e veterinária;84;Veterinária;841;Veterinária;0841M01;Medicina veterinária
3;UNIVERSIDADE FEDERAL DE SERGIPE;UFS;Pública Federal;1108153;MEDICINA;Bacharelado;Presencial;4;2025;4;2023;5;2025;3;2023;60;27/02/2012;-;Em Atividade;9;Saúde e bem-estar;91;Saúde;912;Medicina;0912M01;Medicina
3;UNIVERSIDADE FEDERAL DE SERGIPE;UFS;Pública Federal;1321453;MEDICINA VETERINÁRIA;Bacharelado;Presencial;5;2022;4;2023;3;2023;3;2023;50;23/11/2015;13/05/2015;Em Atividade;8;Agricultura, silvicultura, pesca e veterinária;84;Veterinária;841;Veterinária;0841M01;Medicina veterinária
4;UNIVERSIDADE FEDERAL DO AMAZONAS;UFAM;Pública Federal;389;MEDICINA;Bacharelado;Presencial;4;2025;2;2023;3;2025;2;2023;112;20/01/1966;20/11/1965;Em Atividade;9;Saúde e bem-estar;91;Saúde;912;Medicina;0912M01;Medicina
4;UNIVERSIDADE FEDERAL DO AMAZONAS;UFAM;Pública Federal;5001406;MEDICINA;Bacharelado;Presencial;5;2024;2;2023;SC;2025;1;2023;48;04/09/2017;04/09/2017;Em Atividade;9;Saúde e bem-estar;91;Saúde;912;Medicina;0912M01;Medicina
5;UNIVERSIDADE FEDERAL DO PIAUÍ;UFPI;Pública Federal;484;MEDICINA;Bacharelado;Presencial;5;2024;3;2023;4;2025;3;2023;80;01/01/1968;11/08/1966;Em Atividade;9;Saúde e bem-estar;91;Saúde;912;Medicina;0912M01;Medicina
5;UNIVERSIDADE FEDERAL DO PIAUÍ;UFPI;Pública Federal;504;MEDICINA VETERINÁRIA;Bacharelado;Presencial;4;2008;3;2023;3;2023;2;2023;80;13/03/1978;06/12/1976;Em Atividade;8;Agricultura, silvicultura, pesca e veterinária;84;Veterinária;841;Veterinária;0841M01;Medicina veterinária
5;UNIVERSIDADE FEDERAL DO PIAUÍ;UFPI;Pública Federal;102675;MEDICINA VETERINÁRIA;Bacharelado;Presencial;4;2010;4;2023;4;2023;4;2023;100;09/04/2007;23/10/2006;Em Atividade;8;Agricultura, silvicultura, pesca e veterinária;84;Veterinária;841;Veterinária;0841M01;Medicina veterinária
5;UNIVERSIDADE FEDERAL DO PIAUÍ;UFPI;Pública Federal;1342610;MEDICINA;Bacharelado;Presencial;4;2025;-;;4;2025;-;;30;25/07/2016;03/12/2015;Em Atividade;9;Saúde e bem-estar;91;Saúde;912;Medicina;0912M01;Medicina
5;UNIVERSIDADE FEDERAL DO PIAUÍ;UFPI;;1714081;MEDICINA;Bacharelado;Presencial;-;;-;;-;;-;;;Não iniciado;-;Em Atividade;;;;;;;;
6;UNIVERSIDADE FEDERAL DE OURO PRETO;UFOP;Pública Federal;103596;MEDICINA;Bacharelado;Presencial;3;2025;4;2023;5;2025;3;2023;80;24/09/2007;27/12/2007;Em Atividade;9;Saúde e bem-estar;91;Saúde;912;Medicina;0912M01;Medicina
7;UNIVERSIDADE FEDERAL DE SÃO CARLOS;UFSCAR;Pública Federal;90091;MEDICINA;Bacharelado;Presencial;4;2025;4;2023;5;2025;3;2023;40;01/03/2006;23/12/2005;Em Atividade;9;Saúde e bem-estar;91;Saúde;912;Medicina;0912M01;Medicina
8;UNIVERSIDADE FEDERAL DE VIÇOSA;UFV;Pública Federal;695;MEDICINA VETERINÁRIA;Bacharelado;Presencial;4;2008;5;2023;5;2023;5;2023;60;01/03/1977;12/07/1976;Em Atividade;8;Agricultura, silvicultura, pesca e veterinária;84;Veterinária;841;Veterinária;0841M01;Medicina veterinária
8;UNIVERSIDADE FEDERAL DE VIÇOSA;UFV;Pública Federal;1068548;MEDICINA;Bacharelado;Presencial;4;2025;4;2019;5;2025;5;2019;50;01/03/2010;15/01/2010;Em Atividade;9;Saúde e bem-estar;91;Saúde;912;Medicina;0912M01;Medicina
9;UNIVERSIDADE ESTADUAL DE LONDRINA;UEL;Pública Estadual;758;MEDICINA;Bacharelado;Presencial;-;;3;2023;4;2025;2;2023;80;15/02/1967;21/12/1965;Em Atividade;9;Saúde e bem-estar;91;Saúde;912;Medicina;0912M01;Medicina
9;UNIVERSIDADE ESTADUAL DE LONDRINA;UEL;Pública Estadual;777;MEDICINA VETERINÁRIA;Bacharelado;Presencial;-;;4;2023;5;2023;4;2023;80;16/02/1973;25/05/1972;Em Atividade;8;Agricultura, silvicultura, pesca e veterinária;84;Veterinária;841;Veterinária;0841M01;Medicina veterinária
9;UNIVERSIDADE ESTADUAL DE LONDRINA;UEL;Pública Estadual;22083;BIOMEDICINA;Bacharelado;Presencial;-;;4;2023;5;2023;3;2023;20;21/02/2000;18/08/1999;Em Atividade;9;Saúde e bem-estar;91;Saúde;914;Tecnologia de diagnóstico e tratamento médico;0914B01;Biomedicina
10;PONTIFÍCIA UNIVERSIDADE CATÓLICA DO PARANÁ;PUCPR;Privada sem fins lucrativos;868;MEDICINA;Bacharelado;Presencial;5;2024;4;2023;4;2025;4;2023;180;11/03/1957;04/01/1957;Em Atividade;9;Saúde e bem-estar;91;Saúde;912;Medicina;0912M01;Medicina
10;PONTIFÍCIA UNIVERSIDADE CATÓLICA DO PARANÁ;PUCPR;Privada sem fins lucrativos;888;MEDICINA VETERINÁRIA;Bacharelado;Presencial;-;;-;;-;;-;;180;02/03/1995;17/10/1994;Extinto;8;Agricultura, silvicultura, pesca e veterinária;84;Veterinária;841;Veterinária;0841M01;Medicina veterinária
10;PONTIFÍCIA UNIVERSIDADE CATÓLICA DO PARANÁ;PUCPR;Privada sem fins lucrativos;60123;MEDICINA VETERINÁRIA;Bacharelado;Presencial;4;2009;5;2023;4;2023;4;2023;80;10/02/2003;31/12/2002;Em Atividade;8;Agricultura, silvicultura, pesca e veterinária;84;Veterinária;841;Veterinária;0841M01;Medicina veterinária
10;PONTIFÍCIA UNIVERSIDADE CATÓLICA DO PARANÁ;PUCPR;Privada sem fins lucrativos;1059179;MEDICINA;Bacharelado;Presencial;5;2024;4;2023;3;2025;2;2023;90;01/08/2012;06/06/2012;Em Atividade;9;Saúde e bem-estar;91;Saúde;912;Medicina;0912M01;Medicina
10;PONTIFÍCIA UNIVERSIDADE CATÓLICA DO PARANÁ;PUCPR;Privada sem fins lucrativos;1268241;MEDICINA VETERINÁRIA;Bacharelado;Presencial;5;2017;4;2023;4;2023;3;2023;300;04/02/2013;25/06/2013;Em Atividade;8;Agricultura, silvicultura, pesca e veterinária;84;Veterinária;841;Veterinária;0841M01;Medicina veterinária
10;PONTIFÍCIA UNIVERSIDADE CATÓLICA DO PARANÁ;PUCPR;Privada sem fins lucrativos;1664947;BIOMEDICINA;Bacharelado;A Distância;-;;-;;-;;-;;150;Não iniciado;21/12/2023;Extinto;9;Saúde e bem-estar;91;Saúde;914;Tecnologia de diagnóstico e tratamento médico;0914B01;Biomedicina
10;PONTIFÍCIA UNIVERSIDADE CATÓLICA DO PARANÁ;PUCPR;Privada sem fins lucrativos;1680908;BIOMEDICINA;Bacharelado;Presencial;-;;-;;-;;-;;120;24/02/2025;02/08/2024;Em Atividade;9;Saúde e bem-estar;91;Saúde;914;Tecnologia de diagnóstico e tratamento médico;0914B01;Biomedicina
10;PONTIFÍCIA UNIVERSIDADE CATÓLICA DO PARANÁ;PUCPR;Privada sem fins lucrativos;1680910;BIOMEDICINA;Bacharelado;Presencial;-;;-;;-;;-;;120;24/02/2025;02/08/2024;Em Atividade;9;Saúde e bem-estar;91;Saúde;914;Tecnologia de diagnóstico e tratamento médico;0914B01;Biomedicina
10;PONTIFÍCIA UNIVERSIDADE CATÓLICA DO PARANÁ;PUCPR;Privada sem fins lucrativos;1680911;BIOMEDICINA;Bacharelado;Presencial;-;;-;;-;;-;;120;Não iniciado;02/08/2024;Em Atividade;9;Saúde e bem-estar;91;Saúde;914;Tecnologia de diagnóstico e tratamento médico;0914B01;Biomedicina
11;UNIVERSIDADE CATÓLICA DE PERNAMBUCO;UNICAP;Privada sem fins lucrativos;1200712;MEDICINA;Bacharelado;Presencial;5;2020;3;2023;3;2025;2;2023;120;04/08/2014;16/04/2014;Em Atividade;9;Saúde e bem-estar;91;Saúde;912;Medicina;0912M01;Medicina
12;UNIVERSIDADE FEDERAL DO RIO GRANDE;FURG;Pública Federal;1026;MEDICINA;Bacharelado;Presencial;4;2025;4;2023;4;2025;3;2023;100;01/03/1966;24/04/1967;Em Atividade;9;Saúde e bem-estar;91;Saúde;912;Medicina;0912M01;Medicina
13;UNIVERSIDADE DE CAXIAS DO SUL;UCS;Privada sem fins lucrativos;1107;MEDICINA;Bacharelado;Presencial;5;2025;3;2023;4;2025;3;2023;100;01/03/1968;17/11/1967;Em Atividade;9;Saúde e bem-estar;91;Saúde;912;Medicina;0912M01;Medicina
13;UNIVERSIDADE DE CAXIAS DO SUL;UCS;Privada sem fins lucrativos;1190503;MEDICINA VETERINÁRIA;Bacharelado;Presencial;3;2017;4;2023;3;2023;4;2023;150;04/03/2013;19/09/2012;Em Atividade;8;Agricultura, silvicultura, pesca e veterinária;84;Veterinária;841;Veterinária;0841M01;Medicina veterinária
13;UNIVERSIDADE DE CAXIAS DO SUL;UCS;Privada sem fins lucrativos;1424962;BIOMEDICINA;Bacharelado;A Distância;-;;-;;-;;-;;60;Não iniciado;20/11/2017;Extinto;9;Saúde e bem-estar;91;Saúde;914;Tecnologia de diagnóstico e tratamento médico;0914B01;Biomedicina
13;UNIVERSIDADE DE CAXIAS DO SUL;UCS;Privada sem fins lucrativos;1424963;BIOMEDICINA;Bacharelado;Presencial;5;2022;4;2023;3;2023;4;2023;60;01/03/2018;20/10/2017;Em Atividade;9;Saúde e bem-estar;91;Saúde;914;Tecnologia de diagnóstico e tratamento médico;0914B01;Biomedicina
13;UNIVERSIDADE DE CAXIAS DO SUL;UCS;Privada sem fins lucrativos;1619565;BIOMEDICINA;Bacharelado;Presencial;-;;-;;-;;-;;40;04/03/2024;27/10/2023;Em Atividade;9;Saúde e bem-estar;91;Saúde;914;Tecnologia de diagnóstico e tratamento médico;0914B01;Biomedicina
14;UNIVERSIDADE DO VALE DO RIO DOS SINOS;UNISINOS;Privada sem fins lucrativos;1149146;BIOMEDICINA;Bacharelado;Presencial;4;2014;4;2023;4;2023;3;2023;120;28/02/2011;03/11/2010;Em Atividade;9;Saúde e bem-estar;91;Saúde;914;Tecnologia de diagnóstico e tratamento médico;0914B01;Biomedicina
14;UNIVERSIDADE DO VALE DO RIO DOS SINOS;UNISINOS;Privada sem fins lucrativos;1397773;MEDICINA;Bacharelado;Presencial;5;2024;3;2023;3;2025;3;2023;87;04/09/2017;02/08/2017;Em Atividade;9;Saúde e bem-estar;91;Saúde;912;Medicina;0912M01;Medicina
14;UNIVERSIDADE DO VALE DO RIO DOS SINOS;UNISINOS;Privada sem fins lucrativos;1478081;BIOMEDICINA;Bacharelado;A Distância;4;2023;4;2023;3;2023;2;2023;80;29/03/2019;29/03/2019;Em Extinção;9;Saúde e bem-estar;91;Saúde;914;Tecnologia de diagnóstico e tratamento médico;0914B01;Biomedicina
14;UNIVERSIDADE DO VALE DO RIO DOS SINOS;UNISINOS;Privada sem fins lucrativos;1701335;BIOMEDICINA;Bacharelado;Semipresencial;-;;-;;-;;-;;80;Não iniciado;25/09/2025;Em Atividade;9;Saúde e bem-estar;91;Saúde;914;Tecnologia de diagnóstico e tratamento médico;0914B01;Biomedicina
15;UNIVERSIDADE CATÓLICA DE PETRÓPOLIS;UCP;Privada sem fins lucrativos;150246;BIOMEDICINA;Bacharelado;Presencial;4;2014;4;2023;4;2023;4;2023;80;01/08/2010;12/11/2008;Em Atividade;9;Saúde e bem-estar;91;Saúde;914;Tecnologia de diagnóstico e tratamento médico;0914B01;Biomedicina
16;UNIVERSIDADE GAMA FILHO;UGF;Privada com fins lucrativos;1372;MEDICINA;Bacharelado;Presencial;-;;-;;-;;-;;170;02/01/1965;15/10/1965;Extinto;9;Saúde e bem-estar;91;Saúde;912;Medicina;0912M01;Medicina
17;UNIVERSIDADE FEDERAL DE UBERLÂNDIA;UFU;Pública Federal;1439;MEDICINA;Bacharelado;Presencial;4;2019;3;2023;5;2025;2;2023;120;01/08/1968;15/02/1968;Em Atividade;9;Saúde e bem-estar;91;Saúde;912;Medicina;0912M01;Medicina
17;UNIVERSIDADE FEDERAL DE UBERLÂNDIA;UFU;Pública Federal;1440;MEDICINA VETERINÁRIA;Bacharelado;Presencial;4;2007;4;2023;4;2023;3;2023;80;01/02/1972;07/12/1971;Em Atividade;8;Agricultura, silvicultura, pesca e veterinária;84;Veterinária;841;Veterinária;0841M01;Medicina veterinária
17;UNIVERSIDADE FEDERAL DE UBERLÂNDIA;UFU;Pública Federal;98992;BIOMEDICINA;Bacharelado;Presencial;5;2010;4;2023;4;2023;2;2023;25;01/03/2007;30/10/2006;Em Atividade;9;Saúde e bem-estar;91;Saúde;914;Tecnologia de diagnóstico e tratamento médico;0914B01;Biomedicina
18;UNIVERSIDADE CATÓLICA DE PELOTAS;UCPEL;Privada sem fins lucrativos;1518;MEDICINA;Bacharelado;Presencial;5;2025;3;2023;3;2025;4;2023;180;01/03/1963;15/12/1962;Em Atividade;9;Saúde e bem-estar;91;Saúde;912;Medicina;0912M01;Medicina
18;UNIVERSIDADE CATÓLICA DE PELOTAS;UCPEL;Privada sem fins lucrativos;1551795;BIOMEDICINA;Bacharelado;A Distância;5;2025;-;;-;;-;;120;01/03/2021;10/12/2020;Em Extinção;9;Saúde e bem-estar;91;Saúde;914;Tecnologia de diagnóstico e tratamento médico;0914B01;Biomedicina
18;UNIVERSIDADE CATÓLICA DE PELOTAS;UCPEL;Privada sem fins lucrativos;1701337;BIOMEDICINA;Bacharelado;Semipresencial;-;;-;;-;;-;;120;Não iniciado;25/09/2025;Em Atividade;9;Saúde e bem-estar;91;Saúde;914;Tecnologia de diagnóstico e tratamento médico;0914B01;Biomedicina
19;PONTIFÍCIA UNIVERSIDADE CATÓLICA DE CAMPINAS;PUC-CAMPINAS;Privada sem fins lucrativos;1629;MEDICINA;Bacharelado;Presencial;5;2025;3;2023;4;2025;3;2023;120;01/03/1976;23/12/1975;Em Atividade;9;Saúde e bem-estar;91;Saúde;912;Medicina;0912M01;Medicina
19;PONTIFÍCIA UNIVERSIDADE CATÓLICA DE CAMPINAS;PUC-CAMPINAS;Privada sem fins lucrativos;1374846;MEDICINA VETERINÁRIA;Bacharelado;Presencial;4;2024;3;2023;3;2023;2;2023;120;13/02/2017;25/08/2016;Em Atividade;8;Agricultura, silvicultura, pesca e veterinária;84;Veterinária;841;Veterinária;0841M01;Medicina veterinária
19;PONTIFÍCIA UNIVERSIDADE CATÓLICA DE CAMPINAS;PUC-CAMPINAS;Privada sem fins lucrativos;1550478;BIOMEDICINA;Bacharelado;Presencial;5;2024;-;;-;;-;;60;22/02/2021;24/09/2020;Em Atividade;9;Saúde e bem-estar;91;Saúde;914;Tecnologia de diagnóstico e tratamento médico;0914B01;Biomedicina
20;UNIVERSIDADE DE PASSO FUNDO;UPF;Privada sem fins lucrativos;1725;MEDICINA;Bacharelado;Presencial;5;2025;4;2023;4;2025;4;2023;100;19/03/1970;05/05/1969;Em Atividade;9;Saúde e bem-estar;91;Saúde;912;Medicina;0912M01;Medicina
20;UNIVERSIDADE DE PASSO FUNDO;UPF;Privada sem fins lucrativos;18484;MEDICINA VETERINÁRIA;Bacharelado;Presencial;4;2008;4;2023;3;2023;4;2023;90;05/03/1997;26/09/1996;Em Atividade;8;Agricultura, silvicultura, pesca e veterinária;84;Veterinária;841;Veterinária;0841M01;Medicina veterinária
20;UNIVERSIDADE DE PASSO FUNDO;UPF;;1719627;MEDICINA VETERINÁRIA;Bacharelado;Semipresencial;-;;-;;-;;-;;40;Não iniciado;-;Em Atividade;;;;;;;;
21;PONTIFÍCIA UNIVERSIDADE CATÓLICA DO RIO GRANDE DO SUL;PUCRS;Privada sem fins lucrativos;1879;MEDICINA;Bacharelado;Presencial;4;2025;4;2023;5;2025;4;2023;120;26/05/1970;25/06/1970;Em Atividade;9;Saúde e bem-estar;91;Saúde;912;Medicina;0912M01;Medicina
21;PONTIFÍCIA UNIVERSIDADE CATÓLICA DO RIO GRANDE DO SUL;PUCRS;Privada sem fins lucrativos;1897;MEDICINA VETERINÁRIA;Bacharelado;Presencial;-;;-;;-;;-;;60;03/03/1972;-;Extinto;8;Agricultura, silvicultura, pesca e veterinária;84;Veterinária;841;Veterinária;0841M01;Medicina veterinária
21;PONTIFÍCIA UNIVERSIDADE CATÓLICA DO RIO GRANDE DO SUL;PUCRS;Privada sem fins lucrativos;1365727;BIOMEDICINA;Bacharelado;Presencial;5;2023;4;2023;3;2023;3;2023;40;06/03/2017;08/09/2016;Em Atividade;9;Saúde e bem-estar;91;Saúde;914;Tecnologia de diagnóstico e tratamento médico;0914B01;Biomedicina
23;UNIVERSIDADE FEEVALE;FEEVALE;Privada sem fins lucrativos;39454;BIOMEDICINA;Bacharelado;Presencial;4;2008;4;2023;3;2023;3;2023;105;21/02/2000;29/09/1999;Em Atividade;9;Saúde e bem-estar;91;Saúde;914;Tecnologia de diagnóstico e tratamento médico;0914B01;Biomedicina
23;UNIVERSIDADE FEEVALE;FEEVALE;Privada sem fins lucrativos;1399487;MEDICINA;Bacharelado;Presencial;5;2022;3;2023;3;2025;3;2023;81;12/09/2017;02/08/2017;Em Atividade;9;Saúde e bem-estar;91;Saúde;912;Medicina;0912M01;Medicina
23;UNIVERSIDADE FEEVALE;FEEVALE;Privada sem fins lucrativos;1404305;MEDICINA VETERINÁRIA;Bacharelado;Presencial;5;2022;3;2023;3;2023;3;2023;90;03/09/2018;06/08/2018;Em Atividade;8;Agricultura, silvicultura, pesca e veterinária;84;Veterinária;841;Veterinária;0841M01;Medicina veterinária
24;UNIVERSIDADE ESTADUAL DE SANTA CRUZ;UESC;Pública Estadual;18310;MEDICINA VETERINÁRIA;Bacharelado;Presencial;-;;4;2023;4;2023;4;2023;62;01/03/1997;27/11/1996;Em Atividade;8;Agricultura, silvicultura, pesca e veterinária;84;Veterinária;841;Veterinária;0841M01;Medicina veterinária
24;UNIVERSIDADE ESTADUAL DE SANTA CRUZ;UESC;Pública Estadual;49910;MEDICINA;Bacharelado;Presencial;-;;3;2023;5;2025;2;2023;42;29/06/2001;21/12/2000;Em Atividade;9;Saúde e bem-estar;91;Saúde;912;Medicina;0912M01;Medicina
24;UNIVERSIDADE ESTADUAL DE SANTA CRUZ;UESC;Pública Estadual;79576;BIOMEDICINA;Bacharelado;Presencial;-;;4;2023;4;2023;3;2023;42;08/03/2004;30/12/2003;Em Atividade;9;Saúde e bem-estar;91;Saúde;914;Tecnologia de diagnóstico e tratamento médico;0914B01;Biomedicina
27;Centro Universitário Vale do Rio Verde;-;Privada sem fins lucrativos;47273;MEDICINA VETERINÁRIA;Bacharelado;Presencial;4;2017;4;2023;3;2023;4;2023;60;02/05/2001;25/05/2000;Em Atividade;8;Agricultura, silvicultura, pesca e veterinária;84;Veterinária;841;Veterinária;0841M01;Medicina veterinária
27;Centro Universitário Vale do Rio Verde;-;Privada sem fins lucrativos;67116;MEDICINA;Bacharelado;Presencial;-;;-;;-;;-;;1;16/10/2003;26/08/2003;Extinto;9;Saúde e bem-estar;91;Saúde;912;Medicina;0912M01;Medicina
27;Centro Universitário Vale do Rio Verde;-;Privada sem fins lucrativos;1454809;BIOMEDICINA;Bacharelado;A Distância;-;;-;;-;;-;;200;Não iniciado;15/08/2018;Extinto;9;Saúde e bem-estar;91;Saúde;914;Tecnologia de diagnóstico e tratamento médico;0914B01;Biomedicina
29;UNIVERSIDADE ESTADUAL DO CEARÁ;UECE;Pública Estadual;2191;MEDICINA VETERINÁRIA;Bacharelado;Presencial;-;;4;2023;4;2023;3;2023;60;23/03/1963;01/12/1962;Em Atividade;8;Agricultura, silvicultura, pesca e veterinária;84;Veterinária;841;Veterinária;0841M01;Medicina veterinária
29;UNIVERSIDADE ESTADUAL DO CEARÁ;UECE;Pública Estadual;66248;MEDICINA;Bacharelado;Presencial;-;;4;2023;5;2025;3;2023;80;24/03/2003;23/09/2002;Em Atividade;9;Saúde e bem-estar;91;Saúde;912;Medicina;0912M01;Medicina
29;UNIVERSIDADE ESTADUAL DO CEARÁ;UECE;Pública Estadual;1651466;MEDICINA;Bacharelado;Presencial;-;;-;;-;;-;;40;11/08/2023;11/08/2023;Em Atividade;9;Saúde e bem-estar;91;Saúde;912;Medicina;0912M01;Medicina
29;UNIVERSIDADE ESTADUAL DO CEARÁ;UECE;Pública Estadual;1658792;MEDICINA VETERINÁRIA;Bacharelado;Presencial;-;;-;;-;;-;;80;28/09/2023;28/09/2023;Em Atividade;8;Agricultura, silvicultura, pesca e veterinária;84;Veterinária;841;Veterinária;0841M01;Medicina veterinária
29;UNIVERSIDADE ESTADUAL DO CEARÁ;UECE;Pública Estadual;1666156;MEDICINA;Bacharelado;Presencial;-;;-;;-;;-;;40;Não iniciado;10/04/2024;Em Atividade;9;Saúde e bem-estar;91;Saúde;912;Medicina;0912M01;Medicina
30;UNIVERSIDADE JOSÉ DO ROSÁRIO VELLANO;UNIFENAS;Privada sem fins lucrativos;2295;MEDICINA VETERINÁRIA;Bacharelado;Presencial;5;2017;4;2023;3;2023;3;2023;80;23/07/1979;24/07/1979;Em Atividade;8;Agricultura, silvicultura, pesca e veterinária;84;Veterinária;841;Veterinária;0841M01;Medicina veterinária
30;UNIVERSIDADE JOSÉ DO ROSÁRIO VELLANO;UNIFENAS;Privada sem fins lucrativos;2304;MEDICINA;Bacharelado;Presencial;5;2020;4;2023;3;2025;2;2023;160;01/02/1989;15/12/1988;Em Atividade;9;Saúde e bem-estar;91;Saúde;912;Medicina;0912M01;Medicina
30;UNIVERSIDADE JOSÉ DO ROSÁRIO VELLANO;UNIFENAS;Privada sem fins lucrativos;64888;BIOMEDICINA;Bacharelado;Presencial;3;2016;3;2023;2;2023;1;2023;60;17/02/2003;22/07/2002;Em Atividade;9;Saúde e bem-estar;91;Saúde;914;Tecnologia de diagnóstico e tratamento médico;0914B01;Biomedicina
30;UNIVERSIDADE JOSÉ DO ROSÁRIO VELLANO;UNIFENAS;Privada sem fins lucrativos;64918;MEDICINA;Bacharelado;Presencial;5;2024;4;2023;3;2025;3;2023;260;10/03/2003;29/06/2001;Em Atividade;9;Saúde e bem-estar;91;Saúde;912;Medicina;0912M01;Medicina
30;UNIVERSIDADE JOSÉ DO ROSÁRIO VELLANO;UNIFENAS;Privada sem fins lucrativos;72712;BIOMEDICINA;Bacharelado;Presencial;-;;-;;-;;-;;60;17/02/2003;29/06/2001;Extinto;9;Saúde e bem-estar;91;Saúde;914;Tecnologia de diagnóstico e tratamento médico;0914B01;Biomedicina
30;UNIVERSIDADE JOSÉ DO ROSÁRIO VELLANO;UNIFENAS;Privada sem fins lucrativos;72714;BIOMEDICINA;Bacharelado;Presencial;5;2017;3;2023;1;2023;2;2023;160;17/02/2003;29/06/2001;Em Atividade;9;Saúde e bem-estar;91;Saúde;914;Tecnologia de diagnóstico e tratamento médico;0914B01;Biomedicina
30;UNIVERSIDADE JOSÉ DO ROSÁRIO VELLANO;UNIFENAS;Privada sem fins lucrativos;1331464;BIOMEDICINA;Bacharelado;Presencial;4;2022;5;2023;5;2023;5;2023;60;06/02/2017;04/04/2016;Em Atividade;9;Saúde e bem-estar;91;Saúde;914;Tecnologia de diagnóstico e tratamento médico;0914B01;Biomedicina
32;UNIVERSIDADE ESTADUAL DE CIÊNCIAS DA SAÚDE DE ALAGOAS - UNCISAL;UNCISAL;Pública Estadual;2348;MEDICINA;Bacharelado;Presencial;-;;4;2019;4;2025;4;2019;50;16/03/1970;16/03/1970;Em Atividade;9;Saúde e bem-estar;91;Saúde;912;Medicina;0912M01;Medicina
38;UNIVERSIDADE DO ESTADO DO PARÁ;UEPA;Pública Estadual;2392;MEDICINA;Bacharelado;Presencial;-;;2;2010;4;2025;-;;100;10/04/1970;29/07/1971;Em Atividade;9;Saúde e bem-estar;91;Saúde;912;Medicina;0912M01;Medicina
38;UNIVERSIDADE DO ESTADO DO PARÁ;UEPA;Pública Estadual;101228;MEDICINA;Bacharelado;Presencial;-;;2;2010;3;2025;-;;20;15/02/2006;08/10/1970;Em Atividade;9;Saúde e bem-estar;91;Saúde;912;Medicina;0912M01;Medicina
38;UNIVERSIDADE DO ESTADO DO PARÁ;UEPA;Pública Estadual;1208612;BIOMEDICINA;Bacharelado;Presencial;-;;-;;-;;-;;20;18/02/2013;-;Em Atividade;9;Saúde e bem-estar;91;Saúde;914;Tecnologia de diagnóstico e tratamento médico;0914B01;Biomedicina
38;UNIVERSIDADE DO ESTADO DO PARÁ;UEPA;Pública Estadual;1272168;MEDICINA;Bacharelado;Presencial;-;;-;;5;2025;-;;40;19/11/2020;23/10/2013;Em Atividade;9;Saúde e bem-estar;91;Saúde;912;Medicina;0912M01;Medicina
38;UNIVERSIDADE DO ESTADO DO PARÁ;UEPA;Pública Estadual;1349562;BIOMEDICINA;Bacharelado;Presencial;-;;-;;-;;-;;30;17/02/2014;04/02/2016;Em Atividade;9;Saúde e bem-estar;91;Saúde;914;Tecnologia de diagnóstico e tratamento médico;0914B01;Biomedicina
40;UNIVERSIDADE DO ESTADO DA BAHIA;UNEB;Pública Estadual;1187646;MEDICINA;Bacharelado;Presencial;-;;4;2023;4;2025;3;2023;60;18/04/2012;-;Em Atividade;9;Saúde e bem-estar;91;Saúde;912;Medicina;0912M01;Medicina
40;UNIVERSIDADE DO ESTADO DA BAHIA;UNEB;Pública Estadual;1376432;MEDICINA VETERINÁRIA;Bacharelado;Presencial;-;;-;;-;;-;;40;Não iniciado;15/08/2013;Em Atividade;8;Agricultura, silvicultura, pesca e veterinária;84;Veterinária;841;Veterinária;0841M01;Medicina veterinária
43;FUNDAÇÃO UNIVERSIDADE DO ESTADO DE SANTA CATARINA;UDESC;Pública Estadual;2535;MEDICINA VETERINÁRIA;Bacharelado;Presencial;-;;4;2023;5;2023;4;2023;80;01/03/1973;06/04/1973;Em Atividade;8;Agricultura, silvicultura, pesca e veterinária;84;Veterinária;841;Veterinária;0841M01;Medicina veterinária
47;UNIVERSIDADE ESTADUAL DE GOIÁS;UEG;Pública Estadual;1441399;MEDICINA VETERINÁRIA;Bacharelado;Presencial;-;;4;2023;3;2023;3;2023;30;01/01/2017;06/09/2016;Em Atividade;8;Agricultura, silvicultura, pesca e veterinária;84;Veterinária;841;Veterinária;0841M01;Medicina veterinária
47;UNIVERSIDADE ESTADUAL DE GOIÁS;UEG;Pública Estadual;1458090;MEDICINA;Bacharelado;Presencial;-;;3;2023;4;2025;2;2023;24;01/08/2018;28/06/2017;Em Atividade;9;Saúde e bem-estar;91;Saúde;912;Medicina;0912M01;Medicina
47;UNIVERSIDADE ESTADUAL DE GOIÁS;UEG;Pública Estadual;1619938;BIOMEDICINA;Bacharelado;Presencial;-;;-;;-;;-;;30;08/01/2026;09/12/2022;Em Atividade;9;Saúde e bem-estar;91;Saúde;914;Tecnologia de diagnóstico e tratamento médico;0914B01;Biomedicina
54;UNIVERSIDADE ESTADUAL DE CAMPINAS;UNICAMP;Pública Estadual;2695;MEDICINA;Bacharelado;Presencial;-;;4;2023;5;2025;4;2023;110;01/03/1963;25/11/1958;Em Atividade;9;Saúde e bem-estar;91;Saúde;912;Medicina;0912M01;Medicina
55;UNIVERSIDADE DE SÃO PAULO;USP;Pública Estadual;2877;MEDICINA VETERINÁRIA;Bacharelado;Presencial;-;;-;;-;;-;;80;25/01/1934;03/09/1934;Em Atividade;8;Agricultura, silvicultura, pesca e veterinária;84;Veterinária;841;Veterinária;0841M01;Medicina veterinária
55;UNIVERSIDADE DE SÃO PAULO;USP;Pública Estadual;2918;MEDICINA;Bacharelado;Presencial;-;;-;;5;2025;-;;175;01/04/1913;07/12/1922;Em Atividade;9;Saúde e bem-estar;91;Saúde;912;Medicina;0912M01;Medicina
55;UNIVERSIDADE DE SÃO PAULO;USP;Pública Estadual;123645;MEDICINA VETERINÁRIA;Bacharelado;Presencial;-;;-;;-;;-;;60;01/01/2009;17/06/2008;Em Atividade;8;Agricultura, silvicultura, pesca e veterinária;84;Veterinária;841;Veterinária;0841M01;Medicina veterinária
55;UNIVERSIDADE DE SÃO PAULO;USP;Pública Estadual;1404416;MEDICINA;Bacharelado;Presencial;-;;-;;5;2025;-;;60;Não iniciado;04/07/2017;Em Atividade;9;Saúde e bem-estar;91;Saúde;912;Medicina;0912M01;Medicina
55;UNIVERSIDADE DE SÃO PAULO;USP;Pública Estadual;5000841;MEDICINA;Bacharelado;Presencial;-;;-;;5;2025;-;;100;17/04/1952;-;Em Atividade;9;Saúde e bem-estar;91;Saúde;912;Medicina;0912M01;Medicina
56;UNIVERSIDADE ESTADUAL PAULISTA JÚLIO DE MESQUITA FILHO;UNESP;Pública Estadual;3140;MEDICINA VETERINÁRIA;Bacharelado;Presencial;-;;4;2023;5;2023;3;2023;50;25/10/1971;25/10/1971;Em Atividade;8;Agricultura, silvicultura, pesca e veterinária;84;Veterinária;841;Veterinária;0841M01;Medicina veterinária
56;UNIVERSIDADE ESTADUAL PAULISTA JÚLIO DE MESQUITA FILHO;UNESP;Pública Estadual;3148;MEDICINA;Bacharelado;Presencial;-;;4;2023;5;2025;4;2023;90;22/04/1963;22/07/1962;Em Atividade;9;Saúde e bem-estar;91;Saúde;912;Medicina;0912M01;Medicina
56;UNIVERSIDADE ESTADUAL PAULISTA JÚLIO DE MESQUITA FILHO;UNESP;Pública Estadual;3176;MEDICINA VETERINÁRIA;Bacharelado;Presencial;-;;4;2023;5;2023;3;2023;60;22/04/1963;22/07/1962;Em Atividade;8;Agricultura, silvicultura, pesca e veterinária;84;Veterinária;841;Veterinária;0841M01;Medicina veterinária
56;UNIVERSIDADE ESTADUAL PAULISTA JÚLIO DE MESQUITA FILHO;UNESP;Pública Estadual;3221;MEDICINA VETERINÁRIA;Bacharelado;Presencial;-;;5;2023;5;2023;4;2023;45;23/02/1990;30/06/1988;Em Atividade;8;Agricultura, silvicultura, pesca e veterinária;84;Veterinária;841;Veterinária;0841M01;Medicina veterinária
57;UNIVERSIDADE ESTADUAL DE MARINGÁ;UEM;Pública Estadual;3418;MEDICINA;Bacharelado;Presencial;-;;4;2023;5;2025;4;2023;40;15/08/1988;12/08/1987;Em Atividade;9;Saúde e bem-estar;91;Saúde;912;Medicina;0912M01;Medicina
57;UNIVERSIDADE ESTADUAL DE MARINGÁ;UEM;Pública Estadual;58202;MEDICINA VETERINÁRIA;Bacharelado;Presencial;-;;4;2023;4;2023;3;2023;40;05/08/2002;07/05/2002;Em Atividade;8;Agricultura, silvicultura, pesca e veterinária;84;Veterinária;841;Veterinária;0841M01;Medicina veterinária
57;UNIVERSIDADE ESTADUAL DE MARINGÁ;UEM;Pública Estadual;1146846;BIOMEDICINA;Bacharelado;Presencial;-;;-;;-;;-;;40;01/01/2010;-;Extinto;9;Saúde e bem-estar;91;Saúde;914;Tecnologia de diagnóstico e tratamento médico;0914B01;Biomedicina
57;UNIVERSIDADE ESTADUAL DE MARINGÁ;UEM;Pública Estadual;5000540;BIOMEDICINA;Bacharelado;Presencial;-;;5;2023;5;2023;4;2023;40;23/11/2009;23/11/2009;Em Atividade;9;Saúde e bem-estar;91;Saúde;914;Tecnologia de diagnóstico e tratamento médico;0914B01;Biomedicina
60;CENTRO UNIVERSITÁRIO MUNICIPAL DE FRANCA;UNI-FACEF;Especial;1314146;MEDICINA;Bacharelado;Presencial;-;;4;2023;5;2025;5;2023;66;19/01/2015;18/09/2014;Em Atividade;9;Saúde e bem-estar;91;Saúde;912;Medicina;0912M01;Medicina
68;FACULDADE DE FILOSOFIA CIÊNCIAS E LETRAS DE PENÁPOLIS;FAFIPE;Privada sem fins lucrativos;1453564;MEDICINA;Bacharelado;Presencial;4;2024;2;2023;2;2025;2;2023;66;01/08/2018;17/07/2018;Em Atividade;9;Saúde e bem-estar;91;Saúde;912;Medicina;0912M01;Medicina
68;FACULDADE DE FILOSOFIA CIÊNCIAS E LETRAS DE PENÁPOLIS;FAFIPE;Privada sem fins lucrativos;1602535;BIOMEDICINA;Bacharelado;Presencial;4;2023;-;;-;;-;;60;05/02/2024;16/10/2023;Em Atividade;9;Saúde e bem-estar;91;Saúde;914;Tecnologia de diagnóstico e tratamento médico;0914B01;Biomedicina
71;UNIVERSIDADE DO ESTADO DO RIO GRANDE DO NORTE;UERN;Pública Estadual;72417;MEDICINA;Bacharelado;Presencial;-;;3;2023;4;2025;3;2023;60;18/10/2004;11/01/2002;Em Atividade;9;Saúde e bem-estar;91;Saúde;912;Medicina;0912M01;Medicina
74;FACULDADE DE FILOSOFIA CIÊNCIAS E LETRAS DE SÃO JOSÉ DO RIO PARDO;FFCL;Pública Municipal;1475524;BIOMEDICINA;Bacharelado;Presencial;-;;2;2023;2;2023;2;2023;60;Não iniciado;21/12/2017;Em Atividade;9;Saúde e bem-estar;91;Saúde;914;Tecnologia de diagnóstico e tratamento médico;0914B01;Biomedicina
76;UNIVERSIDADE REGIONAL DE BLUMENAU;FURB;Pública Municipal;3677;MEDICINA;Bacharelado;Presencial;-;;3;2023;3;2025;2;2023;90;05/03/1990;11/07/1989;Em Atividade;9;Saúde e bem-estar;91;Saúde;912;Medicina;0912M01;Medicina
76;UNIVERSIDADE REGIONAL DE BLUMENAU;FURB;Pública Municipal;90053;MEDICINA VETERINÁRIA;Bacharelado;Presencial;-;;3;2023;4;2023;3;2023;80;06/02/2006;19/12/2005;Em Atividade;8;Agricultura, silvicultura, pesca e veterinária;84;Veterinária;841;Veterinária;0841M01;Medicina veterinária
76;UNIVERSIDADE REGIONAL DE BLUMENAU;FURB;Pública Municipal;1172591;BIOMEDICINA;Bacharelado;Presencial;-;;3;2023;3;2023;3;2023;120;27/02/2012;-;Em Atividade;9;Saúde e bem-estar;91;Saúde;914;Tecnologia de diagnóstico e tratamento médico;0914B01;Biomedicina
80;CENTRO UNIVERSITÁRIO PARA O DESENVOLVIMENTO DO ALTO VALE DO ITAJAÍ;UNIDAVI;Privada sem fins lucrativos;1385521;MEDICINA;Bacharelado;Presencial;5;2023;SC;2023;4;2025;SC;2023;100;24/07/2017;12/07/2016;Em Atividade;9;Saúde e bem-estar;91;Saúde;912;Medicina;0912M01;Medicina
80;CENTRO UNIVERSITÁRIO PARA O DESENVOLVIMENTO DO ALTO VALE DO ITAJAÍ;UNIDAVI;Privada sem fins lucrativos;1612510;BIOMEDICINA;Bacharelado;A Distância;-;;-;;-;;-;;120;13/02/2023;09/09/2022;Em Extinção;9;Saúde e bem-estar;91;Saúde;914;Tecnologia de diagnóstico e tratamento médico;0914B01;Biomedicina
80;CENTRO UNIVERSITÁRIO PARA O DESENVOLVIMENTO DO ALTO VALE DO ITAJAÍ;UNIDAVI;Privada sem fins lucrativos;1618035;MEDICINA VETERINÁRIA;Bacharelado;Presencial;-;;-;;-;;-;;50;13/02/2023;17/11/2022;Em Atividade;8;Agricultura, silvicultura, pesca e veterinária;84;Veterinária;841;Veterinária;0841M01;Medicina veterinária
80;CENTRO UNIVERSITÁRIO PARA O DESENVOLVIMENTO DO ALTO VALE DO ITAJAÍ;UNIDAVI;Privada sem fins lucrativos;1701339;BIOMEDICINA;Bacharelado;Semipresencial;-;;-;;-;;-;;60;Não iniciado;25/09/2025;Em Atividade;9;Saúde e bem-estar;91;Saúde;914;Tecnologia de diagnóstico e tratamento médico;0914B01;Biomedicina
81;UNIVERSIDADE DA REGIÃO DE JOINVILLE;UNIVILLE;Privada sem fins lucrativos;20058;MEDICINA;Bacharelado;Presencial;4;2025;3;2023;3;2025;2;2023;96;01/03/1999;10/09/1998;Em Atividade;9;Saúde e bem-estar;91;Saúde;912;Medicina;0912M01;Medicina
81;UNIVERSIDADE DA REGIÃO DE JOINVILLE;UNIVILLE;Privada sem fins lucrativos;1659580;BIOMEDICINA;Bacharelado;Presencial;-;;-;;-;;-;;50;04/03/2024;16/10/2023;Em Atividade;9;Saúde e bem-estar;91;Saúde;914;Tecnologia de diagnóstico e tratamento médico;0914B01;Biomedicina
82;UNIVERSIDADE DO OESTE DE SANTA CATARINA;UNOESC;Privada sem fins lucrativos;60216;MEDICINA VETERINÁRIA;Bacharelado;Presencial;4;2018;4;2023;4;2023;4;2023;70;18/02/2002;30/05/2001;Em Atividade;8;Agricultura, silvicultura, pesca e veterinária;84;Veterinária;841;Veterinária;0841M01;Medicina veterinária
82;UNIVERSIDADE DO OESTE DE SANTA CATARINA;UNOESC;Privada sem fins lucrativos;69624;MEDICINA;Bacharelado;Presencial;5;2024;3;2023;4;2025;3;2023;60;16/02/2004;22/08/2001;Em Atividade;9;Saúde e bem-estar;91;Saúde;912;Medicina;0912M01;Medicina
82;UNIVERSIDADE DO OESTE DE SANTA CATARINA;UNOESC;Privada sem fins lucrativos;90016;BIOMEDICINA;Bacharelado;Presencial;-;;-;;-;;-;;30;13/02/2006;09/09/2005;Extinto;9;Saúde e bem-estar;91;Saúde;914;Tecnologia de diagnóstico e tratamento médico;0914B01;Biomedicina
82;UNIVERSIDADE DO OESTE DE SANTA CATARINA;UNOESC;Privada sem fins lucrativos;1261815;MEDICINA VETERINÁRIA;Bacharelado;Presencial;4;2017;5;2023;4;2023;5;2023;80;17/02/2014;28/08/2013;Em Atividade;8;Agricultura, silvicultura, pesca e veterinária;84;Veterinária;841;Veterinária;0841M01;Medicina veterinária
82;UNIVERSIDADE DO OESTE DE SANTA CATARINA;UNOESC;Privada sem fins lucrativos;1314144;MEDICINA VETERINÁRIA;Bacharelado;Presencial;4;2017;4;2023;3;2023;4;2023;70;20/11/2014;13/11/2013;Em Atividade;8;Agricultura, silvicultura, pesca e veterinária;84;Veterinária;841;Veterinária;0841M01;Medicina veterinária
82;UNIVERSIDADE DO OESTE DE SANTA CATARINA;UNOESC;Privada sem fins lucrativos;1618171;BIOMEDICINA;Bacharelado;Presencial;-;;-;;-;;-;;40;13/02/2023;18/11/2022;Em Atividade;9;Saúde e bem-estar;91;Saúde;914;Tecnologia de diagnóstico e tratamento médico;0914B01;Biomedicina
82;UNIVERSIDADE DO OESTE DE SANTA CATARINA;UNOESC;Privada sem fins lucrativos;1618172;BIOMEDICINA;Bacharelado;Presencial;5;2024;-;;-;;-;;40;13/02/2023;18/11/2022;Em Atividade;9;Saúde e bem-estar;91;Saúde;914;Tecnologia de diagnóstico e tratamento médico;0914B01;Biomedicina
82;UNIVERSIDADE DO OESTE DE SANTA CATARINA;UNOESC;Privada sem fins lucrativos;1618173;BIOMEDICINA;Bacharelado;Presencial;-;;-;;-;;-;;40;13/02/2023;18/11/2022;Em Atividade;9;Saúde e bem-estar;91;Saúde;914;Tecnologia de diagnóstico e tratamento médico;0914B01;Biomedicina
82;UNIVERSIDADE DO OESTE DE SANTA CATARINA;UNOESC;Privada sem fins lucrativos;1618176;BIOMEDICINA;Bacharelado;Presencial;-;;-;;-;;-;;40;13/02/2023;18/11/2022;Em Atividade;9;Saúde e bem-estar;91;Saúde;914;Tecnologia de diagnóstico e tratamento médico;0914B01;Biomedicina
82;UNIVERSIDADE DO OESTE DE SANTA CATARINA;UNOESC;Privada sem fins lucrativos;1618191;BIOMEDICINA;Bacharelado;Presencial;-;;-;;-;;-;;40;13/02/2023;18/11/2022;Em Atividade;9;Saúde e bem-estar;91;Saúde;914;Tecnologia de diagnóstico e tratamento médico;0914B01;Biomedicina
83;UNIVERSIDADE DO VALE DO ITAJAÍ;UNIVALI;Privada sem fins lucrativos;19434;MEDICINA;Bacharelado;Presencial;5;2024;3;2023;4;2025;4;2023;74;21/03/1998;07/04/1997;Em Atividade;9;Saúde e bem-estar;91;Saúde;912;Medicina;0912M01;Medicina
83;UNIVERSIDADE DO VALE DO ITAJAÍ;UNIVALI;Privada sem fins lucrativos;1140817;BIOMEDICINA;Bacharelado;Presencial;4;2013;4;2023;3;2023;3;2023;170;06/06/2010;-;Em Atividade;9;Saúde e bem-estar;91;Saúde;914;Tecnologia de diagnóstico e tratamento médico;0914B01;Biomedicina
87;CENTRO UNIVERSITÁRIO DE BRUSQUE;UNIFEBE;Privada sem fins lucrativos;5001450;MEDICINA;Bacharelado;Presencial;4;2022;-;;3;2025;-;;120;12/02/2019;03/04/2018;Em Atividade;9;Saúde e bem-estar;91;Saúde;912;Medicina;0912M01;Medicina
89;FUNDAÇÃO FACULDADES LUIZ MENEGHEL;FFALM;Pública Estadual;54397;MEDICINA VETERINÁRIA;Bacharelado;Presencial;-;;-;;-;;-;;80;07/02/2000;-;Extinto;8;Agricultura, silvicultura, pesca e veterinária;84;Veterinária;841;Veterinária;0841M01;Medicina veterinária
93;FACULDADE DE MEDICINA DE JUNDIAÍ;FMJ;Pública Municipal;4082;MEDICINA;Bacharelado;Presencial;-;;4;2023;5;2025;4;2023;120;24/03/1969;06/12/1968;Em Atividade;9;Saúde e bem-estar;91;Saúde;912;Medicina;0912M01;Medicina
107;UNIVERSIDADE FEDERAL DE SÃO JOÃO DEL REI;UFSJ;Pública Federal;120983;MEDICINA;Bacharelado;Presencial;5;2024;SC;2023;4;2025;SC;2023;60;02/04/2008;06/08/2007;Em Atividade;9;Saúde e bem-estar;91;Saúde;912;Medicina;0912M01;Medicina
107;UNIVERSIDADE FEDERAL DE SÃO JOÃO DEL REI;UFSJ;Pública Federal;1080498;MEDICINA;Bacharelado;Presencial;-;;-;;-;;-;;0;03/03/2009;21/11/2011;Extinto;9;Saúde e bem-estar;91;Saúde;912;Medicina;0912M01;Medicina
107;UNIVERSIDADE FEDERAL DE SÃO JOÃO DEL REI;UFSJ;Pública Federal;1216474;MEDICINA;Bacharelado;Presencial;5;2022;3;2023;4;2025;2;2023;40;17/03/2014;12/12/2013;Em Atividade;9;Saúde e bem-estar;91;Saúde;912;Medicina;0912M01;Medicina
124;UNIVERSIDADE DE ARARAQUARA;UNIARA;Privada sem fins lucrativos;38564;BIOMEDICINA;Bacharelado;Presencial;3;2008;4;2023;4;2023;4;2023;140;02/08/1999;11/03/1999;Em Atividade;9;Saúde e bem-estar;91;Saúde;914;Tecnologia de diagnóstico e tratamento médico;0914B01;Biomedicina
124;UNIVERSIDADE DE ARARAQUARA;UNIARA;Privada sem fins lucrativos;87941;MEDICINA;Bacharelado;Presencial;5;2025;3;2023;3;2025;3;2023;150;01/03/2006;21/09/2005;Em Atividade;9;Saúde e bem-estar;91;Saúde;912;Medicina;0912M01;Medicina
124;UNIVERSIDADE DE ARARAQUARA;UNIARA;Privada sem fins lucrativos;1364211;MEDICINA VETERINÁRIA;Bacharelado;Presencial;4;2024;3;2023;3;2023;2;2023;240;02/03/2017;06/07/2016;Em Atividade;8;Agricultura, silvicultura, pesca e veterinária;84;Veterinária;841;Veterinária;0841M01;Medicina veterinária
124;UNIVERSIDADE DE ARARAQUARA;UNIARA;Privada sem fins lucrativos;1480196;MEDICINA VETERINÁRIA;Bacharelado;Presencial;-;;-;;-;;-;;70;07/03/2022;12/01/2021;Em Atividade;;;;;;;;
125;CENTRO UNIVERSITÁRIO DE ARARAS -;UNAR;Privada sem fins lucrativos;1526525;MEDICINA VETERINÁRIA;Bacharelado;Presencial;3;2024;-;;-;;-;;80;30/03/2020;30/03/2020;Em Atividade;8;Agricultura, silvicultura, pesca e veterinária;84;Veterinária;841;Veterinária;0841M01;Medicina veterinária
135;Claretiano - Centro Universitário;CLARETIANOBT;Privada sem fins lucrativos;1331997;BIOMEDICINA;Bacharelado;A Distância;5;2022;3;2023;1;2023;2;2023;200;01/02/2016;10/08/2015;Em Extinção;9;Saúde e bem-estar;91;Saúde;914;Tecnologia de diagnóstico e tratamento médico;0914B01;Biomedicina
135;Claretiano - Centro Universitário;CLARETIANOBT;Privada sem fins lucrativos;1550064;MEDICINA VETERINÁRIA;Bacharelado;A Distância;-;;-;;-;;-;;300;Não iniciado;12/09/2020;Extinto;8;Agricultura, silvicultura, pesca e veterinária;84;Veterinária;841;Veterinária;0841M01;Medicina veterinária
135;Claretiano - Centro Universitário;CLARETIANOBT;Privada sem fins lucrativos;1676769;BIOMEDICINA;Bacharelado;Presencial;-;;-;;-;;-;;80;Não iniciado;28/06/2024;Em Atividade;9;Saúde e bem-estar;91;Saúde;914;Tecnologia de diagnóstico e tratamento médico;0914B01;Biomedicina
135;Claretiano - Centro Universitário;CLARETIANOBT;Privada sem fins lucrativos;1701348;BIOMEDICINA;Bacharelado;Semipresencial;-;;-;;-;;-;;200;26/01/2026;25/09/2025;Em Atividade;9;Saúde e bem-estar;91;Saúde;914;Tecnologia de diagnóstico e tratamento médico;0914B01;Biomedicina
137;CENTRO UNIVERSITÁRIO SAGRADO CORAÇÃO;UNISAGRADO;Privada sem fins lucrativos;1149330;BIOMEDICINA;Bacharelado;Presencial;4;2018;5;2023;4;2023;5;2023;90;01/02/2011;27/01/2011;Em Atividade;9;Saúde e bem-estar;91;Saúde;914;Tecnologia de diagnóstico e tratamento médico;0914B01;Biomedicina
138;CENTRO UNIVERSITÁRIO BARÃO DE MAUÁ;CBM;Privada sem fins lucrativos;19014;MEDICINA VETERINÁRIA;Bacharelado;Presencial;3;2008;4;2023;4;2023;3;2023;100;01/08/1998;28/05/1998;Em Atividade;8;Agricultura, silvicultura, pesca e veterinária;84;Veterinária;841;Veterinária;0841M01;Medicina veterinária
138;CENTRO UNIVERSITÁRIO BARÃO DE MAUÁ;CBM;Privada sem fins lucrativos;19850;MEDICINA;Bacharelado;Presencial;5;2025;4;2023;4;2025;4;2023;110;01/06/1999;17/02/1999;Em Atividade;9;Saúde e bem-estar;91;Saúde;912;Medicina;0912M01;Medicina
138;CENTRO UNIVERSITÁRIO BARÃO DE MAUÁ;CBM;Privada sem fins lucrativos;117342;BIOMEDICINA;Bacharelado;Presencial;-;;-;;-;;-;;60;01/02/2004;18/12/2003;Extinto;9;Saúde e bem-estar;91;Saúde;914;Tecnologia de diagnóstico e tratamento médico;0914B01;Biomedicina
138;CENTRO UNIVERSITÁRIO BARÃO DE MAUÁ;CBM;Privada sem fins lucrativos;117344;BIOMEDICINA;Bacharelado;Presencial;4;2017;4;2023;4;2023;4;2023;120;01/08/1970;08/07/1972;Em Atividade;9;Saúde e bem-estar;91;Saúde;914;Tecnologia de diagnóstico e tratamento médico;0914B01;Biomedicina
140;UNIVERSIDADE DE VASSOURAS;UNIVASSOURAS;Privada sem fins lucrativos;1660453;MEDICINA VETERINÁRIA;Bacharelado;Presencial;-;;-;;-;;-;;240;30/10/2023;30/10/2023;Em Atividade;8;Agricultura, silvicultura, pesca e veterinária;84;Veterinária;841;Veterinária;0841M01;Medicina veterinária
140;UNIVERSIDADE DE VASSOURAS;UNIVASSOURAS;Privada sem fins lucrativos;1660742;BIOMEDICINA;Bacharelado;Presencial;-;;-;;-;;-;;150;30/10/2023;03/11/2023;Em Atividade;9;Saúde e bem-estar;91;Saúde;914;Tecnologia de diagnóstico e tratamento médico;0914B01;Biomedicina
140;UNIVERSIDADE DE VASSOURAS;UNIVASSOURAS;;1713582;BIOMEDICINA;Bacharelado;Semipresencial;-;;-;;-;;-;;200;Não iniciado;-;Em Atividade;;;;;;;;
140;UNIVERSIDADE DE VASSOURAS;-;Privada sem fins lucrativos;4503;MEDICINA;Bacharelado;Presencial;5;2025;4;2023;3;2025;5;2023;280;01/07/1969;19/12/1968;Em Atividade;9;Saúde e bem-estar;91;Saúde;912;Medicina;0912M01;Medicina
140;UNIVERSIDADE DE VASSOURAS;-;Privada sem fins lucrativos;67036;BIOMEDICINA;Bacharelado;Presencial;-;;-;;-;;-;;60;28/07/2003;26/02/2003;Extinto;9;Saúde e bem-estar;91;Saúde;914;Tecnologia de diagnóstico e tratamento médico;0914B01;Biomedicina
140;UNIVERSIDADE DE VASSOURAS;-;Privada sem fins lucrativos;74028;MEDICINA VETERINÁRIA;Bacharelado;Presencial;4;2009;3;2023;3;2023;3;2023;230;09/02/2004;11/09/2003;Em Atividade;8;Agricultura, silvicultura, pesca e veterinária;84;Veterinária;841;Veterinária;0841M01;Medicina veterinária
142;CENTRO UNIVERSITÁRIO DO TRIÂNGULO;UNITRI;Privada sem fins lucrativos;1178612;MEDICINA VETERINÁRIA;Bacharelado;Presencial;4;2023;2;2023;2;2023;1;2023;320;04/02/2012;01/09/2011;Em Atividade;8;Agricultura, silvicultura, pesca e veterinária;84;Veterinária;841;Veterinária;0841M01;Medicina veterinária
142;CENTRO UNIVERSITÁRIO DO TRIÂNGULO;UNITRI;Privada sem fins lucrativos;1600556;BIOMEDICINA;Bacharelado;Presencial;5;2025;-;;-;;-;;300;14/02/2022;14/02/2022;Em Atividade;9;Saúde e bem-estar;91;Saúde;914;Tecnologia de diagnóstico e tratamento médico;0914B01;Biomedicina
143;UNIVERSIDADE DE UBERABA;UNIUBE;Privada sem fins lucrativos;18572;MEDICINA VETERINÁRIA;Bacharelado;Presencial;4;2015;4;2023;4;2023;5;2023;240;01/08/1997;08/04/1997;Em Atividade;8;Agricultura, silvicultura, pesca e veterinária;84;Veterinária;841;Veterinária;0841M01;Medicina veterinária
143;UNIVERSIDADE DE UBERABA;UNIUBE;Privada sem fins lucrativos;18578;BIOMEDICINA;Bacharelado;Presencial;-;;-;;-;;-;;130;01/08/1997;08/04/1997;Extinto;9;Saúde e bem-estar;91;Saúde;914;Tecnologia de diagnóstico e tratamento médico;0914B01;Biomedicina
143;UNIVERSIDADE DE UBERABA;UNIUBE;Privada sem fins lucrativos;20360;MEDICINA;Bacharelado;Presencial;4;2025;3;2023;4;2025;3;2023;120;01/02/2000;08/04/1997;Em Atividade;9;Saúde e bem-estar;91;Saúde;912;Medicina;0912M01;Medicina
143;UNIVERSIDADE DE UBERABA;UNIUBE;Privada sem fins lucrativos;1596126;BIOMEDICINA;Bacharelado;A Distância;5;2024;-;;-;;-;;500;05/03/2022;26/10/2021;Em Extinção;9;Saúde e bem-estar;91;Saúde;914;Tecnologia de diagnóstico e tratamento médico;0914B01;Biomedicina
143;UNIVERSIDADE DE UBERABA;UNIUBE;Privada sem fins lucrativos;1676631;MEDICINA VETERINÁRIA;Bacharelado;Presencial;-;;-;;-;;-;;150;05/08/2024;21/06/2024;Em Atividade;8;Agricultura, silvicultura, pesca e veterinária;84;Veterinária;841;Veterinária;0841M01;Medicina veterinária
143;UNIVERSIDADE DE UBERABA;UNIUBE;Privada sem fins lucrativos;1701354;BIOMEDICINA;Bacharelado;Semipresencial;-;;-;;-;;-;;600;Não iniciado;25/09/2025;Em Atividade;9;Saúde e bem-estar;91;Saúde;914;Tecnologia de diagnóstico e tratamento médico;0914B01;Biomedicina
143;UNIVERSIDADE DE UBERABA;UNIUBE;;1727616;MEDICINA VETERINÁRIA;Bacharelado;Semipresencial;-;;-;;-;;-;;400;Não iniciado;-;Em Atividade;;;;;;;;
146;CENTRO UNIVERSITÁRIO DE RIO PRETO;UNIRP;Privada com fins lucrativos;4679;MEDICINA VETERINÁRIA;Bacharelado;Presencial;3;2008;3;2023;3;2023;3;2023;400;01/02/1996;21/11/1995;Em Atividade;8;Agricultura, silvicultura, pesca e veterinária;84;Veterinária;841;Veterinária;0841M01;Medicina veterinária
146;CENTRO UNIVERSITÁRIO DE RIO PRETO;UNIRP;Privada com fins lucrativos;1121277;MEDICINA VETERINÁRIA;Bacharelado;Presencial;-;;-;;-;;-;;680;01/02/2010;-;Extinto;8;Agricultura, silvicultura, pesca e veterinária;84;Veterinária;841;Veterinária;0841M01;Medicina veterinária
146;CENTRO UNIVERSITÁRIO DE RIO PRETO;UNIRP;Privada com fins lucrativos;1145646;BIOMEDICINA;Bacharelado;Presencial;4;2014;4;2023;4;2023;3;2023;150;01/02/2011;10/05/2010;Em Atividade;9;Saúde e bem-estar;91;Saúde;914;Tecnologia de diagnóstico e tratamento médico;0914B01;Biomedicina
149;FACULDADE DE MEDICINA DE SÃO JOSÉ DO RIO PRETO;FAMERP;Pública Estadual;4720;MEDICINA;Bacharelado;Presencial;-;;5;2023;5;2025;4;2023;80;14/02/1968;14/02/1968;Em Atividade;9;Saúde e bem-estar;91;Saúde;912;Medicina;0912M01;Medicina
150;UNIVERSIDADE DE SOROCABA;UNISO;Privada sem fins lucrativos;1169423;MEDICINA VETERINÁRIA;Bacharelado;Presencial;4;2024;3;2023;3;2023;2;2023;210;02/02/2012;26/11/2011;Em Atividade;8;Agricultura, silvicultura, pesca e veterinária;84;Veterinária;841;Veterinária;0841M01;Medicina veterinária
150;UNIVERSIDADE DE SOROCABA;UNISO;Privada sem fins lucrativos;1382673;BIOMEDICINA;Bacharelado;Presencial;5;2023;3;2023;3;2023;2;2023;140;01/02/2017;26/09/2016;Em Atividade;9;Saúde e bem-estar;91;Saúde;914;Tecnologia de diagnóstico e tratamento médico;0914B01;Biomedicina
158;CONSERVATÓRIO BRASILEIRO DE MÚSICA - CENTRO UNIVERSITÁRIO BRASILEIRO DE EDUCAÇÃO;CBM-UniCBE;Privada sem fins lucrativos;1330119;BIOMEDICINA;Bacharelado;Presencial;-;;-;;-;;-;;180;17/07/2015;24/11/2014;Em Atividade;9;Saúde e bem-estar;91;Saúde;914;Tecnologia de diagnóstico e tratamento médico;0914B01;Biomedicina
158;CONSERVATÓRIO BRASILEIRO DE MÚSICA - CENTRO UNIVERSITÁRIO BRASILEIRO DE EDUCAÇÃO;CBM-UniCBE;Privada sem fins lucrativos;1330198;BIOMEDICINA;Bacharelado;Presencial;-;;-;;-;;-;;180;28/07/2015;24/11/2015;Em Atividade;9;Saúde e bem-estar;91;Saúde;914;Tecnologia de diagnóstico e tratamento médico;0914B01;Biomedicina
158;CONSERVATÓRIO BRASILEIRO DE MÚSICA - CENTRO UNIVERSITÁRIO BRASILEIRO DE EDUCAÇÃO;CBM-UniCBE;Privada sem fins lucrativos;1344087;BIOMEDICINA;Bacharelado;Presencial;-;;-;;-;;-;;180;01/12/2016;24/11/2014;Em Atividade;9;Saúde e bem-estar;91;Saúde;914;Tecnologia de diagnóstico e tratamento médico;0914B01;Biomedicina
158;CONSERVATÓRIO BRASILEIRO DE MÚSICA - CENTRO UNIVERSITÁRIO BRASILEIRO DE EDUCAÇÃO;CBM-UniCBE;Privada sem fins lucrativos;1344123;BIOMEDICINA;Bacharelado;Presencial;-;;-;;-;;-;;180;11/05/2016;24/11/2014;Em Atividade;9;Saúde e bem-estar;91;Saúde;914;Tecnologia de diagnóstico e tratamento médico;0914B01;Biomedicina
158;CONSERVATÓRIO BRASILEIRO DE MÚSICA - CENTRO UNIVERSITÁRIO BRASILEIRO DE EDUCAÇÃO;CBM-UniCBE;Privada sem fins lucrativos;1344152;BIOMEDICINA;Bacharelado;Presencial;-;;-;;-;;-;;180;11/05/2016;24/11/2014;Em Extinção;9;Saúde e bem-estar;91;Saúde;914;Tecnologia de diagnóstico e tratamento médico;0914B01;Biomedicina
158;CONSERVATÓRIO BRASILEIRO DE MÚSICA - CENTRO UNIVERSITÁRIO BRASILEIRO DE EDUCAÇÃO;CBM-UniCBE;Privada sem fins lucrativos;1344188;BIOMEDICINA;Bacharelado;Presencial;-;;-;;-;;-;;180;01/02/2016;24/11/2014;Em Atividade;9;Saúde e bem-estar;91;Saúde;914;Tecnologia de diagnóstico e tratamento médico;0914B01;Biomedicina
158;CONSERVATÓRIO BRASILEIRO DE MÚSICA - CENTRO UNIVERSITÁRIO BRASILEIRO DE EDUCAÇÃO;CBM-UniCBE;Privada sem fins lucrativos;1344324;BIOMEDICINA;Bacharelado;Presencial;-;;-;;-;;-;;180;12/09/2016;24/11/2014;Em Atividade;9;Saúde e bem-estar;91;Saúde;914;Tecnologia de diagnóstico e tratamento médico;0914B01;Biomedicina
158;CONSERVATÓRIO BRASILEIRO DE MÚSICA - CENTRO UNIVERSITÁRIO BRASILEIRO DE EDUCAÇÃO;CBM-UniCBE;Privada sem fins lucrativos;1363796;BIOMEDICINA;Bacharelado;Presencial;4;2019;3;2023;1;2023;SC;2023;160;01/02/2016;24/11/2014;Em Atividade;9;Saúde e bem-estar;91;Saúde;914;Tecnologia de diagnóstico e tratamento médico;0914B01;Biomedicina
158;CONSERVATÓRIO BRASILEIRO DE MÚSICA - CENTRO UNIVERSITÁRIO BRASILEIRO DE EDUCAÇÃO;CBM-UniCBE;Privada sem fins lucrativos;1374714;BIOMEDICINA;Bacharelado;Presencial;-;;-;;-;;-;;180;Não iniciado;24/11/2014;Em Atividade;9;Saúde e bem-estar;91;Saúde;914;Tecnologia de diagnóstico e tratamento médico;0914B01;Biomedicina
158;CONSERVATÓRIO BRASILEIRO DE MÚSICA - CENTRO UNIVERSITÁRIO BRASILEIRO DE EDUCAÇÃO;CBM-UniCBE;Privada sem fins lucrativos;1374716;BIOMEDICINA;Bacharelado;Presencial;-;;-;;-;;-;;180;01/02/2016;24/11/2014;Em Atividade;9;Saúde e bem-estar;91;Saúde;914;Tecnologia de diagnóstico e tratamento médico;0914B01;Biomedicina
158;CONSERVATÓRIO BRASILEIRO DE MÚSICA - CENTRO UNIVERSITÁRIO BRASILEIRO DE EDUCAÇÃO;CBM-UniCBE;Privada sem fins lucrativos;1374719;BIOMEDICINA;Bacharelado;Presencial;-;;-;;-;;-;;180;01/02/2016;24/11/2014;Em Atividade;9;Saúde e bem-estar;91;Saúde;914;Tecnologia de diagnóstico e tratamento médico;0914B01;Biomedicina
158;CONSERVATÓRIO BRASILEIRO DE MÚSICA - CENTRO UNIVERSITÁRIO BRASILEIRO DE EDUCAÇÃO;CBM-UniCBE;Privada sem fins lucrativos;1374722;BIOMEDICINA;Bacharelado;Presencial;-;;-;;-;;-;;180;01/02/2016;24/11/2014;Em Atividade;9;Saúde e bem-estar;91;Saúde;914;Tecnologia de diagnóstico e tratamento médico;0914B01;Biomedicina
158;CONSERVATÓRIO BRASILEIRO DE MÚSICA - CENTRO UNIVERSITÁRIO BRASILEIRO DE EDUCAÇÃO;CBM-UniCBE;Privada sem fins lucrativos;1374730;BIOMEDICINA;Bacharelado;Presencial;-;;-;;-;;-;;180;01/02/2016;24/11/2014;Em Atividade;9;Saúde e bem-estar;91;Saúde;914;Tecnologia de diagnóstico e tratamento médico;0914B01;Biomedicina
158;CONSERVATÓRIO BRASILEIRO DE MÚSICA - CENTRO UNIVERSITÁRIO BRASILEIRO DE EDUCAÇÃO;CBM-UniCBE;Privada sem fins lucrativos;1374734;BIOMEDICINA;Bacharelado;Presencial;-;;-;;-;;-;;180;18/07/2016;24/11/2014;Em Atividade;9;Saúde e bem-estar;91;Saúde;914;Tecnologia de diagnóstico e tratamento médico;0914B01;Biomedicina
158;CONSERVATÓRIO BRASILEIRO DE MÚSICA - CENTRO UNIVERSITÁRIO BRASILEIRO DE EDUCAÇÃO;CBM-UniCBE;Privada sem fins lucrativos;1374737;BIOMEDICINA;Bacharelado;Presencial;-;;-;;-;;-;;180;01/02/2016;24/11/2014;Em Atividade;9;Saúde e bem-estar;91;Saúde;914;Tecnologia de diagnóstico e tratamento médico;0914B01;Biomedicina
158;CONSERVATÓRIO BRASILEIRO DE MÚSICA - CENTRO UNIVERSITÁRIO BRASILEIRO DE EDUCAÇÃO;CBM-UniCBE;Privada sem fins lucrativos;1374740;BIOMEDICINA;Bacharelado;Presencial;-;;-;;-;;-;;180;10/10/2016;24/11/2014;Em Atividade;9;Saúde e bem-estar;91;Saúde;914;Tecnologia de diagnóstico e tratamento médico;0914B01;Biomedicina
158;CONSERVATÓRIO BRASILEIRO DE MÚSICA - CENTRO UNIVERSITÁRIO BRASILEIRO DE EDUCAÇÃO;CBM-UniCBE;Privada sem fins lucrativos;1374743;BIOMEDICINA;Bacharelado;Presencial;-;;-;;-;;-;;180;01/02/2016;24/11/2014;Em Atividade;9;Saúde e bem-estar;91;Saúde;914;Tecnologia de diagnóstico e tratamento médico;0914B01;Biomedicina
158;CONSERVATÓRIO BRASILEIRO DE MÚSICA - CENTRO UNIVERSITÁRIO BRASILEIRO DE EDUCAÇÃO;CBM-UniCBE;Privada sem fins lucrativos;1374746;BIOMEDICINA;Bacharelado;Presencial;-;;-;;-;;-;;180;01/02/2016;24/11/2014;Em Atividade;9;Saúde e bem-estar;91;Saúde;914;Tecnologia de diagnóstico e tratamento médico;0914B01;Biomedicina
158;CONSERVATÓRIO BRASILEIRO DE MÚSICA - CENTRO UNIVERSITÁRIO BRASILEIRO DE EDUCAÇÃO;CBM-UniCBE;Privada sem fins lucrativos;1427753;MEDICINA VETERINÁRIA;Bacharelado;Presencial;-;;-;;-;;-;;200;01/02/2018;24/11/2014;Em Atividade;8;Agricultura, silvicultura, pesca e veterinária;84;Veterinária;841;Veterinária;0841M01;Medicina veterinária
158;CONSERVATÓRIO BRASILEIRO DE MÚSICA - CENTRO UNIVERSITÁRIO BRASILEIRO DE EDUCAÇÃO;CBM-UniCBE;Privada sem fins lucrativos;1442291;BIOMEDICINA;Bacharelado;Presencial;-;;-;;-;;-;;60;26/07/2018;12/03/2018;Em Atividade;9;Saúde e bem-estar;91;Saúde;914;Tecnologia de diagnóstico e tratamento médico;0914B01;Biomedicina
158;CONSERVATÓRIO BRASILEIRO DE MÚSICA - CENTRO UNIVERSITÁRIO BRASILEIRO DE EDUCAÇÃO;CBM-UniCBE;Privada sem fins lucrativos;1442549;BIOMEDICINA;Bacharelado;Presencial;-;;-;;-;;-;;60;26/07/2018;12/03/2018;Em Atividade;9;Saúde e bem-estar;91;Saúde;914;Tecnologia de diagnóstico e tratamento médico;0914B01;Biomedicina
158;CONSERVATÓRIO BRASILEIRO DE MÚSICA - CENTRO UNIVERSITÁRIO BRASILEIRO DE EDUCAÇÃO;CBM-UniCBE;Privada sem fins lucrativos;1446280;BIOMEDICINA;Bacharelado;Presencial;-;;-;;-;;-;;60;Não iniciado;17/05/2018;Em Atividade;9;Saúde e bem-estar;91;Saúde;914;Tecnologia de diagnóstico e tratamento médico;0914B01;Biomedicina
158;CONSERVATÓRIO BRASILEIRO DE MÚSICA - CENTRO UNIVERSITÁRIO BRASILEIRO DE EDUCAÇÃO;CBM-UniCBE;Privada sem fins lucrativos;1488030;BIOMEDICINA;Bacharelado;Presencial;-;;-;;-;;-;;160;Não iniciado;30/08/2019;Em Atividade;9;Saúde e bem-estar;91;Saúde;914;Tecnologia de diagnóstico e tratamento médico;0914B01;Biomedicina
163;UNIVERSIDADE ESTÁCIO DE SÁ;UNESA;Privada com fins lucrativos;4959;MEDICINA VETERINÁRIA;Bacharelado;Presencial;4;2007;3;2023;3;2023;2;2023;280;12/08/1996;17/06/1996;Em Atividade;8;Agricultura, silvicultura, pesca e veterinária;84;Veterinária;841;Veterinária;0841M01;Medicina veterinária
163;UNIVERSIDADE ESTÁCIO DE SÁ;UNESA;Privada com fins lucrativos;18594;MEDICINA;Bacharelado;Presencial;4;2019;3;2023;3;2025;2;2023;240;30/04/1997;07/03/1997;Em Atividade;9;Saúde e bem-estar;91;Saúde;912;Medicina;0912M01;Medicina
163;UNIVERSIDADE ESTÁCIO DE SÁ;UNESA;Privada com fins lucrativos;1183836;BIOMEDICINA;Bacharelado;Presencial;3;2014;3;2023;2;2023;2;2023;120;23/02/2012;09/02/2012;Em Atividade;9;Saúde e bem-estar;91;Saúde;914;Tecnologia de diagnóstico e tratamento médico;0914B01;Biomedicina
163;UNIVERSIDADE ESTÁCIO DE SÁ;UNESA;Privada com fins lucrativos;1264888;BIOMEDICINA;Bacharelado;Presencial;4;2025;3;2023;2;2023;2;2023;200;06/03/2014;11/12/2007;Em Atividade;9;Saúde e bem-estar;91;Saúde;914;Tecnologia de diagnóstico e tratamento médico;0914B01;Biomedicina
163;UNIVERSIDADE ESTÁCIO DE SÁ;UNESA;Privada com fins lucrativos;1353356;BIOMEDICINA;Bacharelado;Presencial;5;2023;3;2023;2;2023;2;2023;100;09/02/2017;28/09/2016;Em Atividade;9;Saúde e bem-estar;91;Saúde;914;Tecnologia de diagnóstico e tratamento médico;0914B01;Biomedicina
163;UNIVERSIDADE ESTÁCIO DE SÁ;UNESA;Privada com fins lucrativos;1380925;BIOMEDICINA;Bacharelado;Presencial;5;2025;3;2023;2;2023;2;2023;60;15/03/2017;13/12/2016;Em Atividade;9;Saúde e bem-estar;91;Saúde;914;Tecnologia de diagnóstico e tratamento médico;0914B01;Biomedicina
163;UNIVERSIDADE ESTÁCIO DE SÁ;UNESA;Privada com fins lucrativos;1399482;MEDICINA;Bacharelado;Presencial;4;2024;3;2023;1;2025;3;2023;89;04/09/2017;02/08/2017;Em Atividade;9;Saúde e bem-estar;91;Saúde;912;Medicina;0912M01;Medicina
163;UNIVERSIDADE ESTÁCIO DE SÁ;UNESA;Privada com fins lucrativos;1404134;BIOMEDICINA;Bacharelado;Presencial;4;2025;3;2023;2;2023;2;2023;60;08/03/2018;12/06/2017;Em Atividade;9;Saúde e bem-estar;91;Saúde;914;Tecnologia de diagnóstico e tratamento médico;0914B01;Biomedicina
163;UNIVERSIDADE ESTÁCIO DE SÁ;UNESA;Privada com fins lucrativos;1419874;BIOMEDICINA;Bacharelado;Presencial;4;2023;3;2023;2;2023;2;2023;80;08/03/2018;27/10/2017;Em Atividade;9;Saúde e bem-estar;91;Saúde;914;Tecnologia de diagnóstico e tratamento médico;0914B01;Biomedicina
163;UNIVERSIDADE ESTÁCIO DE SÁ;UNESA;Privada com fins lucrativos;1419879;BIOMEDICINA;Bacharelado;Presencial;4;2025;3;2023;2;2023;1;2023;80;23/02/2018;27/10/2017;Em Atividade;9;Saúde e bem-estar;91;Saúde;914;Tecnologia de diagnóstico e tratamento médico;0914B01;Biomedicina
163;UNIVERSIDADE ESTÁCIO DE SÁ;UNESA;Privada com fins lucrativos;1453286;BIOMEDICINA;Bacharelado;A Distância;4;2025;2;2023;1;2023;1;2023;2722;06/08/2018;19/07/2018;Em Extinção;9;Saúde e bem-estar;91;Saúde;914;Tecnologia de diagnóstico e tratamento médico;0914B01;Biomedicina
163;UNIVERSIDADE ESTÁCIO DE SÁ;UNESA;Privada com fins lucrativos;1457093;BIOMEDICINA;Bacharelado;Presencial;4;2023;3;2023;3;2023;3;2023;80;27/08/2018;21/09/2018;Em Atividade;9;Saúde e bem-estar;91;Saúde;914;Tecnologia de diagnóstico e tratamento médico;0914B01;Biomedicina
163;UNIVERSIDADE ESTÁCIO DE SÁ;UNESA;Privada com fins lucrativos;1465871;MEDICINA VETERINÁRIA;Bacharelado;Presencial;4;2024;4;2023;3;2023;3;2023;80;25/02/2019;27/11/2018;Em Atividade;8;Agricultura, silvicultura, pesca e veterinária;84;Veterinária;841;Veterinária;0841M01;Medicina veterinária
163;UNIVERSIDADE ESTÁCIO DE SÁ;UNESA;Privada com fins lucrativos;1465872;MEDICINA VETERINÁRIA;Bacharelado;Presencial;4;2024;3;2023;3;2023;3;2023;100;25/02/2019;27/11/2018;Em Atividade;8;Agricultura, silvicultura, pesca e veterinária;84;Veterinária;841;Veterinária;0841M01;Medicina veterinária
163;UNIVERSIDADE ESTÁCIO DE SÁ;UNESA;Privada com fins lucrativos;1466490;BIOMEDICINA;Bacharelado;Presencial;5;2022;3;2023;2;2023;2;2023;100;08/03/2018;29/01/2018;Em Atividade;9;Saúde e bem-estar;91;Saúde;914;Tecnologia de diagnóstico e tratamento médico;0914B01;Biomedicina
163;UNIVERSIDADE ESTÁCIO DE SÁ;UNESA;Privada com fins lucrativos;1466491;BIOMEDICINA;Bacharelado;Presencial;5;2023;3;2023;2;2023;1;2023;100;08/03/2018;29/01/2018;Em Atividade;9;Saúde e bem-estar;91;Saúde;914;Tecnologia de diagnóstico e tratamento médico;0914B01;Biomedicina
163;UNIVERSIDADE ESTÁCIO DE SÁ;UNESA;Privada com fins lucrativos;1466496;BIOMEDICINA;Bacharelado;Presencial;5;2022;3;2023;2;2023;2;2023;100;08/03/2018;29/01/2018;Em Atividade;9;Saúde e bem-estar;91;Saúde;914;Tecnologia de diagnóstico e tratamento médico;0914B01;Biomedicina
163;UNIVERSIDADE ESTÁCIO DE SÁ;UNESA;Privada com fins lucrativos;1466514;BIOMEDICINA;Bacharelado;Presencial;5;2023;3;2023;2;2023;3;2023;100;08/03/2018;29/01/2018;Em Atividade;9;Saúde e bem-estar;91;Saúde;914;Tecnologia de diagnóstico e tratamento médico;0914B01;Biomedicina
163;UNIVERSIDADE ESTÁCIO DE SÁ;UNESA;Privada com fins lucrativos;1483748;BIOMEDICINA;Bacharelado;Presencial;5;2025;3;2023;2;2023;2;2023;100;14/03/2019;07/03/2019;Em Atividade;9;Saúde e bem-estar;91;Saúde;914;Tecnologia de diagnóstico e tratamento médico;0914B01;Biomedicina
163;UNIVERSIDADE ESTÁCIO DE SÁ;UNESA;Privada com fins lucrativos;1483801;BIOMEDICINA;Bacharelado;Presencial;5;2023;3;2023;2;2023;2;2023;100;14/03/2019;13/03/2019;Em Atividade;9;Saúde e bem-estar;91;Saúde;914;Tecnologia de diagnóstico e tratamento médico;0914B01;Biomedicina
163;UNIVERSIDADE ESTÁCIO DE SÁ;UNESA;Privada com fins lucrativos;1485962;BIOMEDICINA;Bacharelado;Presencial;5;2025;3;2023;1;2023;2;2023;100;19/03/2019;14/06/2019;Em Atividade;9;Saúde e bem-estar;91;Saúde;914;Tecnologia de diagnóstico e tratamento médico;0914B01;Biomedicina
163;UNIVERSIDADE ESTÁCIO DE SÁ;UNESA;Privada com fins lucrativos;1486650;BIOMEDICINA;Bacharelado;Presencial;5;2023;3;2023;2;2023;3;2023;100;19/08/2019;14/06/2019;Em Atividade;9;Saúde e bem-estar;91;Saúde;914;Tecnologia de diagnóstico e tratamento médico;0914B01;Biomedicina
163;UNIVERSIDADE ESTÁCIO DE SÁ;UNESA;Privada com fins lucrativos;1486651;BIOMEDICINA;Bacharelado;Presencial;4;2025;3;2023;2;2023;2;2023;100;17/02/2020;14/06/2019;Em Atividade;9;Saúde e bem-estar;91;Saúde;914;Tecnologia de diagnóstico e tratamento médico;0914B01;Biomedicina
163;UNIVERSIDADE ESTÁCIO DE SÁ;UNESA;Privada com fins lucrativos;1486652;BIOMEDICINA;Bacharelado;Presencial;5;2025;-;;-;;-;;100;17/02/2020;14/06/2019;Em Atividade;9;Saúde e bem-estar;91;Saúde;914;Tecnologia de diagnóstico e tratamento médico;0914B01;Biomedicina
163;UNIVERSIDADE ESTÁCIO DE SÁ;UNESA;Privada com fins lucrativos;1486653;BIOMEDICINA;Bacharelado;Presencial;-;;-;;-;;-;;100;Não iniciado;14/06/2019;Extinto;9;Saúde e bem-estar;91;Saúde;914;Tecnologia de diagnóstico e tratamento médico;0914B01;Biomedicina
163;UNIVERSIDADE ESTÁCIO DE SÁ;UNESA;Privada com fins lucrativos;1516180;MEDICINA VETERINÁRIA;Bacharelado;Presencial;4;2024;-;;-;;-;;100;17/02/2020;06/11/2019;Em Atividade;8;Agricultura, silvicultura, pesca e veterinária;84;Veterinária;841;Veterinária;0841M01;Medicina veterinária
163;UNIVERSIDADE ESTÁCIO DE SÁ;UNESA;Privada com fins lucrativos;1524090;BIOMEDICINA;Bacharelado;Presencial;-;;-;;-;;-;;100;Não iniciado;27/03/2020;Extinto;9;Saúde e bem-estar;91;Saúde;914;Tecnologia de diagnóstico e tratamento médico;0914B01;Biomedicina
163;UNIVERSIDADE ESTÁCIO DE SÁ;UNESA;Privada com fins lucrativos;1524356;MEDICINA VETERINÁRIA;Bacharelado;Presencial;5;2025;-;;-;;-;;150;31/08/2020;27/03/2020;Em Atividade;8;Agricultura, silvicultura, pesca e veterinária;84;Veterinária;841;Veterinária;0841M01;Medicina veterinária
163;UNIVERSIDADE ESTÁCIO DE SÁ;UNESA;Privada com fins lucrativos;1555968;MEDICINA VETERINÁRIA;Bacharelado;Presencial;-;;-;;-;;-;;120;29/03/2021;09/12/2020;Em Atividade;8;Agricultura, silvicultura, pesca e veterinária;84;Veterinária;841;Veterinária;0841M01;Medicina veterinária
163;UNIVERSIDADE ESTÁCIO DE SÁ;UNESA;Privada com fins lucrativos;1556327;MEDICINA VETERINÁRIA;Bacharelado;Presencial;-;;-;;-;;-;;120;Não iniciado;15/01/2021;Extinto;8;Agricultura, silvicultura, pesca e veterinária;84;Veterinária;841;Veterinária;0841M01;Medicina veterinária
163;UNIVERSIDADE ESTÁCIO DE SÁ;UNESA;Privada com fins lucrativos;1577427;MEDICINA VETERINÁRIA;Bacharelado;Presencial;-;;-;;-;;-;;120;30/08/2021;16/06/2021;Em Atividade;8;Agricultura, silvicultura, pesca e veterinária;84;Veterinária;841;Veterinária;0841M01;Medicina veterinária
163;UNIVERSIDADE ESTÁCIO DE SÁ;UNESA;Privada com fins lucrativos;1595856;BIOMEDICINA;Bacharelado;Presencial;-;;-;;-;;-;;120;21/02/2022;19/11/2021;Em Atividade;9;Saúde e bem-estar;91;Saúde;914;Tecnologia de diagnóstico e tratamento médico;0914B01;Biomedicina
163;UNIVERSIDADE ESTÁCIO DE SÁ;UNESA;Privada com fins lucrativos;1596085;MEDICINA VETERINÁRIA;Bacharelado;A Distância;-;;-;;-;;-;;1280;21/02/2022;24/11/2021;Em Extinção;8;Agricultura, silvicultura, pesca e veterinária;84;Veterinária;841;Veterinária;0841M01;Medicina veterinária
163;UNIVERSIDADE ESTÁCIO DE SÁ;UNESA;Privada com fins lucrativos;1609722;BIOMEDICINA;Bacharelado;Presencial;4;2024;3;2023;2;2023;2;2023;60;19/08/2019;22/07/2022;Em Atividade;9;Saúde e bem-estar;91;Saúde;914;Tecnologia de diagnóstico e tratamento médico;0914B01;Biomedicina
163;UNIVERSIDADE ESTÁCIO DE SÁ;UNESA;Privada com fins lucrativos;1609725;MEDICINA VETERINÁRIA;Bacharelado;Presencial;4;2024;-;;-;;-;;100;17/02/2020;22/07/2022;Em Atividade;8;Agricultura, silvicultura, pesca e veterinária;84;Veterinária;841;Veterinária;0841M01;Medicina veterinária
163;UNIVERSIDADE ESTÁCIO DE SÁ;UNESA;Privada com fins lucrativos;1609764;BIOMEDICINA;Bacharelado;Presencial;4;2024;3;2023;2;2023;2;2023;80;01/02/2019;25/07/2022;Em Atividade;9;Saúde e bem-estar;91;Saúde;914;Tecnologia de diagnóstico e tratamento médico;0914B01;Biomedicina
163;UNIVERSIDADE ESTÁCIO DE SÁ;UNESA;Privada com fins lucrativos;1701358;BIOMEDICINA;Bacharelado;Semipresencial;-;;-;;-;;-;;1040;26/09/2025;25/09/2025;Em Atividade;9;Saúde e bem-estar;91;Saúde;914;Tecnologia de diagnóstico e tratamento médico;0914B01;Biomedicina
163;UNIVERSIDADE ESTÁCIO DE SÁ;UNESA;Privada com fins lucrativos;1702870;MEDICINA VETERINÁRIA;Bacharelado;Semipresencial;-;;-;;-;;-;;1280;26/09/2025;25/09/2025;Em Atividade;8;Agricultura, silvicultura, pesca e veterinária;84;Veterinária;841;Veterinária;0841M01;Medicina veterinária
163;UNIVERSIDADE ESTÁCIO DE SÁ;UNESA;;1724877;MEDICINA VETERINÁRIA;Bacharelado;Presencial;-;;-;;-;;-;;80;Não iniciado;-;Em Atividade;;;;;;;;
163;UNIVERSIDADE ESTÁCIO DE SÁ;UNESA;;1724926;BIOMEDICINA;Bacharelado;Presencial;-;;-;;-;;-;;60;Não iniciado;-;Em Atividade;;;;;;;;
163;UNIVERSIDADE ESTÁCIO DE SÁ;UNESA;Privada com fins lucrativos;5001183;MEDICINA;Bacharelado;Presencial;5;2025;3;2023;3;2025;1;2023;170;27/02/2014;28/03/2014;Em Atividade;9;Saúde e bem-estar;91;Saúde;912;Medicina;0912M01;Medicina
165;UNIVERSIDADE VEIGA DE ALMEIDA;UVA;Privada com fins lucrativos;1349807;BIOMEDICINA;Bacharelado;Presencial;5;2019;4;2023;4;2023;3;2023;180;01/02/2016;13/11/2015;Em Atividade;9;Saúde e bem-estar;91;Saúde;914;Tecnologia de diagnóstico e tratamento médico;0914B01;Biomedicina
165;UNIVERSIDADE VEIGA DE ALMEIDA;UVA;Privada com fins lucrativos;1385707;BIOMEDICINA;Bacharelado;Presencial;5;2023;4;2023;4;2023;3;2023;100;20/02/2017;28/11/2016;Em Atividade;9;Saúde e bem-estar;91;Saúde;914;Tecnologia de diagnóstico e tratamento médico;0914B01;Biomedicina
165;UNIVERSIDADE VEIGA DE ALMEIDA;UVA;Privada com fins lucrativos;1562977;BIOMEDICINA;Bacharelado;Presencial;-;;-;;-;;-;;160;Não iniciado;21/12/2020;Extinto;9;Saúde e bem-estar;91;Saúde;914;Tecnologia de diagnóstico e tratamento médico;0914B01;Biomedicina
165;UNIVERSIDADE VEIGA DE ALMEIDA;UVA;Privada com fins lucrativos;1571890;MEDICINA VETERINÁRIA;Bacharelado;Presencial;4;2025;-;;-;;-;;200;12/03/2021;17/02/2021;Em Atividade;8;Agricultura, silvicultura, pesca e veterinária;84;Veterinária;841;Veterinária;0841M01;Medicina veterinária
165;UNIVERSIDADE VEIGA DE ALMEIDA;UVA;Privada com fins lucrativos;1591082;BIOMEDICINA;Bacharelado;A Distância;4;2025;-;;-;;-;;500;30/09/2021;02/08/2021;Em Extinção;9;Saúde e bem-estar;91;Saúde;914;Tecnologia de diagnóstico e tratamento médico;0914B01;Biomedicina
165;UNIVERSIDADE VEIGA DE ALMEIDA;UVA;Privada com fins lucrativos;1591310;MEDICINA VETERINÁRIA;Bacharelado;A Distância;-;;-;;-;;-;;500;01/10/2021;02/08/2021;Em Extinção;8;Agricultura, silvicultura, pesca e veterinária;84;Veterinária;841;Veterinária;0841M01;Medicina veterinária
165;UNIVERSIDADE VEIGA DE ALMEIDA;UVA;Privada com fins lucrativos;1595825;MEDICINA;Bacharelado;Presencial;5;2022;-;;-;;-;;120;05/07/2023;12/06/2023;Em Atividade;9;Saúde e bem-estar;91;Saúde;912;Medicina;0912M01;Medicina
165;UNIVERSIDADE VEIGA DE ALMEIDA;UVA;Privada com fins lucrativos;1701369;BIOMEDICINA;Bacharelado;Semipresencial;-;;-;;-;;-;;500;Não iniciado;25/09/2025;Em Atividade;9;Saúde e bem-estar;91;Saúde;914;Tecnologia de diagnóstico e tratamento médico;0914B01;Biomedicina
165;UNIVERSIDADE VEIGA DE ALMEIDA;UVA;Privada com fins lucrativos;1702871;MEDICINA VETERINÁRIA;Bacharelado;Semipresencial;-;;-;;-;;-;;500;Não iniciado;25/09/2025;Em Atividade;8;Agricultura, silvicultura, pesca e veterinária;84;Veterinária;841;Veterinária;0841M01;Medicina veterinária
167;UNIVERSIDADE METODISTA DE SÃO PAULO;UMESP;Privada sem fins lucrativos;5133;MEDICINA VETERINÁRIA;Bacharelado;Presencial;3;2008;3;2023;3;2023;2;2023;160;25/07/1995;26/07/1995;Em Atividade;8;Agricultura, silvicultura, pesca e veterinária;84;Veterinária;841;Veterinária;0841M01;Medicina veterinária
167;UNIVERSIDADE METODISTA DE SÃO PAULO;UMESP;Privada sem fins lucrativos;21973;BIOMEDICINA;Bacharelado;Presencial;-;;3;2007;2;2007;2;2007;0;30/09/1999;30/09/1999;Em Extinção;9;Saúde e bem-estar;91;Saúde;914;Tecnologia de diagnóstico e tratamento médico;0914B01;Biomedicina
167;UNIVERSIDADE METODISTA DE SÃO PAULO;UMESP;Privada sem fins lucrativos;50945;BIOMEDICINA;Bacharelado;Presencial;3;2017;4;2023;3;2023;4;2023;160;30/09/1999;30/09/1999;Em Atividade;9;Saúde e bem-estar;91;Saúde;914;Tecnologia de diagnóstico e tratamento médico;0914B01;Biomedicina
176;UNIVERSIDADE CASTELO BRANCO;UCB;Privada sem fins lucrativos;18598;MEDICINA VETERINÁRIA;Bacharelado;Presencial;4;2016;3;2023;3;2023;3;2023;120;27/03/1997;27/03/1997;Em Atividade;8;Agricultura, silvicultura, pesca e veterinária;84;Veterinária;841;Veterinária;0841M01;Medicina veterinária
176;UNIVERSIDADE CASTELO BRANCO;UCB;Privada sem fins lucrativos;111732;BIOMEDICINA;Bacharelado;Presencial;3;2023;3;2023;2;2023;1;2023;240;11/02/2008;25/04/2007;Em Atividade;9;Saúde e bem-estar;91;Saúde;914;Tecnologia de diagnóstico e tratamento médico;0914B01;Biomedicina
176;UNIVERSIDADE CASTELO BRANCO;UCB;Privada sem fins lucrativos;1332856;BIOMEDICINA;Bacharelado;Presencial;-;;-;;-;;-;;100;Não iniciado;13/05/2014;Extinto;9;Saúde e bem-estar;91;Saúde;914;Tecnologia de diagnóstico e tratamento médico;0914B01;Biomedicina
176;UNIVERSIDADE CASTELO BRANCO;UCB;Privada sem fins lucrativos;1382550;BIOMEDICINA;Bacharelado;Presencial;-;;-;;-;;-;;120;Não iniciado;21/12/2015;Extinto;9;Saúde e bem-estar;91;Saúde;914;Tecnologia de diagnóstico e tratamento médico;0914B01;Biomedicina
176;UNIVERSIDADE CASTELO BRANCO;UCB;Privada sem fins lucrativos;1575313;MEDICINA;Bacharelado;Presencial;4;2022;-;;-;;-;;90;06/03/2023;14/02/2023;Em Atividade;9;Saúde e bem-estar;91;Saúde;912;Medicina;0912M01;Medicina
176;UNIVERSIDADE CASTELO BRANCO;UCB;Privada sem fins lucrativos;1633690;MEDICINA VETERINÁRIA;Bacharelado;Presencial;-;;-;;-;;-;;160;08/03/2023;08/03/2023;Em Atividade;8;Agricultura, silvicultura, pesca e veterinária;84;Veterinária;841;Veterinária;0841M01;Medicina veterinária
190;ESCOLA DE MEDICINA SOUZA MARQUES DA FUNDAÇÃO TÉCNICO-EDUCACIONAL SOUZA MARQUES;EMSM;Privada sem fins lucrativos;5345;MEDICINA;Bacharelado;Presencial;4;2023;3;2019;4;2025;3;2019;192;15/05/1971;02/02/1970;Em Atividade;9;Saúde e bem-estar;91;Saúde;912;Medicina;0912M01;Medicina
190;ESCOLA DE MEDICINA SOUZA MARQUES DA FUNDAÇÃO TÉCNICO-EDUCACIONAL SOUZA MARQUES;EMSM;Privada sem fins lucrativos;1405871;BIOMEDICINA;Bacharelado;Presencial;4;2024;-;;-;;-;;60;18/02/2019;23/03/2018;Em Atividade;9;Saúde e bem-estar;91;Saúde;914;Tecnologia de diagnóstico e tratamento médico;0914B01;Biomedicina
203;UNIVERSIDADE SÃO JUDAS TADEU;USJT;Privada com fins lucrativos;1314222;BIOMEDICINA;Bacharelado;Presencial;4;2018;3;2023;3;2023;3;2023;160;01/01/2015;12/11/2014;Em Atividade;9;Saúde e bem-estar;91;Saúde;914;Tecnologia de diagnóstico e tratamento médico;0914B01;Biomedicina
203;UNIVERSIDADE SÃO JUDAS TADEU;USJT;Privada com fins lucrativos;1314223;MEDICINA VETERINÁRIA;Bacharelado;Presencial;-;;-;;-;;-;;180;Não iniciado;-;Extinto;8;Agricultura, silvicultura, pesca e veterinária;84;Veterinária;841;Veterinária;0841M01;Medicina veterinária
203;UNIVERSIDADE SÃO JUDAS TADEU;USJT;Privada com fins lucrativos;1314224;MEDICINA VETERINÁRIA;Bacharelado;Presencial;4;2019;2;2023;2;2023;1;2023;360;01/01/2015;12/11/2014;Em Atividade;8;Agricultura, silvicultura, pesca e veterinária;84;Veterinária;841;Veterinária;0841M01;Medicina veterinária
203;UNIVERSIDADE SÃO JUDAS TADEU;USJT;Privada com fins lucrativos;1420190;BIOMEDICINA;Bacharelado;Presencial;-;;-;;-;;-;;180;Não iniciado;19/10/2017;Extinto;9;Saúde e bem-estar;91;Saúde;914;Tecnologia de diagnóstico e tratamento médico;0914B01;Biomedicina
203;UNIVERSIDADE SÃO JUDAS TADEU;USJT;Privada com fins lucrativos;1420208;MEDICINA VETERINÁRIA;Bacharelado;Presencial;4;2023;3;2023;3;2023;2;2023;180;01/02/2018;19/10/2017;Em Atividade;8;Agricultura, silvicultura, pesca e veterinária;84;Veterinária;841;Veterinária;0841M01;Medicina veterinária
203;UNIVERSIDADE SÃO JUDAS TADEU;USJT;Privada com fins lucrativos;1438513;MEDICINA VETERINÁRIA;Bacharelado;Presencial;4;2023;-;;-;;-;;180;01/01/2018;11/12/2017;Em Atividade;8;Agricultura, silvicultura, pesca e veterinária;84;Veterinária;841;Veterinária;0841M01;Medicina veterinária
203;UNIVERSIDADE SÃO JUDAS TADEU;USJT;Privada com fins lucrativos;1455021;MEDICINA;Bacharelado;Presencial;5;2024;-;;3;2025;-;;50;14/12/2018;04/12/2018;Em Atividade;9;Saúde e bem-estar;91;Saúde;912;Medicina;0912M01;Medicina
203;UNIVERSIDADE SÃO JUDAS TADEU;USJT;Privada com fins lucrativos;1458294;MEDICINA VETERINÁRIA;Bacharelado;Presencial;-;;2;2023;3;2023;2;2023;150;14/03/2019;16/10/2018;Em Atividade;8;Agricultura, silvicultura, pesca e veterinária;84;Veterinária;841;Veterinária;0841M01;Medicina veterinária
203;UNIVERSIDADE SÃO JUDAS TADEU;USJT;Privada com fins lucrativos;1473593;BIOMEDICINA;Bacharelado;Presencial;4;2023;-;;-;;-;;100;21/03/2019;14/03/2019;Em Atividade;9;Saúde e bem-estar;91;Saúde;914;Tecnologia de diagnóstico e tratamento médico;0914B01;Biomedicina
203;UNIVERSIDADE SÃO JUDAS TADEU;USJT;Privada com fins lucrativos;1523183;BIOMEDICINA;Bacharelado;Presencial;4;2024;-;;-;;-;;50;25/03/2020;04/03/2020;Em Atividade;9;Saúde e bem-estar;91;Saúde;914;Tecnologia de diagnóstico e tratamento médico;0914B01;Biomedicina
203;UNIVERSIDADE SÃO JUDAS TADEU;USJT;Privada com fins lucrativos;1523192;BIOMEDICINA;Bacharelado;Presencial;4;2024;-;;-;;-;;80;25/03/2020;04/03/2020;Em Atividade;9;Saúde e bem-estar;91;Saúde;914;Tecnologia de diagnóstico e tratamento médico;0914B01;Biomedicina
203;UNIVERSIDADE SÃO JUDAS TADEU;USJT;Privada com fins lucrativos;1570605;MEDICINA VETERINÁRIA;Bacharelado;Presencial;4;2024;-;;-;;-;;100;06/04/2021;31/03/2021;Em Atividade;8;Agricultura, silvicultura, pesca e veterinária;84;Veterinária;841;Veterinária;0841M01;Medicina veterinária
203;UNIVERSIDADE SÃO JUDAS TADEU;USJT;Privada com fins lucrativos;1571194;BIOMEDICINA;Bacharelado;A Distância;5;2024;-;;-;;-;;50;12/04/2021;06/04/2021;Em Extinção;9;Saúde e bem-estar;91;Saúde;914;Tecnologia de diagnóstico e tratamento médico;0914B01;Biomedicina
203;UNIVERSIDADE SÃO JUDAS TADEU;USJT;Privada com fins lucrativos;1602969;BIOMEDICINA;Bacharelado;Presencial;5;2025;-;;-;;-;;100;31/05/2022;18/03/2022;Em Atividade;9;Saúde e bem-estar;91;Saúde;914;Tecnologia de diagnóstico e tratamento médico;0914B01;Biomedicina
203;UNIVERSIDADE SÃO JUDAS TADEU;USJT;Privada com fins lucrativos;1711488;BIOMEDICINA;Bacharelado;Semipresencial;-;;-;;-;;-;;50;06/10/2025;25/09/2025;Em Atividade;9;Saúde e bem-estar;91;Saúde;914;Tecnologia de diagnóstico e tratamento médico;0914B01;Biomedicina
206;Centro Universitário Católico Ítalo Brasileiro;UNIÍTALO;Privada sem fins lucrativos;1676632;MEDICINA VETERINÁRIA;Bacharelado;Presencial;-;;-;;-;;-;;100;05/08/2024;21/06/2024;Em Atividade;8;Agricultura, silvicultura, pesca e veterinária;84;Veterinária;841;Veterinária;0841M01;Medicina veterinária
206;Centro Universitário Católico Ítalo Brasileiro;UNIÍTALO;Privada sem fins lucrativos;1701380;BIOMEDICINA;Bacharelado;Semipresencial;-;;-;;-;;-;;100;Não iniciado;25/09/2025;Em Atividade;9;Saúde e bem-estar;91;Saúde;914;Tecnologia de diagnóstico e tratamento médico;0914B01;Biomedicina
206;Centro Universitário Católico Ítalo Brasileiro;UNIÍTALO;Privada sem fins lucrativos;1702872;MEDICINA VETERINÁRIA;Bacharelado;Semipresencial;-;;-;;-;;-;;200;Não iniciado;25/09/2025;Em Atividade;8;Agricultura, silvicultura, pesca e veterinária;84;Veterinária;841;Veterinária;0841M01;Medicina veterinária
206;Centro Universitário Católico Ítalo Brasileiro;UNIÍTALO;Privada sem fins lucrativos;1708681;BIOMEDICINA;Bacharelado;Semipresencial;-;;-;;-;;-;;800;Não iniciado;25/09/2025;Em Atividade;9;Saúde e bem-estar;91;Saúde;914;Tecnologia de diagnóstico e tratamento médico;0914B01;Biomedicina
206;Centro Universitário Católico Ítalo Brasileiro;UNIÍTALO;Privada sem fins lucrativos;1708682;BIOMEDICINA;Bacharelado;Semipresencial;-;;-;;-;;-;;1600;Não iniciado;25/09/2025;Em Atividade;9;Saúde e bem-estar;91;Saúde;914;Tecnologia de diagnóstico e tratamento médico;0914B01;Biomedicina
206;Centro Universitário Católico Ítalo Brasileiro;UNIÍTALO;Privada sem fins lucrativos;1709522;MEDICINA VETERINÁRIA;Bacharelado;Semipresencial;-;;-;;-;;-;;500;Não iniciado;25/09/2025;Em Atividade;8;Agricultura, silvicultura, pesca e veterinária;84;Veterinária;841;Veterinária;0841M01;Medicina veterinária
206;CENTRO UNIVERSITÁRIO ÍTALO-BRASILEIRO;UNIÍTALO;Privada sem fins lucrativos;1427345;BIOMEDICINA;Bacharelado;A Distância;-;;-;;-;;-;;200;03/03/2018;22/11/2017;Em Extinção;9;Saúde e bem-estar;91;Saúde;914;Tecnologia de diagnóstico e tratamento médico;0914B01;Biomedicina
206;CENTRO UNIVERSITÁRIO ÍTALO-BRASILEIRO;UNIÍTALO;Privada sem fins lucrativos;1427348;MEDICINA VETERINÁRIA;Bacharelado;A Distância;-;;3;2023;2;2023;3;2023;300;01/03/2018;22/11/2017;Em Extinção;8;Agricultura, silvicultura, pesca e veterinária;84;Veterinária;841;Veterinária;0841M01;Medicina veterinária
206;CENTRO UNIVERSITÁRIO ÍTALO-BRASILEIRO;UNIÍTALO;Privada sem fins lucrativos;1457009;BIOMEDICINA;Bacharelado;A Distância;-;;-;;-;;-;;100;07/03/2019;18/10/2018;Em Extinção;9;Saúde e bem-estar;91;Saúde;914;Tecnologia de diagnóstico e tratamento médico;0914B01;Biomedicina
206;CENTRO UNIVERSITÁRIO ÍTALO-BRASILEIRO;UNIÍTALO;Privada sem fins lucrativos;1457019;MEDICINA VETERINÁRIA;Bacharelado;A Distância;-;;-;;-;;-;;100;07/03/2019;18/10/2018;Em Extinção;8;Agricultura, silvicultura, pesca e veterinária;84;Veterinária;841;Veterinária;0841M01;Medicina veterinária
206;CENTRO UNIVERSITÁRIO ÍTALO-BRASILEIRO;UNIÍTALO;Privada sem fins lucrativos;1483501;BIOMEDICINA;Bacharelado;Presencial;4;2024;3;2023;2;2023;3;2023;100;01/02/2021;17/04/2019;Em Atividade;9;Saúde e bem-estar;91;Saúde;914;Tecnologia de diagnóstico e tratamento médico;0914B01;Biomedicina
206;CENTRO UNIVERSITÁRIO ÍTALO-BRASILEIRO;UNIÍTALO;Privada sem fins lucrativos;1517010;BIOMEDICINA;Bacharelado;A Distância;-;;-;;-;;-;;100;Não iniciado;-;Em Extinção;9;Saúde e bem-estar;91;Saúde;914;Tecnologia de diagnóstico e tratamento médico;0914B01;Biomedicina
207;CENTRO UNIVERSITÁRIO MOURA LACERDA;CUML;Privada sem fins lucrativos;18995;MEDICINA VETERINÁRIA;Bacharelado;Presencial;3;2008;4;2023;4;2023;4;2023;100;09/02/1998;07/11/1997;Em Atividade;8;Agricultura, silvicultura, pesca e veterinária;84;Veterinária;841;Veterinária;0841M01;Medicina veterinária
208;UNIVERSIDADE DE RIBEIRÃO PRETO;UNAERP;Privada sem fins lucrativos;18447;MEDICINA;Bacharelado;Presencial;5;2025;4;2023;4;2025;4;2023;150;05/05/1997;11/07/1997;Em Atividade;9;Saúde e bem-estar;91;Saúde;912;Medicina;0912M01;Medicina
208;UNIVERSIDADE DE RIBEIRÃO PRETO;UNAERP;Privada sem fins lucrativos;1427419;MEDICINA;Bacharelado;Presencial;5;2024;-;;2;2025;-;;120;25/03/2019;12/02/2019;Em Atividade;9;Saúde e bem-estar;91;Saúde;912;Medicina;0912M01;Medicina
216;CENTRO UNIVERSITÁRIO METODISTA IZABELA HENDRIX;CEUNIH;Privada sem fins lucrativos;105516;BIOMEDICINA;Bacharelado;Presencial;3;2012;3;2019;3;2019;3;2019;60;01/08/2007;22/04/2007;Em Atividade;9;Saúde e bem-estar;91;Saúde;914;Tecnologia de diagnóstico e tratamento médico;0914B01;Biomedicina
216;CENTRO UNIVERSITÁRIO METODISTA IZABELA HENDRIX;CEUNIH;Privada sem fins lucrativos;1518724;MEDICINA VETERINÁRIA;Bacharelado;Presencial;-;;-;;-;;-;;120;20/02/2020;23/12/2019;Em Atividade;8;Agricultura, silvicultura, pesca e veterinária;84;Veterinária;841;Veterinária;0841M01;Medicina veterinária
217;CENTRO UNIVERSITÁRIO DAS FACULDADES ASSOCIADAS DE ENSINO - FAE;UNIFAE;Especial;1295813;MEDICINA;Bacharelado;Presencial;-;;4;2023;3;2025;3;2023;60;25/06/2014;11/12/2013;Em Atividade;9;Saúde e bem-estar;91;Saúde;912;Medicina;0912M01;Medicina
221;UNIVERSIDADE CRUZEIRO DO SUL;UNICSUL;Privada com fins lucrativos;70467;MEDICINA VETERINÁRIA;Bacharelado;Presencial;5;2008;3;2023;3;2023;2;2023;480;16/02/2004;10/12/2003;Em Atividade;8;Agricultura, silvicultura, pesca e veterinária;84;Veterinária;841;Veterinária;0841M01;Medicina veterinária
221;UNIVERSIDADE CRUZEIRO DO SUL;UNICSUL;Privada com fins lucrativos;1349119;BIOMEDICINA;Bacharelado;Presencial;4;2022;3;2023;2;2023;2;2023;180;01/02/2016;29/10/2014;Em Atividade;9;Saúde e bem-estar;91;Saúde;914;Tecnologia de diagnóstico e tratamento médico;0914B01;Biomedicina
221;UNIVERSIDADE CRUZEIRO DO SUL;UNICSUL;Privada com fins lucrativos;1427561;BIOMEDICINA;Bacharelado;Presencial;-;;3;2023;2;2023;2;2023;200;19/02/2018;17/11/2017;Em Atividade;9;Saúde e bem-estar;91;Saúde;914;Tecnologia de diagnóstico e tratamento médico;0914B01;Biomedicina
221;UNIVERSIDADE CRUZEIRO DO SUL;UNICSUL;Privada com fins lucrativos;1454209;BIOMEDICINA;Bacharelado;Presencial;-;;-;;-;;-;;270;20/02/2019;08/08/2018;Extinto;9;Saúde e bem-estar;91;Saúde;914;Tecnologia de diagnóstico e tratamento médico;0914B01;Biomedicina
221;UNIVERSIDADE CRUZEIRO DO SUL;UNICSUL;Privada com fins lucrativos;1454224;BIOMEDICINA;Bacharelado;Presencial;-;;3;2023;2;2023;3;2023;350;20/02/2019;08/08/2018;Em Atividade;9;Saúde e bem-estar;91;Saúde;914;Tecnologia de diagnóstico e tratamento médico;0914B01;Biomedicina
221;UNIVERSIDADE CRUZEIRO DO SUL;UNICSUL;Privada com fins lucrativos;1468004;BIOMEDICINA;Bacharelado;A Distância;5;2023;2;2023;1;2023;SC;2023;1000;01/02/2019;30/10/2018;Em Extinção;9;Saúde e bem-estar;91;Saúde;914;Tecnologia de diagnóstico e tratamento médico;0914B01;Biomedicina
221;UNIVERSIDADE CRUZEIRO DO SUL;UNICSUL;Privada com fins lucrativos;1497488;BIOMEDICINA;Bacharelado;Presencial;-;;3;2023;2;2023;2;2023;200;02/02/2020;06/08/2019;Em Atividade;9;Saúde e bem-estar;91;Saúde;914;Tecnologia de diagnóstico e tratamento médico;0914B01;Biomedicina
221;UNIVERSIDADE CRUZEIRO DO SUL;UNICSUL;Privada com fins lucrativos;1562415;BIOMEDICINA;Bacharelado;Presencial;5;2024;-;;-;;-;;200;22/02/2021;11/12/2020;Em Atividade;9;Saúde e bem-estar;91;Saúde;914;Tecnologia de diagnóstico e tratamento médico;0914B01;Biomedicina
221;UNIVERSIDADE CRUZEIRO DO SUL;UNICSUL;Privada com fins lucrativos;1562431;MEDICINA VETERINÁRIA;Bacharelado;Presencial;4;2025;-;;-;;-;;300;22/02/2021;11/12/2020;Em Atividade;8;Agricultura, silvicultura, pesca e veterinária;84;Veterinária;841;Veterinária;0841M01;Medicina veterinária
221;UNIVERSIDADE CRUZEIRO DO SUL;UNICSUL;Privada com fins lucrativos;1563383;BIOMEDICINA;Bacharelado;Presencial;5;2024;-;;-;;-;;200;24/02/2021;23/02/2021;Em Atividade;9;Saúde e bem-estar;91;Saúde;914;Tecnologia de diagnóstico e tratamento médico;0914B01;Biomedicina
221;UNIVERSIDADE CRUZEIRO DO SUL;UNICSUL;Privada com fins lucrativos;1563443;MEDICINA VETERINÁRIA;Bacharelado;Presencial;4;2024;-;;-;;-;;200;24/02/2021;24/02/2021;Em Atividade;8;Agricultura, silvicultura, pesca e veterinária;84;Veterinária;841;Veterinária;0841M01;Medicina veterinária
221;UNIVERSIDADE CRUZEIRO DO SUL;UNICSUL;Privada com fins lucrativos;1575906;MEDICINA VETERINÁRIA;Bacharelado;Presencial;3;2025;-;;-;;-;;300;09/08/2021;22/04/2021;Em Atividade;8;Agricultura, silvicultura, pesca e veterinária;84;Veterinária;841;Veterinária;0841M01;Medicina veterinária
221;UNIVERSIDADE CRUZEIRO DO SUL;UNICSUL;Privada com fins lucrativos;1631993;MEDICINA VETERINÁRIA;Bacharelado;Presencial;-;;-;;-;;-;;200;13/02/2023;10/02/2023;Em Atividade;8;Agricultura, silvicultura, pesca e veterinária;84;Veterinária;841;Veterinária;0841M01;Medicina veterinária
221;UNIVERSIDADE CRUZEIRO DO SUL;UNICSUL;Privada com fins lucrativos;1701397;BIOMEDICINA;Bacharelado;Semipresencial;-;;-;;-;;-;;1000;16/09/2025;25/09/2025;Em Atividade;9;Saúde e bem-estar;91;Saúde;914;Tecnologia de diagnóstico e tratamento médico;0914B01;Biomedicina
222;CENTRO UNIVERSITÁRIO DE VOTUPORANGA;UNIFEV;Privada sem fins lucrativos;57824;BIOMEDICINA;Bacharelado;Presencial;3;2008;4;2023;3;2023;3;2023;150;02/02/2002;05/10/2001;Em Atividade;9;Saúde e bem-estar;91;Saúde;914;Tecnologia de diagnóstico e tratamento médico;0914B01;Biomedicina
222;CENTRO UNIVERSITÁRIO DE VOTUPORANGA;UNIFEV;Privada sem fins lucrativos;1330046;MEDICINA VETERINÁRIA;Bacharelado;Presencial;5;2022;3;2023;2;2023;2;2023;160;01/02/2016;24/06/2015;Em Atividade;8;Agricultura, silvicultura, pesca e veterinária;84;Veterinária;841;Veterinária;0841M01;Medicina veterinária
222;CENTRO UNIVERSITÁRIO DE VOTUPORANGA;UNIFEV;Privada sem fins lucrativos;5000978;MEDICINA;Bacharelado;Presencial;5;2024;3;2023;4;2025;3;2023;60;22/10/2012;06/06/2012;Em Atividade;9;Saúde e bem-estar;91;Saúde;912;Medicina;0912M01;Medicina
224;Centro Universitário FMABC;FMABC;Privada sem fins lucrativos;5909;MEDICINA;Bacharelado;Presencial;5;2024;4;2023;4;2025;3;2023;150;03/03/1969;07/02/1969;Em Atividade;9;Saúde e bem-estar;91;Saúde;912;Medicina;0912M01;Medicina
224;Centro Universitário FMABC;FMABC;Privada sem fins lucrativos;1586138;BIOMEDICINA;Bacharelado;Presencial;5;2025;-;;-;;-;;100;14/02/2022;15/09/2021;Em Atividade;9;Saúde e bem-estar;91;Saúde;914;Tecnologia de diagnóstico e tratamento médico;0914B01;Biomedicina
226;CENTRO UNIVERSITÁRIO LUSÍADA;UNILUS;Privada sem fins lucrativos;5920;MEDICINA;Bacharelado;Presencial;4;2025;3;2023;3;2025;2;2023;100;08/09/1967;21/07/1967;Em Atividade;9;Saúde e bem-estar;91;Saúde;912;Medicina;0912M01;Medicina
226;CENTRO UNIVERSITÁRIO LUSÍADA;UNILUS;Privada sem fins lucrativos;20702;BIOMEDICINA;Bacharelado;Presencial;4;2017;4;2023;4;2023;5;2023;60;01/08/1998;10/02/1998;Em Atividade;9;Saúde e bem-estar;91;Saúde;914;Tecnologia de diagnóstico e tratamento médico;0914B01;Biomedicina
240;UNIVERSIDADE SANTA ÚRSULA;USU;Privada sem fins lucrativos;1419582;MEDICINA VETERINÁRIA;Bacharelado;Presencial;4;2023;3;2023;2;2023;2;2023;120;05/02/2018;15/09/2017;Em Atividade;8;Agricultura, silvicultura, pesca e veterinária;84;Veterinária;841;Veterinária;0841M01;Medicina veterinária
240;UNIVERSIDADE SANTA ÚRSULA;USU;Privada sem fins lucrativos;1419587;BIOMEDICINA;Bacharelado;Presencial;-;;-;;-;;-;;120;Não iniciado;15/09/2017;Extinto;9;Saúde e bem-estar;91;Saúde;914;Tecnologia de diagnóstico e tratamento médico;0914B01;Biomedicina
242;CENTRO UNIVERSITÁRIO ANHANGUERA PITÁGORAS AMPLI;-;Privada com fins lucrativos;113181;BIOMEDICINA;Bacharelado;Presencial;-;;-;;-;;-;;240;01/01/2010;11/12/2007;Extinto;9;Saúde e bem-estar;91;Saúde;914;Tecnologia de diagnóstico e tratamento médico;0914B01;Biomedicina
242;CENTRO UNIVERSITÁRIO ANHANGUERA PITÁGORAS AMPLI;-;Privada com fins lucrativos;1364005;BIOMEDICINA;Bacharelado;Presencial;-;;-;;-;;-;;120;13/02/2017;30/06/2016;Extinto;9;Saúde e bem-estar;91;Saúde;914;Tecnologia de diagnóstico e tratamento médico;0914B01;Biomedicina
242;CENTRO UNIVERSITÁRIO ANHANGUERA PITÁGORAS AMPLI;-;Privada com fins lucrativos;1595816;TÉCNICAS DE TELEMEDICINA;Tecnológico;A Distância;-;;-;;-;;-;;5000;Não iniciado;03/11/2021;Extinto;6;Computação e Tecnologias da Informação e Comunicação (TIC);68;Programas interdisciplinares abrangendo computação e Tecnologias da Informação e Comunicação (TIC);688;Programas interdisciplinares abrangendo computação e Tecnologias da Informação e Comunicação (TIC);0688P01;Programas interdisciplinares abrangendo computação e Tecnologias da Informação e Comunicação (TIC)
242;CENTRO UNIVERSITÁRIO ANHANGUERA PITÁGORAS AMPLI;-;;1717257;MEDICINA VETERINÁRIA;Bacharelado;Semipresencial;-;;-;;-;;-;;5000;Não iniciado;-;Em Atividade;;;;;;;;
254;CENTRO UNIVERSITÁRIO UNI-BAN;UNI-BAN;Privada com fins lucrativos;1516259;BIOMEDICINA;Bacharelado;Presencial;-;;-;;-;;-;;100;10/02/2020;25/09/2019;Em Atividade;9;Saúde e bem-estar;91;Saúde;914;Tecnologia de diagnóstico e tratamento médico;0914B01;Biomedicina
265;CENTRO UNIVERSITÁRIO DAS FACULDADES INTEGRADAS DE OURINHOS;Unifio;Privada sem fins lucrativos;82635;MEDICINA VETERINÁRIA;Bacharelado;Presencial;4;2008;3;2023;3;2023;3;2023;100;21/03/2005;02/03/2005;Em Atividade;8;Agricultura, silvicultura, pesca e veterinária;84;Veterinária;841;Veterinária;0841M01;Medicina veterinária
265;CENTRO UNIVERSITÁRIO DAS FACULDADES INTEGRADAS DE OURINHOS;Unifio;Privada sem fins lucrativos;1457336;BIOMEDICINA;Bacharelado;Presencial;5;2023;4;2023;3;2023;4;2023;50;04/02/2019;07/11/2018;Em Atividade;9;Saúde e bem-estar;91;Saúde;914;Tecnologia de diagnóstico e tratamento médico;0914B01;Biomedicina
265;CENTRO UNIVERSITÁRIO DAS FACULDADES INTEGRADAS DE OURINHOS;Unifio;Privada sem fins lucrativos;1457506;MEDICINA VETERINÁRIA;Bacharelado;Presencial;5;2023;3;2023;3;2023;3;2023;100;04/02/2019;07/11/2018;Em Atividade;8;Agricultura, silvicultura, pesca e veterinária;84;Veterinária;841;Veterinária;0841M01;Medicina veterinária
266;UNIVERSIDADE METODISTA DE PIRACICABA;UNIMEP;Privada sem fins lucrativos;1331379;MEDICINA VETERINÁRIA;Bacharelado;Presencial;3;2024;3;2023;3;2023;4;2023;80;11/02/2019;11/12/2017;Em Atividade;8;Agricultura, silvicultura, pesca e veterinária;84;Veterinária;841;Veterinária;0841M01;Medicina veterinária
266;UNIVERSIDADE METODISTA DE PIRACICABA;UNIMEP;Privada sem fins lucrativos;1473937;BIOMEDICINA;Bacharelado;Presencial;4;2021;-;;-;;-;;100;Não iniciado;22/10/2021;Em Atividade;;;;;;;;
267;CENTRO UNIVERSITÁRIO ESPÍRITO-SANTENSE/FAESA;-;Privada sem fins lucrativos;1516424;MEDICINA VETERINÁRIA;Bacharelado;Presencial;4;2025;-;;-;;-;;200;03/02/2020;25/11/2019;Em Atividade;8;Agricultura, silvicultura, pesca e veterinária;84;Veterinária;841;Veterinária;0841M01;Medicina veterinária
271;UNIVERSIDADE DO OESTE PAULISTA;UNOESTE;Privada sem fins lucrativos;6496;MEDICINA;Bacharelado;Presencial;5;2024;5;2023;4;2025;5;2023;220;08/02/1988;28/02/1987;Em Atividade;9;Saúde e bem-estar;91;Saúde;912;Medicina;0912M01;Medicina
271;UNIVERSIDADE DO OESTE PAULISTA;UNOESTE;Privada sem fins lucrativos;6497;MEDICINA VETERINÁRIA;Bacharelado;Presencial;3;2008;4;2023;3;2023;4;2023;160;03/08/1987;28/02/1987;Em Atividade;8;Agricultura, silvicultura, pesca e veterinária;84;Veterinária;841;Veterinária;0841M01;Medicina veterinária
271;UNIVERSIDADE DO OESTE PAULISTA;UNOESTE;Privada sem fins lucrativos;1156750;BIOMEDICINA;Bacharelado;Presencial;5;2017;5;2023;5;2023;5;2023;120;01/02/2011;23/08/2010;Em Atividade;9;Saúde e bem-estar;91;Saúde;914;Tecnologia de diagnóstico e tratamento médico;0914B01;Biomedicina
271;UNIVERSIDADE DO OESTE PAULISTA;UNOESTE;Privada sem fins lucrativos;1408261;MEDICINA;Bacharelado;Presencial;5;2024;-;;3;2025;-;;110;25/03/2019;15/03/2019;Em Atividade;9;Saúde e bem-estar;91;Saúde;912;Medicina;0912M01;Medicina
271;UNIVERSIDADE DO OESTE PAULISTA;UNOESTE;Privada sem fins lucrativos;1408262;MEDICINA;Bacharelado;Presencial;5;2024;4;2023;4;2025;3;2023;55;06/08/2018;03/04/2018;Em Atividade;9;Saúde e bem-estar;91;Saúde;912;Medicina;0912M01;Medicina
271;UNIVERSIDADE DO OESTE PAULISTA;UNOESTE;Privada sem fins lucrativos;1517807;BIOMEDICINA;Bacharelado;A Distância;5;2024;4;2023;3;2023;3;2023;450;03/02/2020;02/12/2019;Em Extinção;9;Saúde e bem-estar;91;Saúde;914;Tecnologia de diagnóstico e tratamento médico;0914B01;Biomedicina
271;UNIVERSIDADE DO OESTE PAULISTA;UNOESTE;Privada sem fins lucrativos;1593553;BIOMEDICINA;Bacharelado;Presencial;-;;-;;-;;-;;80;Não iniciado;13/12/2021;Em Atividade;9;Saúde e bem-estar;91;Saúde;914;Tecnologia de diagnóstico e tratamento médico;0914B01;Biomedicina
271;UNIVERSIDADE DO OESTE PAULISTA;UNOESTE;Privada sem fins lucrativos;1594651;BIOMEDICINA;Bacharelado;Presencial;5;2023;-;;-;;-;;80;Não iniciado;20/09/2023;Em Atividade;9;Saúde e bem-estar;91;Saúde;914;Tecnologia de diagnóstico e tratamento médico;0914B01;Biomedicina
271;UNIVERSIDADE DO OESTE PAULISTA;UNOESTE;Privada sem fins lucrativos;1701403;BIOMEDICINA;Bacharelado;Semipresencial;-;;-;;-;;-;;450;Não iniciado;25/09/2025;Em Atividade;9;Saúde e bem-estar;91;Saúde;914;Tecnologia de diagnóstico e tratamento médico;0914B01;Biomedicina
275;UNIVERSIDADE DO VALE DO PARAÍBA;UNIVAP;Privada sem fins lucrativos;74934;BIOMEDICINA;Bacharelado;Presencial;4;2010;4;2023;4;2023;4;2023;50;31/01/2005;06/08/2004;Em Atividade;9;Saúde e bem-estar;91;Saúde;914;Tecnologia de diagnóstico e tratamento médico;0914B01;Biomedicina
275;UNIVERSIDADE DO VALE DO PARAÍBA;UNIVAP;Privada sem fins lucrativos;1429482;MEDICINA VETERINÁRIA;Bacharelado;Presencial;5;2023;3;2023;3;2023;2;2023;80;01/02/2018;15/12/2016;Em Atividade;8;Agricultura, silvicultura, pesca e veterinária;84;Veterinária;841;Veterinária;0841M01;Medicina veterinária
275;UNIVERSIDADE DO VALE DO PARAÍBA;UNIVAP;Privada sem fins lucrativos;1674330;BIOMEDICINA;Bacharelado;A Distância;-;;-;;-;;-;;200;04/03/2024;29/04/2024;Em Extinção;9;Saúde e bem-estar;91;Saúde;914;Tecnologia de diagnóstico e tratamento médico;0914B01;Biomedicina
275;UNIVERSIDADE DO VALE DO PARAÍBA;UNIVAP;Privada sem fins lucrativos;1708694;BIOMEDICINA;Bacharelado;Semipresencial;-;;-;;-;;-;;1600;Não iniciado;25/09/2025;Em Atividade;9;Saúde e bem-estar;91;Saúde;914;Tecnologia de diagnóstico e tratamento médico;0914B01;Biomedicina
277;CENTRO UNIVERSITÁRIO AUGUSTO MOTTA;UNISUAM;Privada sem fins lucrativos;1456906;BIOMEDICINA;Bacharelado;A Distância;-;;-;;-;;-;;240;Não iniciado;12/09/2018;Extinto;9;Saúde e bem-estar;91;Saúde;914;Tecnologia de diagnóstico e tratamento médico;0914B01;Biomedicina
277;CENTRO UNIVERSITÁRIO AUGUSTO MOTTA;UNISUAM;Privada sem fins lucrativos;1485143;BIOMEDICINA;Bacharelado;Presencial;5;2023;-;;-;;-;;200;23/02/2021;08/04/2019;Em Atividade;9;Saúde e bem-estar;91;Saúde;914;Tecnologia de diagnóstico e tratamento médico;0914B01;Biomedicina
277;CENTRO UNIVERSITÁRIO AUGUSTO MOTTA;UNISUAM;Privada sem fins lucrativos;1485149;BIOMEDICINA;Bacharelado;Presencial;4;2023;-;;-;;-;;200;23/02/2021;08/04/2019;Em Atividade;9;Saúde e bem-estar;91;Saúde;914;Tecnologia de diagnóstico e tratamento médico;0914B01;Biomedicina
277;CENTRO UNIVERSITÁRIO AUGUSTO MOTTA;UNISUAM;Privada sem fins lucrativos;1609356;MEDICINA VETERINÁRIA;Bacharelado;Presencial;-;;-;;-;;-;;150;15/08/2022;15/06/2022;Em Atividade;8;Agricultura, silvicultura, pesca e veterinária;84;Veterinária;841;Veterinária;0841M01;Medicina veterinária
277;CENTRO UNIVERSITÁRIO AUGUSTO MOTTA;UNISUAM;Privada sem fins lucrativos;1609357;MEDICINA VETERINÁRIA;Bacharelado;Presencial;-;;-;;-;;-;;150;15/08/2022;15/06/2022;Em Atividade;8;Agricultura, silvicultura, pesca e veterinária;84;Veterinária;841;Veterinária;0841M01;Medicina veterinária
277;CENTRO UNIVERSITÁRIO AUGUSTO MOTTA;UNISUAM;Privada sem fins lucrativos;1665769;BIOMEDICINA;Bacharelado;Presencial;-;;-;;-;;-;;200;04/03/2024;08/01/2024;Em Atividade;9;Saúde e bem-estar;91;Saúde;914;Tecnologia de diagnóstico e tratamento médico;0914B01;Biomedicina
284;FACULDADE DE MEDICINA DE ITAJUBÁ;FMIT;Privada sem fins lucrativos;6711;MEDICINA;Bacharelado;Presencial;5;2024;2;2023;3;2025;2;2023;87;01/04/1968;08/04/1968;Em Atividade;9;Saúde e bem-estar;91;Saúde;912;Medicina;0912M01;Medicina
295;UNIVERSIDADE DE SANTA CRUZ DO SUL;UNISC;Privada sem fins lucrativos;91399;MEDICINA;Bacharelado;Presencial;4;2018;3;2023;3;2025;2;2023;80;19/04/2006;16/03/2006;Em Atividade;9;Saúde e bem-estar;91;Saúde;912;Medicina;0912M01;Medicina
295;UNIVERSIDADE DE SANTA CRUZ DO SUL;UNISC;Privada sem fins lucrativos;1369560;BIOMEDICINA;Bacharelado;Presencial;5;2019;4;2023;3;2023;3;2023;50;20/02/2017;25/08/2016;Em Atividade;9;Saúde e bem-estar;91;Saúde;914;Tecnologia de diagnóstico e tratamento médico;0914B01;Biomedicina
295;UNIVERSIDADE DE SANTA CRUZ DO SUL;UNISC;Privada sem fins lucrativos;1404969;MEDICINA VETERINÁRIA;Bacharelado;Presencial;5;2023;4;2023;4;2023;4;2023;60;26/02/2018;03/08/2017;Em Atividade;8;Agricultura, silvicultura, pesca e veterinária;84;Veterinária;841;Veterinária;0841M01;Medicina veterinária
296;Centro Universitário da Região da Campanha;-;Privada sem fins lucrativos;6807;MEDICINA VETERINÁRIA;Bacharelado;Presencial;3;2012;3;2023;3;2023;3;2023;85;01/08/1969;06/07/1969;Em Atividade;8;Agricultura, silvicultura, pesca e veterinária;84;Veterinária;841;Veterinária;0841M01;Medicina veterinária
296;Centro Universitário da Região da Campanha;-;Privada sem fins lucrativos;18514;MEDICINA VETERINÁRIA;Bacharelado;Presencial;3;2016;3;2023;3;2023;4;2023;60;03/03/1997;10/12/1996;Em Atividade;8;Agricultura, silvicultura, pesca e veterinária;84;Veterinária;841;Veterinária;0841M01;Medicina veterinária
296;Centro Universitário da Região da Campanha;-;Privada sem fins lucrativos;1578188;BIOMEDICINA;Bacharelado;A Distância;-;;-;;-;;-;;300;Não iniciado;16/06/2021;Em Extinção;9;Saúde e bem-estar;91;Saúde;914;Tecnologia de diagnóstico e tratamento médico;0914B01;Biomedicina
296;Centro Universitário da Região da Campanha;-;Privada sem fins lucrativos;1593808;BIOMEDICINA;Bacharelado;Presencial;3;2025;-;;-;;-;;60;22/02/2021;04/11/2020;Em Atividade;9;Saúde e bem-estar;91;Saúde;914;Tecnologia de diagnóstico e tratamento médico;0914B01;Biomedicina
296;Centro Universitário da Região da Campanha;-;Privada sem fins lucrativos;1708695;BIOMEDICINA;Bacharelado;Semipresencial;-;;-;;-;;-;;2400;Não iniciado;25/09/2025;Em Atividade;9;Saúde e bem-estar;91;Saúde;914;Tecnologia de diagnóstico e tratamento médico;0914B01;Biomedicina
298;Universidade Pitágoras Unopar Anhanguera;Unopar;Privada com fins lucrativos;1701417;BIOMEDICINA;Bacharelado;Semipresencial;-;;-;;-;;-;;17500;15/09/2025;25/09/2025;Em Atividade;9;Saúde e bem-estar;91;Saúde;914;Tecnologia de diagnóstico e tratamento médico;0914B01;Biomedicina
298;Universidade Pitágoras Unopar Anhanguera;Unopar;;1717140;MEDICINA VETERINÁRIA;Bacharelado;Semipresencial;-;;-;;-;;-;;5000;Não iniciado;-;Em Atividade;;;;;;;;
298;Universidade Pitágoras Unopar Anhanguera;-;Privada com fins lucrativos;18127;MEDICINA VETERINÁRIA;Bacharelado;Presencial;4;2012;3;2023;2;2023;2;2023;120;09/09/1996;16/08/1996;Em Atividade;8;Agricultura, silvicultura, pesca e veterinária;84;Veterinária;841;Veterinária;0841M01;Medicina veterinária
298;Universidade Pitágoras Unopar Anhanguera;-;Privada com fins lucrativos;1107815;BIOMEDICINA;Bacharelado;Presencial;5;2013;4;2023;3;2023;3;2023;120;23/02/2010;11/09/2008;Em Atividade;9;Saúde e bem-estar;91;Saúde;914;Tecnologia de diagnóstico e tratamento médico;0914B01;Biomedicina
298;Universidade Pitágoras Unopar Anhanguera;-;Privada com fins lucrativos;1150518;MEDICINA VETERINÁRIA;Bacharelado;Presencial;3;2015;3;2023;2;2023;2;2023;100;21/02/2011;20/09/2010;Em Atividade;8;Agricultura, silvicultura, pesca e veterinária;84;Veterinária;841;Veterinária;0841M01;Medicina veterinária
298;Universidade Pitágoras Unopar Anhanguera;-;Privada com fins lucrativos;1279784;BIOMEDICINA;Bacharelado;Presencial;-;;-;;-;;-;;100;23/02/2015;30/10/2014;Extinto;9;Saúde e bem-estar;91;Saúde;914;Tecnologia de diagnóstico e tratamento médico;0914B01;Biomedicina
298;Universidade Pitágoras Unopar Anhanguera;-;Privada com fins lucrativos;1341529;BIOMEDICINA;Bacharelado;Presencial;-;;-;;-;;-;;300;Não iniciado;13/11/2015;Extinto;9;Saúde e bem-estar;91;Saúde;914;Tecnologia de diagnóstico e tratamento médico;0914B01;Biomedicina
298;Universidade Pitágoras Unopar Anhanguera;-;Privada com fins lucrativos;1341615;MEDICINA VETERINÁRIA;Bacharelado;Presencial;-;;-;;-;;-;;400;Não iniciado;13/11/2015;Extinto;8;Agricultura, silvicultura, pesca e veterinária;84;Veterinária;841;Veterinária;0841M01;Medicina veterinária
298;Universidade Pitágoras Unopar Anhanguera;-;Privada com fins lucrativos;1403979;MEDICINA VETERINÁRIA;Bacharelado;A Distância;-;;-;;-;;-;;17500;Não iniciado;02/06/2017;Extinto;8;Agricultura, silvicultura, pesca e veterinária;84;Veterinária;841;Veterinária;0841M01;Medicina veterinária
298;Universidade Pitágoras Unopar Anhanguera;-;Privada com fins lucrativos;1404109;BIOMEDICINA;Bacharelado;A Distância;4;2023;3;2023;1;2023;2;2023;17500;11/02/2019;14/06/2017;Em Extinção;9;Saúde e bem-estar;91;Saúde;914;Tecnologia de diagnóstico e tratamento médico;0914B01;Biomedicina
298;Universidade Pitágoras Unopar Anhanguera;-;Privada com fins lucrativos;1596620;BIOMEDICINA;Bacharelado;Presencial;-;;-;;-;;-;;100;23/02/2023;22/10/2021;Em Atividade;9;Saúde e bem-estar;91;Saúde;914;Tecnologia de diagnóstico e tratamento médico;0914B01;Biomedicina
298;Universidade Pitágoras Unopar Anhanguera;-;Privada com fins lucrativos;1596634;MEDICINA VETERINÁRIA;Bacharelado;Presencial;-;;-;;-;;-;;120;23/02/2023;22/10/2021;Em Atividade;8;Agricultura, silvicultura, pesca e veterinária;84;Veterinária;841;Veterinária;0841M01;Medicina veterinária
298;Universidade Pitágoras Unopar Anhanguera;-;Privada com fins lucrativos;1596674;TÉCNICAS DE TELEMEDICINA;Tecnológico;A Distância;-;;-;;-;;-;;2000;Não iniciado;18/10/2021;Extinto;6;Computação e Tecnologias da Informação e Comunicação (TIC);68;Programas interdisciplinares abrangendo computação e Tecnologias da Informação e Comunicação (TIC);688;Programas interdisciplinares abrangendo computação e Tecnologias da Informação e Comunicação (TIC);0688P01;Programas interdisciplinares abrangendo computação e Tecnologias da Informação e Comunicação (TIC)
307;FACULDADE DE MEDICINA DE BARBACENA;FAME;Privada sem fins lucrativos;7105;MEDICINA;Bacharelado;Presencial;5;2024;3;2023;2;2025;2;2023;120;27/04/1971;27/04/1971;Em Atividade;9;Saúde e bem-estar;91;Saúde;912;Medicina;0912M01;Medicina
308;CENTRO UNIVERSITÁRIO PRESIDENTE ANTÔNIO CARLOS;UNIPAC;Privada sem fins lucrativos;51339;MEDICINA VETERINÁRIA;Bacharelado;Presencial;3;2017;3;2023;3;2023;3;2023;120;01/08/2001;16/03/2001;Em Atividade;8;Agricultura, silvicultura, pesca e veterinária;84;Veterinária;841;Veterinária;0841M01;Medicina veterinária
308;CENTRO UNIVERSITÁRIO PRESIDENTE ANTÔNIO CARLOS;UNIPAC;Privada sem fins lucrativos;65924;MEDICINA;Bacharelado;Presencial;4;2024;2;2023;1;2025;1;2023;94;04/11/2002;04/06/2002;Em Atividade;9;Saúde e bem-estar;91;Saúde;912;Medicina;0912M01;Medicina
308;CENTRO UNIVERSITÁRIO PRESIDENTE ANTÔNIO CARLOS;UNIPAC;Privada sem fins lucrativos;71423;BIOMEDICINA;Bacharelado;Presencial;3;2017;3;2023;3;2023;2;2023;120;02/02/2004;11/07/2003;Em Atividade;9;Saúde e bem-estar;91;Saúde;914;Tecnologia de diagnóstico e tratamento médico;0914B01;Biomedicina
308;CENTRO UNIVERSITÁRIO PRESIDENTE ANTÔNIO CARLOS;UNIPAC;Privada sem fins lucrativos;1526059;MEDICINA VETERINÁRIA;Bacharelado;Presencial;5;2023;-;;-;;-;;160;06/07/2020;16/03/2020;Em Atividade;8;Agricultura, silvicultura, pesca e veterinária;84;Veterinária;841;Veterinária;0841M01;Medicina veterinária
308;CENTRO UNIVERSITÁRIO PRESIDENTE ANTÔNIO CARLOS;UNIPAC;Privada sem fins lucrativos;1538847;BIOMEDICINA;Bacharelado;Presencial;5;2022;3;2023;2;2023;2;2023;100;18/02/2019;09/07/2018;Em Atividade;9;Saúde e bem-estar;91;Saúde;914;Tecnologia de diagnóstico e tratamento médico;0914B01;Biomedicina
316;UNIVERSIDADE NOVE DE JULHO;UNINOVE;Privada sem fins lucrativos;82224;MEDICINA;Bacharelado;Presencial;5;2025;3;2023;3;2025;3;2023;480;25/08/2003;08/07/2003;Em Atividade;9;Saúde e bem-estar;91;Saúde;912;Medicina;0912M01;Medicina
316;UNIVERSIDADE NOVE DE JULHO;UNINOVE;Privada sem fins lucrativos;92625;BIOMEDICINA;Bacharelado;Presencial;4;2010;3;2023;2;2023;2;2023;770;06/02/2006;21/12/2005;Em Atividade;9;Saúde e bem-estar;91;Saúde;914;Tecnologia de diagnóstico e tratamento médico;0914B01;Biomedicina
316;UNIVERSIDADE NOVE DE JULHO;UNINOVE;Privada sem fins lucrativos;101804;BIOMEDICINA;Bacharelado;Presencial;4;2012;3;2023;1;2023;2;2023;770;06/02/2006;21/12/2005;Em Atividade;9;Saúde e bem-estar;91;Saúde;914;Tecnologia de diagnóstico e tratamento médico;0914B01;Biomedicina
316;UNIVERSIDADE NOVE DE JULHO;UNINOVE;Privada sem fins lucrativos;101806;BIOMEDICINA;Bacharelado;Presencial;3;2012;SC;2023;SC;2023;SC;2023;520;06/02/2006;21/12/2005;Em Atividade;9;Saúde e bem-estar;91;Saúde;914;Tecnologia de diagnóstico e tratamento médico;0914B01;Biomedicina
316;UNIVERSIDADE NOVE DE JULHO;UNINOVE;Privada sem fins lucrativos;111978;BIOMEDICINA;Bacharelado;Presencial;4;2011;3;2023;1;2023;2;2023;500;19/02/2008;21/12/2005;Em Atividade;9;Saúde e bem-estar;91;Saúde;914;Tecnologia de diagnóstico e tratamento médico;0914B01;Biomedicina
316;UNIVERSIDADE NOVE DE JULHO;UNINOVE;Privada sem fins lucrativos;1299210;BIOMEDICINA;Bacharelado;A Distância;-;;-;;-;;-;;500;Não iniciado;21/03/2014;Em Extinção;9;Saúde e bem-estar;91;Saúde;914;Tecnologia de diagnóstico e tratamento médico;0914B01;Biomedicina
316;UNIVERSIDADE NOVE DE JULHO;UNINOVE;Privada sem fins lucrativos;1299211;BIOMEDICINA;Bacharelado;A Distância;-;;-;;-;;-;;500;Não iniciado;21/03/2014;Extinto;9;Saúde e bem-estar;91;Saúde;914;Tecnologia de diagnóstico e tratamento médico;0914B01;Biomedicina
316;UNIVERSIDADE NOVE DE JULHO;UNINOVE;Privada sem fins lucrativos;1299212;BIOMEDICINA;Bacharelado;A Distância;-;;-;;-;;-;;500;Não iniciado;21/03/2014;Extinto;9;Saúde e bem-estar;91;Saúde;914;Tecnologia de diagnóstico e tratamento médico;0914B01;Biomedicina
316;UNIVERSIDADE NOVE DE JULHO;UNINOVE;Privada sem fins lucrativos;1299214;BIOMEDICINA;Bacharelado;A Distância;-;;-;;-;;-;;500;Não iniciado;21/03/2014;Extinto;9;Saúde e bem-estar;91;Saúde;914;Tecnologia de diagnóstico e tratamento médico;0914B01;Biomedicina
316;UNIVERSIDADE NOVE DE JULHO;UNINOVE;Privada sem fins lucrativos;1299215;BIOMEDICINA;Bacharelado;A Distância;-;;-;;-;;-;;500;Não iniciado;21/03/2014;Extinto;9;Saúde e bem-estar;91;Saúde;914;Tecnologia de diagnóstico e tratamento médico;0914B01;Biomedicina
316;UNIVERSIDADE NOVE DE JULHO;UNINOVE;Privada sem fins lucrativos;1306231;BIOMEDICINA;Bacharelado;Presencial;5;2022;3;2023;3;2023;3;2023;280;03/02/2015;21/12/2005;Em Atividade;9;Saúde e bem-estar;91;Saúde;914;Tecnologia de diagnóstico e tratamento médico;0914B01;Biomedicina
316;UNIVERSIDADE NOVE DE JULHO;UNINOVE;Privada sem fins lucrativos;1390317;MEDICINA;Bacharelado;Presencial;5;2024;3;2023;2;2025;1;2023;199;14/08/2017;02/08/2017;Em Atividade;9;Saúde e bem-estar;91;Saúde;912;Medicina;0912M01;Medicina
316;UNIVERSIDADE NOVE DE JULHO;UNINOVE;Privada sem fins lucrativos;1397771;MEDICINA;Bacharelado;Presencial;5;2024;3;2023;2;2025;2;2023;170;14/08/2017;02/08/2017;Em Atividade;9;Saúde e bem-estar;91;Saúde;912;Medicina;0912M01;Medicina
316;UNIVERSIDADE NOVE DE JULHO;UNINOVE;Privada sem fins lucrativos;1397772;MEDICINA;Bacharelado;Presencial;5;2023;3;2023;3;2025;3;2023;200;14/08/2017;02/08/2017;Em Atividade;9;Saúde e bem-estar;91;Saúde;912;Medicina;0912M01;Medicina
316;UNIVERSIDADE NOVE DE JULHO;UNINOVE;Privada sem fins lucrativos;1399478;MEDICINA;Bacharelado;Presencial;5;2024;4;2023;3;2025;4;2023;200;04/10/2017;18/09/2017;Em Atividade;9;Saúde e bem-estar;91;Saúde;912;Medicina;0912M01;Medicina
316;UNIVERSIDADE NOVE DE JULHO;UNINOVE;Privada sem fins lucrativos;1399479;MEDICINA;Bacharelado;Presencial;5;2024;3;2023;3;2025;3;2023;149;14/08/2017;02/08/2017;Em Atividade;9;Saúde e bem-estar;91;Saúde;912;Medicina;0912M01;Medicina
316;UNIVERSIDADE NOVE DE JULHO;UNINOVE;Privada sem fins lucrativos;1405485;BIOMEDICINA;Bacharelado;Presencial;4;2018;-;;-;;-;;180;Não iniciado;30/04/2019;Em Atividade;9;Saúde e bem-estar;91;Saúde;914;Tecnologia de diagnóstico e tratamento médico;0914B01;Biomedicina
316;UNIVERSIDADE NOVE DE JULHO;UNINOVE;Privada sem fins lucrativos;1405487;BIOMEDICINA;Bacharelado;Presencial;5;2018;-;;-;;-;;240;Não iniciado;22/03/2019;Em Atividade;9;Saúde e bem-estar;91;Saúde;914;Tecnologia de diagnóstico e tratamento médico;0914B01;Biomedicina
316;UNIVERSIDADE NOVE DE JULHO;UNINOVE;Privada sem fins lucrativos;1484195;MEDICINA VETERINÁRIA;Bacharelado;Presencial;-;;-;;-;;-;;560;Não iniciado;23/03/2019;Extinto;8;Agricultura, silvicultura, pesca e veterinária;84;Veterinária;841;Veterinária;0841M01;Medicina veterinária
316;UNIVERSIDADE NOVE DE JULHO;UNINOVE;Privada sem fins lucrativos;1484333;MEDICINA VETERINÁRIA;Bacharelado;Presencial;4;2023;2;2023;2;2023;1;2023;1100;27/07/2018;27/07/2018;Em Atividade;8;Agricultura, silvicultura, pesca e veterinária;84;Veterinária;841;Veterinária;0841M01;Medicina veterinária
316;UNIVERSIDADE NOVE DE JULHO;UNINOVE;Privada sem fins lucrativos;1484465;MEDICINA VETERINÁRIA;Bacharelado;Presencial;4;2023;2;2023;1;2023;2;2023;700;27/07/2018;27/07/2018;Em Atividade;8;Agricultura, silvicultura, pesca e veterinária;84;Veterinária;841;Veterinária;0841M01;Medicina veterinária
316;UNIVERSIDADE NOVE DE JULHO;UNINOVE;Privada sem fins lucrativos;1484466;MEDICINA VETERINÁRIA;Bacharelado;Presencial;4;2024;2;2023;2;2023;1;2023;700;27/07/2018;27/07/2018;Em Atividade;8;Agricultura, silvicultura, pesca e veterinária;84;Veterinária;841;Veterinária;0841M01;Medicina veterinária
316;UNIVERSIDADE NOVE DE JULHO;UNINOVE;Privada sem fins lucrativos;1484467;MEDICINA VETERINÁRIA;Bacharelado;Presencial;4;2024;3;2023;2;2023;2;2023;700;27/07/2018;27/07/2018;Em Atividade;8;Agricultura, silvicultura, pesca e veterinária;84;Veterinária;841;Veterinária;0841M01;Medicina veterinária
316;UNIVERSIDADE NOVE DE JULHO;UNINOVE;Privada sem fins lucrativos;1484468;MEDICINA VETERINÁRIA;Bacharelado;Presencial;4;2024;3;2023;2;2023;2;2023;700;27/07/2018;27/07/2018;Em Atividade;8;Agricultura, silvicultura, pesca e veterinária;84;Veterinária;841;Veterinária;0841M01;Medicina veterinária
316;UNIVERSIDADE NOVE DE JULHO;UNINOVE;Privada sem fins lucrativos;1711330;BIOMEDICINA;Bacharelado;Semipresencial;-;;-;;-;;-;;500;Não iniciado;25/09/2025;Em Atividade;9;Saúde e bem-estar;91;Saúde;914;Tecnologia de diagnóstico e tratamento médico;0914B01;Biomedicina
319;UNIVERSIDADE BRASIL;UB;Privada sem fins lucrativos;7210;MEDICINA VETERINÁRIA;Bacharelado;Presencial;3;2008;2;2023;2;2023;1;2023;100;26/06/1995;05/06/1993;Em Atividade;8;Agricultura, silvicultura, pesca e veterinária;84;Veterinária;841;Veterinária;0841M01;Medicina veterinária
319;UNIVERSIDADE BRASIL;UB;Privada sem fins lucrativos;19884;MEDICINA VETERINÁRIA;Bacharelado;Presencial;3;2008;3;2023;3;2023;3;2023;200;07/02/2000;07/05/1999;Em Atividade;8;Agricultura, silvicultura, pesca e veterinária;84;Veterinária;841;Veterinária;0841M01;Medicina veterinária
319;UNIVERSIDADE BRASIL;UB;Privada sem fins lucrativos;65114;MEDICINA;Bacharelado;Presencial;5;2024;2;2023;1;2025;2;2023;205;25/08/2003;07/07/2003;Em Atividade;9;Saúde e bem-estar;91;Saúde;912;Medicina;0912M01;Medicina
319;UNIVERSIDADE BRASIL;UB;Privada sem fins lucrativos;1314311;BIOMEDICINA;Bacharelado;Presencial;4;2025;2;2023;1;2023;1;2023;200;22/02/2017;19/08/2014;Em Atividade;9;Saúde e bem-estar;91;Saúde;914;Tecnologia de diagnóstico e tratamento médico;0914B01;Biomedicina
319;UNIVERSIDADE BRASIL;UB;Privada sem fins lucrativos;1357743;BIOMEDICINA;Bacharelado;Presencial;-;;-;;-;;-;;200;29/04/2016;29/04/2016;Extinto;9;Saúde e bem-estar;91;Saúde;914;Tecnologia de diagnóstico e tratamento médico;0914B01;Biomedicina
319;UNIVERSIDADE BRASIL;UB;Privada sem fins lucrativos;1357745;MEDICINA VETERINÁRIA;Bacharelado;Presencial;4;2022;3;2023;3;2023;3;2023;200;29/04/2016;29/04/2016;Em Atividade;8;Agricultura, silvicultura, pesca e veterinária;84;Veterinária;841;Veterinária;0841M01;Medicina veterinária
319;UNIVERSIDADE BRASIL;UB;Privada sem fins lucrativos;1357797;BIOMEDICINA;Bacharelado;Presencial;-;;-;;-;;-;;100;29/04/2016;29/04/2016;Extinto;9;Saúde e bem-estar;91;Saúde;914;Tecnologia de diagnóstico e tratamento médico;0914B01;Biomedicina
319;UNIVERSIDADE BRASIL;UB;Privada sem fins lucrativos;1425386;BIOMEDICINA;Bacharelado;A Distância;-;;-;;-;;-;;14499;01/02/2018;01/11/2017;Extinto;9;Saúde e bem-estar;91;Saúde;914;Tecnologia de diagnóstico e tratamento médico;0914B01;Biomedicina
319;UNIVERSIDADE BRASIL;UB;Privada sem fins lucrativos;1427535;BIOMEDICINA;Bacharelado;Presencial;-;;-;;-;;-;;100;Não iniciado;20/11/2017;Extinto;9;Saúde e bem-estar;91;Saúde;914;Tecnologia de diagnóstico e tratamento médico;0914B01;Biomedicina
319;UNIVERSIDADE BRASIL;UB;Privada sem fins lucrativos;1455366;MEDICINA VETERINÁRIA;Bacharelado;A Distância;-;;-;;-;;-;;1500;17/10/2018;04/10/2018;Extinto;8;Agricultura, silvicultura, pesca e veterinária;84;Veterinária;841;Veterinária;0841M01;Medicina veterinária
319;UNIVERSIDADE BRASIL;UB;;1727116;BIOMEDICINA;Bacharelado;Semipresencial;-;;-;;-;;-;;1000;Não iniciado;-;Em Atividade;;;;;;;;
319;UNIVERSIDADE BRASIL;UB;;1727191;MEDICINA VETERINÁRIA;Bacharelado;Semipresencial;-;;-;;-;;-;;1000;Não iniciado;-;Em Atividade;;;;;;;;
322;UNIVERSIDADE PAULISTA;UNIP;Privada com fins lucrativos;7278;MEDICINA VETERINÁRIA;Bacharelado;Presencial;4;2008;3;2023;3;2023;2;2023;115;12/02/1990;03/10/1989;Em Atividade;8;Agricultura, silvicultura, pesca e veterinária;84;Veterinária;841;Veterinária;0841M01;Medicina veterinária
322;UNIVERSIDADE PAULISTA;UNIP;Privada com fins lucrativos;65074;BIOMEDICINA;Bacharelado;Presencial;-;;-;;-;;-;;230;18/02/2003;-;Extinto;9;Saúde e bem-estar;91;Saúde;914;Tecnologia de diagnóstico e tratamento médico;0914B01;Biomedicina
322;UNIVERSIDADE PAULISTA;UNIP;Privada com fins lucrativos;73400;MEDICINA VETERINÁRIA;Bacharelado;Presencial;4;2011;3;2023;3;2023;3;2023;230;16/02/2004;03/10/1989;Em Atividade;8;Agricultura, silvicultura, pesca e veterinária;84;Veterinária;841;Veterinária;0841M01;Medicina veterinária
322;UNIVERSIDADE PAULISTA;UNIP;Privada com fins lucrativos;73402;MEDICINA VETERINÁRIA;Bacharelado;Presencial;3;2011;3;2023;3;2023;3;2023;115;16/02/2004;-;Em Atividade;8;Agricultura, silvicultura, pesca e veterinária;84;Veterinária;841;Veterinária;0841M01;Medicina veterinária
322;UNIVERSIDADE PAULISTA;UNIP;Privada com fins lucrativos;99102;BIOMEDICINA;Bacharelado;Presencial;4;2010;3;2023;3;2023;3;2023;115;14/02/2006;02/08/2005;Em Atividade;9;Saúde e bem-estar;91;Saúde;914;Tecnologia de diagnóstico e tratamento médico;0914B01;Biomedicina
322;UNIVERSIDADE PAULISTA;UNIP;Privada com fins lucrativos;99105;BIOMEDICINA;Bacharelado;Presencial;4;2010;4;2023;3;2023;4;2023;230;14/02/2006;02/08/2005;Em Atividade;9;Saúde e bem-estar;91;Saúde;914;Tecnologia de diagnóstico e tratamento médico;0914B01;Biomedicina
322;UNIVERSIDADE PAULISTA;UNIP;Privada com fins lucrativos;99112;BIOMEDICINA;Bacharelado;Presencial;4;2011;3;2023;3;2023;3;2023;230;14/02/2006;02/08/2005;Em Atividade;9;Saúde e bem-estar;91;Saúde;914;Tecnologia de diagnóstico e tratamento médico;0914B01;Biomedicina
322;UNIVERSIDADE PAULISTA;UNIP;Privada com fins lucrativos;99114;BIOMEDICINA;Bacharelado;Presencial;4;2011;3;2023;3;2023;4;2023;230;14/02/2006;02/08/2005;Em Atividade;9;Saúde e bem-estar;91;Saúde;914;Tecnologia de diagnóstico e tratamento médico;0914B01;Biomedicina
322;UNIVERSIDADE PAULISTA;UNIP;Privada com fins lucrativos;99118;BIOMEDICINA;Bacharelado;Presencial;3;2018;3;2023;3;2023;3;2023;230;14/02/2006;02/08/2005;Em Atividade;9;Saúde e bem-estar;91;Saúde;914;Tecnologia de diagnóstico e tratamento médico;0914B01;Biomedicina
322;UNIVERSIDADE PAULISTA;UNIP;Privada com fins lucrativos;99120;BIOMEDICINA;Bacharelado;Presencial;4;2014;3;2023;2;2023;2;2023;230;14/02/2006;02/08/2005;Em Atividade;9;Saúde e bem-estar;91;Saúde;914;Tecnologia de diagnóstico e tratamento médico;0914B01;Biomedicina
322;UNIVERSIDADE PAULISTA;UNIP;Privada com fins lucrativos;99148;BIOMEDICINA;Bacharelado;Presencial;3;2017;3;2023;3;2023;4;2023;230;14/02/2006;02/08/2005;Em Atividade;9;Saúde e bem-estar;91;Saúde;914;Tecnologia de diagnóstico e tratamento médico;0914B01;Biomedicina
322;UNIVERSIDADE PAULISTA;UNIP;Privada com fins lucrativos;100380;MEDICINA VETERINÁRIA;Bacharelado;Presencial;3;2008;3;2023;3;2023;2;2023;115;14/02/2002;03/10/1989;Em Atividade;8;Agricultura, silvicultura, pesca e veterinária;84;Veterinária;841;Veterinária;0841M01;Medicina veterinária
322;UNIVERSIDADE PAULISTA;UNIP;Privada com fins lucrativos;105454;BIOMEDICINA;Bacharelado;Presencial;4;2011;5;2023;5;2023;5;2023;115;12/02/2007;02/08/2005;Em Atividade;9;Saúde e bem-estar;91;Saúde;914;Tecnologia de diagnóstico e tratamento médico;0914B01;Biomedicina
322;UNIVERSIDADE PAULISTA;UNIP;Privada com fins lucrativos;105456;BIOMEDICINA;Bacharelado;Presencial;3;2011;3;2023;3;2023;3;2023;460;12/02/2007;02/08/2005;Em Atividade;9;Saúde e bem-estar;91;Saúde;914;Tecnologia de diagnóstico e tratamento médico;0914B01;Biomedicina
322;UNIVERSIDADE PAULISTA;UNIP;Privada com fins lucrativos;105458;BIOMEDICINA;Bacharelado;Presencial;4;2011;5;2023;5;2023;5;2023;230;12/02/2007;02/08/2005;Em Atividade;9;Saúde e bem-estar;91;Saúde;914;Tecnologia de diagnóstico e tratamento médico;0914B01;Biomedicina
322;UNIVERSIDADE PAULISTA;UNIP;Privada com fins lucrativos;115599;BIOMEDICINA;Bacharelado;Presencial;3;2012;3;2023;3;2023;3;2023;230;11/02/2008;02/08/2005;Em Atividade;9;Saúde e bem-estar;91;Saúde;914;Tecnologia de diagnóstico e tratamento médico;0914B01;Biomedicina
322;UNIVERSIDADE PAULISTA;UNIP;Privada com fins lucrativos;1155937;BIOMEDICINA;Bacharelado;Presencial;-;;3;2023;3;2023;3;2023;230;10/02/2009;-;Em Atividade;9;Saúde e bem-estar;91;Saúde;914;Tecnologia de diagnóstico e tratamento médico;0914B01;Biomedicina
322;UNIVERSIDADE PAULISTA;UNIP;Privada com fins lucrativos;1180786;BIOMEDICINA;Bacharelado;Presencial;-;;4;2023;4;2023;5;2023;230;15/02/2011;10/05/2012;Em Atividade;9;Saúde e bem-estar;91;Saúde;914;Tecnologia de diagnóstico e tratamento médico;0914B01;Biomedicina
322;UNIVERSIDADE PAULISTA;UNIP;Privada com fins lucrativos;1180792;BIOMEDICINA;Bacharelado;Presencial;3;2014;2;2023;2;2023;2;2023;230;15/02/2011;16/03/2009;Em Atividade;9;Saúde e bem-estar;91;Saúde;914;Tecnologia de diagnóstico e tratamento médico;0914B01;Biomedicina
322;UNIVERSIDADE PAULISTA;UNIP;Privada com fins lucrativos;1180807;BIOMEDICINA;Bacharelado;Presencial;3;2014;3;2023;3;2023;3;2023;230;15/02/2011;16/03/2009;Em Atividade;9;Saúde e bem-estar;91;Saúde;914;Tecnologia de diagnóstico e tratamento médico;0914B01;Biomedicina
322;UNIVERSIDADE PAULISTA;UNIP;Privada com fins lucrativos;1215416;BIOMEDICINA;Bacharelado;Presencial;-;;-;;-;;-;;230;18/02/2013;-;Extinto;9;Saúde e bem-estar;91;Saúde;914;Tecnologia de diagnóstico e tratamento médico;0914B01;Biomedicina
322;UNIVERSIDADE PAULISTA;UNIP;Privada com fins lucrativos;1215484;BIOMEDICINA;Bacharelado;Presencial;-;;-;;-;;-;;230;18/02/2013;-;Extinto;9;Saúde e bem-estar;91;Saúde;914;Tecnologia de diagnóstico e tratamento médico;0914B01;Biomedicina
322;UNIVERSIDADE PAULISTA;UNIP;Privada com fins lucrativos;1258824;BIOMEDICINA;Bacharelado;Presencial;4;2016;3;2023;4;2023;4;2023;230;04/02/2013;16/03/2009;Em Atividade;9;Saúde e bem-estar;91;Saúde;914;Tecnologia de diagnóstico e tratamento médico;0914B01;Biomedicina
322;UNIVERSIDADE PAULISTA;UNIP;Privada com fins lucrativos;1258873;BIOMEDICINA;Bacharelado;Presencial;3;2016;3;2023;2;2023;2;2023;230;04/05/2013;20/06/2013;Em Atividade;9;Saúde e bem-estar;91;Saúde;914;Tecnologia de diagnóstico e tratamento médico;0914B01;Biomedicina
322;UNIVERSIDADE PAULISTA;UNIP;Privada com fins lucrativos;1265730;BIOMEDICINA;Bacharelado;Presencial;4;2015;3;2023;3;2023;3;2023;230;18/02/2010;16/03/2009;Em Atividade;9;Saúde e bem-estar;91;Saúde;914;Tecnologia de diagnóstico e tratamento médico;0914B01;Biomedicina
322;UNIVERSIDADE PAULISTA;UNIP;Privada com fins lucrativos;1399045;BIOMEDICINA;Bacharelado;Presencial;-;;3;2023;4;2023;4;2023;230;13/02/2017;20/06/2013;Em Extinção;9;Saúde e bem-estar;91;Saúde;914;Tecnologia de diagnóstico e tratamento médico;0914B01;Biomedicina
322;UNIVERSIDADE PAULISTA;UNIP;Privada com fins lucrativos;1443408;BIOMEDICINA;Bacharelado;Presencial;-;;-;;-;;-;;230;20/02/2018;29/03/2018;Em Extinção;9;Saúde e bem-estar;91;Saúde;914;Tecnologia de diagnóstico e tratamento médico;0914B01;Biomedicina
322;UNIVERSIDADE PAULISTA;UNIP;Privada com fins lucrativos;1458703;BIOMEDICINA;Bacharelado;A Distância;4;2023;2;2023;1;2023;SC;2023;73260;05/02/2019;13/12/2018;Em Extinção;9;Saúde e bem-estar;91;Saúde;914;Tecnologia de diagnóstico e tratamento médico;0914B01;Biomedicina
322;UNIVERSIDADE PAULISTA;UNIP;Privada com fins lucrativos;1701431;BIOMEDICINA;Bacharelado;Semipresencial;-;;-;;-;;-;;73260;Não iniciado;25/09/2025;Em Atividade;9;Saúde e bem-estar;91;Saúde;914;Tecnologia de diagnóstico e tratamento médico;0914B01;Biomedicina
322;UNIVERSIDADE PAULISTA;UNIP;Privada com fins lucrativos;5000344;BIOMEDICINA;Bacharelado;Presencial;-;;-;;-;;-;;230;17/06/2010;-;Extinto;9;Saúde e bem-estar;91;Saúde;914;Tecnologia de diagnóstico e tratamento médico;0914B01;Biomedicina
322;UNIVERSIDADE PAULISTA;UNIP;Privada com fins lucrativos;5000414;BIOMEDICINA;Bacharelado;Presencial;-;;4;2023;4;2023;5;2023;460;18/02/2010;-;Em Atividade;9;Saúde e bem-estar;91;Saúde;914;Tecnologia de diagnóstico e tratamento médico;0914B01;Biomedicina
322;UNIVERSIDADE PAULISTA;UNIP;Privada com fins lucrativos;5000416;BIOMEDICINA;Bacharelado;Presencial;-;;4;2023;4;2023;4;2023;460;18/02/2010;-;Em Atividade;9;Saúde e bem-estar;91;Saúde;914;Tecnologia de diagnóstico e tratamento médico;0914B01;Biomedicina
322;UNIVERSIDADE PAULISTA;UNIP;Privada com fins lucrativos;5000420;BIOMEDICINA;Bacharelado;Presencial;-;;4;2023;4;2023;5;2023;460;10/02/2009;-;Em Atividade;9;Saúde e bem-estar;91;Saúde;914;Tecnologia de diagnóstico e tratamento médico;0914B01;Biomedicina
322;UNIVERSIDADE PAULISTA;UNIP;Privada com fins lucrativos;5000422;BIOMEDICINA;Bacharelado;Presencial;4;2016;3;2023;3;2023;3;2023;460;18/02/2010;16/03/2009;Em Atividade;9;Saúde e bem-estar;91;Saúde;914;Tecnologia de diagnóstico e tratamento médico;0914B01;Biomedicina
322;UNIVERSIDADE PAULISTA;UNIP;Privada com fins lucrativos;5000426;BIOMEDICINA;Bacharelado;Presencial;3;2015;4;2023;3;2023;4;2023;230;18/02/2010;16/03/2009;Em Atividade;9;Saúde e bem-estar;91;Saúde;914;Tecnologia de diagnóstico e tratamento médico;0914B01;Biomedicina
322;UNIVERSIDADE PAULISTA;UNIP;Privada com fins lucrativos;5000432;BIOMEDICINA;Bacharelado;Presencial;-;;-;;-;;-;;230;18/02/2010;16/03/2009;Extinto;9;Saúde e bem-estar;91;Saúde;914;Tecnologia de diagnóstico e tratamento médico;0914B01;Biomedicina
322;UNIVERSIDADE PAULISTA;UNIP;Privada com fins lucrativos;5000440;BIOMEDICINA;Bacharelado;Presencial;-;;-;;-;;-;;460;10/02/2009;-;Extinto;9;Saúde e bem-estar;91;Saúde;914;Tecnologia de diagnóstico e tratamento médico;0914B01;Biomedicina
322;UNIVERSIDADE PAULISTA;UNIP;Privada com fins lucrativos;5001416;MEDICINA;Bacharelado;Presencial;-;;-;;-;;-;;100;28/02/2022;07/03/2018;Em Atividade;9;Saúde e bem-estar;91;Saúde;912;Medicina;0912M01;Medicina
322;UNIVERSIDADE PAULISTA;UNIP;Privada com fins lucrativos;5001417;MEDICINA;Bacharelado;Presencial;-;;-;;-;;-;;100;28/02/2022;07/03/2018;Em Atividade;9;Saúde e bem-estar;91;Saúde;912;Medicina;0912M01;Medicina
322;UNIVERSIDADE PAULISTA;UNIP;Privada com fins lucrativos;5001418;MEDICINA;Bacharelado;Presencial;-;;-;;-;;-;;100;28/02/2022;07/03/2018;Em Atividade;9;Saúde e bem-estar;91;Saúde;912;Medicina;0912M01;Medicina
322;UNIVERSIDADE PAULISTA;UNIP;Privada com fins lucrativos;5001419;MEDICINA;Bacharelado;Presencial;-;;-;;-;;-;;100;22/02/2022;07/03/2018;Em Atividade;9;Saúde e bem-estar;91;Saúde;912;Medicina;0912M01;Medicina
322;UNIVERSIDADE PAULISTA;UNIP;Privada com fins lucrativos;5001422;MEDICINA;Bacharelado;Presencial;-;;-;;-;;-;;100;Não iniciado;01/11/2017;Em Atividade;9;Saúde e bem-estar;91;Saúde;912;Medicina;0912M01;Medicina
330;UNIVERSIDADE IGUAÇU;UNIG;Privada sem fins lucrativos;7414;MEDICINA;Bacharelado;Presencial;4;2024;3;2023;2;2025;1;2023;200;01/02/1977;16/12/1976;Em Atividade;9;Saúde e bem-estar;91;Saúde;912;Medicina;0912M01;Medicina
330;UNIVERSIDADE IGUAÇU;UNIG;Privada sem fins lucrativos;19294;MEDICINA;Bacharelado;Presencial;5;2024;3;2023;2;2025;2;2023;100;04/02/1997;26/03/1997;Em Atividade;9;Saúde e bem-estar;91;Saúde;912;Medicina;0912M01;Medicina
330;UNIVERSIDADE IGUAÇU;UNIG;Privada sem fins lucrativos;97517;MEDICINA VETERINÁRIA;Bacharelado;Presencial;4;2014;3;2023;2;2023;2;2023;80;05/02/2007;05/12/2005;Em Atividade;8;Agricultura, silvicultura, pesca e veterinária;84;Veterinária;841;Veterinária;0841M01;Medicina veterinária
330;UNIVERSIDADE IGUAÇU;UNIG;Privada sem fins lucrativos;1368375;MEDICINA VETERINÁRIA;Bacharelado;Presencial;5;2022;4;2023;3;2023;3;2023;120;08/08/2016;02/12/2015;Em Atividade;8;Agricultura, silvicultura, pesca e veterinária;84;Veterinária;841;Veterinária;0841M01;Medicina veterinária
330;UNIVERSIDADE IGUAÇU;UNIG;Privada sem fins lucrativos;1650848;BIOMEDICINA;Bacharelado;A Distância;-;;-;;-;;-;;1000;Não iniciado;31/07/2023;Em Extinção;9;Saúde e bem-estar;91;Saúde;914;Tecnologia de diagnóstico e tratamento médico;0914B01;Biomedicina
330;UNIVERSIDADE IGUAÇU;UNIG;Privada sem fins lucrativos;1711331;BIOMEDICINA;Bacharelado;Semipresencial;-;;-;;-;;-;;1000;Não iniciado;25/09/2025;Em Atividade;9;Saúde e bem-estar;91;Saúde;914;Tecnologia de diagnóstico e tratamento médico;0914B01;Biomedicina
338;PONTIFÍCIA UNIVERSIDADE CATÓLICA DE MINAS GERAIS;PUC MINAS;Privada sem fins lucrativos;20827;MEDICINA VETERINÁRIA;Bacharelado;Presencial;4;2008;4;2023;4;2023;3;2023;120;02/08/1999;21/01/1999;Em Atividade;8;Agricultura, silvicultura, pesca e veterinária;84;Veterinária;841;Veterinária;0841M01;Medicina veterinária
338;PONTIFÍCIA UNIVERSIDADE CATÓLICA DE MINAS GERAIS;PUC MINAS;Privada sem fins lucrativos;20828;MEDICINA VETERINÁRIA;Bacharelado;Presencial;4;2008;3;2023;3;2023;2;2023;180;01/02/1999;21/01/1999;Em Atividade;8;Agricultura, silvicultura, pesca e veterinária;84;Veterinária;841;Veterinária;0841M01;Medicina veterinária
338;PONTIFÍCIA UNIVERSIDADE CATÓLICA DE MINAS GERAIS;PUC MINAS;Privada sem fins lucrativos;1108281;MEDICINA;Bacharelado;Presencial;5;2024;3;2023;3;2025;3;2023;120;06/06/2012;06/06/2012;Em Atividade;9;Saúde e bem-estar;91;Saúde;912;Medicina;0912M01;Medicina
338;PONTIFÍCIA UNIVERSIDADE CATÓLICA DE MINAS GERAIS;PUC MINAS;Privada sem fins lucrativos;1205077;BIOMEDICINA;Bacharelado;Presencial;-;;-;;-;;-;;120;Não iniciado;17/08/2012;Extinto;9;Saúde e bem-estar;91;Saúde;914;Tecnologia de diagnóstico e tratamento médico;0914B01;Biomedicina
338;PONTIFÍCIA UNIVERSIDADE CATÓLICA DE MINAS GERAIS;PUC MINAS;Privada sem fins lucrativos;1214846;BIOMEDICINA;Bacharelado;Presencial;4;2016;3;2023;3;2023;3;2023;100;04/02/2013;-;Em Atividade;9;Saúde e bem-estar;91;Saúde;914;Tecnologia de diagnóstico e tratamento médico;0914B01;Biomedicina
338;PONTIFÍCIA UNIVERSIDADE CATÓLICA DE MINAS GERAIS;PUC MINAS;Privada sem fins lucrativos;1331374;MEDICINA VETERINÁRIA;Bacharelado;Presencial;-;;-;;-;;-;;120;Não iniciado;20/08/2015;Extinto;8;Agricultura, silvicultura, pesca e veterinária;84;Veterinária;841;Veterinária;0841M01;Medicina veterinária
338;PONTIFÍCIA UNIVERSIDADE CATÓLICA DE MINAS GERAIS;PUC MINAS;Privada sem fins lucrativos;1339135;MEDICINA VETERINÁRIA;Bacharelado;Presencial;4;2022;4;2023;4;2023;3;2023;240;01/02/2016;14/10/2015;Em Atividade;8;Agricultura, silvicultura, pesca e veterinária;84;Veterinária;841;Veterinária;0841M01;Medicina veterinária
338;PONTIFÍCIA UNIVERSIDADE CATÓLICA DE MINAS GERAIS;PUC MINAS;Privada sem fins lucrativos;1399488;MEDICINA;Bacharelado;Presencial;5;2024;3;2023;4;2025;2;2023;50;01/08/2018;06/04/2018;Em Atividade;9;Saúde e bem-estar;91;Saúde;912;Medicina;0912M01;Medicina
338;PONTIFÍCIA UNIVERSIDADE CATÓLICA DE MINAS GERAIS;PUC MINAS;Privada sem fins lucrativos;1399489;MEDICINA;Bacharelado;Presencial;5;2024;3;2023;3;2025;3;2023;86;20/12/2017;29/11/2017;Em Atividade;9;Saúde e bem-estar;91;Saúde;912;Medicina;0912M01;Medicina
338;PONTIFÍCIA UNIVERSIDADE CATÓLICA DE MINAS GERAIS;PUC MINAS;Privada sem fins lucrativos;1550633;BIOMEDICINA;Bacharelado;Presencial;5;2024;-;;-;;-;;200;08/03/2021;19/11/2020;Em Atividade;9;Saúde e bem-estar;91;Saúde;914;Tecnologia de diagnóstico e tratamento médico;0914B01;Biomedicina
338;PONTIFÍCIA UNIVERSIDADE CATÓLICA DE MINAS GERAIS;PUC MINAS;Privada sem fins lucrativos;1550635;BIOMEDICINA;Bacharelado;Presencial;4;2024;-;;-;;-;;120;08/03/2021;19/11/2020;Em Atividade;9;Saúde e bem-estar;91;Saúde;914;Tecnologia de diagnóstico e tratamento médico;0914B01;Biomedicina
338;PONTIFÍCIA UNIVERSIDADE CATÓLICA DE MINAS GERAIS;PUC MINAS;Privada sem fins lucrativos;1600461;BIOMEDICINA;Bacharelado;Presencial;-;;-;;-;;-;;120;21/02/2022;21/02/2022;Em Atividade;9;Saúde e bem-estar;91;Saúde;914;Tecnologia de diagnóstico e tratamento médico;0914B01;Biomedicina
339;FACULDADE DE JOÃO PESSOA (SANTA EMÍLIA DO RODAT);-;Privada sem fins lucrativos;87232;BIOMEDICINA;Bacharelado;Presencial;4;2023;3;2023;2;2023;2;2023;100;10/02/2006;18/08/2005;Em Atividade;9;Saúde e bem-estar;91;Saúde;914;Tecnologia de diagnóstico e tratamento médico;0914B01;Biomedicina
343;CENTRO UNIVERSITÁRIO NEWTON PAIVA;NEWTON PAIVA;Privada com fins lucrativos;1321262;MEDICINA VETERINÁRIA;Bacharelado;Presencial;4;2020;4;2023;4;2023;4;2023;220;19/01/2015;31/07/2014;Em Atividade;8;Agricultura, silvicultura, pesca e veterinária;84;Veterinária;841;Veterinária;0841M01;Medicina veterinária
343;CENTRO UNIVERSITÁRIO NEWTON PAIVA;NEWTON PAIVA;Privada com fins lucrativos;1614105;BIOMEDICINA;Bacharelado;A Distância;-;;-;;-;;-;;300;04/10/2022;04/10/2022;Em Extinção;9;Saúde e bem-estar;91;Saúde;914;Tecnologia de diagnóstico e tratamento médico;0914B01;Biomedicina
343;CENTRO UNIVERSITÁRIO NEWTON PAIVA WYDEN;NEWTON PAIVA WYDEN;Privada com fins lucrativos;1708727;BIOMEDICINA;Bacharelado;Semipresencial;-;;-;;-;;-;;2400;26/09/2025;25/09/2025;Em Atividade;9;Saúde e bem-estar;91;Saúde;914;Tecnologia de diagnóstico e tratamento médico;0914B01;Biomedicina
343;CENTRO UNIVERSITÁRIO NEWTON PAIVA WYDEN;NEWTON PAIVA WYDEN;;1721674;BIOMEDICINA;Bacharelado;Presencial;-;;-;;-;;-;;100;Não iniciado;-;Em Atividade;;;;;;;;
344;CENTRO UNIVERSITÁRIO UNA;UNA;Privada com fins lucrativos;1176269;BIOMEDICINA;Bacharelado;Presencial;3;2015;3;2023;2;2023;1;2023;200;01/01/2012;16/01/2012;Em Atividade;9;Saúde e bem-estar;91;Saúde;914;Tecnologia de diagnóstico e tratamento médico;0914B01;Biomedicina
344;CENTRO UNIVERSITÁRIO UNA;UNA;Privada com fins lucrativos;1314240;MEDICINA VETERINÁRIA;Bacharelado;Presencial;-;;-;;-;;-;;200;01/01/2015;08/09/2014;Extinto;8;Agricultura, silvicultura, pesca e veterinária;84;Veterinária;841;Veterinária;0841M01;Medicina veterinária
344;CENTRO UNIVERSITÁRIO UNA;UNA;Privada com fins lucrativos;1321967;BIOMEDICINA;Bacharelado;Presencial;-;;3;2023;2;2023;2;2023;200;01/01/2015;08/09/2014;Em Atividade;9;Saúde e bem-estar;91;Saúde;914;Tecnologia de diagnóstico e tratamento médico;0914B01;Biomedicina
344;CENTRO UNIVERSITÁRIO UNA;UNA;Privada com fins lucrativos;1397956;BIOMEDICINA;Bacharelado;Presencial;4;2023;3;2023;2;2023;2;2023;100;01/01/2017;15/12/2016;Em Atividade;9;Saúde e bem-estar;91;Saúde;914;Tecnologia de diagnóstico e tratamento médico;0914B01;Biomedicina
344;CENTRO UNIVERSITÁRIO UNA;UNA;Privada com fins lucrativos;1406941;MEDICINA VETERINÁRIA;Bacharelado;A Distância;-;;-;;-;;-;;780;04/09/2017;29/07/2017;Extinto;8;Agricultura, silvicultura, pesca e veterinária;84;Veterinária;841;Veterinária;0841M01;Medicina veterinária
344;CENTRO UNIVERSITÁRIO UNA;UNA;Privada com fins lucrativos;1406942;BIOMEDICINA;Bacharelado;A Distância;4;2022;3;2023;2;2023;2;2023;940;04/09/2017;29/07/2017;Em Extinção;9;Saúde e bem-estar;91;Saúde;914;Tecnologia de diagnóstico e tratamento médico;0914B01;Biomedicina
344;CENTRO UNIVERSITÁRIO UNA;UNA;Privada com fins lucrativos;1520507;BIOMEDICINA;Bacharelado;Presencial;4;2023;3;2023;2;2023;2;2023;70;17/02/2020;03/02/2020;Em Atividade;9;Saúde e bem-estar;91;Saúde;914;Tecnologia de diagnóstico e tratamento médico;0914B01;Biomedicina
344;CENTRO UNIVERSITÁRIO UNA;UNA;Privada com fins lucrativos;1533146;MEDICINA VETERINÁRIA;Bacharelado;Presencial;4;2024;-;;-;;-;;250;11/11/2020;18/06/2020;Em Atividade;8;Agricultura, silvicultura, pesca e veterinária;84;Veterinária;841;Veterinária;0841M01;Medicina veterinária
344;CENTRO UNIVERSITÁRIO UNA;UNA;Privada com fins lucrativos;1550544;MEDICINA VETERINÁRIA;Bacharelado;Presencial;4;2024;-;;-;;-;;150;05/04/2021;25/11/2020;Em Atividade;8;Agricultura, silvicultura, pesca e veterinária;84;Veterinária;841;Veterinária;0841M01;Medicina veterinária
344;CENTRO UNIVERSITÁRIO UNA;UNA;Privada com fins lucrativos;1602860;MEDICINA VETERINÁRIA;Bacharelado;Presencial;5;2025;-;;-;;-;;160;18/03/2022;18/03/2022;Em Atividade;8;Agricultura, silvicultura, pesca e veterinária;84;Veterinária;841;Veterinária;0841M01;Medicina veterinária
344;CENTRO UNIVERSITÁRIO UNA;UNA;Privada com fins lucrativos;1701435;BIOMEDICINA;Bacharelado;Semipresencial;-;;-;;-;;-;;940;06/10/2025;25/09/2025;Em Atividade;9;Saúde e bem-estar;91;Saúde;914;Tecnologia de diagnóstico e tratamento médico;0914B01;Biomedicina
349;CENTRO UNIVERSITÁRIO DE BELO HORIZONTE;UNI-BH;Privada com fins lucrativos;100688;MEDICINA;Bacharelado;Presencial;5;2024;3;2023;3;2025;2;2023;160;26/03/2007;05/02/2007;Em Atividade;9;Saúde e bem-estar;91;Saúde;912;Medicina;0912M01;Medicina
349;CENTRO UNIVERSITÁRIO DE BELO HORIZONTE;UNI-BH;Privada com fins lucrativos;1108108;BIOMEDICINA;Bacharelado;Presencial;4;2013;3;2023;3;2023;2;2023;140;01/01/2009;-;Em Atividade;9;Saúde e bem-estar;91;Saúde;914;Tecnologia de diagnóstico e tratamento médico;0914B01;Biomedicina
349;CENTRO UNIVERSITÁRIO DE BELO HORIZONTE;UNI-BH;Privada com fins lucrativos;1279014;MEDICINA VETERINÁRIA;Bacharelado;Presencial;4;2019;3;2023;3;2023;1;2023;400;01/01/2014;02/09/2013;Em Atividade;8;Agricultura, silvicultura, pesca e veterinária;84;Veterinária;841;Veterinária;0841M01;Medicina veterinária
349;CENTRO UNIVERSITÁRIO DE BELO HORIZONTE;UNI-BH;Privada com fins lucrativos;1279015;BIOMEDICINA;Bacharelado;Presencial;-;;SC;2023;SC;2023;SC;2023;140;01/01/2014;23/04/2013;Em Extinção;9;Saúde e bem-estar;91;Saúde;914;Tecnologia de diagnóstico e tratamento médico;0914B01;Biomedicina
349;CENTRO UNIVERSITÁRIO DE BELO HORIZONTE;UNI-BH;Privada com fins lucrativos;1321276;BIOMEDICINA;Bacharelado;Presencial;-;;-;;-;;-;;80;01/01/2015;22/09/2014;Extinto;9;Saúde e bem-estar;91;Saúde;914;Tecnologia de diagnóstico e tratamento médico;0914B01;Biomedicina
349;CENTRO UNIVERSITÁRIO DE BELO HORIZONTE;UNI-BH;Privada com fins lucrativos;1619595;BIOMEDICINA;Bacharelado;A Distância;-;;-;;-;;-;;75;29/11/2022;06/12/2022;Extinto;9;Saúde e bem-estar;91;Saúde;914;Tecnologia de diagnóstico e tratamento médico;0914B01;Biomedicina
351;FACULDADE DE CIÊNCIAS MÉDICAS DE MINAS GERAIS;FCMMG;Privada sem fins lucrativos;7676;MEDICINA;Bacharelado;Presencial;5;2025;4;2023;4;2025;4;2023;342;02/02/1951;12/04/1951;Em Atividade;9;Saúde e bem-estar;91;Saúde;912;Medicina;0912M01;Medicina
351;FACULDADE DE CIÊNCIAS MÉDICAS DE MINAS GERAIS;FCMMG;Privada sem fins lucrativos;1619771;BIOMEDICINA;Bacharelado;Presencial;-;;-;;-;;-;;100;Não iniciado;02/05/2023;Extinto;9;Saúde e bem-estar;91;Saúde;914;Tecnologia de diagnóstico e tratamento médico;0914B01;Biomedicina
352;CENTRO UNIVERSITÁRIO DE JOÃO PESSOA;UNIPÊ;Privada com fins lucrativos;1190667;MEDICINA;Bacharelado;Presencial;5;2025;3;2023;2;2025;3;2023;140;28/07/2014;23/07/2014;Em Atividade;9;Saúde e bem-estar;91;Saúde;912;Medicina;0912M01;Medicina
352;CENTRO UNIVERSITÁRIO DE JOÃO PESSOA;UNIPÊ;Privada com fins lucrativos;1457378;MEDICINA VETERINÁRIA;Bacharelado;Presencial;5;2023;3;2023;2;2023;2;2023;400;22/02/2019;21/09/2018;Em Atividade;8;Agricultura, silvicultura, pesca e veterinária;84;Veterinária;841;Veterinária;0841M01;Medicina veterinária
352;CENTRO UNIVERSITÁRIO DE JOÃO PESSOA;UNIPÊ;Privada com fins lucrativos;1457852;BIOMEDICINA;Bacharelado;Presencial;4;2023;3;2023;2;2023;2;2023;200;22/02/2019;21/09/2018;Em Atividade;9;Saúde e bem-estar;91;Saúde;914;Tecnologia de diagnóstico e tratamento médico;0914B01;Biomedicina
352;CENTRO UNIVERSITÁRIO DE JOÃO PESSOA;UNIPÊ;Privada com fins lucrativos;1584348;BIOMEDICINA;Bacharelado;A Distância;-;;-;;-;;-;;200;01/09/2021;04/08/2021;Em Extinção;9;Saúde e bem-estar;91;Saúde;914;Tecnologia de diagnóstico e tratamento médico;0914B01;Biomedicina
352;CENTRO UNIVERSITÁRIO DE JOÃO PESSOA;UNIPÊ;Privada com fins lucrativos;1701444;BIOMEDICINA;Bacharelado;Semipresencial;-;;-;;-;;-;;200;16/09/2025;25/09/2025;Em Atividade;9;Saúde e bem-estar;91;Saúde;914;Tecnologia de diagnóstico e tratamento médico;0914B01;Biomedicina
353;FACULDADE EVANGÉLICA MACKENZIE DO PARANÁ;FEMPAR;Privada sem fins lucrativos;7705;MEDICINA;Bacharelado;Presencial;5;2024;3;2023;4;2025;3;2023;120;03/01/1969;15/01/1969;Em Atividade;9;Saúde e bem-estar;91;Saúde;912;Medicina;0912M01;Medicina
353;FACULDADE EVANGÉLICA MACKENZIE DO PARANÁ;FEMPAR;Privada sem fins lucrativos;95189;MEDICINA VETERINÁRIA;Bacharelado;Presencial;3;2010;3;2013;4;2013;-;;200;01/02/2007;08/06/2006;Em Extinção;8;Agricultura, silvicultura, pesca e veterinária;84;Veterinária;841;Veterinária;0841M01;Medicina veterinária
355;UNIVERSIDADE TUIUTI DO PARANÁ;UTP;Privada com fins lucrativos;18939;MEDICINA VETERINÁRIA;Bacharelado;Presencial;3;2014;3;2023;3;2023;3;2023;300;01/09/1997;11/07/1997;Em Atividade;8;Agricultura, silvicultura, pesca e veterinária;84;Veterinária;841;Veterinária;0841M01;Medicina veterinária
355;UNIVERSIDADE TUIUTI DO PARANÁ;UTP;Privada com fins lucrativos;101058;BIOMEDICINA;Bacharelado;Presencial;5;2011;4;2023;3;2023;4;2023;130;12/02/2007;28/09/2006;Em Atividade;9;Saúde e bem-estar;91;Saúde;914;Tecnologia de diagnóstico e tratamento médico;0914B01;Biomedicina
355;UNIVERSIDADE TUIUTI DO PARANÁ;UTP;;1728007;BIOMEDICINA;Bacharelado;Semipresencial;-;;-;;-;;-;;300;Não iniciado;-;Em Atividade;;;;;;;;
367;UNIVERSIDADE ESTADUAL DE MONTES CLAROS;UNIMONTES;Pública Estadual;7837;MEDICINA;Bacharelado;Presencial;-;;4;2023;5;2025;4;2023;80;04/03/1969;06/11/1974;Em Atividade;9;Saúde e bem-estar;91;Saúde;912;Medicina;0912M01;Medicina
367;UNIVERSIDADE ESTADUAL DE MONTES CLAROS;UNIMONTES;Pública Estadual;1601990;MEDICINA VETERINÁRIA;Bacharelado;Presencial;-;;-;;-;;-;;28;Não iniciado;28/04/2022;Em Atividade;8;Agricultura, silvicultura, pesca e veterinária;84;Veterinária;841;Veterinária;0841M01;Medicina veterinária
374;CENTRO UNIVERSITÁRIO DAS FACULDADES METROPOLITANAS UNIDAS;FMU;Privada sem fins lucrativos;18822;MEDICINA VETERINÁRIA;Bacharelado;Presencial;4;2024;2;2023;2;2023;2;2023;550;01/04/1998;16/02/1998;Em Atividade;8;Agricultura, silvicultura, pesca e veterinária;84;Veterinária;841;Veterinária;0841M01;Medicina veterinária
374;CENTRO UNIVERSITÁRIO DAS FACULDADES METROPOLITANAS UNIDAS;FMU;Privada sem fins lucrativos;37979;BIOMEDICINA;Bacharelado;Presencial;-;2015;3;2023;2;2023;2;2023;760;01/03/2000;15/04/1999;Em Atividade;9;Saúde e bem-estar;91;Saúde;914;Tecnologia de diagnóstico e tratamento médico;0914B01;Biomedicina
374;CENTRO UNIVERSITÁRIO DAS FACULDADES METROPOLITANAS UNIDAS;FMU;Privada sem fins lucrativos;114504;BIOMEDICINA;Bacharelado;Presencial;4;2018;3;2023;2;2023;2;2023;453;02/02/2009;05/08/2008;Em Atividade;9;Saúde e bem-estar;91;Saúde;914;Tecnologia de diagnóstico e tratamento médico;0914B01;Biomedicina
374;CENTRO UNIVERSITÁRIO DAS FACULDADES METROPOLITANAS UNIDAS;FMU;Privada sem fins lucrativos;123081;BIOMEDICINA;Bacharelado;Presencial;-;;-;;-;;-;;120;03/08/2009;01/04/2009;Extinto;9;Saúde e bem-estar;91;Saúde;914;Tecnologia de diagnóstico e tratamento médico;0914B01;Biomedicina
374;CENTRO UNIVERSITÁRIO DAS FACULDADES METROPOLITANAS UNIDAS;FMU;Privada sem fins lucrativos;1519849;BIOMEDICINA;Bacharelado;A Distância;5;2023;2;2023;2;2023;SC;2023;300;05/03/2020;13/12/2019;Em Extinção;9;Saúde e bem-estar;91;Saúde;914;Tecnologia de diagnóstico e tratamento médico;0914B01;Biomedicina
374;CENTRO UNIVERSITÁRIO DAS FACULDADES METROPOLITANAS UNIDAS;FMU;Privada sem fins lucrativos;1701453;BIOMEDICINA;Bacharelado;Semipresencial;-;;-;;-;;-;;300;Não iniciado;25/09/2025;Em Atividade;9;Saúde e bem-estar;91;Saúde;914;Tecnologia de diagnóstico e tratamento médico;0914B01;Biomedicina
374;CENTRO UNIVERSITÁRIO DAS FACULDADES METROPOLITANAS UNIDAS;FMU;;1725077;MEDICINA VETERINÁRIA;Bacharelado;Presencial;-;;-;;-;;-;;550;Não iniciado;-;Em Atividade;;;;;;;;
375;UNIVERSIDADE SANTO AMARO;UNISA;Privada sem fins lucrativos;7973;MEDICINA;Bacharelado;Presencial;-;;-;;-;;-;;80;06/04/1970;17/03/1970;Extinto;9;Saúde e bem-estar;91;Saúde;912;Medicina;0912M01;Medicina
375;UNIVERSIDADE SANTO AMARO;UNISA;Privada sem fins lucrativos;74626;BIOMEDICINA;Bacharelado;Presencial;4;2011;4;2023;3;2023;3;2023;180;01/02/2005;13/05/1974;Em Atividade;9;Saúde e bem-estar;91;Saúde;914;Tecnologia de diagnóstico e tratamento médico;0914B01;Biomedicina
375;UNIVERSIDADE SANTO AMARO;UNISA;Privada sem fins lucrativos;74644;MEDICINA VETERINÁRIA;Bacharelado;Presencial;3;2010;5;2023;4;2023;5;2023;300;01/02/2005;17/05/1995;Em Atividade;8;Agricultura, silvicultura, pesca e veterinária;84;Veterinária;841;Veterinária;0841M01;Medicina veterinária
375;UNIVERSIDADE SANTO AMARO;UNISA;Privada sem fins lucrativos;74655;MEDICINA;Bacharelado;Presencial;4;2024;3;2023;2;2025;1;2023;304;01/02/2005;17/03/1970;Em Atividade;9;Saúde e bem-estar;91;Saúde;912;Medicina;0912M01;Medicina
375;UNIVERSIDADE SANTO AMARO;UNISA;Privada sem fins lucrativos;1524183;BIOMEDICINA;Bacharelado;A Distância;5;2023;3;2023;2;2023;SC;2023;200;10/02/2020;07/02/2020;Em Extinção;9;Saúde e bem-estar;91;Saúde;914;Tecnologia de diagnóstico e tratamento médico;0914B01;Biomedicina
375;UNIVERSIDADE SANTO AMARO;UNISA;Privada sem fins lucrativos;1524184;BIOMEDICINA;Bacharelado;A Distância;-;;-;;-;;-;;200;Não iniciado;07/02/2020;Extinto;9;Saúde e bem-estar;91;Saúde;914;Tecnologia de diagnóstico e tratamento médico;0914B01;Biomedicina
375;UNIVERSIDADE SANTO AMARO;UNISA;Privada sem fins lucrativos;1599623;MEDICINA;Bacharelado;Presencial;5;2022;-;;-;;-;;143;07/08/2023;03/07/2023;Em Atividade;9;Saúde e bem-estar;91;Saúde;912;Medicina;0912M01;Medicina
375;UNIVERSIDADE SANTO AMARO;UNISA;Privada sem fins lucrativos;1701460;BIOMEDICINA;Bacharelado;Semipresencial;-;;-;;-;;-;;200;06/10/2025;25/09/2025;Em Atividade;9;Saúde e bem-estar;91;Saúde;914;Tecnologia de diagnóstico e tratamento médico;0914B01;Biomedicina
376;CENTRO UNIVERSITÁRIO ANHANGUERA DE SÃO PAULO;-;Privada com fins lucrativos;103153;MEDICINA VETERINÁRIA;Bacharelado;Presencial;-;;-;;-;;-;;240;01/02/2010;15/05/2007;Extinto;8;Agricultura, silvicultura, pesca e veterinária;84;Veterinária;841;Veterinária;0841M01;Medicina veterinária
376;CENTRO UNIVERSITÁRIO ANHANGUERA DE SÃO PAULO;-;Privada com fins lucrativos;103167;BIOMEDICINA;Bacharelado;Presencial;-;;-;;-;;-;;240;01/02/2010;15/05/2007;Extinto;9;Saúde e bem-estar;91;Saúde;914;Tecnologia de diagnóstico e tratamento médico;0914B01;Biomedicina
376;CENTRO UNIVERSITÁRIO ANHANGUERA DE SÃO PAULO;-;Privada com fins lucrativos;1165971;BIOMEDICINA;Bacharelado;Presencial;-;;-;;-;;-;;80;25/02/2013;03/10/2011;Extinto;9;Saúde e bem-estar;91;Saúde;914;Tecnologia de diagnóstico e tratamento médico;0914B01;Biomedicina
376;CENTRO UNIVERSITÁRIO ANHANGUERA DE SÃO PAULO;-;Privada com fins lucrativos;1364390;BIOMEDICINA;Bacharelado;Presencial;4;2023;3;2023;2;2023;2;2023;90;08/08/2016;20/06/2016;Em Atividade;9;Saúde e bem-estar;91;Saúde;914;Tecnologia de diagnóstico e tratamento médico;0914B01;Biomedicina
376;CENTRO UNIVERSITÁRIO ANHANGUERA DE SÃO PAULO;-;Privada com fins lucrativos;1403870;BIOMEDICINA;Bacharelado;Presencial;4;2022;-;;-;;-;;150;26/02/2018;01/06/2017;Em Extinção;9;Saúde e bem-estar;91;Saúde;914;Tecnologia de diagnóstico e tratamento médico;0914B01;Biomedicina
376;CENTRO UNIVERSITÁRIO ANHANGUERA DE SÃO PAULO;-;Privada com fins lucrativos;1405420;MEDICINA VETERINÁRIA;Bacharelado;Presencial;3;2025;3;2023;2;2023;3;2023;150;26/02/2018;01/06/2017;Em Atividade;8;Agricultura, silvicultura, pesca e veterinária;84;Veterinária;841;Veterinária;0841M01;Medicina veterinária
376;CENTRO UNIVERSITÁRIO ANHANGUERA DE SÃO PAULO;Anhanguera SP;Privada com fins lucrativos;1643224;BIOMEDICINA;Bacharelado;Presencial;-;;-;;-;;-;;90;19/02/2024;22/06/2023;Em Atividade;9;Saúde e bem-estar;91;Saúde;914;Tecnologia de diagnóstico e tratamento médico;0914B01;Biomedicina
383;UNIVERSIDADE DA AMAZÔNIA;UNAMA;Privada com fins lucrativos;1313826;BIOMEDICINA;Bacharelado;Presencial;4;2024;3;2023;2;2023;2;2023;720;09/02/2015;29/10/2014;Em Atividade;9;Saúde e bem-estar;91;Saúde;914;Tecnologia de diagnóstico e tratamento médico;0914B01;Biomedicina
383;UNIVERSIDADE DA AMAZÔNIA;UNAMA;Privada com fins lucrativos;1313832;MEDICINA VETERINÁRIA;Bacharelado;Presencial;3;2024;3;2023;3;2023;3;2023;240;09/02/2015;29/10/2014;Em Atividade;8;Agricultura, silvicultura, pesca e veterinária;84;Veterinária;841;Veterinária;0841M01;Medicina veterinária
383;UNIVERSIDADE DA AMAZÔNIA;UNAMA;Privada com fins lucrativos;1322833;BIOMEDICINA;Bacharelado;Presencial;5;2023;3;2023;3;2023;3;2023;240;14/10/2016;14/10/2016;Em Atividade;9;Saúde e bem-estar;91;Saúde;914;Tecnologia de diagnóstico e tratamento médico;0914B01;Biomedicina
383;UNIVERSIDADE DA AMAZÔNIA;UNAMA;Privada com fins lucrativos;1422033;BIOMEDICINA;Bacharelado;A Distância;5;2023;2;2023;1;2023;2;2023;8850;01/02/2018;15/08/2017;Em Extinção;9;Saúde e bem-estar;91;Saúde;914;Tecnologia de diagnóstico e tratamento médico;0914B01;Biomedicina
383;UNIVERSIDADE DA AMAZÔNIA;UNAMA;Privada com fins lucrativos;1467684;MEDICINA VETERINÁRIA;Bacharelado;A Distância;-;;-;;-;;-;;8850;Não iniciado;14/01/2019;Em Extinção;8;Agricultura, silvicultura, pesca e veterinária;84;Veterinária;841;Veterinária;0841M01;Medicina veterinária
383;UNIVERSIDADE DA AMAZÔNIA;UNAMA;Privada com fins lucrativos;1534825;BIOMEDICINA;Bacharelado;Presencial;3;2022;-;;-;;-;;180;07/08/2023;15/12/2022;Em Atividade;9;Saúde e bem-estar;91;Saúde;914;Tecnologia de diagnóstico e tratamento médico;0914B01;Biomedicina
383;UNIVERSIDADE DA AMAZÔNIA;UNAMA;Privada com fins lucrativos;1536441;BIOMEDICINA;Bacharelado;Presencial;4;2024;3;2023;3;2023;3;2023;240;01/08/2020;02/06/2020;Em Atividade;9;Saúde e bem-estar;91;Saúde;914;Tecnologia de diagnóstico e tratamento médico;0914B01;Biomedicina
383;UNIVERSIDADE DA AMAZÔNIA;UNAMA;Privada com fins lucrativos;1536452;MEDICINA VETERINÁRIA;Bacharelado;Presencial;4;2025;-;;-;;-;;240;20/07/2020;02/06/2020;Em Atividade;8;Agricultura, silvicultura, pesca e veterinária;84;Veterinária;841;Veterinária;0841M01;Medicina veterinária
383;UNIVERSIDADE DA AMAZÔNIA;UNAMA;Privada com fins lucrativos;1632865;MEDICINA VETERINÁRIA;Bacharelado;Presencial;-;;-;;-;;-;;240;10/02/2023;24/02/2023;Em Atividade;8;Agricultura, silvicultura, pesca e veterinária;84;Veterinária;841;Veterinária;0841M01;Medicina veterinária
383;UNIVERSIDADE DA AMAZÔNIA;UNAMA;Privada com fins lucrativos;1632872;BIOMEDICINA;Bacharelado;Presencial;-;;-;;-;;-;;240;01/08/2023;24/02/2023;Em Atividade;9;Saúde e bem-estar;91;Saúde;914;Tecnologia de diagnóstico e tratamento médico;0914B01;Biomedicina
383;UNIVERSIDADE DA AMAZÔNIA;UNAMA;Privada com fins lucrativos;1701463;BIOMEDICINA;Bacharelado;Semipresencial;-;;-;;-;;-;;8850;Não iniciado;25/09/2025;Em Atividade;9;Saúde e bem-estar;91;Saúde;914;Tecnologia de diagnóstico e tratamento médico;0914B01;Biomedicina
383;UNIVERSIDADE DA AMAZÔNIA;UNAMA;Privada com fins lucrativos;1711440;MEDICINA VETERINÁRIA;Bacharelado;Semipresencial;-;;-;;-;;-;;8850;Não iniciado;25/09/2025;Em Atividade;8;Agricultura, silvicultura, pesca e veterinária;84;Veterinária;841;Veterinária;0841M01;Medicina veterinária
384;Universidade Evangélica de Goiás;UniEVANGÉLICA;Privada sem fins lucrativos;108884;MEDICINA;Bacharelado;Presencial;5;2025;4;2023;4;2025;4;2023;160;02/03/2008;06/02/2008;Em Atividade;9;Saúde e bem-estar;91;Saúde;912;Medicina;0912M01;Medicina
384;Universidade Evangélica de Goiás;UniEVANGÉLICA;Privada sem fins lucrativos;1457072;MEDICINA VETERINÁRIA;Bacharelado;Presencial;4;2023;4;2023;3;2023;3;2023;120;04/02/2019;14/09/2018;Em Atividade;8;Agricultura, silvicultura, pesca e veterinária;84;Veterinária;841;Veterinária;0841M01;Medicina veterinária
384;Universidade Evangélica de Goiás;UniEVANGÉLICA;Privada sem fins lucrativos;1610135;BIOMEDICINA;Bacharelado;A Distância;-;;-;;-;;-;;300;02/08/2022;29/07/2022;Em Extinção;9;Saúde e bem-estar;91;Saúde;914;Tecnologia de diagnóstico e tratamento médico;0914B01;Biomedicina
384;Universidade Evangélica de Goiás;UniEVANGÉLICA;Privada sem fins lucrativos;1701467;BIOMEDICINA;Bacharelado;Semipresencial;-;;-;;-;;-;;300;Não iniciado;25/09/2025;Em Atividade;9;Saúde e bem-estar;91;Saúde;914;Tecnologia de diagnóstico e tratamento médico;0914B01;Biomedicina
385;UNIVERSIDADE SALVADOR;UNIFACS;Privada com fins lucrativos;1258710;BIOMEDICINA;Bacharelado;Presencial;3;2017;4;2023;3;2023;3;2023;310;01/08/2013;02/05/2013;Em Atividade;9;Saúde e bem-estar;91;Saúde;914;Tecnologia de diagnóstico e tratamento médico;0914B01;Biomedicina
385;UNIVERSIDADE SALVADOR;UNIFACS;Privada com fins lucrativos;1258991;BIOMEDICINA;Bacharelado;Presencial;4;2022;3;2023;2;2023;3;2023;150;08/08/2016;06/04/2016;Em Atividade;9;Saúde e bem-estar;91;Saúde;914;Tecnologia de diagnóstico e tratamento médico;0914B01;Biomedicina
385;UNIVERSIDADE SALVADOR;UNIFACS;Privada com fins lucrativos;1265455;MEDICINA VETERINÁRIA;Bacharelado;Presencial;5;2017;3;2023;2;2023;1;2023;300;17/02/2014;11/10/2013;Em Atividade;8;Agricultura, silvicultura, pesca e veterinária;84;Veterinária;841;Veterinária;0841M01;Medicina veterinária
385;UNIVERSIDADE SALVADOR;UNIFACS;Privada com fins lucrativos;1635576;MEDICINA VETERINÁRIA;Bacharelado;Presencial;-;;-;;-;;-;;100;22/03/2023;03/04/2023;Em Atividade;8;Agricultura, silvicultura, pesca e veterinária;84;Veterinária;841;Veterinária;0841M01;Medicina veterinária
385;UNIVERSIDADE SALVADOR;UNIFACS;;1724699;BIOMEDICINA;Bacharelado;Semipresencial;-;;-;;-;;-;;140;Não iniciado;-;Em Atividade;;;;;;;;
385;UNIVERSIDADE SALVADOR;UNIFACS;Privada com fins lucrativos;5000979;MEDICINA;Bacharelado;Presencial;5;2024;3;2023;3;2025;2;2023;270;06/08/2012;-;Em Atividade;9;Saúde e bem-estar;91;Saúde;912;Medicina;0912M01;Medicina
386;CENTRO UNIVERSITÁRIO DE GOIÁS;UNIGOIÁS;Privada com fins lucrativos;1406658;MEDICINA VETERINÁRIA;Bacharelado;Presencial;4;2022;3;2023;3;2023;3;2023;280;05/02/2018;13/02/2017;Em Atividade;8;Agricultura, silvicultura, pesca e veterinária;84;Veterinária;841;Veterinária;0841M01;Medicina veterinária
386;CENTRO UNIVERSITÁRIO DE GOIÁS;UNIGOIÁS;Privada com fins lucrativos;1422312;MEDICINA VETERINÁRIA;Bacharelado;Presencial;-;;-;;-;;-;;120;Não iniciado;13/02/2017;Em Atividade;8;Agricultura, silvicultura, pesca e veterinária;84;Veterinária;841;Veterinária;0841M01;Medicina veterinária
386;CENTRO UNIVERSITÁRIO DE GOIÁS;UNIGOIÁS;Privada com fins lucrativos;1563469;BIOMEDICINA;Bacharelado;A Distância;-;;-;;-;;-;;500;11/08/2021;02/02/2021;Em Extinção;9;Saúde e bem-estar;91;Saúde;914;Tecnologia de diagnóstico e tratamento médico;0914B01;Biomedicina
386;CENTRO UNIVERSITÁRIO DE GOIÁS;UNIGOIÁS;Privada com fins lucrativos;1597231;BIOMEDICINA;Bacharelado;Presencial;-;;-;;-;;-;;100;26/05/2022;29/12/2021;Em Atividade;9;Saúde e bem-estar;91;Saúde;914;Tecnologia de diagnóstico e tratamento médico;0914B01;Biomedicina
386;CENTRO UNIVERSITÁRIO DE GOIÁS;UNIGOIÁS;Privada com fins lucrativos;1701476;BIOMEDICINA;Bacharelado;Semipresencial;-;;-;;-;;-;;500;Não iniciado;25/09/2025;Em Atividade;9;Saúde e bem-estar;91;Saúde;914;Tecnologia de diagnóstico e tratamento médico;0914B01;Biomedicina
387;UNIVERSIDADE CATÓLICA DOM BOSCO;UCDB;Privada sem fins lucrativos;62233;MEDICINA VETERINÁRIA;Bacharelado;Presencial;3;2009;3;2023;2;2023;2;2023;70;03/02/2003;19/08/2002;Em Atividade;8;Agricultura, silvicultura, pesca e veterinária;84;Veterinária;841;Veterinária;0841M01;Medicina veterinária
387;UNIVERSIDADE CATÓLICA DOM BOSCO;UCDB;Privada sem fins lucrativos;1343525;BIOMEDICINA;Bacharelado;Presencial;5;2019;4;2023;4;2023;4;2023;70;01/02/2016;25/09/2015;Em Atividade;9;Saúde e bem-estar;91;Saúde;914;Tecnologia de diagnóstico e tratamento médico;0914B01;Biomedicina
387;UNIVERSIDADE CATÓLICA DOM BOSCO;UCDB;Privada sem fins lucrativos;1662898;BIOMEDICINA;Bacharelado;A Distância;-;;-;;-;;-;;200;Não iniciado;30/11/2023;Em Extinção;9;Saúde e bem-estar;91;Saúde;914;Tecnologia de diagnóstico e tratamento médico;0914B01;Biomedicina
387;UNIVERSIDADE CATÓLICA DOM BOSCO;UCDB;Privada sem fins lucrativos;1708736;BIOMEDICINA;Bacharelado;Semipresencial;-;;-;;-;;-;;1600;Não iniciado;25/09/2025;Em Atividade;9;Saúde e bem-estar;91;Saúde;914;Tecnologia de diagnóstico e tratamento médico;0914B01;Biomedicina
396;Centro Universitário Ruy Barbosa Wyden;UniRuy Wyden;Privada com fins lucrativos;1322461;BIOMEDICINA;Bacharelado;Presencial;5;2022;4;2023;3;2023;4;2023;100;03/10/2017;03/10/2017;Em Atividade;9;Saúde e bem-estar;91;Saúde;914;Tecnologia de diagnóstico e tratamento médico;0914B01;Biomedicina
396;Centro Universitário Ruy Barbosa Wyden;UniRuy Wyden;Privada com fins lucrativos;1385317;BIOMEDICINA;Bacharelado;Presencial;-;;-;;-;;-;;100;19/02/2018;20/09/2017;Extinto;9;Saúde e bem-estar;91;Saúde;914;Tecnologia de diagnóstico e tratamento médico;0914B01;Biomedicina
398;UNIVERSIDADE TIRADENTES;UNIT;Privada com fins lucrativos;86284;BIOMEDICINA;Bacharelado;Presencial;5;2009;4;2023;3;2023;3;2023;100;02/08/2004;13/04/2004;Em Atividade;9;Saúde e bem-estar;91;Saúde;914;Tecnologia de diagnóstico e tratamento médico;0914B01;Biomedicina
398;UNIVERSIDADE TIRADENTES;UNIT;Privada com fins lucrativos;1483768;MEDICINA;Bacharelado;Presencial;5;2025;-;;4;2025;-;;50;03/08/2020;22/06/2020;Em Atividade;9;Saúde e bem-estar;91;Saúde;912;Medicina;0912M01;Medicina
398;UNIVERSIDADE TIRADENTES;UNIT;Privada com fins lucrativos;1485392;BIOMEDICINA;Bacharelado;A Distância;4;2024;3;2023;1;2023;2;2023;600;19/08/2019;07/06/2019;Em Extinção;9;Saúde e bem-estar;91;Saúde;914;Tecnologia de diagnóstico e tratamento médico;0914B01;Biomedicina
398;UNIVERSIDADE TIRADENTES;UNIT;Privada com fins lucrativos;5000001;MEDICINA;Bacharelado;Presencial;5;2025;3;2023;3;2025;3;2023;160;18/01/2010;-;Em Atividade;9;Saúde e bem-estar;91;Saúde;912;Medicina;0912M01;Medicina
402;CENTRO UNIVERSITÁRIO DE BRASÍLIA;UNICEUB;Privada sem fins lucrativos;63884;BIOMEDICINA;Bacharelado;Presencial;3;2008;4;2023;4;2023;4;2023;240;28/07/2003;14/04/2003;Em Atividade;9;Saúde e bem-estar;91;Saúde;914;Tecnologia de diagnóstico e tratamento médico;0914B01;Biomedicina
402;CENTRO UNIVERSITÁRIO DE BRASÍLIA;UNICEUB;Privada sem fins lucrativos;1135207;MEDICINA;Bacharelado;Presencial;5;2025;3;2023;4;2025;3;2023;150;01/08/2013;21/03/2013;Em Atividade;9;Saúde e bem-estar;91;Saúde;912;Medicina;0912M01;Medicina
402;CENTRO UNIVERSITÁRIO DE BRASÍLIA;UNICEUB;Privada sem fins lucrativos;1349613;MEDICINA VETERINÁRIA;Bacharelado;Presencial;4;2022;3;2023;3;2023;2;2023;180;22/02/2016;08/10/2015;Em Atividade;8;Agricultura, silvicultura, pesca e veterinária;84;Veterinária;841;Veterinária;0841M01;Medicina veterinária
402;CENTRO UNIVERSITÁRIO DE BRASÍLIA;UNICEUB;Privada sem fins lucrativos;1585932;BIOMEDICINA;Bacharelado;Presencial;5;2023;4;2023;4;2023;4;2023;60;09/08/2021;19/07/2021;Em Atividade;9;Saúde e bem-estar;91;Saúde;914;Tecnologia de diagnóstico e tratamento médico;0914B01;Biomedicina
403;UNIVERSIDADE CATÓLICA DE BRASÍLIA;UCB;Privada sem fins lucrativos;48854;MEDICINA;Bacharelado;Presencial;5;2024;4;2023;4;2025;4;2023;100;15/08/2001;06/07/2001;Em Atividade;9;Saúde e bem-estar;91;Saúde;912;Medicina;0912M01;Medicina
403;UNIVERSIDADE CATÓLICA DE BRASÍLIA;UCB;Privada sem fins lucrativos;91295;BIOMEDICINA;Bacharelado;Presencial;5;2008;4;2023;4;2023;4;2023;50;06/02/2006;05/12/2005;Em Atividade;9;Saúde e bem-estar;91;Saúde;914;Tecnologia de diagnóstico e tratamento médico;0914B01;Biomedicina
403;UNIVERSIDADE CATÓLICA DE BRASÍLIA;UCB;Privada sem fins lucrativos;1457306;MEDICINA VETERINÁRIA;Bacharelado;Presencial;4;2023;4;2023;4;2023;3;2023;100;18/02/2019;29/10/2018;Em Atividade;8;Agricultura, silvicultura, pesca e veterinária;84;Veterinária;841;Veterinária;0841M01;Medicina veterinária
403;UNIVERSIDADE CATÓLICA DE BRASÍLIA;UCB;Privada sem fins lucrativos;1617145;BIOMEDICINA;Bacharelado;A Distância;-;;-;;-;;-;;300;31/12/2022;07/11/2022;Em Extinção;9;Saúde e bem-estar;91;Saúde;914;Tecnologia de diagnóstico e tratamento médico;0914B01;Biomedicina
403;UNIVERSIDADE CATÓLICA DE BRASÍLIA;UCB;Privada sem fins lucrativos;1701484;BIOMEDICINA;Bacharelado;Semipresencial;-;;-;;-;;-;;300;Não iniciado;25/09/2025;Em Atividade;9;Saúde e bem-estar;91;Saúde;914;Tecnologia de diagnóstico e tratamento médico;0914B01;Biomedicina
404;FACULDADES INTEGRADAS DA UPIS;UPIS;Privada sem fins lucrativos;18319;MEDICINA VETERINÁRIA;Bacharelado;Presencial;3;2008;3;2023;3;2023;3;2023;140;24/08/1998;24/08/1998;Em Atividade;8;Agricultura, silvicultura, pesca e veterinária;84;Veterinária;841;Veterinária;0841M01;Medicina veterinária
409;UNIVERSIDADE DE PERNAMBUCO;UPE;Pública Estadual;8437;MEDICINA;Bacharelado;Presencial;-;;4;2023;4;2025;3;2023;150;27/03/1951;27/03/1951;Em Atividade;9;Saúde e bem-estar;91;Saúde;912;Medicina;0912M01;Medicina
409;UNIVERSIDADE DE PERNAMBUCO;UPE;Pública Estadual;1183958;MEDICINA;Bacharelado;Presencial;-;;4;2019;5;2025;4;2019;40;01/08/2011;-;Em Atividade;9;Saúde e bem-estar;91;Saúde;912;Medicina;0912M01;Medicina
409;UNIVERSIDADE DE PERNAMBUCO;UPE;Pública Estadual;1276878;MEDICINA;Bacharelado;Presencial;-;;4;2023;5;2025;4;2023;20;01/08/2013;27/05/2010;Em Atividade;9;Saúde e bem-estar;91;Saúde;912;Medicina;0912M01;Medicina
415;FACULDADE DE CIÊNCIAS MÉDICAS DA SANTA CASA SÃO PAULO;FCMSCSP;Privada sem fins lucrativos;8554;MEDICINA;Bacharelado;Presencial;5;2024;5;2023;5;2025;4;2023;180;20/05/1963;16/05/1963;Em Atividade;9;Saúde e bem-estar;91;Saúde;912;Medicina;0912M01;Medicina
415;FACULDADE DE CIÊNCIAS MÉDICAS DA SANTA CASA SÃO PAULO;FCMSCSP;Privada sem fins lucrativos;1667635;BIOMEDICINA;Bacharelado;Presencial;-;;-;;-;;-;;210;17/02/2025;14/08/2024;Em Atividade;9;Saúde e bem-estar;91;Saúde;914;Tecnologia de diagnóstico e tratamento médico;0914B01;Biomedicina
417;UNIVERSIDADE CIDADE DE SÃO PAULO;UNICID;Privada com fins lucrativos;57402;MEDICINA;Bacharelado;Presencial;5;2025;3;2023;2;2025;3;2023;276;16/02/2004;24/10/2002;Em Atividade;9;Saúde e bem-estar;91;Saúde;912;Medicina;0912M01;Medicina
417;UNIVERSIDADE CIDADE DE SÃO PAULO;UNICID;Privada com fins lucrativos;79485;BIOMEDICINA;Bacharelado;Presencial;5;2010;3;2023;2;2023;3;2023;840;01/02/2006;13/10/2004;Em Atividade;9;Saúde e bem-estar;91;Saúde;914;Tecnologia de diagnóstico e tratamento médico;0914B01;Biomedicina
417;UNIVERSIDADE CIDADE DE SÃO PAULO;UNICID;Privada com fins lucrativos;1468024;BIOMEDICINA;Bacharelado;A Distância;5;2023;2;2023;1;2023;SC;2023;1000;01/02/2019;30/10/2018;Em Extinção;9;Saúde e bem-estar;91;Saúde;914;Tecnologia de diagnóstico e tratamento médico;0914B01;Biomedicina
417;UNIVERSIDADE CIDADE DE SÃO PAULO;UNICID;Privada com fins lucrativos;1632015;MEDICINA VETERINÁRIA;Bacharelado;Presencial;-;;-;;-;;-;;300;13/02/2023;13/02/2023;Em Atividade;8;Agricultura, silvicultura, pesca e veterinária;84;Veterinária;841;Veterinária;0841M01;Medicina veterinária
417;UNIVERSIDADE CIDADE DE SÃO PAULO;UNICID;Privada com fins lucrativos;1701494;BIOMEDICINA;Bacharelado;Semipresencial;-;;-;;-;;-;;1000;16/09/2025;25/09/2025;Em Atividade;9;Saúde e bem-estar;91;Saúde;914;Tecnologia de diagnóstico e tratamento médico;0914B01;Biomedicina
420;UNIVERSIDADE DE MARÍLIA;UNIMAR;Privada com fins lucrativos;8669;MEDICINA VETERINÁRIA;Bacharelado;Presencial;3;2008;4;2023;4;2023;4;2023;150;17/08/1987;29/07/1987;Em Atividade;8;Agricultura, silvicultura, pesca e veterinária;84;Veterinária;841;Veterinária;0841M01;Medicina veterinária
420;UNIVERSIDADE DE MARÍLIA;UNIMAR;Privada com fins lucrativos;8698;MEDICINA;Bacharelado;Presencial;5;2025;3;2023;2;2025;2;2023;150;01/04/1996;20/10/1998;Em Atividade;9;Saúde e bem-estar;91;Saúde;912;Medicina;0912M01;Medicina
420;UNIVERSIDADE DE MARÍLIA;UNIMAR;Privada com fins lucrativos;39431;BIOMEDICINA;Bacharelado;Presencial;4;2008;5;2023;4;2023;5;2023;100;08/08/1988;23/05/1988;Em Atividade;9;Saúde e bem-estar;91;Saúde;914;Tecnologia de diagnóstico e tratamento médico;0914B01;Biomedicina
423;UNIVERSIDADE REGIONAL INTEGRADA DO ALTO URUGUAI E DAS MISSÕES;URI;Privada sem fins lucrativos;1399485;MEDICINA;Bacharelado;Presencial;5;2024;3;2023;4;2025;3;2023;55;26/02/2018;29/11/2017;Em Atividade;9;Saúde e bem-estar;91;Saúde;912;Medicina;0912M01;Medicina
423;UNIVERSIDADE REGIONAL INTEGRADA DO ALTO URUGUAI E DAS MISSÕES;URI;Privada sem fins lucrativos;1441248;MEDICINA VETERINÁRIA;Bacharelado;Presencial;4;2023;3;2023;3;2023;3;2023;50;30/07/2018;06/04/2018;Em Atividade;8;Agricultura, silvicultura, pesca e veterinária;84;Veterinária;841;Veterinária;0841M01;Medicina veterinária
423;UNIVERSIDADE REGIONAL INTEGRADA DO ALTO URUGUAI E DAS MISSÕES;URI;Privada sem fins lucrativos;1454252;MEDICINA VETERINÁRIA;Bacharelado;Presencial;4;2023;3;2023;3;2023;3;2023;50;21/02/2019;06/08/2018;Em Atividade;8;Agricultura, silvicultura, pesca e veterinária;84;Veterinária;841;Veterinária;0841M01;Medicina veterinária
423;UNIVERSIDADE REGIONAL INTEGRADA DO ALTO URUGUAI E DAS MISSÕES;URI;Privada sem fins lucrativos;1457397;BIOMEDICINA;Bacharelado;A Distância;4;2025;3;2023;2;2023;2;2023;500;25/02/2019;06/11/2018;Em Extinção;9;Saúde e bem-estar;91;Saúde;914;Tecnologia de diagnóstico e tratamento médico;0914B01;Biomedicina
423;UNIVERSIDADE REGIONAL INTEGRADA DO ALTO URUGUAI E DAS MISSÕES;URI;Privada sem fins lucrativos;1496207;MEDICINA VETERINÁRIA;Bacharelado;Presencial;4;2024;-;;-;;-;;50;27/02/2020;02/08/2019;Em Atividade;8;Agricultura, silvicultura, pesca e veterinária;84;Veterinária;841;Veterinária;0841M01;Medicina veterinária
423;UNIVERSIDADE REGIONAL INTEGRADA DO ALTO URUGUAI E DAS MISSÕES;URI;Privada sem fins lucrativos;1550076;BIOMEDICINA;Bacharelado;Presencial;4;2024;-;;-;;-;;30;01/03/2021;16/10/2020;Em Atividade;9;Saúde e bem-estar;91;Saúde;914;Tecnologia de diagnóstico e tratamento médico;0914B01;Biomedicina
423;UNIVERSIDADE REGIONAL INTEGRADA DO ALTO URUGUAI E DAS MISSÕES;URI;Privada sem fins lucrativos;1580624;BIOMEDICINA;Bacharelado;Presencial;-;;-;;-;;-;;30;02/03/2022;30/06/2021;Em Atividade;9;Saúde e bem-estar;91;Saúde;914;Tecnologia de diagnóstico e tratamento médico;0914B01;Biomedicina
423;UNIVERSIDADE REGIONAL INTEGRADA DO ALTO URUGUAI E DAS MISSÕES;URI;Privada sem fins lucrativos;1592561;BIOMEDICINA;Bacharelado;Presencial;4;2025;-;;-;;-;;40;02/03/2022;01/10/2021;Em Atividade;9;Saúde e bem-estar;91;Saúde;914;Tecnologia de diagnóstico e tratamento médico;0914B01;Biomedicina
423;UNIVERSIDADE REGIONAL INTEGRADA DO ALTO URUGUAI E DAS MISSÕES;URI;Privada sem fins lucrativos;1659454;BIOMEDICINA;Bacharelado;Presencial;-;;-;;-;;-;;30;07/11/2023;11/10/2023;Em Atividade;9;Saúde e bem-estar;91;Saúde;914;Tecnologia de diagnóstico e tratamento médico;0914B01;Biomedicina
423;UNIVERSIDADE REGIONAL INTEGRADA DO ALTO URUGUAI E DAS MISSÕES;URI;Privada sem fins lucrativos;1701504;BIOMEDICINA;Bacharelado;Semipresencial;-;;-;;-;;-;;30;26/11/2025;25/09/2025;Em Atividade;9;Saúde e bem-estar;91;Saúde;914;Tecnologia de diagnóstico e tratamento médico;0914B01;Biomedicina
426;UNIVERSIDADE FRANCISCANA;UFN;Privada sem fins lucrativos;100454;BIOMEDICINA;Bacharelado;Presencial;4;2011;4;2023;4;2023;4;2023;40;01/03/2007;21/11/2006;Em Atividade;9;Saúde e bem-estar;91;Saúde;914;Tecnologia de diagnóstico e tratamento médico;0914B01;Biomedicina
426;UNIVERSIDADE FRANCISCANA;UFN;Privada sem fins lucrativos;1183313;MEDICINA;Bacharelado;Presencial;5;2022;4;2023;3;2025;4;2023;80;14/08/2014;23/07/2014;Em Atividade;9;Saúde e bem-estar;91;Saúde;912;Medicina;0912M01;Medicina
430;CENTRO UNIVERSITÁRIO FILADÉLFIA;UNIFIL;Privada sem fins lucrativos;83604;BIOMEDICINA;Bacharelado;Presencial;4;2008;4;2023;4;2023;3;2023;100;07/03/2005;13/12/2004;Em Atividade;9;Saúde e bem-estar;91;Saúde;914;Tecnologia de diagnóstico e tratamento médico;0914B01;Biomedicina
430;CENTRO UNIVERSITÁRIO FILADÉLFIA;UNIFIL;Privada sem fins lucrativos;119112;MEDICINA VETERINÁRIA;Bacharelado;Presencial;5;2014;3;2023;3;2023;1;2023;160;16/02/2009;22/09/2008;Em Atividade;8;Agricultura, silvicultura, pesca e veterinária;84;Veterinária;841;Veterinária;0841M01;Medicina veterinária
430;CENTRO UNIVERSITÁRIO FILADÉLFIA;UNIFIL;Privada sem fins lucrativos;150026;BIOMEDICINA;Bacharelado;Presencial;-;;3;2010;2;2010;-;;100;05/03/2005;-;Em Extinção;9;Saúde e bem-estar;91;Saúde;914;Tecnologia de diagnóstico e tratamento médico;0914B01;Biomedicina
430;CENTRO UNIVERSITÁRIO FILADÉLFIA;UNIFIL;Privada sem fins lucrativos;1443509;MEDICINA VETERINÁRIA;Bacharelado;A Distância;-;;-;;-;;-;;100;Não iniciado;01/06/2018;Extinto;8;Agricultura, silvicultura, pesca e veterinária;84;Veterinária;841;Veterinária;0841M01;Medicina veterinária
430;CENTRO UNIVERSITÁRIO FILADÉLFIA;UNIFIL;Privada sem fins lucrativos;1443528;MEDICINA VETERINÁRIA;Bacharelado;A Distância;-;;-;;-;;-;;100;Não iniciado;01/06/2018;Extinto;8;Agricultura, silvicultura, pesca e veterinária;84;Veterinária;841;Veterinária;0841M01;Medicina veterinária
430;CENTRO UNIVERSITÁRIO FILADÉLFIA;UNIFIL;Privada sem fins lucrativos;1546063;BIOMEDICINA;Bacharelado;A Distância;5;2024;-;;-;;-;;100;10/02/2021;11/08/2020;Em Extinção;9;Saúde e bem-estar;91;Saúde;914;Tecnologia de diagnóstico e tratamento médico;0914B01;Biomedicina
430;CENTRO UNIVERSITÁRIO FILADÉLFIA;UNIFIL;Privada sem fins lucrativos;1701507;BIOMEDICINA;Bacharelado;Semipresencial;-;;-;;-;;-;;100;20/10/2025;25/09/2025;Em Atividade;9;Saúde e bem-estar;91;Saúde;914;Tecnologia de diagnóstico e tratamento médico;0914B01;Biomedicina
431;FACULDADE DE MEDICINA DE MARÍLIA;FAMEMA;Pública Estadual;8960;MEDICINA;Bacharelado;Presencial;-;;4;2023;5;2025;4;2023;80;30/01/1967;19/01/1966;Em Atividade;9;Saúde e bem-estar;91;Saúde;912;Medicina;0912M01;Medicina
434;FACULDADE SANTA MARCELINA;FASM;Privada sem fins lucrativos;1136509;MEDICINA;Bacharelado;Presencial;5;2025;3;2023;2;2025;2;2023;170;01/08/2012;18/11/2011;Em Atividade;9;Saúde e bem-estar;91;Saúde;912;Medicina;0912M01;Medicina
437;UNIVERSIDADE PARANAENSE;UNIPAR;Privada sem fins lucrativos;9044;MEDICINA VETERINÁRIA;Bacharelado;Presencial;5;2012;4;2023;3;2023;4;2023;160;22/02/1996;20/05/1995;Em Atividade;8;Agricultura, silvicultura, pesca e veterinária;84;Veterinária;841;Veterinária;0841M01;Medicina veterinária
437;UNIVERSIDADE PARANAENSE;UNIPAR;Privada sem fins lucrativos;83048;BIOMEDICINA;Bacharelado;Presencial;-;;-;;-;;-;;86;10/02/2005;31/01/2004;Extinto;9;Saúde e bem-estar;91;Saúde;914;Tecnologia de diagnóstico e tratamento médico;0914B01;Biomedicina
437;UNIVERSIDADE PARANAENSE;UNIPAR;Privada sem fins lucrativos;83114;BIOMEDICINA;Bacharelado;Presencial;4;2018;4;2023;3;2023;4;2023;128;10/02/2005;31/01/2004;Em Atividade;9;Saúde e bem-estar;91;Saúde;914;Tecnologia de diagnóstico e tratamento médico;0914B01;Biomedicina
437;UNIVERSIDADE PARANAENSE;UNIPAR;Privada sem fins lucrativos;1111399;BIOMEDICINA;Bacharelado;Presencial;-;;-;;-;;-;;80;04/02/2010;-;Extinto;9;Saúde e bem-estar;91;Saúde;914;Tecnologia de diagnóstico e tratamento médico;0914B01;Biomedicina
437;UNIVERSIDADE PARANAENSE;UNIPAR;Privada sem fins lucrativos;1399481;MEDICINA;Bacharelado;Presencial;5;2022;3;2023;2;2025;3;2023;110;12/03/2018;29/11/2017;Em Atividade;9;Saúde e bem-estar;91;Saúde;912;Medicina;0912M01;Medicina
437;UNIVERSIDADE PARANAENSE;UNIPAR;Privada sem fins lucrativos;1427758;BIOMEDICINA;Bacharelado;A Distância;4;2021;3;2023;1;2023;1;2023;560;19/02/2018;13/12/2017;Em Extinção;9;Saúde e bem-estar;91;Saúde;914;Tecnologia de diagnóstico e tratamento médico;0914B01;Biomedicina
437;UNIVERSIDADE PARANAENSE;UNIPAR;Privada com fins lucrativos;1666463;BIOMEDICINA;Bacharelado;Presencial;-;;-;;-;;-;;80;15/02/2024;23/02/2024;Em Atividade;9;Saúde e bem-estar;91;Saúde;914;Tecnologia de diagnóstico e tratamento médico;0914B01;Biomedicina
437;UNIVERSIDADE PARANAENSE;UNIPAR;Privada com fins lucrativos;1666465;MEDICINA VETERINÁRIA;Bacharelado;Presencial;-;;-;;-;;-;;80;15/02/2024;23/02/2024;Em Atividade;8;Agricultura, silvicultura, pesca e veterinária;84;Veterinária;841;Veterinária;0841M01;Medicina veterinária
437;UNIVERSIDADE PARANAENSE;UNIPAR;Privada com fins lucrativos;1666483;BIOMEDICINA;Bacharelado;Presencial;-;;-;;-;;-;;80;15/02/2024;26/02/2024;Em Atividade;9;Saúde e bem-estar;91;Saúde;914;Tecnologia de diagnóstico e tratamento médico;0914B01;Biomedicina
437;UNIVERSIDADE PARANAENSE;UNIPAR;Privada com fins lucrativos;1701513;BIOMEDICINA;Bacharelado;Semipresencial;-;;-;;-;;-;;500;02/03/2026;25/09/2025;Em Atividade;9;Saúde e bem-estar;91;Saúde;914;Tecnologia de diagnóstico e tratamento médico;0914B01;Biomedicina
439;FACULDADE DOUTOR FRANCISCO MAEDA;FAFRAM;Privada sem fins lucrativos;71252;MEDICINA VETERINÁRIA;Bacharelado;Presencial;4;2008;3;2023;3;2023;2;2023;100;02/08/2004;19/03/2004;Em Atividade;8;Agricultura, silvicultura, pesca e veterinária;84;Veterinária;841;Veterinária;0841M01;Medicina veterinária
441;UNIVERSIDADE DO CONTESTADO;UNC;Especial;1613477;BIOMEDICINA;Bacharelado;Presencial;-;;-;;-;;-;;40;Não iniciado;22/09/2022;Em Atividade;9;Saúde e bem-estar;91;Saúde;914;Tecnologia de diagnóstico e tratamento médico;0914B01;Biomedicina
441;UNIVERSIDADE DO CONTESTADO;UNC;Especial;1635468;MEDICINA;Bacharelado;Presencial;-;;-;;-;;-;;120;Não iniciado;04/04/2023;Em Atividade;9;Saúde e bem-estar;91;Saúde;912;Medicina;0912M01;Medicina
441;UNIVERSIDADE DO CONTESTADO;UNC;Especial;1644091;MEDICINA;Bacharelado;Presencial;-;;-;;-;;-;;90;Não iniciado;07/07/2023;Em Atividade;9;Saúde e bem-estar;91;Saúde;912;Medicina;0912M01;Medicina
441;UNIVERSIDADE DO CONTESTADO;UNC;Privada sem fins lucrativos;21029;MEDICINA VETERINÁRIA;Bacharelado;Presencial;-;;3;2019;2;2019;4;2019;90;05/08/1998;13/08/1998;Em Atividade;8;Agricultura, silvicultura, pesca e veterinária;84;Veterinária;841;Veterinária;0841M01;Medicina veterinária
441;UNIVERSIDADE DO CONTESTADO;UNC;Privada sem fins lucrativos;1399287;MEDICINA;Bacharelado;Presencial;-;;3;2023;1;2025;3;2023;120;31/07/2017;21/02/2017;Em Atividade;9;Saúde e bem-estar;91;Saúde;912;Medicina;0912M01;Medicina
441;UNIVERSIDADE DO CONTESTADO;UNC;Privada sem fins lucrativos;1593127;BIOMEDICINA;Bacharelado;A Distância;-;;-;;-;;-;;1000;Não iniciado;26/08/2021;Em Extinção;9;Saúde e bem-estar;91;Saúde;914;Tecnologia de diagnóstico e tratamento médico;0914B01;Biomedicina
446;UNIVERSIDADE DE CRUZ ALTA;UNICRUZ;Privada sem fins lucrativos;19005;MEDICINA VETERINÁRIA;Bacharelado;Presencial;3;2023;4;2023;4;2023;5;2023;180;01/03/1998;22/08/1997;Em Atividade;8;Agricultura, silvicultura, pesca e veterinária;84;Veterinária;841;Veterinária;0841M01;Medicina veterinária
446;UNIVERSIDADE DE CRUZ ALTA;UNICRUZ;Privada sem fins lucrativos;69109;BIOMEDICINA;Bacharelado;Presencial;4;2007;4;2023;4;2023;4;2023;80;05/03/2004;10/07/2003;Em Atividade;9;Saúde e bem-estar;91;Saúde;914;Tecnologia de diagnóstico e tratamento médico;0914B01;Biomedicina
448;CENTRO UNIVERSITÁRIO RITTER DOS REIS;UNIRITTER;Privada com fins lucrativos;1166231;BIOMEDICINA;Bacharelado;Presencial;4;2015;4;2023;3;2023;4;2023;150;27/02/2012;21/09/2011;Em Atividade;9;Saúde e bem-estar;91;Saúde;914;Tecnologia de diagnóstico e tratamento médico;0914B01;Biomedicina
448;CENTRO UNIVERSITÁRIO RITTER DOS REIS;UNIRITTER;Privada com fins lucrativos;1214342;MEDICINA VETERINÁRIA;Bacharelado;Presencial;4;2017;4;2023;3;2023;4;2023;550;01/08/2013;30/04/2013;Em Atividade;8;Agricultura, silvicultura, pesca e veterinária;84;Veterinária;841;Veterinária;0841M01;Medicina veterinária
448;CENTRO UNIVERSITÁRIO RITTER DOS REIS;UNIRITTER;Privada com fins lucrativos;1313040;BIOMEDICINA;Bacharelado;Presencial;4;2019;3;2023;2;2023;3;2023;120;02/03/2015;08/10/2014;Em Atividade;9;Saúde e bem-estar;91;Saúde;914;Tecnologia de diagnóstico e tratamento médico;0914B01;Biomedicina
448;CENTRO UNIVERSITÁRIO RITTER DOS REIS;UNIRITTER;Privada com fins lucrativos;1519948;BIOMEDICINA;Bacharelado;A Distância;4;2025;3;2023;2;2023;2;2023;200;03/04/2020;-;Em Extinção;9;Saúde e bem-estar;91;Saúde;914;Tecnologia de diagnóstico e tratamento médico;0914B01;Biomedicina
448;CENTRO UNIVERSITÁRIO RITTER DOS REIS;UNIRITTER;Privada com fins lucrativos;1541053;BIOMEDICINA;Bacharelado;Presencial;-;;-;;-;;-;;120;10/08/2020;15/06/2020;Extinto;9;Saúde e bem-estar;91;Saúde;914;Tecnologia de diagnóstico e tratamento médico;0914B01;Biomedicina
448;CENTRO UNIVERSITÁRIO RITTER DOS REIS;UNIRITTER;Privada com fins lucrativos;1701521;BIOMEDICINA;Bacharelado;Semipresencial;-;;-;;-;;-;;200;06/10/2025;25/09/2025;Em Atividade;9;Saúde e bem-estar;91;Saúde;914;Tecnologia de diagnóstico e tratamento médico;0914B01;Biomedicina
449;UNIVERSIDADE LUTERANA DO BRASIL;ULBRA;Privada sem fins lucrativos;9317;MEDICINA VETERINÁRIA;Bacharelado;Presencial;4;2008;4;2023;3;2023;4;2023;120;01/03/1993;31/10/1991;Em Atividade;8;Agricultura, silvicultura, pesca e veterinária;84;Veterinária;841;Veterinária;0841M01;Medicina veterinária
449;UNIVERSIDADE LUTERANA DO BRASIL;ULBRA;Privada sem fins lucrativos;9326;MEDICINA;Bacharelado;Presencial;4;2018;2;2023;2;2025;2;2023;120;05/04/1996;05/02/1996;Em Atividade;9;Saúde e bem-estar;91;Saúde;912;Medicina;0912M01;Medicina
449;UNIVERSIDADE LUTERANA DO BRASIL;ULBRA;Privada sem fins lucrativos;65092;BIOMEDICINA;Bacharelado;Presencial;-;;-;;-;;-;;100;01/03/2003;28/08/2002;Extinto;9;Saúde e bem-estar;91;Saúde;914;Tecnologia de diagnóstico e tratamento médico;0914B01;Biomedicina
449;UNIVERSIDADE LUTERANA DO BRASIL;ULBRA;Privada sem fins lucrativos;72846;BIOMEDICINA;Bacharelado;Presencial;3;2008;3;2023;3;2023;2;2023;100;25/02/2004;27/08/2003;Em Atividade;9;Saúde e bem-estar;91;Saúde;914;Tecnologia de diagnóstico e tratamento médico;0914B01;Biomedicina
449;UNIVERSIDADE LUTERANA DO BRASIL;ULBRA;Privada sem fins lucrativos;75366;BIOMEDICINA;Bacharelado;Presencial;4;2011;4;2023;3;2023;3;2023;100;01/01/2005;29/09/2004;Em Atividade;9;Saúde e bem-estar;91;Saúde;914;Tecnologia de diagnóstico e tratamento médico;0914B01;Biomedicina
449;UNIVERSIDADE LUTERANA DO BRASIL;ULBRA;;1721299;BIOMEDICINA;Bacharelado;Semipresencial;-;;-;;-;;-;;500;Não iniciado;-;Em Atividade;;;;;;;;
450;Centro Universitário São Lucas Ji-Paraná;UniSL;Privada com fins lucrativos;75368;MEDICINA VETERINÁRIA;Bacharelado;Presencial;4;2017;3;2023;2;2023;3;2023;100;21/02/2005;25/08/2004;Em Atividade;8;Agricultura, silvicultura, pesca e veterinária;84;Veterinária;841;Veterinária;0841M01;Medicina veterinária
450;Centro Universitário São Lucas Ji-Paraná;UniSL;Privada com fins lucrativos;118392;BIOMEDICINA;Bacharelado;Presencial;3;2016;3;2023;2;2023;3;2023;100;09/02/2009;31/07/2008;Em Atividade;9;Saúde e bem-estar;91;Saúde;914;Tecnologia de diagnóstico e tratamento médico;0914B01;Biomedicina
450;Centro Universitário São Lucas Ji-Paraná;UniSL;Privada com fins lucrativos;1518807;MEDICINA;Bacharelado;Presencial;5;2021;-;;-;;-;;28;21/06/2022;18/03/2022;Em Atividade;;;;;;;;
453;CENTRO UNIVERSITÁRIO LUTERANO DE PALMAS;CEULP;Privada sem fins lucrativos;43621;BIOMEDICINA;Bacharelado;Presencial;4;2013;4;2023;3;2023;4;2023;100;19/02/2001;25/09/2000;Em Atividade;9;Saúde e bem-estar;91;Saúde;914;Tecnologia de diagnóstico e tratamento médico;0914B01;Biomedicina
453;CENTRO UNIVERSITÁRIO LUTERANO DE PALMAS;CEULP;Privada sem fins lucrativos;1286065;MEDICINA VETERINÁRIA;Bacharelado;Presencial;5;2019;4;2023;2;2023;3;2023;100;28/07/2014;29/01/2014;Em Atividade;8;Agricultura, silvicultura, pesca e veterinária;84;Veterinária;841;Veterinária;0841M01;Medicina veterinária
456;CENTRO UNIVERSITÁRIO SANT´ANNA;UNISANT'ANNA;Privada sem fins lucrativos;1323258;BIOMEDICINA;Bacharelado;Presencial;-;;-;;-;;-;;200;02/02/2015;05/08/2014;Extinto;9;Saúde e bem-estar;91;Saúde;914;Tecnologia de diagnóstico e tratamento médico;0914B01;Biomedicina
456;CENTRO UNIVERSITÁRIO SANT´ANNA;UNISANT'ANNA;Privada sem fins lucrativos;1428553;MEDICINA VETERINÁRIA;Bacharelado;Presencial;-;;-;;-;;-;;200;Não iniciado;23/01/2018;Em Atividade;8;Agricultura, silvicultura, pesca e veterinária;84;Veterinária;841;Veterinária;0841M01;Medicina veterinária
456;CENTRO UNIVERSITÁRIO SANT´ANNA;UNISANT'ANNA;Privada sem fins lucrativos;1465680;BIOMEDICINA;Bacharelado;A Distância;-;;-;;-;;-;;200;Não iniciado;11/01/2019;Em Atividade;9;Saúde e bem-estar;91;Saúde;914;Tecnologia de diagnóstico e tratamento médico;0914B01;Biomedicina
456;CENTRO UNIVERSITÁRIO SANT´ANNA;UNISANT'ANNA;Privada sem fins lucrativos;1713829;BIOMEDICINA;Bacharelado;Semipresencial;-;;-;;-;;-;;200;Não iniciado;25/09/2025;Em Atividade;9;Saúde e bem-estar;91;Saúde;914;Tecnologia de diagnóstico e tratamento médico;0914B01;Biomedicina
457;UNIVERSIDADE ANHANGUERA DE SÃO PAULO;UNIAN - SP;Privada com fins lucrativos;18451;MEDICINA VETERINÁRIA;Bacharelado;Presencial;4;2023;3;2023;2;2023;2;2023;160;04/08/1997;20/11/1996;Em Atividade;8;Agricultura, silvicultura, pesca e veterinária;84;Veterinária;841;Veterinária;0841M01;Medicina veterinária
457;UNIVERSIDADE ANHANGUERA DE SÃO PAULO;UNIAN - SP;Privada com fins lucrativos;44929;MEDICINA VETERINÁRIA;Bacharelado;Presencial;3;2017;3;2023;3;2023;2;2023;180;24/02/1997;28/06/1996;Em Atividade;8;Agricultura, silvicultura, pesca e veterinária;84;Veterinária;841;Veterinária;0841M01;Medicina veterinária
457;UNIVERSIDADE ANHANGUERA DE SÃO PAULO;UNIAN - SP;Privada com fins lucrativos;44963;BIOMEDICINA;Bacharelado;Presencial;4;2010;3;2023;2;2023;2;2023;90;26/02/1996;05/10/1995;Em Atividade;9;Saúde e bem-estar;91;Saúde;914;Tecnologia de diagnóstico e tratamento médico;0914B01;Biomedicina
457;UNIVERSIDADE ANHANGUERA DE SÃO PAULO;UNIAN - SP;Privada com fins lucrativos;63586;BIOMEDICINA;Bacharelado;Presencial;4;2017;3;2023;2;2023;2;2023;240;17/02/2003;05/10/1995;Em Atividade;9;Saúde e bem-estar;91;Saúde;914;Tecnologia de diagnóstico e tratamento médico;0914B01;Biomedicina
457;UNIVERSIDADE ANHANGUERA DE SÃO PAULO;UNIAN - SP;Privada com fins lucrativos;89112;BIOMEDICINA;Bacharelado;Presencial;-;;-;;-;;-;;90;06/02/2006;05/10/1995;Extinto;9;Saúde e bem-estar;91;Saúde;914;Tecnologia de diagnóstico e tratamento médico;0914B01;Biomedicina
457;UNIVERSIDADE ANHANGUERA DE SÃO PAULO;UNIAN - SP;Privada com fins lucrativos;1303755;BIOMEDICINA;Bacharelado;Presencial;4;2022;4;2023;2;2023;3;2023;160;26/04/2016;02/03/2016;Em Atividade;9;Saúde e bem-estar;91;Saúde;914;Tecnologia de diagnóstico e tratamento médico;0914B01;Biomedicina
457;UNIVERSIDADE ANHANGUERA DE SÃO PAULO;UNIAN - SP;Privada com fins lucrativos;1341551;BIOMEDICINA;Bacharelado;Presencial;-;;-;;-;;-;;300;03/07/2017;13/11/2015;Extinto;9;Saúde e bem-estar;91;Saúde;914;Tecnologia de diagnóstico e tratamento médico;0914B01;Biomedicina
458;UNIVERSIDADE IBIRAPUERA;UNIB;Privada sem fins lucrativos;73795;BIOMEDICINA;Bacharelado;Presencial;4;2012;SC;2023;SC;2023;SC;2023;240;12/02/2004;30/05/2003;Em Atividade;9;Saúde e bem-estar;91;Saúde;914;Tecnologia de diagnóstico e tratamento médico;0914B01;Biomedicina
466;UNIVERSIDADE ANHEMBI MORUMBI;UAM;Privada com fins lucrativos;21351;MEDICINA VETERINÁRIA;Bacharelado;Presencial;3;2008;3;2023;3;2023;2;2023;950;22/02/1999;20/03/1998;Em Atividade;8;Agricultura, silvicultura, pesca e veterinária;84;Veterinária;841;Veterinária;0841M01;Medicina veterinária
466;UNIVERSIDADE ANHEMBI MORUMBI;UAM;Privada com fins lucrativos;100956;MEDICINA;Bacharelado;Presencial;5;2024;3;2023;2;2025;2;2023;195;02/01/2008;05/02/2007;Em Atividade;9;Saúde e bem-estar;91;Saúde;912;Medicina;0912M01;Medicina
466;UNIVERSIDADE ANHEMBI MORUMBI;UAM;Privada com fins lucrativos;1162801;BIOMEDICINA;Bacharelado;Presencial;5;2015;3;2023;3;2023;2;2023;250;01/02/2012;01/07/2011;Em Atividade;9;Saúde e bem-estar;91;Saúde;914;Tecnologia de diagnóstico e tratamento médico;0914B01;Biomedicina
466;UNIVERSIDADE ANHEMBI MORUMBI;UAM;Privada com fins lucrativos;1374693;BIOMEDICINA;Bacharelado;Presencial;4;2023;4;2023;3;2023;3;2023;180;06/02/2017;21/09/2016;Em Atividade;9;Saúde e bem-estar;91;Saúde;914;Tecnologia de diagnóstico e tratamento médico;0914B01;Biomedicina
466;UNIVERSIDADE ANHEMBI MORUMBI;UAM;Privada com fins lucrativos;1399477;MEDICINA;Bacharelado;Presencial;5;2024;3;2023;2;2025;2;2023;100;06/08/2018;14/05/2018;Em Atividade;9;Saúde e bem-estar;91;Saúde;912;Medicina;0912M01;Medicina
466;UNIVERSIDADE ANHEMBI MORUMBI;UAM;Privada com fins lucrativos;1408259;MEDICINA;Bacharelado;Presencial;5;2024;3;2023;2;2025;2;2023;140;20/08/2018;29/06/2018;Em Atividade;9;Saúde e bem-estar;91;Saúde;912;Medicina;0912M01;Medicina
466;UNIVERSIDADE ANHEMBI MORUMBI;UAM;Privada com fins lucrativos;1454761;BIOMEDICINA;Bacharelado;Presencial;4;2023;3;2023;2;2023;1;2023;200;10/02/2020;01/04/2019;Em Atividade;9;Saúde e bem-estar;91;Saúde;914;Tecnologia de diagnóstico e tratamento médico;0914B01;Biomedicina
466;UNIVERSIDADE ANHEMBI MORUMBI;UAM;Privada com fins lucrativos;1454762;BIOMEDICINA;Bacharelado;Presencial;5;2024;3;2023;3;2023;3;2023;200;05/08/2019;10/04/2019;Em Atividade;9;Saúde e bem-estar;91;Saúde;914;Tecnologia de diagnóstico e tratamento médico;0914B01;Biomedicina
466;UNIVERSIDADE ANHEMBI MORUMBI;UAM;Privada com fins lucrativos;1503125;MEDICINA VETERINÁRIA;Bacharelado;Presencial;4;2025;-;;-;;-;;200;21/02/2022;16/10/2020;Em Atividade;8;Agricultura, silvicultura, pesca e veterinária;84;Veterinária;841;Veterinária;0841M01;Medicina veterinária
466;UNIVERSIDADE ANHEMBI MORUMBI;UAM;Privada com fins lucrativos;1526168;BIOMEDICINA;Bacharelado;A Distância;5;2025;3;2023;2;2023;SC;2023;200;10/02/2020;02/12/2019;Em Extinção;9;Saúde e bem-estar;91;Saúde;914;Tecnologia de diagnóstico e tratamento médico;0914B01;Biomedicina
466;UNIVERSIDADE ANHEMBI MORUMBI;UAM;Privada com fins lucrativos;1585565;MEDICINA VETERINÁRIA;Bacharelado;Presencial;-;;-;;-;;-;;150;07/03/2022;13/12/2021;Em Atividade;8;Agricultura, silvicultura, pesca e veterinária;84;Veterinária;841;Veterinária;0841M01;Medicina veterinária
466;UNIVERSIDADE ANHEMBI MORUMBI;UAM;Privada com fins lucrativos;1603032;BIOMEDICINA;Bacharelado;Presencial;4;2025;-;;-;;-;;100;18/03/2022;18/03/2022;Em Atividade;9;Saúde e bem-estar;91;Saúde;914;Tecnologia de diagnóstico e tratamento médico;0914B01;Biomedicina
466;UNIVERSIDADE ANHEMBI MORUMBI;UAM;Privada com fins lucrativos;1603049;MEDICINA VETERINÁRIA;Bacharelado;Presencial;4;2025;-;;-;;-;;100;18/03/2022;18/03/2022;Em Atividade;8;Agricultura, silvicultura, pesca e veterinária;84;Veterinária;841;Veterinária;0841M01;Medicina veterinária
466;UNIVERSIDADE ANHEMBI MORUMBI;UAM;Privada com fins lucrativos;1603050;MEDICINA VETERINÁRIA;Bacharelado;Presencial;4;2025;-;;-;;-;;100;18/03/2022;18/03/2022;Em Atividade;8;Agricultura, silvicultura, pesca e veterinária;84;Veterinária;841;Veterinária;0841M01;Medicina veterinária
466;UNIVERSIDADE ANHEMBI MORUMBI;UAM;Privada com fins lucrativos;1701525;BIOMEDICINA;Bacharelado;Semipresencial;-;;-;;-;;-;;200;06/10/2025;25/09/2025;Em Atividade;9;Saúde e bem-estar;91;Saúde;914;Tecnologia de diagnóstico e tratamento médico;0914B01;Biomedicina
472;Afya Universidade Unigranrio;UNIGRANRIO;Privada com fins lucrativos;1701532;BIOMEDICINA;Bacharelado;Semipresencial;-;;-;;-;;-;;300;Não iniciado;25/09/2025;Em Atividade;9;Saúde e bem-estar;91;Saúde;914;Tecnologia de diagnóstico e tratamento médico;0914B01;Biomedicina
472;UNIVERSIDADE DO GRANDE RIO PROFESSOR JOSÉ DE SOUZA HERDY;UNIGRANRIO;Privada com fins lucrativos;9733;MEDICINA VETERINÁRIA;Bacharelado;Presencial;3;2008;3;2023;3;2023;2;2023;120;06/02/1995;29/06/1994;Em Atividade;8;Agricultura, silvicultura, pesca e veterinária;84;Veterinária;841;Veterinária;0841M01;Medicina veterinária
472;UNIVERSIDADE DO GRANDE RIO PROFESSOR JOSÉ DE SOUZA HERDY;UNIGRANRIO;Privada com fins lucrativos;18605;MEDICINA;Bacharelado;Presencial;4;2025;2;2023;2;2025;1;2023;198;22/04/1997;12/03/1997;Em Atividade;9;Saúde e bem-estar;91;Saúde;912;Medicina;0912M01;Medicina
472;UNIVERSIDADE DO GRANDE RIO PROFESSOR JOSÉ DE SOUZA HERDY;UNIGRANRIO;Privada com fins lucrativos;75821;MEDICINA;Bacharelado;Presencial;5;2025;4;2023;2;2025;3;2023;110;08/08/2007;20/08/2004;Em Atividade;9;Saúde e bem-estar;91;Saúde;912;Medicina;0912M01;Medicina
472;UNIVERSIDADE DO GRANDE RIO PROFESSOR JOSÉ DE SOUZA HERDY;UNIGRANRIO;Privada com fins lucrativos;1286465;BIOMEDICINA;Bacharelado;Presencial;4;2017;4;2023;3;2023;3;2023;180;10/02/2014;08/10/2013;Em Atividade;9;Saúde e bem-estar;91;Saúde;914;Tecnologia de diagnóstico e tratamento médico;0914B01;Biomedicina
472;UNIVERSIDADE DO GRANDE RIO PROFESSOR JOSÉ DE SOUZA HERDY;UNIGRANRIO;Privada com fins lucrativos;1383359;BIOMEDICINA;Bacharelado;Presencial;5;2022;3;2023;2;2023;3;2023;200;05/02/2018;03/10/2017;Em Atividade;9;Saúde e bem-estar;91;Saúde;914;Tecnologia de diagnóstico e tratamento médico;0914B01;Biomedicina
472;UNIVERSIDADE DO GRANDE RIO PROFESSOR JOSÉ DE SOUZA HERDY;UNIGRANRIO;Privada com fins lucrativos;1419746;BIOMEDICINA;Bacharelado;Presencial;5;2023;4;2023;2;2023;3;2023;200;07/08/2017;09/10/2014;Em Atividade;9;Saúde e bem-estar;91;Saúde;914;Tecnologia de diagnóstico e tratamento médico;0914B01;Biomedicina
472;UNIVERSIDADE DO GRANDE RIO PROFESSOR JOSÉ DE SOUZA HERDY;UNIGRANRIO;Privada com fins lucrativos;1616141;BIOMEDICINA;Bacharelado;A Distância;-;;-;;-;;-;;300;06/02/2023;28/10/2022;Em Extinção;9;Saúde e bem-estar;91;Saúde;914;Tecnologia de diagnóstico e tratamento médico;0914B01;Biomedicina
475;FACULDADE DE MEDICINA DE PETRÓPOLIS;FMP;Privada sem fins lucrativos;9772;MEDICINA;Bacharelado;Presencial;4;2019;4;2023;4;2023;3;2023;150;31/10/1967;18/08/1967;Em Atividade;9;Saúde e bem-estar;91;Saúde;912;Medicina;0912M01;Medicina
480;CENTRO UNIVERSITÁRIO SERRA DOS ÓRGÃOS;UNIFESO;Privada sem fins lucrativos;9805;MEDICINA;Bacharelado;Presencial;5;2025;4;2023;2;2025;3;2023;144;10/04/1970;13/04/1970;Em Atividade;9;Saúde e bem-estar;91;Saúde;912;Medicina;0912M01;Medicina
480;CENTRO UNIVERSITÁRIO SERRA DOS ÓRGÃOS;UNIFESO;Privada sem fins lucrativos;21548;MEDICINA VETERINÁRIA;Bacharelado;Presencial;4;2008;4;2023;3;2023;3;2023;100;01/08/2000;05/05/2000;Em Atividade;8;Agricultura, silvicultura, pesca e veterinária;84;Veterinária;841;Veterinária;0841M01;Medicina veterinária
480;CENTRO UNIVERSITÁRIO SERRA DOS ÓRGÃOS;UNIFESO;Privada sem fins lucrativos;1520957;BIOMEDICINA;Bacharelado;Presencial;4;2023;4;2023;3;2023;3;2023;100;17/02/2020;20/01/2020;Em Atividade;9;Saúde e bem-estar;91;Saúde;914;Tecnologia de diagnóstico e tratamento médico;0914B01;Biomedicina
480;CENTRO UNIVERSITÁRIO SERRA DOS ÓRGÃOS;UNIFESO;Privada sem fins lucrativos;1659712;BIOMEDICINA;Bacharelado;A Distância;-;;-;;-;;-;;160;09/10/2023;18/10/2023;Em Extinção;9;Saúde e bem-estar;91;Saúde;914;Tecnologia de diagnóstico e tratamento médico;0914B01;Biomedicina
480;CENTRO UNIVERSITÁRIO SERRA DOS ÓRGÃOS;UNIFESO;Privada sem fins lucrativos;1708760;BIOMEDICINA;Bacharelado;Semipresencial;-;;-;;-;;-;;1280;Não iniciado;25/09/2025;Em Atividade;9;Saúde e bem-estar;91;Saúde;914;Tecnologia de diagnóstico e tratamento médico;0914B01;Biomedicina
481;Universidade Universus Veritas Guarulhos;Univeritas UNG;Privada sem fins lucrativos;18571;MEDICINA VETERINÁRIA;Bacharelado;Presencial;4;2019;3;2023;3;2023;2;2023;480;08/02/1997;06/10/1995;Em Atividade;8;Agricultura, silvicultura, pesca e veterinária;84;Veterinária;841;Veterinária;0841M01;Medicina veterinária
481;Universidade Universus Veritas Guarulhos;Univeritas UNG;Privada sem fins lucrativos;110440;BIOMEDICINA;Bacharelado;Presencial;4;2019;4;2023;3;2023;4;2023;240;07/02/2008;20/12/2007;Em Atividade;9;Saúde e bem-estar;91;Saúde;914;Tecnologia de diagnóstico e tratamento médico;0914B01;Biomedicina
481;Universidade Universus Veritas Guarulhos;Univeritas UNG;Privada sem fins lucrativos;1322486;BIOMEDICINA;Bacharelado;Presencial;3;2016;-;;-;;-;;180;01/02/2018;06/07/2017;Em Extinção;9;Saúde e bem-estar;91;Saúde;914;Tecnologia de diagnóstico e tratamento médico;0914B01;Biomedicina
481;Universidade Universus Veritas Guarulhos;Univeritas UNG;Privada sem fins lucrativos;1331542;BIOMEDICINA;Bacharelado;Presencial;-;;-;;-;;-;;200;Não iniciado;12/06/2017;Extinto;9;Saúde e bem-estar;91;Saúde;914;Tecnologia de diagnóstico e tratamento médico;0914B01;Biomedicina
481;Universidade Universus Veritas Guarulhos;Univeritas UNG;Privada sem fins lucrativos;1344186;BIOMEDICINA;Bacharelado;Presencial;-;;-;;-;;-;;240;03/12/2015;03/12/2015;Em Atividade;9;Saúde e bem-estar;91;Saúde;914;Tecnologia de diagnóstico e tratamento médico;0914B01;Biomedicina
481;Universidade Universus Veritas Guarulhos;Univeritas UNG;Privada sem fins lucrativos;1485264;BIOMEDICINA;Bacharelado;A Distância;4;2024;2;2023;1;2023;SC;2023;2000;01/02/2018;12/04/2019;Em Extinção;9;Saúde e bem-estar;91;Saúde;914;Tecnologia de diagnóstico e tratamento médico;0914B01;Biomedicina
481;Universidade Universus Veritas Guarulhos;Univeritas UNG;Privada sem fins lucrativos;1547271;MEDICINA VETERINÁRIA;Bacharelado;Presencial;4;2021;-;;-;;-;;240;Não iniciado;12/09/2022;Em Atividade;8;Agricultura, silvicultura, pesca e veterinária;84;Veterinária;841;Veterinária;0841M01;Medicina veterinária
481;Universidade Universus Veritas Guarulhos;Univeritas UNG;Privada sem fins lucrativos;1701535;BIOMEDICINA;Bacharelado;Semipresencial;-;;-;;-;;-;;2000;Não iniciado;25/09/2025;Em Atividade;9;Saúde e bem-estar;91;Saúde;914;Tecnologia de diagnóstico e tratamento médico;0914B01;Biomedicina
482;UNIVERSIDADE DO EXTREMO SUL CATARINENSE;UNESC;Privada sem fins lucrativos;38071;MEDICINA;Bacharelado;Presencial;5;2019;3;2023;4;2025;2;2023;130;14/08/2000;10/11/1998;Em Atividade;9;Saúde e bem-estar;91;Saúde;912;Medicina;0912M01;Medicina
482;UNIVERSIDADE DO EXTREMO SUL CATARINENSE;UNESC;Privada sem fins lucrativos;150160;BIOMEDICINA;Bacharelado;Presencial;4;2015;4;2023;4;2023;4;2023;100;20/02/2012;28/09/2012;Em Atividade;9;Saúde e bem-estar;91;Saúde;914;Tecnologia de diagnóstico e tratamento médico;0914B01;Biomedicina
483;CENTRO UNIVERSITÁRIO METROPOLITANO DE SÃO PAULO;UNIMESP;Privada sem fins lucrativos;1419859;MEDICINA VETERINÁRIA;Bacharelado;Presencial;-;;-;;-;;-;;100;Não iniciado;30/10/2017;Em Atividade;8;Agricultura, silvicultura, pesca e veterinária;84;Veterinária;841;Veterinária;0841M01;Medicina veterinária
489;CENTRO UNIVERSITÁRIO DE VOLTA REDONDA;UNIFOA;Privada sem fins lucrativos;9988;MEDICINA;Bacharelado;Presencial;5;2024;3;2023;2;2025;2;2023;120;22/05/1968;22/05/1968;Em Atividade;9;Saúde e bem-estar;91;Saúde;912;Medicina;0912M01;Medicina
490;CENTRO UNIVERSITÁRIO DE VALENÇA;UNIFAA;Privada sem fins lucrativos;9996;MEDICINA;Bacharelado;Presencial;5;2024;4;2023;3;2025;5;2023;210;31/01/1968;21/08/1968;Em Atividade;9;Saúde e bem-estar;91;Saúde;912;Medicina;0912M01;Medicina
490;CENTRO UNIVERSITÁRIO DE VALENÇA;UNIFAA;Privada sem fins lucrativos;10006;MEDICINA VETERINÁRIA;Bacharelado;Presencial;3;2009;4;2023;3;2023;4;2023;80;11/03/1996;13/09/1995;Em Atividade;8;Agricultura, silvicultura, pesca e veterinária;84;Veterinária;841;Veterinária;0841M01;Medicina veterinária
490;CENTRO UNIVERSITÁRIO DE VALENÇA;UNIFAA;Privada sem fins lucrativos;1516668;MEDICINA VETERINÁRIA;Bacharelado;Presencial;3;2024;-;;-;;-;;80;03/02/2020;10/10/2019;Em Atividade;8;Agricultura, silvicultura, pesca e veterinária;84;Veterinária;841;Veterinária;0841M01;Medicina veterinária
490;CENTRO UNIVERSITÁRIO DE VALENÇA;UNIFAA;Privada sem fins lucrativos;1563764;BIOMEDICINA;Bacharelado;A Distância;4;2024;-;;-;;-;;500;01/03/2021;19/02/2021;Em Extinção;9;Saúde e bem-estar;91;Saúde;914;Tecnologia de diagnóstico e tratamento médico;0914B01;Biomedicina
491;CENTRO UNIVERSITÁRIO DON DOMÊNICO;UNIDON;;1724024;BIOMEDICINA;Bacharelado;Semipresencial;-;;-;;-;;-;;600;Não iniciado;-;Em Atividade;;;;;;;;
494;UNIVERSIDADE DO SUL DE SANTA CATARINA;UNISUL;Privada sem fins lucrativos;20249;MEDICINA;Bacharelado;Presencial;5;2025;3;2023;3;2025;2;2023;127;22/02/1999;08/07/1998;Em Atividade;9;Saúde e bem-estar;91;Saúde;912;Medicina;0912M01;Medicina
494;UNIVERSIDADE DO SUL DE SANTA CATARINA;UNISUL;Privada sem fins lucrativos;97679;MEDICINA;Bacharelado;Presencial;5;2024;3;2023;3;2025;3;2023;160;02/03/2006;08/07/1998;Em Atividade;9;Saúde e bem-estar;91;Saúde;912;Medicina;0912M01;Medicina
494;UNIVERSIDADE DO SUL DE SANTA CATARINA;UNISUL;Privada sem fins lucrativos;1117645;MEDICINA VETERINÁRIA;Bacharelado;Presencial;-;;-;;-;;-;;80;01/03/2010;05/08/2009;Extinto;8;Agricultura, silvicultura, pesca e veterinária;84;Veterinária;841;Veterinária;0841M01;Medicina veterinária
494;UNIVERSIDADE DO SUL DE SANTA CATARINA;UNISUL;Privada sem fins lucrativos;1216475;MEDICINA VETERINÁRIA;Bacharelado;Presencial;-;;3;2023;2;2023;3;2023;285;24/02/2014;05/08/2009;Em Atividade;8;Agricultura, silvicultura, pesca e veterinária;84;Veterinária;841;Veterinária;0841M01;Medicina veterinária
494;UNIVERSIDADE DO SUL DE SANTA CATARINA;UNISUL;Privada sem fins lucrativos;1503323;BIOMEDICINA;Bacharelado;Presencial;4;2025;-;;-;;-;;100;10/08/2022;03/12/2021;Em Atividade;;;;;;;;
494;UNIVERSIDADE DO SUL DE SANTA CATARINA;UNISUL;Privada sem fins lucrativos;1527043;MEDICINA VETERINÁRIA;Bacharelado;Presencial;4;2021;-;;-;;-;;120;13/03/2023;01/04/2022;Em Atividade;8;Agricultura, silvicultura, pesca e veterinária;84;Veterinária;841;Veterinária;0841M01;Medicina veterinária
494;UNIVERSIDADE DO SUL DE SANTA CATARINA;UNISUL;Privada sem fins lucrativos;1540973;BIOMEDICINA;Bacharelado;Presencial;4;2023;3;2023;2;2023;3;2023;240;17/08/2020;10/08/2020;Em Atividade;9;Saúde e bem-estar;91;Saúde;914;Tecnologia de diagnóstico e tratamento médico;0914B01;Biomedicina
494;UNIVERSIDADE DO SUL DE SANTA CATARINA;UNISUL;Privada sem fins lucrativos;1613025;BIOMEDICINA;Bacharelado;A Distância;-;;-;;-;;-;;200;10/08/2022;16/09/2022;Em Extinção;9;Saúde e bem-estar;91;Saúde;914;Tecnologia de diagnóstico e tratamento médico;0914B01;Biomedicina
494;UNIVERSIDADE DO SUL DE SANTA CATARINA;UNISUL;Privada sem fins lucrativos;1701551;BIOMEDICINA;Bacharelado;Semipresencial;-;;-;;-;;-;;100;06/10/2025;25/09/2025;Em Atividade;9;Saúde e bem-estar;91;Saúde;914;Tecnologia de diagnóstico e tratamento médico;0914B01;Biomedicina
495;FACULDADE DE CIÊNCIAS E LETRAS DE BRAGANÇA PAULISTA;FESB;Pública Municipal;20682;MEDICINA VETERINÁRIA;Bacharelado;Presencial;-;;2;2023;2;2023;2;2023;80;08/02/1999;03/10/1998;Em Atividade;8;Agricultura, silvicultura, pesca e veterinária;84;Veterinária;841;Veterinária;0841M01;Medicina veterinária
496;UNIVERSIDADE DE FRANCA;UNIFRAN;Privada com fins lucrativos;19119;MEDICINA VETERINÁRIA;Bacharelado;Presencial;4;2008;3;2023;2;2023;2;2023;220;02/03/1998;10/03/1997;Em Atividade;8;Agricultura, silvicultura, pesca e veterinária;84;Veterinária;841;Veterinária;0841M01;Medicina veterinária
496;UNIVERSIDADE DE FRANCA;UNIFRAN;Privada com fins lucrativos;69454;BIOMEDICINA;Bacharelado;Presencial;4;2009;4;2023;3;2023;3;2023;160;04/02/1997;31/08/1994;Em Atividade;9;Saúde e bem-estar;91;Saúde;914;Tecnologia de diagnóstico e tratamento médico;0914B01;Biomedicina
496;UNIVERSIDADE DE FRANCA;UNIFRAN;Privada com fins lucrativos;1465579;BIOMEDICINA;Bacharelado;A Distância;5;2023;2;2023;2;2023;SC;2023;1000;01/02/2019;03/01/2019;Em Extinção;9;Saúde e bem-estar;91;Saúde;914;Tecnologia de diagnóstico e tratamento médico;0914B01;Biomedicina
496;UNIVERSIDADE DE FRANCA;UNIFRAN;Privada com fins lucrativos;1701562;BIOMEDICINA;Bacharelado;Semipresencial;-;;-;;-;;-;;1000;16/09/2025;25/09/2025;Em Atividade;9;Saúde e bem-estar;91;Saúde;914;Tecnologia de diagnóstico e tratamento médico;0914B01;Biomedicina
496;UNIVERSIDADE DE FRANCA;UNIFRAN;Privada com fins lucrativos;5000933;MEDICINA;Bacharelado;Presencial;5;2025;4;2023;4;2025;4;2023;100;27/02/2012;18/11/2011;Em Atividade;9;Saúde e bem-estar;91;Saúde;912;Medicina;0912M01;Medicina
501;ESCOLA SUPERIOR DE CIÊNCIAS DA SANTA CASA DE MISERICÓRDIA DE VITÓRIA;EMESCAM;Privada sem fins lucrativos;10224;MEDICINA;Bacharelado;Presencial;5;2023;4;2023;4;2025;4;2023;140;04/03/1968;04/03/1968;Em Atividade;9;Saúde e bem-estar;91;Saúde;912;Medicina;0912M01;Medicina
502;CENTRO UNIVERSITÁRIO SÃO JUDAS TADEU;CSJT;Privada com fins lucrativos;19481;MEDICINA VETERINÁRIA;Bacharelado;Presencial;3;2007;2;2023;2;2023;1;2023;200;09/02/1998;16/12/1997;Em Atividade;8;Agricultura, silvicultura, pesca e veterinária;84;Veterinária;841;Veterinária;0841M01;Medicina veterinária
502;CENTRO UNIVERSITÁRIO SÃO JUDAS TADEU;CSJT;Privada com fins lucrativos;89245;BIOMEDICINA;Bacharelado;Presencial;4;2011;3;2023;2;2023;2;2023;120;01/02/2006;15/08/2005;Em Atividade;9;Saúde e bem-estar;91;Saúde;914;Tecnologia de diagnóstico e tratamento médico;0914B01;Biomedicina
502;CENTRO UNIVERSITÁRIO SÃO JUDAS TADEU;CSJT;Privada com fins lucrativos;1454672;BIOMEDICINA;Bacharelado;A Distância;4;2024;SC;2023;SC;2023;SC;2023;600;05/04/2019;01/10/2018;Em Extinção;9;Saúde e bem-estar;91;Saúde;914;Tecnologia de diagnóstico e tratamento médico;0914B01;Biomedicina
506;FACULDADE DE MEDICINA DE CAMPOS;FMC;Privada sem fins lucrativos;10289;MEDICINA;Bacharelado;Presencial;5;2025;3;2023;2;2025;2;2023;126;14/10/1967;21/09/1967;Em Atividade;9;Saúde e bem-estar;91;Saúde;912;Medicina;0912M01;Medicina
507;Faculdade Mais de Ituiutaba;FacMais;Privada com fins lucrativos;1631397;MEDICINA;Bacharelado;Presencial;4;2023;-;;-;;-;;57;17/09/2024;02/08/2024;Em Atividade;;;;;;;;
507;Faculdade Mais de Ituiutaba;FacMais;Privada sem fins lucrativos;1476859;MEDICINA VETERINÁRIA;Bacharelado;Presencial;4;2019;-;;-;;-;;90;22/02/2021;02/10/2020;Em Atividade;8;Agricultura, silvicultura, pesca e veterinária;84;Veterinária;841;Veterinária;0841M01;Medicina veterinária
513;UNIVERSIDADE VALE DO RIO DOCE;UNIVALE;Privada sem fins lucrativos;1102360;MEDICINA;Bacharelado;Presencial;5;2024;3;2023;2;2025;3;2023;58;17/05/2016;17/05/2016;Em Atividade;9;Saúde e bem-estar;91;Saúde;912;Medicina;0912M01;Medicina
513;UNIVERSIDADE VALE DO RIO DOCE;UNIVALE;Privada sem fins lucrativos;1468171;BIOMEDICINA;Bacharelado;Presencial;5;2023;-;;-;;-;;40;21/02/2019;26/12/2018;Em Atividade;9;Saúde e bem-estar;91;Saúde;914;Tecnologia de diagnóstico e tratamento médico;0914B01;Biomedicina
513;UNIVERSIDADE VALE DO RIO DOCE;UNIVALE;Privada sem fins lucrativos;1486953;MEDICINA VETERINÁRIA;Bacharelado;Presencial;5;2023;3;2023;3;2023;3;2023;50;01/08/2019;10/07/2019;Em Atividade;8;Agricultura, silvicultura, pesca e veterinária;84;Veterinária;841;Veterinária;0841M01;Medicina veterinária
514;CENTRO UNIVERSITÁRIO DE BARRA MANSA;UBM;Privada sem fins lucrativos;19050;MEDICINA VETERINÁRIA;Bacharelado;Presencial;3;2024;3;2023;2;2023;2;2023;170;09/03/1998;26/01/1998;Em Atividade;8;Agricultura, silvicultura, pesca e veterinária;84;Veterinária;841;Veterinária;0841M01;Medicina veterinária
514;CENTRO UNIVERSITÁRIO DE BARRA MANSA;UBM;Privada sem fins lucrativos;1598926;BIOMEDICINA;Bacharelado;Presencial;5;2025;-;;-;;-;;100;10/03/2022;13/12/2021;Em Atividade;9;Saúde e bem-estar;91;Saúde;914;Tecnologia de diagnóstico e tratamento médico;0914B01;Biomedicina
515;Centro Universitário Anhanguera Pitágoras Unopar de Niterói;UNIAN-RJ;Privada com fins lucrativos;10423;MEDICINA VETERINÁRIA;Bacharelado;Presencial;4;2023;3;2023;3;2023;3;2023;99;05/03/1990;20/12/1989;Em Extinção;8;Agricultura, silvicultura, pesca e veterinária;84;Veterinária;841;Veterinária;0841M01;Medicina veterinária
515;Centro Universitário Anhanguera Pitágoras Unopar de Niterói;UNIAN-RJ;Privada com fins lucrativos;20147;BIOMEDICINA;Bacharelado;Presencial;-;;3;2010;3;2010;2;2007;120;22/02/1999;12/02/1999;Em Extinção;9;Saúde e bem-estar;91;Saúde;914;Tecnologia de diagnóstico e tratamento médico;0914B01;Biomedicina
515;Centro Universitário Anhanguera Pitágoras Unopar de Niterói;UNIAN-RJ;Privada com fins lucrativos;24510;BIOMEDICINA;Bacharelado;Presencial;2;2013;3;2023;2;2023;2;2023;120;22/02/1999;12/02/1999;Em Atividade;9;Saúde e bem-estar;91;Saúde;914;Tecnologia de diagnóstico e tratamento médico;0914B01;Biomedicina
515;Centro Universitário Anhanguera Pitágoras Unopar de Niterói;UNIAN-RJ;Privada com fins lucrativos;1341542;BIOMEDICINA;Bacharelado;Presencial;-;;-;;-;;-;;500;01/12/2015;13/11/2015;Em Extinção;9;Saúde e bem-estar;91;Saúde;914;Tecnologia de diagnóstico e tratamento médico;0914B01;Biomedicina
515;Centro Universitário Anhanguera Pitágoras Unopar de Niterói;UNIAN-RJ;Privada com fins lucrativos;1513945;MEDICINA VETERINÁRIA;Bacharelado;Presencial;4;2024;-;;-;;-;;180;16/03/2020;04/11/2019;Em Extinção;8;Agricultura, silvicultura, pesca e veterinária;84;Veterinária;841;Veterinária;0841M01;Medicina veterinária
515;Centro Universitário Anhanguera Pitágoras Unopar de Niterói;UNIAN-RJ;Privada com fins lucrativos;1598280;TÉCNICAS DE TELEMEDICINA;Tecnológico;A Distância;-;;-;;-;;-;;2000;Não iniciado;12/01/2022;Extinto;6;Computação e Tecnologias da Informação e Comunicação (TIC);68;Programas interdisciplinares abrangendo computação e Tecnologias da Informação e Comunicação (TIC);688;Programas interdisciplinares abrangendo computação e Tecnologias da Informação e Comunicação (TIC);0688P01;Programas interdisciplinares abrangendo computação e Tecnologias da Informação e Comunicação (TIC)
515;Centro Universitário Anhanguera Pitágoras Unopar de Niterói;UNIAN-RJ;Privada com fins lucrativos;1658219;MEDICINA VETERINÁRIA;Bacharelado;Presencial;-;;-;;-;;-;;100;19/02/2024;19/09/2023;Em Atividade;8;Agricultura, silvicultura, pesca e veterinária;84;Veterinária;841;Veterinária;0841M01;Medicina veterinária
515;Centro Universitário Anhanguera Pitágoras Unopar de Niterói;UNIAN-RJ;Privada com fins lucrativos;1663170;BIOMEDICINA;Bacharelado;A Distância;-;;-;;-;;-;;3000;05/02/2024;04/12/2023;Em Extinção;9;Saúde e bem-estar;91;Saúde;914;Tecnologia de diagnóstico e tratamento médico;0914B01;Biomedicina
515;Centro Universitário Anhanguera Pitágoras Unopar de Niterói;UNIAN-RJ;Privada com fins lucrativos;1708770;BIOMEDICINA;Bacharelado;Semipresencial;-;;-;;-;;-;;24000;15/09/2025;25/09/2025;Em Atividade;9;Saúde e bem-estar;91;Saúde;914;Tecnologia de diagnóstico e tratamento médico;0914B01;Biomedicina
515;Centro Universitário Anhanguera Pitágoras Unopar de Niterói;UNIAN-RJ;;1717148;MEDICINA VETERINÁRIA;Bacharelado;Semipresencial;-;;-;;-;;-;;5000;Não iniciado;-;Em Atividade;;;;;;;;
516;CENTRO UNIVERSITÁRIO DO RIO DE JANEIRO;UNIRJ;Privada sem fins lucrativos;1575311;BIOMEDICINA;Bacharelado;Presencial;-;;-;;-;;-;;100;Não iniciado;05/05/2021;Extinto;9;Saúde e bem-estar;91;Saúde;914;Tecnologia de diagnóstico e tratamento médico;0914B01;Biomedicina
516;CENTRO UNIVERSITÁRIO DO RIO DE JANEIRO;UNIRJ;Privada sem fins lucrativos;1591284;MEDICINA VETERINÁRIA;Bacharelado;Presencial;-;;-;;-;;-;;100;Não iniciado;01/09/2021;Extinto;8;Agricultura, silvicultura, pesca e veterinária;84;Veterinária;841;Veterinária;0841M01;Medicina veterinária
516;CENTRO UNIVERSITÁRIO DO RIO DE JANEIRO;UNIRJ;Privada sem fins lucrativos;1596977;BIOMEDICINA;Bacharelado;Presencial;-;;-;;-;;-;;100;Não iniciado;06/12/2021;Extinto;9;Saúde e bem-estar;91;Saúde;914;Tecnologia de diagnóstico e tratamento médico;0914B01;Biomedicina
517;FACULDADE DE EDUCAÇÃO SÃO LUÍS;FESL;Privada sem fins lucrativos;1667035;BIOMEDICINA;Bacharelado;Presencial;-;;-;;-;;-;;60;16/09/2024;14/08/2024;Em Atividade;9;Saúde e bem-estar;91;Saúde;914;Tecnologia de diagnóstico e tratamento médico;0914B01;Biomedicina
518;CENTRO UNIVERSITÁRIO DO DISTRITO FEDERAL;UDF;Privada com fins lucrativos;1382754;BIOMEDICINA;Bacharelado;Presencial;4;2023;3;2023;3;2023;3;2023;200;13/02/2017;08/09/2016;Em Atividade;9;Saúde e bem-estar;91;Saúde;914;Tecnologia de diagnóstico e tratamento médico;0914B01;Biomedicina
518;CENTRO UNIVERSITÁRIO DO DISTRITO FEDERAL;UDF;Privada com fins lucrativos;1496487;MEDICINA VETERINÁRIA;Bacharelado;Presencial;4;2023;-;;-;;-;;250;17/02/2020;05/08/2019;Em Atividade;8;Agricultura, silvicultura, pesca e veterinária;84;Veterinária;841;Veterinária;0841M01;Medicina veterinária
519;UNIVERSIDADE CATÓLICA DO SALVADOR;UCSAL;Privada sem fins lucrativos;1277128;BIOMEDICINA;Bacharelado;Presencial;4;2017;3;2023;3;2023;3;2023;240;04/10/2013;04/10/2013;Em Atividade;9;Saúde e bem-estar;91;Saúde;914;Tecnologia de diagnóstico e tratamento médico;0914B01;Biomedicina
521;UNIVERSIDADE DE MOGI DAS CRUZES;UMC;Privada com fins lucrativos;10588;BIOMEDICINA;Bacharelado;Presencial;-;;3;2023;3;2023;3;2023;300;01/03/1972;30/06/1971;Em Atividade;9;Saúde e bem-estar;91;Saúde;914;Tecnologia de diagnóstico e tratamento médico;0914B01;Biomedicina
521;UNIVERSIDADE DE MOGI DAS CRUZES;UMC;Privada com fins lucrativos;10591;MEDICINA;Bacharelado;Presencial;5;2025;2;2023;1;2025;1;2023;90;01/03/1968;17/01/1968;Em Atividade;9;Saúde e bem-estar;91;Saúde;912;Medicina;0912M01;Medicina
521;UNIVERSIDADE DE MOGI DAS CRUZES;UMC;Privada com fins lucrativos;106382;BIOMEDICINA;Bacharelado;Presencial;3;2011;SC;2023;SC;2023;SC;2023;160;11/08/2008;20/12/2005;Em Atividade;9;Saúde e bem-estar;91;Saúde;914;Tecnologia de diagnóstico e tratamento médico;0914B01;Biomedicina
521;UNIVERSIDADE DE MOGI DAS CRUZES;UMC;Privada com fins lucrativos;1596124;MEDICINA VETERINÁRIA;Bacharelado;Presencial;4;2025;-;;-;;-;;360;14/02/2022;04/10/2021;Em Atividade;8;Agricultura, silvicultura, pesca e veterinária;84;Veterinária;841;Veterinária;0841M01;Medicina veterinária
522;CENTRO UNIVERSITÁRIO CELSO LISBOA;UCL;Privada sem fins lucrativos;1357695;BIOMEDICINA;Bacharelado;Presencial;4;2018;3;2023;1;2023;2;2023;160;09/02/2015;06/06/2012;Em Atividade;9;Saúde e bem-estar;91;Saúde;914;Tecnologia de diagnóstico e tratamento médico;0914B01;Biomedicina
522;CENTRO UNIVERSITÁRIO CELSO LISBOA;UCL;Privada sem fins lucrativos;1610861;BIOMEDICINA;Bacharelado;A Distância;-;;-;;-;;-;;200;01/08/2023;12/08/2022;Em Extinção;9;Saúde e bem-estar;91;Saúde;914;Tecnologia de diagnóstico e tratamento médico;0914B01;Biomedicina
522;CENTRO UNIVERSITÁRIO CELSO LISBOA;UCL;Privada sem fins lucrativos;1666065;MEDICINA VETERINÁRIA;Bacharelado;Presencial;-;;-;;-;;-;;120;21/02/2024;29/01/2024;Em Atividade;8;Agricultura, silvicultura, pesca e veterinária;84;Veterinária;841;Veterinária;0841M01;Medicina veterinária
522;CENTRO UNIVERSITÁRIO CELSO LISBOA;UCL;Privada sem fins lucrativos;1701581;BIOMEDICINA;Bacharelado;Semipresencial;-;;-;;-;;-;;200;Não iniciado;25/09/2025;Em Atividade;9;Saúde e bem-estar;91;Saúde;914;Tecnologia de diagnóstico e tratamento médico;0914B01;Biomedicina
526;CENTRO UNIVERSITÁRIO BRAZ CUBAS;-;Privada com fins lucrativos;1348164;MEDICINA VETERINÁRIA;Bacharelado;Presencial;4;2024;-;;-;;-;;270;18/02/2020;17/12/2015;Em Atividade;8;Agricultura, silvicultura, pesca e veterinária;84;Veterinária;841;Veterinária;0841M01;Medicina veterinária
526;CENTRO UNIVERSITÁRIO BRAZ CUBAS;-;Privada com fins lucrativos;1348165;BIOMEDICINA;Bacharelado;Presencial;4;2023;3;2023;2;2023;3;2023;220;18/02/2020;17/12/2015;Em Atividade;9;Saúde e bem-estar;91;Saúde;914;Tecnologia de diagnóstico e tratamento médico;0914B01;Biomedicina
526;CENTRO UNIVERSITÁRIO BRAZ CUBAS;-;Privada com fins lucrativos;1533257;BIOMEDICINA;Bacharelado;A Distância;4;2024;2;2023;1;2023;SC;2023;500;03/08/2020;24/04/2020;Em Extinção;9;Saúde e bem-estar;91;Saúde;914;Tecnologia de diagnóstico e tratamento médico;0914B01;Biomedicina
526;CENTRO UNIVERSITÁRIO BRAZ CUBAS;-;Privada com fins lucrativos;1701589;BIOMEDICINA;Bacharelado;Semipresencial;-;;-;;-;;-;;500;16/09/2025;25/09/2025;Em Atividade;9;Saúde e bem-estar;91;Saúde;914;Tecnologia de diagnóstico e tratamento médico;0914B01;Biomedicina
527;PONTIFÍCIA UNIVERSIDADE CATÓLICA DE GOIÁS;PUC GOIÁS;Privada sem fins lucrativos;84408;MEDICINA;Bacharelado;Presencial;4;2024;3;2023;3;2025;2;2023;124;08/08/2005;04/05/2005;Em Atividade;9;Saúde e bem-estar;91;Saúde;912;Medicina;0912M01;Medicina
527;PONTIFÍCIA UNIVERSIDADE CATÓLICA DE GOIÁS;PUC GOIÁS;Privada sem fins lucrativos;1421451;MEDICINA VETERINÁRIA;Bacharelado;Presencial;5;2022;3;2023;3;2023;2;2023;300;01/02/2018;20/10/2017;Em Atividade;8;Agricultura, silvicultura, pesca e veterinária;84;Veterinária;841;Veterinária;0841M01;Medicina veterinária
532;UNIVERSIDADE REGIONAL DO NOROESTE DO ESTADO DO RIO GRANDE DO SUL;UNIJUI;Privada sem fins lucrativos;111008;MEDICINA VETERINÁRIA;Bacharelado;Presencial;4;2011;4;2023;3;2023;4;2023;115;03/03/2008;04/10/2007;Em Atividade;8;Agricultura, silvicultura, pesca e veterinária;84;Veterinária;841;Veterinária;0841M01;Medicina veterinária
532;UNIVERSIDADE REGIONAL DO NOROESTE DO ESTADO DO RIO GRANDE DO SUL;UNIJUI;Privada sem fins lucrativos;1364275;BIOMEDICINA;Bacharelado;Presencial;5;2023;5;2023;4;2023;5;2023;45;10/11/2017;28/09/2017;Em Atividade;9;Saúde e bem-estar;91;Saúde;914;Tecnologia de diagnóstico e tratamento médico;0914B01;Biomedicina
532;UNIVERSIDADE REGIONAL DO NOROESTE DO ESTADO DO RIO GRANDE DO SUL;UNIJUI;Privada sem fins lucrativos;1457503;MEDICINA;Bacharelado;Presencial;4;2024;-;;3;2025;-;;50;04/03/2019;26/12/2018;Em Atividade;9;Saúde e bem-estar;91;Saúde;912;Medicina;0912M01;Medicina
532;UNIVERSIDADE REGIONAL DO NOROESTE DO ESTADO DO RIO GRANDE DO SUL;UNIJUI;Privada sem fins lucrativos;1667719;BIOMEDICINA;Bacharelado;Presencial;-;;-;;-;;-;;45;Não iniciado;14/08/2024;Em Atividade;9;Saúde e bem-estar;91;Saúde;914;Tecnologia de diagnóstico e tratamento médico;0914B01;Biomedicina
534;ESCOLA BAHIANA DE MEDICINA E SAÚDE PÚBLICA;EBMSP;Privada sem fins lucrativos;11114;MEDICINA;Bacharelado;Presencial;5;2024;4;2023;4;2025;3;2023;300;31/05/1952;07/04/1953;Em Atividade;9;Saúde e bem-estar;91;Saúde;912;Medicina;0912M01;Medicina
534;ESCOLA BAHIANA DE MEDICINA E SAÚDE PÚBLICA;EBMSP;Privada sem fins lucrativos;59818;BIOMEDICINA;Bacharelado;Presencial;3;2008;4;2023;4;2023;3;2023;120;10/03/2003;27/12/2002;Em Atividade;9;Saúde e bem-estar;91;Saúde;914;Tecnologia de diagnóstico e tratamento médico;0914B01;Biomedicina
545;Centro Universitário FUNCESI;UNIFUNCESI;Privada sem fins lucrativos;90499;BIOMEDICINA;Bacharelado;Presencial;-;;-;;-;;-;;90;09/08/2006;29/12/2005;Extinto;9;Saúde e bem-estar;91;Saúde;914;Tecnologia de diagnóstico e tratamento médico;0914B01;Biomedicina
545;Centro Universitário FUNCESI;UNIFUNCESI;Privada sem fins lucrativos;1595946;MEDICINA;Bacharelado;Presencial;5;2022;-;;-;;-;;66;12/06/2023;23/05/2023;Em Atividade;9;Saúde e bem-estar;91;Saúde;912;Medicina;0912M01;Medicina
545;Centro Universitário FUNCESI;UNIFUNCESI;;1726925;BIOMEDICINA;Bacharelado;Presencial;-;;-;;-;;-;;50;Não iniciado;-;Em Atividade;;;;;;;;
546;PONTIFÍCIA UNIVERSIDADE CATÓLICA DE SÃO PAULO;PUCSP;Privada sem fins lucrativos;11233;MEDICINA;Bacharelado;Presencial;5;2019;4;2023;4;2025;3;2023;130;10/03/1951;14/04/1950;Em Atividade;9;Saúde e bem-estar;91;Saúde;912;Medicina;0912M01;Medicina
547;UNIVERSIDADE DO ESTADO DO RIO DE JANEIRO;UERJ;Pública Estadual;11316;MEDICINA;Bacharelado;Presencial;-;;4;2023;4;2025;4;2023;94;16/02/1936;04/06/1935;Em Atividade;9;Saúde e bem-estar;91;Saúde;912;Medicina;0912M01;Medicina
548;UNIVERSIDADE FEDERAL DO MARANHÃO;UFMA;Pública Federal;11446;MEDICINA;Bacharelado;Presencial;4;2025;3;2023;4;2025;2;2023;100;05/07/1958;05/07/1958;Em Atividade;9;Saúde e bem-estar;91;Saúde;912;Medicina;0912M01;Medicina
548;UNIVERSIDADE FEDERAL DO MARANHÃO;UFMA;Pública Federal;1257562;MEDICINA;Bacharelado;Presencial;5;2025;3;2023;4;2025;2;2023;100;01/03/2014;12/12/2013;Em Atividade;9;Saúde e bem-estar;91;Saúde;912;Medicina;0912M01;Medicina
548;UNIVERSIDADE FEDERAL DO MARANHÃO;UFMA;Pública Federal;1257777;MEDICINA;Bacharelado;Presencial;4;2025;2;2023;2;2025;1;2023;100;01/03/2014;12/12/2013;Em Atividade;9;Saúde e bem-estar;91;Saúde;912;Medicina;0912M01;Medicina
549;UNIVERSIDADE FEDERAL DO ACRE;UFAC;Pública Federal;53338;MEDICINA;Bacharelado;Presencial;5;2025;3;2023;4;2025;2;2023;80;29/11/2001;21/03/2002;Em Atividade;9;Saúde e bem-estar;91;Saúde;912;Medicina;0912M01;Medicina
549;UNIVERSIDADE FEDERAL DO ACRE;UFAC;Pública Federal;118697;MEDICINA VETERINÁRIA;Bacharelado;Presencial;4;2013;4;2023;4;2023;3;2023;50;01/01/2009;17/12/2008;Em Atividade;8;Agricultura, silvicultura, pesca e veterinária;84;Veterinária;841;Veterinária;0841M01;Medicina veterinária
555;UNIVERSIDADE DE FORTALEZA;UNIFOR;Privada sem fins lucrativos;93001;MEDICINA;Bacharelado;Presencial;5;2024;4;2023;4;2025;4;2023;200;01/08/2006;05/05/2006;Em Atividade;9;Saúde e bem-estar;91;Saúde;912;Medicina;0912M01;Medicina
555;UNIVERSIDADE DE FORTALEZA;UNIFOR;Privada sem fins lucrativos;1357703;MEDICINA VETERINÁRIA;Bacharelado;Presencial;4;2022;4;2023;3;2023;3;2023;206;01/08/2016;30/03/2016;Em Atividade;8;Agricultura, silvicultura, pesca e veterinária;84;Veterinária;841;Veterinária;0841M01;Medicina veterinária
555;UNIVERSIDADE DE FORTALEZA;UNIFOR;Privada sem fins lucrativos;1687187;BIOMEDICINA;Bacharelado;Presencial;-;;-;;-;;-;;110;Não iniciado;24/09/2024;Em Atividade;9;Saúde e bem-estar;91;Saúde;914;Tecnologia de diagnóstico e tratamento médico;0914B01;Biomedicina
568;UNIVERSIDADE ESTADUAL DO MARANHÃO;UEMA;Pública Estadual;11874;MEDICINA VETERINÁRIA;Bacharelado;Presencial;-;;3;2023;3;2023;3;2023;60;29/10/1974;29/10/1974;Em Atividade;8;Agricultura, silvicultura, pesca e veterinária;84;Veterinária;841;Veterinária;0841M01;Medicina veterinária
568;UNIVERSIDADE ESTADUAL DO MARANHÃO;UEMA;Pública Estadual;71689;MEDICINA;Bacharelado;Presencial;-;;1;2023;4;2025;1;2023;30;29/10/2003;19/03/2002;Em Atividade;9;Saúde e bem-estar;91;Saúde;912;Medicina;0912M01;Medicina
569;UNIVERSIDADE FEDERAL DO PARÁ;UFPA;Pública Federal;12014;BIOMEDICINA;Bacharelado;Presencial;3;2019;4;2023;4;2023;3;2023;40;02/03/1971;-;Em Atividade;9;Saúde e bem-estar;91;Saúde;914;Tecnologia de diagnóstico e tratamento médico;0914B01;Biomedicina
569;UNIVERSIDADE FEDERAL DO PARÁ;UFPA;Pública Federal;12015;MEDICINA;Bacharelado;Presencial;4;2024;3;2023;3;2025;1;2023;150;01/05/1919;-;Em Atividade;9;Saúde e bem-estar;91;Saúde;912;Medicina;0912M01;Medicina
569;UNIVERSIDADE FEDERAL DO PARÁ;UFPA;Pública Federal;53202;MEDICINA VETERINÁRIA;Bacharelado;Presencial;3;2017;5;2023;5;2023;4;2023;40;02/01/2001;19/10/2000;Em Atividade;8;Agricultura, silvicultura, pesca e veterinária;84;Veterinária;841;Veterinária;0841M01;Medicina veterinária
569;UNIVERSIDADE FEDERAL DO PARÁ;UFPA;Pública Federal;1202539;MEDICINA;Bacharelado;Presencial;5;2022;3;2023;1;2025;2;2023;60;16/01/2017;18/09/2020;Em Atividade;9;Saúde e bem-estar;91;Saúde;912;Medicina;0912M01;Medicina
570;UNIVERSIDADE FEDERAL DO RIO GRANDE DO NORTE;UFRN;Pública Federal;12345;MEDICINA;Bacharelado;Presencial;5;2025;4;2023;5;2025;4;2023;100;01/03/1956;27/09/1955;Em Atividade;9;Saúde e bem-estar;91;Saúde;912;Medicina;0912M01;Medicina
570;UNIVERSIDADE FEDERAL DO RIO GRANDE DO NORTE;UFRN;Pública Federal;60288;BIOMEDICINA;Bacharelado;Presencial;4;2008;5;2023;5;2023;4;2023;72;10/08/2009;09/08/2002;Em Atividade;9;Saúde e bem-estar;91;Saúde;914;Tecnologia de diagnóstico e tratamento médico;0914B01;Biomedicina
570;UNIVERSIDADE FEDERAL DO RIO GRANDE DO NORTE;UFRN;Pública Federal;1113174;BIOMEDICINA;Bacharelado;Presencial;-;;-;;-;;-;;1;10/08/2009;-;Extinto;9;Saúde e bem-estar;91;Saúde;914;Tecnologia de diagnóstico e tratamento médico;0914B01;Biomedicina
570;UNIVERSIDADE FEDERAL DO RIO GRANDE DO NORTE;UFRN;Pública Federal;1202546;MEDICINA;Bacharelado;Presencial;5;2023;4;2023;5;2025;4;2023;40;21/07/2014;13/05/2014;Em Atividade;9;Saúde e bem-estar;91;Saúde;912;Medicina;0912M01;Medicina
571;UNIVERSIDADE FEDERAL DO PARANÁ;UFPR;Pública Federal;12569;MEDICINA;Bacharelado;Presencial;5;2025;4;2023;4;2025;4;2023;190;09/12/1912;11/05/1938;Em Atividade;9;Saúde e bem-estar;91;Saúde;912;Medicina;0912M01;Medicina
571;UNIVERSIDADE FEDERAL DO PARANÁ;UFPR;Pública Federal;12583;MEDICINA VETERINÁRIA;Bacharelado;Presencial;4;2008;5;2023;5;2023;5;2023;60;01/01/1931;23/01/1950;Em Atividade;8;Agricultura, silvicultura, pesca e veterinária;84;Veterinária;841;Veterinária;0841M01;Medicina veterinária
571;UNIVERSIDADE FEDERAL DO PARANÁ;UFPR;Pública Federal;12590;MEDICINA VETERINÁRIA;Bacharelado;Presencial;3;2008;4;2023;4;2023;4;2023;80;01/01/1993;-;Em Atividade;8;Agricultura, silvicultura, pesca e veterinária;84;Veterinária;841;Veterinária;0841M01;Medicina veterinária
571;UNIVERSIDADE FEDERAL DO PARANÁ;UFPR;Pública Federal;1113242;BIOMEDICINA;Bacharelado;Presencial;4;2013;5;2023;5;2023;4;2023;30;01/03/2010;27/08/2009;Em Atividade;9;Saúde e bem-estar;91;Saúde;914;Tecnologia de diagnóstico e tratamento médico;0914B01;Biomedicina
571;UNIVERSIDADE FEDERAL DO PARANÁ;UFPR;Pública Federal;5001466;MEDICINA;Bacharelado;Presencial;5;2024;4;2023;5;2025;4;2023;60;21/03/2016;30/11/2018;Em Atividade;9;Saúde e bem-estar;91;Saúde;912;Medicina;0912M01;Medicina
572;UNIVERSIDADE FEDERAL FLUMINENSE;UFF;Pública Federal;12692;MEDICINA;Bacharelado;Presencial;5;2025;3;2023;4;2025;2;2023;180;31/05/1926;01/01/1929;Em Atividade;9;Saúde e bem-estar;91;Saúde;912;Medicina;0912M01;Medicina
572;UNIVERSIDADE FEDERAL FLUMINENSE;UFF;Pública Federal;12704;MEDICINA VETERINÁRIA;Bacharelado;Presencial;4;2008;5;2023;5;2023;5;2023;120;11/03/1936;24/10/1936;Em Atividade;8;Agricultura, silvicultura, pesca e veterinária;84;Veterinária;841;Veterinária;0841M01;Medicina veterinária
572;UNIVERSIDADE FEDERAL FLUMINENSE;UFF;Pública Federal;63834;BIOMEDICINA;Bacharelado;Presencial;4;2012;4;2023;5;2023;3;2023;62;24/03/2003;31/07/2002;Em Atividade;9;Saúde e bem-estar;91;Saúde;914;Tecnologia de diagnóstico e tratamento médico;0914B01;Biomedicina
572;UNIVERSIDADE FEDERAL FLUMINENSE;UFF;Pública Federal;63835;BIOMEDICINA;Bacharelado;Presencial;-;;-;;-;;-;;0;24/03/2003;31/07/2002;Extinto;9;Saúde e bem-estar;91;Saúde;914;Tecnologia de diagnóstico e tratamento médico;0914B01;Biomedicina
572;UNIVERSIDADE FEDERAL FLUMINENSE;UFF;Pública Federal;63836;BIOMEDICINA;Bacharelado;Presencial;-;;-;;-;;-;;1;24/03/2003;31/07/2002;Extinto;9;Saúde e bem-estar;91;Saúde;914;Tecnologia de diagnóstico e tratamento médico;0914B01;Biomedicina
572;UNIVERSIDADE FEDERAL FLUMINENSE;UFF;Pública Federal;63837;BIOMEDICINA;Bacharelado;Presencial;-;;-;;-;;-;;1;24/03/2003;31/07/2002;Extinto;9;Saúde e bem-estar;91;Saúde;914;Tecnologia de diagnóstico e tratamento médico;0914B01;Biomedicina
572;UNIVERSIDADE FEDERAL FLUMINENSE;UFF;Pública Federal;1100006;BIOMEDICINA;Bacharelado;Presencial;4;2017;4;2023;4;2023;3;2023;35;08/03/2010;13/06/2011;Em Atividade;9;Saúde e bem-estar;91;Saúde;914;Tecnologia de diagnóstico e tratamento médico;0914B01;Biomedicina
573;UNIVERSIDADE FEDERAL DO ESPÍRITO SANTO;UFES;Pública Federal;12813;MEDICINA;Bacharelado;Presencial;4;2019;4;2023;5;2025;3;2023;80;05/01/1961;31/12/1960;Em Atividade;9;Saúde e bem-estar;91;Saúde;912;Medicina;0912M01;Medicina
573;UNIVERSIDADE FEDERAL DO ESPÍRITO SANTO;UFES;Pública Federal;20039;MEDICINA VETERINÁRIA;Bacharelado;Presencial;4;2007;4;2023;4;2023;3;2023;40;09/09/1999;31/07/1998;Em Atividade;8;Agricultura, silvicultura, pesca e veterinária;84;Veterinária;841;Veterinária;0841M01;Medicina veterinária
573;UNIVERSIDADE FEDERAL DO ESPÍRITO SANTO;UFES;;1691611;MEDICINA;Bacharelado;Presencial;-;;-;;-;;-;;;Não iniciado;-;Em Atividade;;;;;;;;
574;UNIVERSIDADE FEDERAL RURAL DO RIO DE JANEIRO;UFRRJ;Pública Federal;12909;MEDICINA VETERINÁRIA;Bacharelado;Presencial;4;2010;4;2023;4;2023;4;2023;140;01/03/1911;20/10/1910;Em Atividade;8;Agricultura, silvicultura, pesca e veterinária;84;Veterinária;841;Veterinária;0841M01;Medicina veterinária
575;UNIVERSIDADE FEDERAL DE MINAS GERAIS;UFMG;Pública Federal;12970;MEDICINA;Bacharelado;Presencial;5;2024;4;2023;5;2025;3;2023;320;01/03/1912;17/12/1949;Em Atividade;9;Saúde e bem-estar;91;Saúde;912;Medicina;0912M01;Medicina
575;UNIVERSIDADE FEDERAL DE MINAS GERAIS;UFMG;Pública Federal;12971;MEDICINA VETERINÁRIA;Bacharelado;Presencial;5;2008;5;2023;5;2023;4;2023;120;01/03/1932;04/04/1935;Em Atividade;8;Agricultura, silvicultura, pesca e veterinária;84;Veterinária;841;Veterinária;0841M01;Medicina veterinária
575;UNIVERSIDADE FEDERAL DE MINAS GERAIS;UFMG;Pública Federal;1113161;BIOMEDICINA;Bacharelado;Presencial;4;2014;5;2023;5;2023;4;2023;40;01/03/2010;25/10/2007;Em Atividade;9;Saúde e bem-estar;91;Saúde;914;Tecnologia de diagnóstico e tratamento médico;0914B01;Biomedicina
576;UNIVERSIDADE FEDERAL DE JUIZ DE FORA;UFJF;Pública Federal;13103;MEDICINA;Bacharelado;Presencial;5;2025;4;2023;5;2025;4;2023;180;01/02/1953;26/12/1952;Em Atividade;9;Saúde e bem-estar;91;Saúde;912;Medicina;0912M01;Medicina
576;UNIVERSIDADE FEDERAL DE JUIZ DE FORA;UFJF;Pública Federal;1268972;MEDICINA VETERINÁRIA;Bacharelado;Presencial;4;2019;5;2023;5;2023;5;2023;100;11/11/2013;11/11/2013;Em Atividade;8;Agricultura, silvicultura, pesca e veterinária;84;Veterinária;841;Veterinária;0841M01;Medicina veterinária
576;UNIVERSIDADE FEDERAL DE JUIZ DE FORA;UFJF;Pública Federal;5001167;MEDICINA;Bacharelado;Presencial;4;2025;4;2023;5;2025;3;2023;100;27/02/2012;27/02/2012;Em Atividade;9;Saúde e bem-estar;91;Saúde;912;Medicina;0912M01;Medicina
577;UNIVERSIDADE FEDERAL DE ALAGOAS;UFAL;Pública Federal;13200;MEDICINA;Bacharelado;Presencial;4;2025;3;2023;4;2025;2;2023;100;10/03/1951;15/01/1951;Em Atividade;9;Saúde e bem-estar;91;Saúde;912;Medicina;0912M01;Medicina
577;UNIVERSIDADE FEDERAL DE ALAGOAS;UFAL;Pública Federal;102146;MEDICINA VETERINÁRIA;Bacharelado;Presencial;-;;4;2023;3;2023;3;2023;60;15/09/2006;01/08/2005;Em Atividade;8;Agricultura, silvicultura, pesca e veterinária;84;Veterinária;841;Veterinária;0841M01;Medicina veterinária
577;UNIVERSIDADE FEDERAL DE ALAGOAS;UFAL;Pública Federal;1257524;MEDICINA;Bacharelado;Presencial;5;2024;3;2023;4;2025;3;2023;60;11/01/2016;19/05/2015;Em Atividade;9;Saúde e bem-estar;91;Saúde;912;Medicina;0912M01;Medicina
578;UNIVERSIDADE FEDERAL DA BAHIA;UFBA;Pública Federal;13286;MEDICINA;Bacharelado;Presencial;4;2025;4;2023;4;2025;3;2023;160;08/03/1808;18/02/1808;Em Atividade;9;Saúde e bem-estar;91;Saúde;912;Medicina;0912M01;Medicina
578;UNIVERSIDADE FEDERAL DA BAHIA;UFBA;Pública Federal;13287;MEDICINA VETERINÁRIA;Bacharelado;Presencial;4;2016;5;2023;5;2023;5;2023;150;09/03/1951;31/05/1952;Em Atividade;8;Agricultura, silvicultura, pesca e veterinária;84;Veterinária;841;Veterinária;0841M01;Medicina veterinária
578;UNIVERSIDADE FEDERAL DA BAHIA;UFBA;Pública Federal;1342505;MEDICINA;Bacharelado;Presencial;4;2024;4;2023;5;2025;4;2023;80;04/07/2016;03/12/2015;Em Atividade;9;Saúde e bem-estar;91;Saúde;912;Medicina;0912M01;Medicina
579;UNIVERSIDADE FEDERAL DA PARAÍBA;UFPB;Pública Federal;13424;MEDICINA;Bacharelado;Presencial;5;2025;4;2023;4;2025;3;2023;130;05/12/1951;05/12/1951;Em Atividade;9;Saúde e bem-estar;91;Saúde;912;Medicina;0912M01;Medicina
579;UNIVERSIDADE FEDERAL DA PARAÍBA;UFPB;Pública Federal;113709;MEDICINA VETERINÁRIA;Bacharelado;Presencial;4;2012;4;2023;4;2023;4;2023;90;01/10/2008;20/12/2007;Em Atividade;8;Agricultura, silvicultura, pesca e veterinária;84;Veterinária;841;Veterinária;0841M01;Medicina veterinária
579;UNIVERSIDADE FEDERAL DA PARAÍBA;UFPB;Pública Federal;1399139;BIOMEDICINA;Bacharelado;Presencial;5;2022;5;2023;5;2023;5;2023;60;09/07/2018;08/05/2017;Em Atividade;9;Saúde e bem-estar;91;Saúde;914;Tecnologia de diagnóstico e tratamento médico;0914B01;Biomedicina
580;UNIVERSIDADE FEDERAL DE PERNAMBUCO;UFPE;Pública Federal;13597;BIOMEDICINA;Bacharelado;Presencial;3;2008;4;2023;5;2023;4;2023;120;01/03/1968;01/03/1968;Em Atividade;9;Saúde e bem-estar;91;Saúde;914;Tecnologia de diagnóstico e tratamento médico;0914B01;Biomedicina
580;UNIVERSIDADE FEDERAL DE PERNAMBUCO;UFPE;Pública Federal;13601;MEDICINA;Bacharelado;Presencial;4;2019;4;2023;4;2025;4;2023;140;16/07/1920;04/05/1920;Em Atividade;9;Saúde e bem-estar;91;Saúde;912;Medicina;0912M01;Medicina
580;UNIVERSIDADE FEDERAL DE PERNAMBUCO;UFPE;Pública Federal;1189778;MEDICINA;Bacharelado;Presencial;4;2022;4;2023;4;2025;4;2023;80;01/03/2014;12/12/2013;Em Atividade;9;Saúde e bem-estar;91;Saúde;912;Medicina;0912M01;Medicina
580;UNIVERSIDADE FEDERAL DE PERNAMBUCO;UFPE;;1723793;MEDICINA VETERINÁRIA;Bacharelado;Presencial;-;;-;;-;;-;;50;Não iniciado;-;Em Atividade;;;;;;;;
581;UNIVERSIDADE FEDERAL DO RIO GRANDE DO SUL;UFRGS;Pública Federal;13719;MEDICINA VETERINÁRIA;Bacharelado;Presencial;5;2008;5;2023;5;2023;5;2023;96;01/03/1923;01/03/1923;Em Atividade;8;Agricultura, silvicultura, pesca e veterinária;84;Veterinária;841;Veterinária;0841M01;Medicina veterinária
581;UNIVERSIDADE FEDERAL DO RIO GRANDE DO SUL;UFRGS;Pública Federal;13723;MEDICINA;Bacharelado;Presencial;5;2025;4;2023;4;2025;4;2023;140;01/03/1898;01/03/1898;Em Atividade;9;Saúde e bem-estar;91;Saúde;912;Medicina;0912M01;Medicina
581;UNIVERSIDADE FEDERAL DO RIO GRANDE DO SUL;UFRGS;Pública Federal;66463;BIOMEDICINA;Bacharelado;Presencial;4;2008;4;2023;5;2023;3;2023;36;01/03/2004;31/07/2003;Em Atividade;9;Saúde e bem-estar;91;Saúde;914;Tecnologia de diagnóstico e tratamento médico;0914B01;Biomedicina
582;UNIVERSIDADE FEDERAL DE SANTA MARIA;UFSM;Pública Federal;13857;MEDICINA VETERINÁRIA;Bacharelado;Presencial;4;2008;5;2023;5;2023;4;2023;94;01/03/1962;30/01/1961;Em Atividade;8;Agricultura, silvicultura, pesca e veterinária;84;Veterinária;841;Veterinária;0841M01;Medicina veterinária
582;UNIVERSIDADE FEDERAL DE SANTA MARIA;UFSM;Pública Federal;13866;MEDICINA;Bacharelado;Presencial;5;2025;4;2023;4;2025;3;2023;120;19/05/1954;21/01/1956;Em Atividade;9;Saúde e bem-estar;91;Saúde;912;Medicina;0912M01;Medicina
583;UNIVERSIDADE FEDERAL DO CEARÁ;UFC;Pública Federal;13996;MEDICINA;Bacharelado;Presencial;4;2019;4;2023;5;2025;3;2023;160;13/04/1948;15/04/1948;Em Atividade;9;Saúde e bem-estar;91;Saúde;912;Medicina;0912M01;Medicina
583;UNIVERSIDADE FEDERAL DO CEARÁ;UFC;Pública Federal;54490;MEDICINA;Bacharelado;Presencial;5;2025;4;2023;4;2025;3;2023;80;01/03/2001;02/06/2000;Em Atividade;9;Saúde e bem-estar;91;Saúde;912;Medicina;0912M01;Medicina
583;UNIVERSIDADE FEDERAL DO CEARÁ;UFC;Pública Federal;150114;BIOTECNOLOGIA;Bacharelado;Presencial;5;2020;-;;-;;-;;50;18/02/2010;31/07/2009;Em Atividade;5;Ciências naturais, matemática e estatística;51;Ciências biológicas e correlatas;512;Bioquímica e biotecnologia;0512B02;Biotecnologia
584;UNIVERSIDADE FEDERAL DE GOIÁS;UFG;Pública Federal;14093;MEDICINA;Bacharelado;Presencial;5;2025;4;2023;4;2025;3;2023;110;21/04/1960;11/06/1960;Em Atividade;9;Saúde e bem-estar;91;Saúde;912;Medicina;0912M01;Medicina
584;UNIVERSIDADE FEDERAL DE GOIÁS;UFG;Pública Federal;14094;MEDICINA VETERINÁRIA;Bacharelado;Presencial;4;2008;4;2023;5;2023;3;2023;102;30/01/1963;18/10/1966;Em Atividade;8;Agricultura, silvicultura, pesca e veterinária;84;Veterinária;841;Veterinária;0841M01;Medicina veterinária
584;UNIVERSIDADE FEDERAL DE GOIÁS;UFG;Pública Federal;74345;BIOMEDICINA;Bacharelado;Presencial;4;2007;4;2023;4;2023;3;2023;60;01/03/2004;31/01/2003;Em Atividade;9;Saúde e bem-estar;91;Saúde;914;Tecnologia de diagnóstico e tratamento médico;0914B01;Biomedicina
585;UNIVERSIDADE FEDERAL DE SANTA CATARINA;UFSC;Pública Federal;14234;MEDICINA;Bacharelado;Presencial;5;2025;4;2023;4;2025;3;2023;100;01/03/1963;27/04/1960;Em Atividade;9;Saúde e bem-estar;91;Saúde;912;Medicina;0912M01;Medicina
585;UNIVERSIDADE FEDERAL DE SANTA CATARINA;UFSC;Pública Federal;1175716;MEDICINA VETERINÁRIA;Bacharelado;Presencial;4;2017;4;2023;4;2023;4;2023;80;01/03/2012;09/05/2013;Em Atividade;8;Agricultura, silvicultura, pesca e veterinária;84;Veterinária;841;Veterinária;0841M01;Medicina veterinária
585;UNIVERSIDADE FEDERAL DE SANTA CATARINA;UFSC;Pública Federal;1633932;MEDICINA;Bacharelado;Presencial;-;;-;;-;;-;;25;11/03/2025;17/04/2024;Em Atividade;;;;;;;;
585;UNIVERSIDADE FEDERAL DE SANTA CATARINA;UFSC;Pública Federal;5001427;MEDICINA;Bacharelado;Presencial;4;2024;4;2023;3;2025;4;2023;60;30/07/2018;04/04/2018;Em Atividade;9;Saúde e bem-estar;91;Saúde;912;Medicina;0912M01;Medicina
586;UNIVERSIDADE FEDERAL DO RIO DE JANEIRO;UFRJ;Pública Federal;14359;MEDICINA;Bacharelado;Presencial;4;2019;4;2023;4;2025;3;2023;200;05/11/1808;05/11/1808;Em Atividade;9;Saúde e bem-estar;91;Saúde;912;Medicina;0912M01;Medicina
586;UNIVERSIDADE FEDERAL DO RIO DE JANEIRO;UFRJ;Pública Federal;121850;MEDICINA;Bacharelado;Presencial;4;2024;3;2023;4;2025;2;2023;60;03/08/2009;21/05/2008;Em Atividade;9;Saúde e bem-estar;91;Saúde;912;Medicina;0912M01;Medicina
586;UNIVERSIDADE FEDERAL DO RIO DE JANEIRO;UFRJ;Pública Federal;1102822;MEDICINA;Bacharelado;Presencial;-;;-;;-;;-;;60;01/08/2009;-;Extinto;9;Saúde e bem-estar;91;Saúde;912;Medicina;0912M01;Medicina
587;UNIVERSIDADE FEDERAL RURAL DE PERNAMBUCO;UFRPE;Pública Federal;14507;MEDICINA VETERINÁRIA;Bacharelado;Presencial;4;2016;4;2023;5;2023;4;2023;80;24/07/1947;09/08/1950;Em Atividade;8;Agricultura, silvicultura, pesca e veterinária;84;Veterinária;841;Veterinária;0841M01;Medicina veterinária
589;UNIVERSIDADE FEDERAL RURAL DO SEMI-ÁRIDO;UFERSA;Pública Federal;14555;MEDICINA VETERINÁRIA;Bacharelado;Presencial;3;2008;4;2023;4;2023;4;2023;50;14/08/1995;31/03/1995;Em Atividade;8;Agricultura, silvicultura, pesca e veterinária;84;Veterinária;841;Veterinária;0841M01;Medicina veterinária
589;UNIVERSIDADE FEDERAL RURAL DO SEMI-ÁRIDO;UFERSA;Pública Federal;1342537;MEDICINA;Bacharelado;Presencial;5;2024;4;2023;4;2025;4;2023;80;03/12/2015;03/12/2015;Em Atividade;9;Saúde e bem-estar;91;Saúde;912;Medicina;0912M01;Medicina
590;UNIVERSIDADE FEDERAL RURAL DA AMAZÔNIA;UFRA;Pública Federal;14559;MEDICINA VETERINÁRIA;Bacharelado;Presencial;3;2017;3;2023;3;2023;1;2023;80;11/05/1973;14/05/1973;Em Atividade;8;Agricultura, silvicultura, pesca e veterinária;84;Veterinária;841;Veterinária;0841M01;Medicina veterinária
591;UNIVERSIDADE FEDERAL DE SÃO PAULO;UNIFESP;Pública Federal;14563;MEDICINA;Bacharelado;Presencial;5;2024;4;2023;4;2025;3;2023;121;01/06/1933;31/05/1938;Em Atividade;9;Saúde e bem-estar;91;Saúde;912;Medicina;0912M01;Medicina
591;UNIVERSIDADE FEDERAL DE SÃO PAULO;UNIFESP;Pública Federal;14564;BIOMEDICINA;Bacharelado;Presencial;4;2017;4;2023;5;2023;3;2023;33;09/12/1966;09/12/1966;Em Atividade;9;Saúde e bem-estar;91;Saúde;914;Tecnologia de diagnóstico e tratamento médico;0914B01;Biomedicina
592;UNIVERSIDADE FEDERAL DE LAVRAS;UFLA;Pública Federal;14582;MEDICINA VETERINÁRIA;Bacharelado;Presencial;5;2013;4;2023;5;2023;3;2023;100;19/08/1993;09/12/1992;Em Atividade;8;Agricultura, silvicultura, pesca e veterinária;84;Veterinária;841;Veterinária;0841M01;Medicina veterinária
592;UNIVERSIDADE FEDERAL DE LAVRAS;UFLA;Pública Federal;1266384;MEDICINA VETERINÁRIA;Bacharelado;Presencial;-;;-;;-;;-;;60;Não iniciado;25/10/2013;Extinto;8;Agricultura, silvicultura, pesca e veterinária;84;Veterinária;841;Veterinária;0841M01;Medicina veterinária
592;UNIVERSIDADE FEDERAL DE LAVRAS;UFLA;Pública Federal;1267038;MEDICINA;Bacharelado;Presencial;4;2022;4;2023;4;2025;4;2023;60;02/03/2015;18/11/2014;Em Atividade;9;Saúde e bem-estar;91;Saúde;912;Medicina;0912M01;Medicina
595;UNIVERSIDADE FEDERAL DE ALFENAS;UNIFAL-MG;Pública Federal;116932;BIOMEDICINA;Bacharelado;Presencial;-;;-;;-;;-;;40;04/08/2008;27/10/2003;Extinto;9;Saúde e bem-estar;91;Saúde;914;Tecnologia de diagnóstico e tratamento médico;0914B01;Biomedicina
595;UNIVERSIDADE FEDERAL DE ALFENAS;UNIFAL-MG;Pública Federal;1080866;BIOMEDICINA;Bacharelado;Presencial;-;;-;;-;;-;;40;04/08/2008;01/03/2010;Extinto;9;Saúde e bem-estar;91;Saúde;914;Tecnologia de diagnóstico e tratamento médico;0914B01;Biomedicina
595;UNIVERSIDADE FEDERAL DE ALFENAS;UNIFAL-MG;Pública Federal;1108076;BIOMEDICINA;Bacharelado;Presencial;5;2011;4;2023;5;2023;2;2023;40;04/08/2008;11/04/2008;Em Atividade;9;Saúde e bem-estar;91;Saúde;914;Tecnologia de diagnóstico e tratamento médico;0914B01;Biomedicina
595;UNIVERSIDADE FEDERAL DE ALFENAS;UNIFAL-MG;Pública Federal;1202573;MEDICINA;Bacharelado;Presencial;4;2025;4;2019;4;2025;5;2019;60;10/02/2014;12/12/2013;Em Atividade;9;Saúde e bem-estar;91;Saúde;912;Medicina;0912M01;Medicina
596;UNIVERSIDADE FEDERAL DOS VALES DO JEQUITINHONHA E MUCURI;UFVJM;Pública Federal;1185076;MEDICINA;Bacharelado;Presencial;5;2025;4;2023;4;2025;4;2023;60;31/03/2014;12/12/2013;Em Atividade;9;Saúde e bem-estar;91;Saúde;912;Medicina;0912M01;Medicina
596;UNIVERSIDADE FEDERAL DOS VALES DO JEQUITINHONHA E MUCURI;UFVJM;Pública Federal;1270511;MEDICINA VETERINÁRIA;Bacharelado;Presencial;4;2023;4;2023;4;2023;5;2023;50;23/10/2017;09/11/2012;Em Atividade;8;Agricultura, silvicultura, pesca e veterinária;84;Veterinária;841;Veterinária;0841M01;Medicina veterinária
596;UNIVERSIDADE FEDERAL DOS VALES DO JEQUITINHONHA E MUCURI;UFVJM;Pública Federal;1292713;MEDICINA;Bacharelado;Presencial;4;2022;3;2023;4;2025;3;2023;60;25/08/2014;13/05/2014;Em Atividade;9;Saúde e bem-estar;91;Saúde;912;Medicina;0912M01;Medicina
597;UNIVERSIDADE FEDERAL DO TRIÂNGULO MINEIRO;UFTM;Pública Federal;14615;MEDICINA;Bacharelado;Presencial;5;2025;4;2023;4;2025;3;2023;95;30/03/1954;30/03/1954;Em Atividade;9;Saúde e bem-estar;91;Saúde;912;Medicina;0912M01;Medicina
597;UNIVERSIDADE FEDERAL DO TRIÂNGULO MINEIRO;UFTM;Pública Federal;19970;BIOMEDICINA;Bacharelado;Presencial;5;2009;5;2023;5;2023;4;2023;40;02/08/1999;29/06/1999;Em Atividade;9;Saúde e bem-estar;91;Saúde;914;Tecnologia de diagnóstico e tratamento médico;0914B01;Biomedicina
600;INSTITUTO FEDERAL DE EDUCAÇÃO, CIÊNCIA E TECNOLOGIA DO MARANHÃO;IFMA;Pública Federal;1662514;MEDICINA VETERINÁRIA;Bacharelado;Presencial;-;;-;;-;;-;;40;04/03/2025;28/11/2023;Em Atividade;8;Agricultura, silvicultura, pesca e veterinária;84;Veterinária;841;Veterinária;0841M01;Medicina veterinária
605;UNIVERSIDADE MUNICIPAL DE SÃO CAETANO DO SUL;USCS;Pública Municipal;1278877;MEDICINA;Bacharelado;Presencial;-;;3;2019;4;2025;4;2019;60;17/03/2014;18/12/2013;Em Atividade;9;Saúde e bem-estar;91;Saúde;912;Medicina;0912M01;Medicina
605;UNIVERSIDADE MUNICIPAL DE SÃO CAETANO DO SUL;USCS;Pública Municipal;1313207;BIOMEDICINA;Bacharelado;Presencial;-;;4;2023;4;2023;4;2023;60;28/10/2014;19/12/2013;Em Atividade;9;Saúde e bem-estar;91;Saúde;914;Tecnologia de diagnóstico e tratamento médico;0914B01;Biomedicina
605;UNIVERSIDADE MUNICIPAL DE SÃO CAETANO DO SUL;USCS;Pública Municipal;1349675;MEDICINA;Bacharelado;Presencial;-;;-;;3;2025;-;;120;01/03/2016;15/12/2015;Em Atividade;9;Saúde e bem-estar;91;Saúde;912;Medicina;0912M01;Medicina
605;UNIVERSIDADE MUNICIPAL DE SÃO CAETANO DO SUL;USCS;Pública Municipal;1517801;MEDICINA VETERINÁRIA;Bacharelado;Presencial;-;;-;;-;;-;;120;03/02/2020;04/10/2019;Em Atividade;8;Agricultura, silvicultura, pesca e veterinária;84;Veterinária;841;Veterinária;0841M01;Medicina veterinária
605;UNIVERSIDADE MUNICIPAL DE SÃO CAETANO DO SUL;USCS;Pública Municipal;1586114;MEDICINA;Bacharelado;Presencial;-;;-;;-;;-;;60;01/02/2022;30/07/2021;Em Atividade;9;Saúde e bem-estar;91;Saúde;912;Medicina;0912M01;Medicina
609;UNIVERSIDADE ESTADUAL DO OESTE DO PARANÁ;UNIOESTE;Pública Estadual;14725;MEDICINA;Bacharelado;Presencial;-;;3;2023;4;2025;3;2023;40;25/11/1997;30/08/1996;Em Atividade;9;Saúde e bem-estar;91;Saúde;912;Medicina;0912M01;Medicina
609;UNIVERSIDADE ESTADUAL DO OESTE DO PARANÁ;UNIOESTE;Pública Estadual;1214209;MEDICINA;Bacharelado;Presencial;-;;3;2023;4;2025;3;2023;40;18/02/2013;-;Em Atividade;9;Saúde e bem-estar;91;Saúde;912;Medicina;0912M01;Medicina
610;CENTRO UNIVERSITÁRIO UNIVERSUS VERITAS;UNIVERITAS;Privada com fins lucrativos;1344296;BIOMEDICINA;Bacharelado;Presencial;4;2022;-;;-;;-;;120;15/12/2015;15/12/2015;Em Atividade;9;Saúde e bem-estar;91;Saúde;914;Tecnologia de diagnóstico e tratamento médico;0914B01;Biomedicina
610;CENTRO UNIVERSITÁRIO UNIVERSUS VERITAS;UNIVERITAS;Privada com fins lucrativos;1398191;MEDICINA VETERINÁRIA;Bacharelado;Presencial;4;2025;3;2023;3;2023;3;2023;480;26/01/2017;16/01/2017;Em Atividade;8;Agricultura, silvicultura, pesca e veterinária;84;Veterinária;841;Veterinária;0841M01;Medicina veterinária
621;CENTRO UNIVERSITÁRIO CESMAC;CESMAC;Privada sem fins lucrativos;18900;BIOMEDICINA;Bacharelado;Presencial;4;2014;4;2023;4;2023;5;2023;240;02/02/1998;06/11/1997;Em Atividade;9;Saúde e bem-estar;91;Saúde;914;Tecnologia de diagnóstico e tratamento médico;0914B01;Biomedicina
621;CENTRO UNIVERSITÁRIO CESMAC;CESMAC;Privada sem fins lucrativos;43144;MEDICINA VETERINÁRIA;Bacharelado;Presencial;5;2019;4;2023;4;2023;4;2023;240;19/07/2000;27/01/2000;Em Atividade;8;Agricultura, silvicultura, pesca e veterinária;84;Veterinária;841;Veterinária;0841M01;Medicina veterinária
621;CENTRO UNIVERSITÁRIO CESMAC;CESMAC;Privada sem fins lucrativos;1184325;MEDICINA;Bacharelado;Presencial;5;2022;3;2023;3;2025;3;2023;145;13/03/2014;14/03/2014;Em Atividade;9;Saúde e bem-estar;91;Saúde;912;Medicina;0912M01;Medicina
626;CENTRO UNIVERSITÁRIO CENECISTA DE OSÓRIO;UNICNEC;Privada sem fins lucrativos;1204197;BIOMEDICINA;Bacharelado;Presencial;4;2017;4;2023;4;2023;4;2023;100;02/12/2013;25/10/2013;Em Atividade;9;Saúde e bem-estar;91;Saúde;914;Tecnologia de diagnóstico e tratamento médico;0914B01;Biomedicina
626;CENTRO UNIVERSITÁRIO CENECISTA DE OSÓRIO;UNICNEC;Privada sem fins lucrativos;1575388;BIOMEDICINA;Bacharelado;A Distância;-;;-;;-;;-;;100;Não iniciado;29/03/2021;Extinto;9;Saúde e bem-estar;91;Saúde;914;Tecnologia de diagnóstico e tratamento médico;0914B01;Biomedicina
626;CENTRO UNIVERSITÁRIO CENECISTA DE OSÓRIO;UNICNEC;;1728073;BIOMEDICINA;Bacharelado;Semipresencial;-;;-;;-;;-;;1000;Não iniciado;-;Em Atividade;;;;;;;;
634;UNIVERSIDADE FEDERAL DE PELOTAS;UFPEL;Pública Federal;14974;MEDICINA VETERINÁRIA;Bacharelado;Presencial;3;2008;4;2023;4;2023;3;2023;132;11/03/1969;13/12/1960;Em Atividade;8;Agricultura, silvicultura, pesca e veterinária;84;Veterinária;841;Veterinária;0841M01;Medicina veterinária
634;UNIVERSIDADE FEDERAL DE PELOTAS;UFPEL;Pública Federal;14975;MEDICINA;Bacharelado;Presencial;4;2025;4;2023;4;2025;3;2023;106;04/04/1963;04/04/1963;Em Atividade;9;Saúde e bem-estar;91;Saúde;912;Medicina;0912M01;Medicina
634;UNIVERSIDADE FEDERAL DE PELOTAS;UFPEL;Pública Federal;1265854;MEDICINA VETERINÁRIA;Bacharelado;Presencial;5;2023;5;2023;4;2023;5;2023;60;21/03/2011;07/10/2013;Em Atividade;8;Agricultura, silvicultura, pesca e veterinária;84;Veterinária;841;Veterinária;0841M01;Medicina veterinária
641;UNIVERSIDADE LA SALLE;UNILASALLE;Privada sem fins lucrativos;1629788;BIOMEDICINA;Bacharelado;A Distância;-;;-;;-;;-;;500;01/03/2023;23/01/2023;Em Extinção;9;Saúde e bem-estar;91;Saúde;914;Tecnologia de diagnóstico e tratamento médico;0914B01;Biomedicina
641;UNIVERSIDADE LA SALLE;UNILASALLE;Privada sem fins lucrativos;1662473;MEDICINA VETERINÁRIA;Bacharelado;A Distância;-;;-;;-;;-;;120;Não iniciado;28/11/2023;Extinto;8;Agricultura, silvicultura, pesca e veterinária;84;Veterinária;841;Veterinária;0841M01;Medicina veterinária
641;UNIVERSIDADE LA SALLE;UNILASALLE;Privada sem fins lucrativos;1662640;MEDICINA VETERINÁRIA;Bacharelado;Presencial;-;;-;;-;;-;;180;04/03/2024;29/11/2023;Em Atividade;8;Agricultura, silvicultura, pesca e veterinária;84;Veterinária;841;Veterinária;0841M01;Medicina veterinária
641;UNIVERSIDADE LA SALLE;UNILASALLE;Privada sem fins lucrativos;1711052;BIOMEDICINA;Bacharelado;Semipresencial;-;;-;;-;;-;;500;Não iniciado;25/09/2025;Em Atividade;9;Saúde e bem-estar;91;Saúde;914;Tecnologia de diagnóstico e tratamento médico;0914B01;Biomedicina
645;Centro Universitário - Católica de Santa Catarina em Jaraguá do Sul;Católica em Jaraguá;Privada sem fins lucrativos;1659795;BIOMEDICINA;Bacharelado;Presencial;-;;-;;-;;-;;50;01/08/2025;18/10/2023;Em Atividade;9;Saúde e bem-estar;91;Saúde;914;Tecnologia de diagnóstico e tratamento médico;0914B01;Biomedicina
648;FACULDADES ASSOCIADAS DE UBERABA - FAZU;FAZU;Privada sem fins lucrativos;1624952;MEDICINA VETERINÁRIA;Bacharelado;Presencial;-;;-;;-;;-;;150;10/08/2023;15/05/2023;Em Atividade;8;Agricultura, silvicultura, pesca e veterinária;84;Veterinária;841;Veterinária;0841M01;Medicina veterinária
652;Centro Universitário Santa Cecília;Unicea;Privada sem fins lucrativos;1631781;MEDICINA VETERINÁRIA;Bacharelado;Presencial;-;;-;;-;;-;;120;08/02/2023;08/02/2023;Em Atividade;8;Agricultura, silvicultura, pesca e veterinária;84;Veterinária;841;Veterinária;0841M01;Medicina veterinária
652;Centro Universitário Santa Cecília;Unicea;Privada sem fins lucrativos;1666449;BIOMEDICINA;Bacharelado;Presencial;-;;-;;-;;-;;60;22/02/2024;22/02/2024;Em Atividade;9;Saúde e bem-estar;91;Saúde;914;Tecnologia de diagnóstico e tratamento médico;0914B01;Biomedicina
661;FACULDADE PIO DÉCIMO;FPD;Privada com fins lucrativos;18741;MEDICINA VETERINÁRIA;Bacharelado;Presencial;4;2011;3;2023;3;2023;3;2023;100;18/02/1999;24/11/1998;Em Atividade;8;Agricultura, silvicultura, pesca e veterinária;84;Veterinária;841;Veterinária;0841M01;Medicina veterinária
663;UNIVERSIDADE SALGADO DE OLIVEIRA;UNIVERSO;Privada sem fins lucrativos;108610;MEDICINA VETERINÁRIA;Bacharelado;Presencial;-;;-;;-;;-;;400;02/02/2011;09/01/1997;Em Atividade;8;Agricultura, silvicultura, pesca e veterinária;84;Veterinária;841;Veterinária;0841M01;Medicina veterinária
663;UNIVERSIDADE SALGADO DE OLIVEIRA;UNIVERSO;Privada sem fins lucrativos;108612;MEDICINA VETERINÁRIA;Bacharelado;Presencial;3;2024;3;2023;2;2023;2;2023;400;02/02/2011;09/01/1997;Em Atividade;8;Agricultura, silvicultura, pesca e veterinária;84;Veterinária;841;Veterinária;0841M01;Medicina veterinária
663;UNIVERSIDADE SALGADO DE OLIVEIRA;UNIVERSO;Privada sem fins lucrativos;108624;MEDICINA VETERINÁRIA;Bacharelado;Presencial;4;2024;-;;-;;-;;400;02/02/2011;09/01/1997;Em Atividade;8;Agricultura, silvicultura, pesca e veterinária;84;Veterinária;841;Veterinária;0841M01;Medicina veterinária
663;UNIVERSIDADE SALGADO DE OLIVEIRA;UNIVERSO;Privada sem fins lucrativos;1363757;BIOMEDICINA;Bacharelado;Presencial;4;2022;2;2023;1;2023;1;2023;300;01/02/2017;18/04/2016;Em Atividade;9;Saúde e bem-estar;91;Saúde;914;Tecnologia de diagnóstico e tratamento médico;0914B01;Biomedicina
663;UNIVERSIDADE SALGADO DE OLIVEIRA;UNIVERSO;Privada sem fins lucrativos;1636223;BIOMEDICINA;Bacharelado;Presencial;-;;-;;-;;-;;300;13/02/2023;13/04/2023;Em Atividade;9;Saúde e bem-estar;91;Saúde;914;Tecnologia de diagnóstico e tratamento médico;0914B01;Biomedicina
664;UNIVERSIDADE VILA VELHA;UVV;Privada com fins lucrativos;18201;MEDICINA VETERINÁRIA;Bacharelado;Presencial;4;2008;5;2023;5;2023;5;2023;160;22/04/1998;10/03/1998;Em Atividade;8;Agricultura, silvicultura, pesca e veterinária;84;Veterinária;841;Veterinária;0841M01;Medicina veterinária
664;UNIVERSIDADE VILA VELHA;UVV;Privada com fins lucrativos;98406;MEDICINA;Bacharelado;Presencial;5;2024;4;2023;4;2025;3;2023;170;05/02/2007;13/11/2006;Em Atividade;9;Saúde e bem-estar;91;Saúde;912;Medicina;0912M01;Medicina
664;UNIVERSIDADE VILA VELHA;UVV;Privada com fins lucrativos;1487212;BIOMEDICINA;Bacharelado;A Distância;4;2023;4;2023;3;2023;3;2023;100;29/07/2019;11/07/2019;Em Extinção;9;Saúde e bem-estar;91;Saúde;914;Tecnologia de diagnóstico e tratamento médico;0914B01;Biomedicina
664;UNIVERSIDADE VILA VELHA;UVV;Privada com fins lucrativos;1666083;BIOMEDICINA;Bacharelado;Presencial;-;;-;;-;;-;;100;22/02/2024;30/01/2024;Em Atividade;9;Saúde e bem-estar;91;Saúde;914;Tecnologia de diagnóstico e tratamento médico;0914B01;Biomedicina
664;UNIVERSIDADE VILA VELHA;UVV;Privada com fins lucrativos;1701608;BIOMEDICINA;Bacharelado;Semipresencial;-;;-;;-;;-;;100;Não iniciado;25/09/2025;Em Atividade;9;Saúde e bem-estar;91;Saúde;914;Tecnologia de diagnóstico e tratamento médico;0914B01;Biomedicina
665;UNIVERSIDADE DE TAUBATÉ;UNITAU;Especial;1615933;BIOMEDICINA;Bacharelado;Presencial;-;;-;;-;;-;;120;13/02/2023;01/11/2022;Em Atividade;9;Saúde e bem-estar;91;Saúde;914;Tecnologia de diagnóstico e tratamento médico;0914B01;Biomedicina
665;UNIVERSIDADE DE TAUBATÉ;UNITAU;Especial;1629851;MEDICINA;Bacharelado;Presencial;-;;-;;-;;-;;120;01/08/2022;09/02/2023;Em Atividade;9;Saúde e bem-estar;91;Saúde;912;Medicina;0912M01;Medicina
665;UNIVERSIDADE DE TAUBATÉ;UNITAU;Pública Municipal;15343;MEDICINA;Bacharelado;Presencial;-;;2;2023;2;2025;2;2023;120;30/01/1967;31/01/1967;Em Atividade;9;Saúde e bem-estar;91;Saúde;912;Medicina;0912M01;Medicina
665;UNIVERSIDADE DE TAUBATÉ;UNITAU;Pública Municipal;1533900;MEDICINA VETERINÁRIA;Bacharelado;Presencial;-;;-;;-;;-;;60;02/01/2020;02/09/2019;Em Atividade;8;Agricultura, silvicultura, pesca e veterinária;84;Veterinária;841;Veterinária;0841M01;Medicina veterinária
666;UNIVERSIDADE ESTADUAL DE FEIRA DE SANTANA;UEFS;Pública Estadual;64706;MEDICINA;Bacharelado;Presencial;-;;3;2023;4;2025;3;2023;35;14/07/2003;09/12/2002;Em Atividade;9;Saúde e bem-estar;91;Saúde;912;Medicina;0912M01;Medicina
668;CENTRO UNIVERSITÁRIO DE ENSINO SUPERIOR DO AMAZONAS;CIESA;Privada com fins lucrativos;1676467;BIOMEDICINA;Bacharelado;Presencial;-;;-;;-;;-;;100;10/06/2025;12/06/2024;Em Atividade;9;Saúde e bem-estar;91;Saúde;914;Tecnologia de diagnóstico e tratamento médico;0914B01;Biomedicina
668;CENTRO UNIVERSITÁRIO DE ENSINO SUPERIOR DO AMAZONAS;CIESA;Privada com fins lucrativos;1676469;MEDICINA VETERINÁRIA;Bacharelado;Presencial;-;;-;;-;;-;;100;Não iniciado;12/06/2024;Em Atividade;8;Agricultura, silvicultura, pesca e veterinária;84;Veterinária;841;Veterinária;0841M01;Medicina veterinária
669;UNIVERSIDADE NILTON LINS;UNINILTONLINS;Privada sem fins lucrativos;47714;MEDICINA VETERINÁRIA;Bacharelado;Presencial;4;2023;3;2023;2;2023;3;2023;300;29/01/2001;30/11/2000;Em Atividade;8;Agricultura, silvicultura, pesca e veterinária;84;Veterinária;841;Veterinária;0841M01;Medicina veterinária
669;UNIVERSIDADE NILTON LINS;UNINILTONLINS;Privada sem fins lucrativos;49060;MEDICINA;Bacharelado;Presencial;4;2024;2;2023;1;2025;1;2023;145;01/02/2002;18/10/2001;Em Atividade;9;Saúde e bem-estar;91;Saúde;912;Medicina;0912M01;Medicina
669;UNIVERSIDADE NILTON LINS;UNINILTONLINS;Privada sem fins lucrativos;1349110;BIOMEDICINA;Bacharelado;Presencial;3;2023;3;2023;1;2023;3;2023;200;21/05/2015;12/12/2015;Em Atividade;9;Saúde e bem-estar;91;Saúde;914;Tecnologia de diagnóstico e tratamento médico;0914B01;Biomedicina
669;UNIVERSIDADE NILTON LINS;UNINILTONLINS;;1725862;MEDICINA VETERINÁRIA;Bacharelado;Semipresencial;-;;-;;-;;-;;200;Não iniciado;-;Em Atividade;;;;;;;;
670;UNIVERSIDADE SÃO FRANCISCO;USF;Privada sem fins lucrativos;15475;MEDICINA;Bacharelado;Presencial;5;2025;3;2023;3;2025;3;2023;145;31/01/1972;24/09/1971;Em Atividade;9;Saúde e bem-estar;91;Saúde;912;Medicina;0912M01;Medicina
670;UNIVERSIDADE SÃO FRANCISCO;USF;Privada sem fins lucrativos;1203355;BIOMEDICINA;Bacharelado;Presencial;4;2017;3;2023;3;2023;3;2023;207;04/02/2013;27/09/2012;Em Atividade;9;Saúde e bem-estar;91;Saúde;914;Tecnologia de diagnóstico e tratamento médico;0914B01;Biomedicina
670;UNIVERSIDADE SÃO FRANCISCO;USF;Privada sem fins lucrativos;1428323;BIOMEDICINA;Bacharelado;Presencial;4;2023;3;2023;3;2023;2;2023;210;07/02/2018;14/12/2017;Em Atividade;9;Saúde e bem-estar;91;Saúde;914;Tecnologia de diagnóstico e tratamento médico;0914B01;Biomedicina
670;UNIVERSIDADE SÃO FRANCISCO;USF;Privada sem fins lucrativos;1477899;MEDICINA VETERINÁRIA;Bacharelado;Presencial;4;2023;4;2023;4;2023;3;2023;280;15/08/2019;28/02/2019;Em Atividade;8;Agricultura, silvicultura, pesca e veterinária;84;Veterinária;841;Veterinária;0841M01;Medicina veterinária
670;UNIVERSIDADE SÃO FRANCISCO;USF;Privada sem fins lucrativos;1494174;BIOMEDICINA;Bacharelado;Presencial;5;2023;4;2023;3;2023;3;2023;320;10/02/2020;02/09/2019;Em Atividade;9;Saúde e bem-estar;91;Saúde;914;Tecnologia de diagnóstico e tratamento médico;0914B01;Biomedicina
670;UNIVERSIDADE SÃO FRANCISCO;USF;Privada sem fins lucrativos;1620260;BIOMEDICINA;Bacharelado;A Distância;-;;-;;-;;-;;800;06/02/2023;12/12/2022;Em Extinção;9;Saúde e bem-estar;91;Saúde;914;Tecnologia de diagnóstico e tratamento médico;0914B01;Biomedicina
670;UNIVERSIDADE SÃO FRANCISCO;USF;Privada sem fins lucrativos;1665765;BIOMEDICINA;Bacharelado;Presencial;-;;-;;-;;-;;180;19/02/2024;05/01/2024;Em Atividade;9;Saúde e bem-estar;91;Saúde;914;Tecnologia de diagnóstico e tratamento médico;0914B01;Biomedicina
670;UNIVERSIDADE SÃO FRANCISCO;USF;Privada sem fins lucrativos;1701616;BIOMEDICINA;Bacharelado;Semipresencial;-;;-;;-;;-;;800;Não iniciado;25/09/2025;Em Atividade;9;Saúde e bem-estar;91;Saúde;914;Tecnologia de diagnóstico e tratamento médico;0914B01;Biomedicina
671;UNIVERSIDADE ANHANGUERA;UNIDERP;Privada com fins lucrativos;15554;MEDICINA VETERINÁRIA;Bacharelado;Presencial;4;2008;3;2023;2;2023;2;2023;180;14/08/1994;14/04/1994;Em Atividade;8;Agricultura, silvicultura, pesca e veterinária;84;Veterinária;841;Veterinária;0841M01;Medicina veterinária
671;UNIVERSIDADE ANHANGUERA;UNIDERP;Privada com fins lucrativos;39415;MEDICINA;Bacharelado;Presencial;5;2024;3;2023;2;2025;3;2023;120;07/02/2000;26/03/1997;Em Atividade;9;Saúde e bem-estar;91;Saúde;912;Medicina;0912M01;Medicina
671;UNIVERSIDADE ANHANGUERA;UNIDERP;Privada com fins lucrativos;1341543;MEDICINA VETERINÁRIA;Bacharelado;Presencial;-;;-;;-;;-;;350;01/12/2015;13/11/2015;Extinto;8;Agricultura, silvicultura, pesca e veterinária;84;Veterinária;841;Veterinária;0841M01;Medicina veterinária
671;UNIVERSIDADE ANHANGUERA;UNIDERP;Privada com fins lucrativos;1364174;BIOMEDICINA;Bacharelado;Presencial;4;2022;3;2023;3;2023;3;2023;180;04/08/2016;12/01/2016;Em Atividade;9;Saúde e bem-estar;91;Saúde;914;Tecnologia de diagnóstico e tratamento médico;0914B01;Biomedicina
671;UNIVERSIDADE ANHANGUERA;UNIDERP;Privada com fins lucrativos;1455427;BIOMEDICINA;Bacharelado;A Distância;3;2023;4;2023;3;2023;5;2023;17500;11/02/2019;26/09/2018;Em Extinção;9;Saúde e bem-estar;91;Saúde;914;Tecnologia de diagnóstico e tratamento médico;0914B01;Biomedicina
671;UNIVERSIDADE ANHANGUERA;UNIDERP;Privada com fins lucrativos;1598991;TÉCNICAS DE TELEMEDICINA;Tecnológico;A Distância;-;;-;;-;;-;;2000;Não iniciado;12/01/2022;Extinto;6;Computação e Tecnologias da Informação e Comunicação (TIC);68;Programas interdisciplinares abrangendo computação e Tecnologias da Informação e Comunicação (TIC);688;Programas interdisciplinares abrangendo computação e Tecnologias da Informação e Comunicação (TIC);0688P01;Programas interdisciplinares abrangendo computação e Tecnologias da Informação e Comunicação (TIC)
671;UNIVERSIDADE ANHANGUERA;UNIDERP;Privada com fins lucrativos;1701622;BIOMEDICINA;Bacharelado;Semipresencial;-;;-;;-;;-;;60;15/09/2025;25/09/2025;Em Atividade;9;Saúde e bem-estar;91;Saúde;914;Tecnologia de diagnóstico e tratamento médico;0914B01;Biomedicina
671;UNIVERSIDADE ANHANGUERA;UNIDERP;;1717202;MEDICINA VETERINÁRIA;Bacharelado;Semipresencial;-;;-;;-;;-;;5000;Não iniciado;-;Em Atividade;;;;;;;;
672;CENTRO UNIVERSITÁRIO FACENS;UniFACENS;Privada sem fins lucrativos;1597199;BIOMEDICINA;Bacharelado;Presencial;5;2024;-;;-;;-;;100;14/02/2022;25/10/2021;Em Atividade;9;Saúde e bem-estar;91;Saúde;914;Tecnologia de diagnóstico e tratamento médico;0914B01;Biomedicina
672;CENTRO UNIVERSITÁRIO FACENS;UniFACENS;Privada sem fins lucrativos;1636836;MEDICINA VETERINÁRIA;Bacharelado;Presencial;-;;-;;-;;-;;170;24/04/2024;26/04/2023;Em Atividade;8;Agricultura, silvicultura, pesca e veterinária;84;Veterinária;841;Veterinária;0841M01;Medicina veterinária
673;CENTRO UNIVERSITÁRIO DA GRANDE DOURADOS;UNIGRAN;Privada sem fins lucrativos;52270;BIOMEDICINA;Bacharelado;Presencial;4;2009;5;2023;4;2023;5;2023;160;01/02/2001;08/11/2000;Em Atividade;9;Saúde e bem-estar;91;Saúde;914;Tecnologia de diagnóstico e tratamento médico;0914B01;Biomedicina
673;CENTRO UNIVERSITÁRIO DA GRANDE DOURADOS;UNIGRAN;Privada sem fins lucrativos;63965;MEDICINA VETERINÁRIA;Bacharelado;Presencial;4;2017;5;2023;4;2023;5;2023;160;24/02/2003;19/12/2002;Em Atividade;8;Agricultura, silvicultura, pesca e veterinária;84;Veterinária;841;Veterinária;0841M01;Medicina veterinária
677;Faculdades Reunidas da ASCE;FRASCE;Privada sem fins lucrativos;1638074;BIOMEDICINA;Bacharelado;Presencial;-;;-;;-;;-;;90;10/04/2024;04/12/2023;Em Atividade;9;Saúde e bem-estar;91;Saúde;914;Tecnologia de diagnóstico e tratamento médico;0914B01;Biomedicina
682;FACULDADE DO NOROESTE DE MINAS;FINOM;Privada com fins lucrativos;1439497;MEDICINA VETERINÁRIA;Bacharelado;Presencial;4;2018;-;;-;;-;;100;05/08/2019;14/05/2019;Em Atividade;8;Agricultura, silvicultura, pesca e veterinária;84;Veterinária;841;Veterinária;0841M01;Medicina veterinária
685;FACULDADE DO BELO JARDIM;FBJ;Especial;1675807;MEDICINA;Bacharelado;Presencial;-;;-;;-;;-;;100;Não iniciado;05/06/2024;Em Atividade;9;Saúde e bem-estar;91;Saúde;912;Medicina;0912M01;Medicina
688;UNIVERSIDADE ESTADUAL DO SUDOESTE DA BAHIA;UESB;Pública Estadual;80037;MEDICINA;Bacharelado;Presencial;-;;3;2023;5;2025;2;2023;30;16/03/2004;07/08/2004;Em Atividade;9;Saúde e bem-estar;91;Saúde;912;Medicina;0912M01;Medicina
688;UNIVERSIDADE ESTADUAL DO SUDOESTE DA BAHIA;UESB;Pública Estadual;1146605;MEDICINA;Bacharelado;Presencial;-;;4;2023;4;2025;4;2023;27;23/12/2008;-;Em Atividade;9;Saúde e bem-estar;91;Saúde;912;Medicina;0912M01;Medicina
692;FACULDADE DE PETROLINA;FACAPE;Especial;1601865;MEDICINA;Bacharelado;Presencial;-;;-;;-;;-;;100;Não iniciado;25/04/2022;Em Atividade;9;Saúde e bem-estar;91;Saúde;912;Medicina;0912M01;Medicina
693;UNIVERSIDADE FEDERAL DO ESTADO DO RIO DE JANEIRO;UNIRIO;Pública Federal;15783;MEDICINA;Bacharelado;Presencial;4;2019;3;2023;4;2025;2;2023;160;10/04/1912;10/04/1912;Em Atividade;9;Saúde e bem-estar;91;Saúde;912;Medicina;0912M01;Medicina
693;UNIVERSIDADE FEDERAL DO ESTADO DO RIO DE JANEIRO;UNIRIO;Pública Federal;15789;BIOMEDICINA;Bacharelado;Presencial;3;2023;4;2023;4;2023;2;2023;70;01/01/1976;30/10/1975;Em Atividade;9;Saúde e bem-estar;91;Saúde;914;Tecnologia de diagnóstico e tratamento médico;0914B01;Biomedicina
693;UNIVERSIDADE FEDERAL DO ESTADO DO RIO DE JANEIRO;UNIRIO;Pública Federal;1443425;BIOMEDICINA;Bacharelado;Presencial;-;;-;;-;;-;;70;Não iniciado;02/05/2018;Em Atividade;9;Saúde e bem-estar;91;Saúde;914;Tecnologia de diagnóstico e tratamento médico;0914B01;Biomedicina
694;UNIVERSIDADE FEDERAL DE MATO GROSSO DO SUL;UFMS;Pública Federal;15839;MEDICINA;Bacharelado;Presencial;4;2018;4;2023;5;2025;4;2023;80;10/03/1968;27/12/1967;Em Atividade;9;Saúde e bem-estar;91;Saúde;912;Medicina;0912M01;Medicina
694;UNIVERSIDADE FEDERAL DE MATO GROSSO DO SUL;UFMS;Pública Federal;15840;MEDICINA VETERINÁRIA;Bacharelado;Presencial;3;2008;4;2023;4;2023;3;2023;50;10/03/1971;04/01/1972;Em Atividade;8;Agricultura, silvicultura, pesca e veterinária;84;Veterinária;841;Veterinária;0841M01;Medicina veterinária
694;UNIVERSIDADE FEDERAL DE MATO GROSSO DO SUL;UFMS;Pública Federal;1260587;MEDICINA VETERINÁRIA;Bacharelado;Presencial;-;;-;;-;;-;;40;06/03/2023;03/11/2014;Em Atividade;8;Agricultura, silvicultura, pesca e veterinária;84;Veterinária;841;Veterinária;0841M01;Medicina veterinária
694;UNIVERSIDADE FEDERAL DE MATO GROSSO DO SUL;UFMS;Pública Federal;1264844;MEDICINA;Bacharelado;Presencial;5;2022;3;2023;5;2025;3;2023;60;03/07/2014;13/05/2014;Em Atividade;9;Saúde e bem-estar;91;Saúde;912;Medicina;0912M01;Medicina
699;FUNDAÇÃO UNIVERSIDADE FEDERAL DE RONDÔNIA;UNIR;Pública Federal;51699;MEDICINA;Bacharelado;Presencial;4;2025;3;2023;4;2025;3;2023;40;05/08/2002;18/01/2002;Em Atividade;9;Saúde e bem-estar;91;Saúde;912;Medicina;0912M01;Medicina
699;FUNDAÇÃO UNIVERSIDADE FEDERAL DE RONDÔNIA;UNIR;Pública Federal;150273;MEDICINA VETERINÁRIA;Bacharelado;Presencial;2;2014;4;2023;3;2023;3;2023;40;14/02/2011;01/04/2009;Em Atividade;8;Agricultura, silvicultura, pesca e veterinária;84;Veterinária;841;Veterinária;0841M01;Medicina veterinária
701;FACULDADES INTEGRADAS DE GARANHUNS;FACIGA;Especial;1643032;MEDICINA;Bacharelado;Presencial;-;;-;;-;;-;;90;15/02/2024;23/06/2023;Em Atividade;9;Saúde e bem-estar;91;Saúde;912;Medicina;0912M01;Medicina
705;CENTRO UNIVERSITÁRIO SÃO JOSÉ;UNISJ;;1727664;BIOMEDICINA;Bacharelado;Semipresencial;-;;-;;-;;-;;100;Não iniciado;-;Em Atividade;;;;;;;;
707;CENTRO UNIVERSITÁRIO CENTRAL PAULISTA;UNICEP;Privada com fins lucrativos;97529;BIOMEDICINA;Bacharelado;Presencial;4;2011;3;2023;2;2023;2;2023;120;12/02/2007;30/11/2006;Em Atividade;9;Saúde e bem-estar;91;Saúde;914;Tecnologia de diagnóstico e tratamento médico;0914B01;Biomedicina
707;CENTRO UNIVERSITÁRIO CENTRAL PAULISTA;UNICEP;Privada com fins lucrativos;1261569;MEDICINA VETERINÁRIA;Bacharelado;Presencial;4;2019;3;2023;3;2023;2;2023;120;21/06/2013;21/06/2013;Em Atividade;8;Agricultura, silvicultura, pesca e veterinária;84;Veterinária;841;Veterinária;0841M01;Medicina veterinária
712;CENTRO UNIVERSITÁRIO IBMR;-;Privada com fins lucrativos;104746;BIOMEDICINA;Bacharelado;Presencial;4;2011;3;2023;3;2023;2;2023;230;13/02/2006;20/06/2005;Em Atividade;9;Saúde e bem-estar;91;Saúde;914;Tecnologia de diagnóstico e tratamento médico;0914B01;Biomedicina
712;CENTRO UNIVERSITÁRIO IBMR;-;Privada com fins lucrativos;1156472;BIOMEDICINA;Bacharelado;Presencial;4;2014;3;2023;3;2023;3;2023;350;14/03/2011;22/09/2010;Em Atividade;9;Saúde e bem-estar;91;Saúde;914;Tecnologia de diagnóstico e tratamento médico;0914B01;Biomedicina
712;CENTRO UNIVERSITÁRIO IBMR;-;Privada com fins lucrativos;1499041;BIOMEDICINA;Bacharelado;A Distância;-;;3;2023;2;2023;SC;2023;400;03/04/2020;-;Em Extinção;9;Saúde e bem-estar;91;Saúde;914;Tecnologia de diagnóstico e tratamento médico;0914B01;Biomedicina
712;CENTRO UNIVERSITÁRIO IBMR;-;Privada com fins lucrativos;1603221;MEDICINA VETERINÁRIA;Bacharelado;Presencial;4;2025;-;;-;;-;;200;18/03/2022;18/03/2022;Em Atividade;8;Agricultura, silvicultura, pesca e veterinária;84;Veterinária;841;Veterinária;0841M01;Medicina veterinária
712;CENTRO UNIVERSITÁRIO IBMR;-;Privada com fins lucrativos;1603223;MEDICINA VETERINÁRIA;Bacharelado;Presencial;-;;-;;-;;-;;200;18/03/2022;18/03/2022;Em Atividade;8;Agricultura, silvicultura, pesca e veterinária;84;Veterinária;841;Veterinária;0841M01;Medicina veterinária
712;CENTRO UNIVERSITÁRIO IBMR;-;Privada com fins lucrativos;1711847;BIOMEDICINA;Bacharelado;Semipresencial;-;;-;;-;;-;;400;06/10/2025;25/09/2025;Em Atividade;9;Saúde e bem-estar;91;Saúde;914;Tecnologia de diagnóstico e tratamento médico;0914B01;Biomedicina
717;FUNDAÇÃO UNIVERSIDADE FEDERAL DE CIÊNCIAS DA SAÚDE DE PORTO ALEGRE;UFCSPA;Pública Federal;16236;MEDICINA;Bacharelado;Presencial;4;2025;4;2023;5;2025;3;2023;100;22/03/1961;17/02/1961;Em Atividade;9;Saúde e bem-estar;91;Saúde;912;Medicina;0912M01;Medicina
717;FUNDAÇÃO UNIVERSIDADE FEDERAL DE CIÊNCIAS DA SAÚDE DE PORTO ALEGRE;UFCSPA;Pública Federal;59792;BIOMEDICINA;Bacharelado;Presencial;4;2008;4;2023;4;2023;2;2023;40;01/03/2004;27/12/2002;Em Atividade;9;Saúde e bem-estar;91;Saúde;914;Tecnologia de diagnóstico e tratamento médico;0914B01;Biomedicina
717;FUNDAÇÃO UNIVERSIDADE FEDERAL DE CIÊNCIAS DA SAÚDE DE PORTO ALEGRE;UFCSPA;Pública Federal;1166723;BIOMEDICINA;Bacharelado;Presencial;5;2016;4;2023;5;2023;3;2023;40;27/02/2012;25/10/2011;Em Atividade;9;Saúde e bem-estar;91;Saúde;914;Tecnologia de diagnóstico e tratamento médico;0914B01;Biomedicina
717;FUNDAÇÃO UNIVERSIDADE FEDERAL DE CIÊNCIAS DA SAÚDE DE PORTO ALEGRE;UFCSPA;Pública Federal;1321484;QUÍMICA MEDICINAL;Bacharelado;Presencial;4;2022;4;2021;3;2021;3;2021;40;20/01/2016;09/10/2014;Em Atividade;5;Ciências naturais, matemática e estatística;53;Ciências físicas;531;Química;0531Q01;Química
718;UNIVERSIDADE POTIGUAR;UNP;Privada com fins lucrativos;91219;MEDICINA;Bacharelado;Presencial;4;2024;4;2023;4;2025;3;2023;192;19/07/2006;08/03/2006;Em Atividade;9;Saúde e bem-estar;91;Saúde;912;Medicina;0912M01;Medicina
718;UNIVERSIDADE POTIGUAR;UNP;Privada com fins lucrativos;1204189;BIOMEDICINA;Bacharelado;Presencial;4;2016;3;2023;2;2023;3;2023;120;18/02/2013;12/09/2012;Em Atividade;9;Saúde e bem-estar;91;Saúde;914;Tecnologia de diagnóstico e tratamento médico;0914B01;Biomedicina
718;UNIVERSIDADE POTIGUAR;UNP;Privada com fins lucrativos;1278875;MEDICINA VETERINÁRIA;Bacharelado;Presencial;4;2021;2;2023;2;2023;1;2023;200;10/02/2014;02/10/2013;Em Atividade;8;Agricultura, silvicultura, pesca e veterinária;84;Veterinária;841;Veterinária;0841M01;Medicina veterinária
718;UNIVERSIDADE POTIGUAR;UNP;Privada com fins lucrativos;1364552;BIOMEDICINA;Bacharelado;Presencial;5;2022;3;2023;2;2023;2;2023;160;17/09/2018;31/03/2017;Em Atividade;9;Saúde e bem-estar;91;Saúde;914;Tecnologia de diagnóstico e tratamento médico;0914B01;Biomedicina
718;UNIVERSIDADE POTIGUAR;UNP;Privada com fins lucrativos;1526174;BIOMEDICINA;Bacharelado;A Distância;-;;-;;-;;-;;200;10/02/2020;02/10/2019;Em Extinção;9;Saúde e bem-estar;91;Saúde;914;Tecnologia de diagnóstico e tratamento médico;0914B01;Biomedicina
718;UNIVERSIDADE POTIGUAR;UNP;Privada com fins lucrativos;1602952;MEDICINA VETERINÁRIA;Bacharelado;Presencial;-;;-;;-;;-;;160;18/03/2022;18/03/2022;Em Atividade;8;Agricultura, silvicultura, pesca e veterinária;84;Veterinária;841;Veterinária;0841M01;Medicina veterinária
718;UNIVERSIDADE POTIGUAR;UNP;Privada com fins lucrativos;1701640;BIOMEDICINA;Bacharelado;Semipresencial;-;;-;;-;;-;;200;06/10/2025;25/09/2025;Em Atividade;9;Saúde e bem-estar;91;Saúde;914;Tecnologia de diagnóstico e tratamento médico;0914B01;Biomedicina
718;UNIVERSIDADE POTIGUAR;UNP;;1721446;MEDICINA VETERINÁRIA;Bacharelado;Semipresencial;-;;-;;-;;-;;140;06/10/2025;-;Em Atividade;;;;;;;;
719;Universidade do Estado de Mato Grosso Carlos Alberto Reyes Maldonado - UNEMAT;UNEMAT;Pública Estadual;1188849;MEDICINA;Bacharelado;Presencial;-;;3;2023;3;2025;2;2023;60;30/07/2012;-;Em Atividade;9;Saúde e bem-estar;91;Saúde;912;Medicina;0912M01;Medicina
730;UNIVERSIDADE ESTADUAL DE PONTA GROSSA;UEPG;Pública Estadual;150039;MEDICINA;Bacharelado;Presencial;-;;4;2023;5;2025;3;2023;40;19/07/2009;-;Em Atividade;9;Saúde e bem-estar;91;Saúde;912;Medicina;0912M01;Medicina
734;FACULDADES INTEGRADAS MARIA IMACULADA;FIMI;Privada sem fins lucrativos;1156866;BIOMEDICINA;Bacharelado;Presencial;3;2015;4;2023;2;2023;3;2023;80;06/02/2012;24/11/2011;Em Atividade;9;Saúde e bem-estar;91;Saúde;914;Tecnologia de diagnóstico e tratamento médico;0914B01;Biomedicina
736;FACULDADE PITÁGORAS DE LINHARES;-;Privada com fins lucrativos;1300335;BIOMEDICINA;Bacharelado;Presencial;5;2022;3;2023;2;2023;3;2023;120;08/08/2016;23/12/2015;Em Atividade;9;Saúde e bem-estar;91;Saúde;914;Tecnologia de diagnóstico e tratamento médico;0914B01;Biomedicina
736;FACULDADE PITÁGORAS DE LINHARES;-;Privada com fins lucrativos;1404679;MEDICINA VETERINÁRIA;Bacharelado;Presencial;4;2023;SC;2023;SC;2023;SC;2023;160;18/02/2019;26/12/2018;Em Atividade;8;Agricultura, silvicultura, pesca e veterinária;84;Veterinária;841;Veterinária;0841M01;Medicina veterinária
737;CENTRO UNIVERSITÁRIO SÃO CAMILO;SAO CAMILO;Privada sem fins lucrativos;100958;MEDICINA;Bacharelado;Presencial;5;2025;4;2023;4;2025;4;2023;180;02/08/2007;05/02/2007;Em Atividade;9;Saúde e bem-estar;91;Saúde;912;Medicina;0912M01;Medicina
737;CENTRO UNIVERSITÁRIO SÃO CAMILO;SAO CAMILO;Privada sem fins lucrativos;112564;BIOMEDICINA;Bacharelado;Presencial;5;2012;4;2023;4;2023;3;2023;200;07/02/2008;29/11/2007;Em Atividade;9;Saúde e bem-estar;91;Saúde;914;Tecnologia de diagnóstico e tratamento médico;0914B01;Biomedicina
739;CENTRO UNIVERSITÁRIO SÃO CAMILO - ESPÍRITO SANTO;SÃO CAMILO-ES;Privada sem fins lucrativos;1342770;BIOMEDICINA;Bacharelado;Presencial;-;;-;;-;;-;;100;15/10/2015;15/10/2015;Extinto;9;Saúde e bem-estar;91;Saúde;914;Tecnologia de diagnóstico e tratamento médico;0914B01;Biomedicina
746;UNIVERSIDADE REGIONAL DO CARIRI;URCA;Pública Estadual;1643442;MEDICINA;Bacharelado;Presencial;-;;-;;-;;-;;60;Não iniciado;30/06/2023;Em Atividade;9;Saúde e bem-estar;91;Saúde;912;Medicina;0912M01;Medicina
750;UNIVERSIDADE DE GURUPI;UnirG;Pública Municipal;57852;MEDICINA;Bacharelado;Presencial;-;;1;2023;2;2025;1;2023;120;01/08/2002;21/06/2002;Em Atividade;9;Saúde e bem-estar;91;Saúde;912;Medicina;0912M01;Medicina
750;UNIVERSIDADE DE GURUPI;UnirG;Pública Municipal;5001609;MEDICINA;Bacharelado;Presencial;-;;-;;-;;-;;120;02/08/2021;04/03/2021;Em Atividade;9;Saúde e bem-estar;91;Saúde;912;Medicina;0912M01;Medicina
756;UNIVERSIDADE ESTADUAL DO PIAUÍ;UESPI;Pública Estadual;19086;MEDICINA;Bacharelado;Presencial;-;;3;2023;4;2025;2;2023;50;01/03/1999;21/07/1998;Em Atividade;9;Saúde e bem-estar;91;Saúde;912;Medicina;0912M01;Medicina
757;Centro Universitário da Amazônia;Unama;Privada com fins lucrativos;105968;MEDICINA VETERINÁRIA;Bacharelado;Presencial;4;2020;4;2023;3;2023;4;2023;120;01/10/2007;21/09/2007;Em Atividade;8;Agricultura, silvicultura, pesca e veterinária;84;Veterinária;841;Veterinária;0841M01;Medicina veterinária
757;Centro Universitário da Amazônia;Unama;Privada com fins lucrativos;1279550;BIOMEDICINA;Bacharelado;Presencial;4;2018;3;2023;2;2023;3;2023;100;04/08/2015;01/06/2015;Em Atividade;9;Saúde e bem-estar;91;Saúde;914;Tecnologia de diagnóstico e tratamento médico;0914B01;Biomedicina
757;Centro Universitário da Amazônia;Unama;Privada com fins lucrativos;1323589;BIOMEDICINA;Bacharelado;Presencial;-;;-;;-;;-;;170;06/03/2017;25/11/2016;Extinto;9;Saúde e bem-estar;91;Saúde;914;Tecnologia de diagnóstico e tratamento médico;0914B01;Biomedicina
763;CENTRO UNIVERSITÁRIO DE GOIÂNIA;UNICEUG;Privada com fins lucrativos;20690;MEDICINA VETERINÁRIA;Bacharelado;Presencial;3;2012;2;2023;3;2023;3;2023;150;19/02/2000;20/12/1999;Em Atividade;8;Agricultura, silvicultura, pesca e veterinária;84;Veterinária;841;Veterinária;0841M01;Medicina veterinária
763;CENTRO UNIVERSITÁRIO DE GOIÂNIA;UNICEUG;Privada com fins lucrativos;1441096;BIOMEDICINA;Bacharelado;Presencial;4;2023;3;2023;3;2023;4;2023;100;06/02/2019;13/06/2018;Em Atividade;9;Saúde e bem-estar;91;Saúde;914;Tecnologia de diagnóstico e tratamento médico;0914B01;Biomedicina
780;UNIVERSIDADE DE CUIABÁ;UNIC/UNIME;Privada com fins lucrativos;16834;MEDICINA VETERINÁRIA;Bacharelado;Presencial;3;2010;3;2023;2;2023;2;2023;120;01/08/1995;08/01/1995;Em Atividade;8;Agricultura, silvicultura, pesca e veterinária;84;Veterinária;841;Veterinária;0841M01;Medicina veterinária
780;UNIVERSIDADE DE CUIABÁ;UNIC/UNIME;Privada com fins lucrativos;18472;MEDICINA;Bacharelado;Presencial;5;2023;3;2023;2;2025;3;2023;88;04/08/1997;14/02/1997;Em Atividade;9;Saúde e bem-estar;91;Saúde;912;Medicina;0912M01;Medicina
780;UNIVERSIDADE DE CUIABÁ;UNIC/UNIME;Privada com fins lucrativos;1341449;MEDICINA VETERINÁRIA;Bacharelado;Presencial;-;;-;;-;;-;;300;Não iniciado;13/11/2015;Extinto;8;Agricultura, silvicultura, pesca e veterinária;84;Veterinária;841;Veterinária;0841M01;Medicina veterinária
780;UNIVERSIDADE DE CUIABÁ;UNIC/UNIME;Privada com fins lucrativos;1365187;BIOMEDICINA;Bacharelado;Presencial;4;2022;4;2023;2;2023;4;2023;220;24/10/2016;16/12/2015;Em Atividade;9;Saúde e bem-estar;91;Saúde;914;Tecnologia de diagnóstico e tratamento médico;0914B01;Biomedicina
781;FACULDADE DE RONDONÓPOLIS;FAR;Privada com fins lucrativos;1453735;BIOMEDICINA;Bacharelado;Presencial;4;2023;3;2023;2;2023;3;2023;60;12/08/2019;04/12/2018;Em Atividade;9;Saúde e bem-estar;91;Saúde;914;Tecnologia de diagnóstico e tratamento médico;0914B01;Biomedicina
788;FACULDADE DE RONDÔNIA;FARO;Privada sem fins lucrativos;1594050;MEDICINA VETERINÁRIA;Bacharelado;Presencial;-;;-;;-;;-;;150;Não iniciado;31/12/2021;Em Atividade;8;Agricultura, silvicultura, pesca e veterinária;84;Veterinária;841;Veterinária;0841M01;Medicina veterinária
789;UNIVERSIDADE FEDERAL DE RORAIMA;UFRR;Pública Federal;16904;MEDICINA;Bacharelado;Presencial;4;2025;3;2023;4;2025;3;2023;80;01/03/1994;06/11/1993;Em Atividade;9;Saúde e bem-estar;91;Saúde;912;Medicina;0912M01;Medicina
789;UNIVERSIDADE FEDERAL DE RORAIMA;UFRR;Pública Federal;1186099;MEDICINA VETERINÁRIA;Bacharelado;Presencial;3;2017;3;2023;3;2023;2;2023;50;06/05/2013;31/07/2012;Em Atividade;8;Agricultura, silvicultura, pesca e veterinária;84;Veterinária;841;Veterinária;0841M01;Medicina veterinária
790;Faculdade Israelita de Ciências da Saúde Albert Einstein;FICSAE;Privada sem fins lucrativos;1317634;MEDICINA;Bacharelado;Presencial;5;2022;5;2023;5;2025;5;2023;120;17/02/2016;03/07/2015;Em Atividade;9;Saúde e bem-estar;91;Saúde;912;Medicina;0912M01;Medicina
792;CENTRO UNIVERSITÁRIO DO ESTADO DO PARÁ;CESUPA;Privada sem fins lucrativos;98506;MEDICINA;Bacharelado;Presencial;5;2024;4;2023;4;2025;4;2023;160;05/02/2007;16/11/2006;Em Atividade;9;Saúde e bem-estar;91;Saúde;912;Medicina;0912M01;Medicina
793;Centro Universitário Estácio de São Paulo;ESTÁCIO SÃO PAULO;Privada com fins lucrativos;1509446;BIOMEDICINA;Bacharelado;Presencial;4;2023;2;2023;1;2023;2;2023;240;01/02/2020;25/10/2019;Em Atividade;9;Saúde e bem-estar;91;Saúde;914;Tecnologia de diagnóstico e tratamento médico;0914B01;Biomedicina
793;Centro Universitário Estácio de São Paulo;ESTÁCIO SÃO PAULO;Privada com fins lucrativos;1517528;BIOMEDICINA;Bacharelado;Presencial;-;;-;;-;;-;;240;02/03/2021;29/11/2019;Extinto;9;Saúde e bem-estar;91;Saúde;914;Tecnologia de diagnóstico e tratamento médico;0914B01;Biomedicina
793;Centro Universitário Estácio de São Paulo;ESTÁCIO SÃO PAULO;Privada com fins lucrativos;1526476;BIOMEDICINA;Bacharelado;Presencial;-;;-;;-;;-;;240;Não iniciado;27/05/2020;Extinto;9;Saúde e bem-estar;91;Saúde;914;Tecnologia de diagnóstico e tratamento médico;0914B01;Biomedicina
793;Centro Universitário Estácio de São Paulo;ESTÁCIO SÃO PAULO;Privada com fins lucrativos;1526512;BIOMEDICINA;Bacharelado;Presencial;4;2024;-;;-;;-;;240;03/08/2020;27/05/2020;Em Atividade;9;Saúde e bem-estar;91;Saúde;914;Tecnologia de diagnóstico e tratamento médico;0914B01;Biomedicina
793;Centro Universitário Estácio de São Paulo;ESTÁCIO SÃO PAULO;Privada com fins lucrativos;1609220;BIOMEDICINA;Bacharelado;Presencial;-;;-;;-;;-;;100;03/06/2024;06/06/2022;Em Atividade;9;Saúde e bem-estar;91;Saúde;914;Tecnologia de diagnóstico e tratamento médico;0914B01;Biomedicina
794;CENTRO UNIVERSITÁRIO DE VÁRZEA GRANDE;UNIVAG;Privada sem fins lucrativos;1192257;BIOMEDICINA;Bacharelado;Presencial;4;2017;4;2023;3;2023;5;2023;200;04/02/2013;-;Em Atividade;9;Saúde e bem-estar;91;Saúde;914;Tecnologia de diagnóstico e tratamento médico;0914B01;Biomedicina
794;CENTRO UNIVERSITÁRIO DE VÁRZEA GRANDE;UNIVAG;Privada sem fins lucrativos;1610050;BIOMEDICINA;Bacharelado;A Distância;-;;-;;-;;-;;300;07/08/2023;28/07/2022;Em Extinção;9;Saúde e bem-estar;91;Saúde;914;Tecnologia de diagnóstico e tratamento médico;0914B01;Biomedicina
794;CENTRO UNIVERSITÁRIO DE VÁRZEA GRANDE;UNIVAG;Privada sem fins lucrativos;1708800;BIOMEDICINA;Bacharelado;Semipresencial;-;;-;;-;;-;;2400;Não iniciado;25/09/2025;Em Atividade;9;Saúde e bem-estar;91;Saúde;914;Tecnologia de diagnóstico e tratamento médico;0914B01;Biomedicina
794;CENTRO UNIVERSITÁRIO DE VÁRZEA GRANDE;UNIVAG;Privada sem fins lucrativos;5001033;MEDICINA;Bacharelado;Presencial;5;2025;4;2023;3;2025;4;2023;120;19/08/2013;05/04/2013;Em Atividade;9;Saúde e bem-estar;91;Saúde;912;Medicina;0912M01;Medicina
796;FACULDADE DE CIÊNCIAS SOCIAIS APLICADAS DO VALE DO SÃO LOURENÇO;EDUVALE;Privada com fins lucrativos;1668060;MEDICINA VETERINÁRIA;Bacharelado;Presencial;-;;-;;-;;-;;100;31/10/2024;14/08/2024;Em Atividade;8;Agricultura, silvicultura, pesca e veterinária;84;Veterinária;841;Veterinária;0841M01;Medicina veterinária
802;CENTRO UNIVERSITÁRIO UNICARIOCA;UNICARIOCA;Privada sem fins lucrativos;1585907;BIOMEDICINA;Bacharelado;Presencial;-;;-;;-;;-;;120;16/08/2021;18/07/2021;Em Atividade;9;Saúde e bem-estar;91;Saúde;914;Tecnologia de diagnóstico e tratamento médico;0914B01;Biomedicina
802;CENTRO UNIVERSITÁRIO UNICARIOCA;UNICARIOCA;Privada sem fins lucrativos;1585910;BIOMEDICINA;Bacharelado;Presencial;-;;-;;-;;-;;120;Não iniciado;18/07/2021;Extinto;9;Saúde e bem-estar;91;Saúde;914;Tecnologia de diagnóstico e tratamento médico;0914B01;Biomedicina
802;CENTRO UNIVERSITÁRIO UNICARIOCA;UNICARIOCA;Privada sem fins lucrativos;1585936;BIOMEDICINA;Bacharelado;A Distância;-;;-;;-;;-;;500;16/08/2021;19/07/2021;Em Extinção;9;Saúde e bem-estar;91;Saúde;914;Tecnologia de diagnóstico e tratamento médico;0914B01;Biomedicina
802;CENTRO UNIVERSITÁRIO UNICARIOCA;UNICARIOCA;Privada sem fins lucrativos;1701645;BIOMEDICINA;Bacharelado;Semipresencial;-;;-;;-;;-;;500;Não iniciado;25/09/2025;Em Atividade;9;Saúde e bem-estar;91;Saúde;914;Tecnologia de diagnóstico e tratamento médico;0914B01;Biomedicina
810;CENTRO TÉCNICO-EDUCACIONAL SUPERIOR DO OESTE PARANAENSE;CTESOP;Privada com fins lucrativos;1322791;BIOMEDICINA;Bacharelado;Presencial;4;2022;2;2023;2;2023;3;2023;50;29/10/2015;30/10/2015;Em Atividade;9;Saúde e bem-estar;91;Saúde;914;Tecnologia de diagnóstico e tratamento médico;0914B01;Biomedicina
823;UNIVERSIDADE CEUMA;UNICEUMA;Privada sem fins lucrativos;59174;MEDICINA;Bacharelado;Presencial;5;2024;2;2023;2;2025;1;2023;149;02/02/2004;31/12/2002;Em Atividade;9;Saúde e bem-estar;91;Saúde;912;Medicina;0912M01;Medicina
823;UNIVERSIDADE CEUMA;UNICEUMA;Privada sem fins lucrativos;1192188;MEDICINA;Bacharelado;Presencial;5;2024;3;2023;2;2025;2;2023;100;09/11/2017;05/05/2017;Em Atividade;9;Saúde e bem-estar;91;Saúde;912;Medicina;0912M01;Medicina
823;UNIVERSIDADE CEUMA;UNICEUMA;Privada sem fins lucrativos;1204581;BIOMEDICINA;Bacharelado;Presencial;4;2016;5;2023;4;2023;5;2023;200;06/02/2013;18/10/2012;Em Atividade;9;Saúde e bem-estar;91;Saúde;914;Tecnologia de diagnóstico e tratamento médico;0914B01;Biomedicina
823;UNIVERSIDADE CEUMA;UNICEUMA;Privada sem fins lucrativos;1260433;BIOMEDICINA;Bacharelado;Presencial;4;2022;4;2023;3;2023;4;2023;200;06/03/2017;23/12/2016;Em Atividade;9;Saúde e bem-estar;91;Saúde;914;Tecnologia de diagnóstico e tratamento médico;0914B01;Biomedicina
823;UNIVERSIDADE CEUMA;UNICEUMA;Privada sem fins lucrativos;1614261;BIOMEDICINA;Bacharelado;A Distância;-;;-;;-;;-;;1300;06/10/2022;06/10/2022;Em Extinção;9;Saúde e bem-estar;91;Saúde;914;Tecnologia de diagnóstico e tratamento médico;0914B01;Biomedicina
823;UNIVERSIDADE CEUMA;UNICEUMA;Privada sem fins lucrativos;1633726;BIOMEDICINA;Bacharelado;Presencial;-;;-;;-;;-;;150;08/03/2023;08/03/2023;Em Atividade;9;Saúde e bem-estar;91;Saúde;914;Tecnologia de diagnóstico e tratamento médico;0914B01;Biomedicina
823;UNIVERSIDADE CEUMA;UNICEUMA;Privada sem fins lucrativos;1701648;BIOMEDICINA;Bacharelado;Semipresencial;-;;-;;-;;-;;300;Não iniciado;25/09/2025;Em Atividade;9;Saúde e bem-estar;91;Saúde;914;Tecnologia de diagnóstico e tratamento médico;0914B01;Biomedicina
824;CENTRO UNIVERSITÁRIO DE GOIATUBA;UNICERRADO;Pública Municipal;1445016;MEDICINA;Bacharelado;Presencial;-;;3;2023;1;2025;2;2023;120;06/08/2018;08/02/2018;Em Atividade;9;Saúde e bem-estar;91;Saúde;912;Medicina;0912M01;Medicina
824;CENTRO UNIVERSITÁRIO DE GOIATUBA;UNICERRADO;Pública Municipal;1633284;MEDICINA VETERINÁRIA;Bacharelado;Presencial;-;;-;;-;;-;;160;08/03/2023;08/03/2023;Em Atividade;8;Agricultura, silvicultura, pesca e veterinária;84;Veterinária;841;Veterinária;0841M01;Medicina veterinária
826;CENTRO UNIVERSITÁRIO DE DESENVOLVIMENTO DO CENTRO OESTE;UNIDESC;Privada com fins lucrativos;18099;MEDICINA VETERINÁRIA;Bacharelado;Presencial;3;2013;3;2023;2;2023;3;2023;200;20/03/1998;16/02/1998;Em Atividade;8;Agricultura, silvicultura, pesca e veterinária;84;Veterinária;841;Veterinária;0841M01;Medicina veterinária
826;CENTRO UNIVERSITÁRIO DE DESENVOLVIMENTO DO CENTRO OESTE;UNIDESC;Privada com fins lucrativos;107100;BIOMEDICINA;Bacharelado;Presencial;-;;-;;-;;-;;100;28/01/2008;13/03/1990;Extinto;9;Saúde e bem-estar;91;Saúde;914;Tecnologia de diagnóstico e tratamento médico;0914B01;Biomedicina
828;FACULDADE DE SÃO LOURENÇO;FASAMA;Privada com fins lucrativos;1137437;BIOMEDICINA;Bacharelado;Presencial;3;2015;2;2023;2;2023;2;2023;60;01/02/2012;09/02/2011;Em Atividade;9;Saúde e bem-estar;91;Saúde;914;Tecnologia de diagnóstico e tratamento médico;0914B01;Biomedicina
829;UNIVERSIDADE ESTADUAL DO TOCANTINS;UNITINS;Pública Estadual;1594878;MEDICINA;Bacharelado;Presencial;-;;-;;-;;-;;40;06/10/2021;06/10/2021;Em Atividade;9;Saúde e bem-estar;91;Saúde;912;Medicina;0912M01;Medicina
830;UNIVERSIDADE FEDERAL DO AMAPÁ;UNIFAP;Pública Federal;1029763;MEDICINA;Bacharelado;Presencial;3;2024;3;2023;4;2025;3;2023;60;08/02/2010;15/01/2010;Em Atividade;9;Saúde e bem-estar;91;Saúde;912;Medicina;0912M01;Medicina
862;FACULDADE ESTÁCIO DE SÁ DE CAMPO GRANDE;FESCG;Privada com fins lucrativos;1439795;BIOMEDICINA;Bacharelado;Presencial;4;2023;2;2023;1;2023;2;2023;100;25/02/2019;28/09/2018;Em Atividade;9;Saúde e bem-estar;91;Saúde;914;Tecnologia de diagnóstico e tratamento médico;0914B01;Biomedicina
878;Centro Universitário Católica do Leste de Minas Gerais;UNILESTE;Privada sem fins lucrativos;1427309;MEDICINA VETERINÁRIA;Bacharelado;Presencial;4;2023;4;2023;4;2023;4;2023;180;01/02/2018;28/09/2017;Em Atividade;8;Agricultura, silvicultura, pesca e veterinária;84;Veterinária;841;Veterinária;0841M01;Medicina veterinária
881;INSTITUTO MUNICIPAL DE ENSINO SUPERIOR DE ASSIS;IMESA;Especial;1338858;MEDICINA;Bacharelado;Presencial;-;;-;;-;;-;;60;14/10/2015;15/10/2015;Em Atividade;9;Saúde e bem-estar;91;Saúde;912;Medicina;0912M01;Medicina
898;Centro Universitário Unisan;UNISAN;Privada sem fins lucrativos;1259194;BIOMEDICINA;Bacharelado;Presencial;-;;-;;-;;-;;150;Não iniciado;28/03/2014;Em Extinção;9;Saúde e bem-estar;91;Saúde;914;Tecnologia de diagnóstico e tratamento médico;0914B01;Biomedicina
916;FACULDADE ESTÁCIO DE TERESINA;ESTÁCIO TERESINA;Privada com fins lucrativos;1616670;BIOMEDICINA;Bacharelado;Presencial;4;2023;-;;-;;-;;200;19/02/2024;04/12/2023;Em Atividade;9;Saúde e bem-estar;91;Saúde;914;Tecnologia de diagnóstico e tratamento médico;0914B01;Biomedicina
918;CENTRO UNIVERSITÁRIO UNIVEL;-;Privada com fins lucrativos;1420357;BIOMEDICINA;Bacharelado;Presencial;5;2022;4;2023;4;2023;5;2023;120;10/11/2017;17/11/2017;Em Atividade;9;Saúde e bem-estar;91;Saúde;914;Tecnologia de diagnóstico e tratamento médico;0914B01;Biomedicina
918;CENTRO UNIVERSITÁRIO UNIVEL;-;Privada com fins lucrativos;1420360;MEDICINA VETERINÁRIA;Bacharelado;Presencial;5;2022;4;2023;3;2023;4;2023;120;20/11/2017;17/11/2017;Em Atividade;8;Agricultura, silvicultura, pesca e veterinária;84;Veterinária;841;Veterinária;0841M01;Medicina veterinária
926;Centro Universitário Anhanguera Pitágoras Unopar de Campo Grande;-;Privada com fins lucrativos;1322839;BIOMEDICINA;Bacharelado;Presencial;4;2022;3;2023;2;2023;3;2023;200;15/02/2016;09/03/2015;Em Atividade;9;Saúde e bem-estar;91;Saúde;914;Tecnologia de diagnóstico e tratamento médico;0914B01;Biomedicina
926;Centro Universitário Anhanguera Pitágoras Unopar de Campo Grande;-;Privada com fins lucrativos;1599162;TÉCNICAS DE TELEMEDICINA;Tecnológico;A Distância;-;;-;;-;;-;;2000;Não iniciado;12/01/2022;Extinto;6;Computação e Tecnologias da Informação e Comunicação (TIC);68;Programas interdisciplinares abrangendo computação e Tecnologias da Informação e Comunicação (TIC);688;Programas interdisciplinares abrangendo computação e Tecnologias da Informação e Comunicação (TIC);0688P01;Programas interdisciplinares abrangendo computação e Tecnologias da Informação e Comunicação (TIC)
926;Centro Universitário Anhanguera Pitágoras Unopar de Campo Grande;-;Privada com fins lucrativos;1663208;BIOMEDICINA;Bacharelado;A Distância;-;;-;;-;;-;;3000;05/02/2024;05/12/2023;Em Extinção;9;Saúde e bem-estar;91;Saúde;914;Tecnologia de diagnóstico e tratamento médico;0914B01;Biomedicina
926;Centro Universitário Anhanguera Pitágoras Unopar de Campo Grande;-;Privada com fins lucrativos;1675231;MEDICINA VETERINÁRIA;Bacharelado;Presencial;-;;-;;-;;-;;80;10/02/2025;13/05/2024;Em Atividade;8;Agricultura, silvicultura, pesca e veterinária;84;Veterinária;841;Veterinária;0841M01;Medicina veterinária
926;Centro Universitário Anhanguera Pitágoras Unopar de Campo Grande;-;Privada com fins lucrativos;1708809;BIOMEDICINA;Bacharelado;Semipresencial;-;;-;;-;;-;;24000;15/09/2025;25/09/2025;Em Atividade;9;Saúde e bem-estar;91;Saúde;914;Tecnologia de diagnóstico e tratamento médico;0914B01;Biomedicina
926;Centro Universitário Anhanguera Pitágoras Unopar de Campo Grande;-;;1717270;MEDICINA VETERINÁRIA;Bacharelado;Semipresencial;-;;-;;-;;-;;500;Não iniciado;-;Em Atividade;;;;;;;;
952;UNIVERSIDADE SANTA CECÍLIA;UNISANTA;Privada sem fins lucrativos;1539188;BIOMEDICINA;Bacharelado;Presencial;5;2024;-;;-;;-;;120;01/02/2021;29/06/2020;Em Atividade;9;Saúde e bem-estar;91;Saúde;914;Tecnologia de diagnóstico e tratamento médico;0914B01;Biomedicina
953;UNIVERSIDADE METROPOLITANA DE SANTOS;UNIMES;Privada sem fins lucrativos;18615;MEDICINA VETERINÁRIA;Bacharelado;Presencial;4;2024;3;2023;3;2023;2;2023;100;01/02/1997;18/04/1996;Em Atividade;8;Agricultura, silvicultura, pesca e veterinária;84;Veterinária;841;Veterinária;0841M01;Medicina veterinária
953;UNIVERSIDADE METROPOLITANA DE SANTOS;UNIMES;Privada sem fins lucrativos;19206;MEDICINA;Bacharelado;Presencial;5;2025;4;2023;3;2025;3;2023;100;01/02/1998;23/02/1997;Em Atividade;9;Saúde e bem-estar;91;Saúde;912;Medicina;0912M01;Medicina
953;UNIVERSIDADE METROPOLITANA DE SANTOS;UNIMES;Privada sem fins lucrativos;1445198;BIOMEDICINA;Bacharelado;Presencial;-;;-;;-;;-;;50;Não iniciado;23/04/2018;Extinto;9;Saúde e bem-estar;91;Saúde;914;Tecnologia de diagnóstico e tratamento médico;0914B01;Biomedicina
953;UNIVERSIDADE METROPOLITANA DE SANTOS;UNIMES;Privada sem fins lucrativos;1598064;BIOMEDICINA;Bacharelado;Presencial;-;;-;;-;;-;;50;Não iniciado;19/11/2021;Extinto;9;Saúde e bem-estar;91;Saúde;914;Tecnologia de diagnóstico e tratamento médico;0914B01;Biomedicina
953;UNIVERSIDADE METROPOLITANA DE SANTOS;UNIMES;Privada sem fins lucrativos;1607600;BIOMEDICINA;Bacharelado;Presencial;5;2025;-;;-;;-;;50;25/08/2022;03/05/2022;Em Atividade;9;Saúde e bem-estar;91;Saúde;914;Tecnologia de diagnóstico e tratamento médico;0914B01;Biomedicina
989;ESCOLA SUPERIOR EM MEIO AMBIENTE;ESMA;Privada sem fins lucrativos;5000464;BIOMEDICINA;Bacharelado;Presencial;4;2018;2;2023;1;2023;2;2023;80;06/02/2007;09/04/2007;Em Atividade;9;Saúde e bem-estar;91;Saúde;914;Tecnologia de diagnóstico e tratamento médico;0914B01;Biomedicina
1027;UNIVERSIDADE ESTADUAL DO NORTE FLUMINENSE DARCY RIBEIRO;UENF;Pública Estadual;17725;MEDICINA VETERINÁRIA;Bacharelado;Presencial;-;;4;2023;4;2023;3;2023;40;16/08/1993;28/07/1993;Em Atividade;8;Agricultura, silvicultura, pesca e veterinária;84;Veterinária;841;Veterinária;0841M01;Medicina veterinária
1028;UNIVERSIDADE ESTADUAL DE MATO GROSSO DO SUL;UEMS;Pública Estadual;1313341;MEDICINA;Bacharelado;Presencial;-;;4;2023;4;2025;3;2023;48;27/01/2015;09/10/2014;Em Atividade;9;Saúde e bem-estar;91;Saúde;912;Medicina;0912M01;Medicina
1032;CENTRO UNIVERSITÁRIO SALESIANO DE SÃO PAULO;UNISAL;Privada sem fins lucrativos;1455043;BIOMEDICINA;Bacharelado;Presencial;-;;-;;-;;-;;60;Não iniciado;01/04/2019;Em Atividade;9;Saúde e bem-estar;91;Saúde;914;Tecnologia de diagnóstico e tratamento médico;0914B01;Biomedicina
1032;CENTRO UNIVERSITÁRIO SALESIANO DE SÃO PAULO;UNISAL;Privada sem fins lucrativos;1520021;BIOMEDICINA;Bacharelado;Presencial;-;;-;;-;;-;;60;Não iniciado;15/01/2020;Extinto;9;Saúde e bem-estar;91;Saúde;914;Tecnologia de diagnóstico e tratamento médico;0914B01;Biomedicina
1036;UNIVERSIDADE DO ESTADO DE MINAS GERAIS;UEMG;Pública Estadual;150034;BIOMEDICINA;Bacharelado;Presencial;3;2012;4;2023;3;2023;4;2023;50;01/02/2010;-;Em Atividade;9;Saúde e bem-estar;91;Saúde;914;Tecnologia de diagnóstico e tratamento médico;0914B01;Biomedicina
1036;UNIVERSIDADE DO ESTADO DE MINAS GERAIS;UEMG;Pública Estadual;1334344;MEDICINA;Bacharelado;Presencial;-;;SC;2023;3;2025;SC;2023;40;01/03/2016;11/08/2015;Em Atividade;9;Saúde e bem-estar;91;Saúde;912;Medicina;0912M01;Medicina
1038;FACULDADES INTEGRADAS DE TRÊS LAGOAS;AEMS;Privada sem fins lucrativos;108692;BIOMEDICINA;Bacharelado;Presencial;4;2016;4;2023;3;2023;3;2023;200;03/02/2008;17/01/2008;Em Atividade;9;Saúde e bem-estar;91;Saúde;914;Tecnologia de diagnóstico e tratamento médico;0914B01;Biomedicina
1038;FACULDADES INTEGRADAS DE TRÊS LAGOAS;AEMS;Privada sem fins lucrativos;1282834;MEDICINA VETERINÁRIA;Bacharelado;Presencial;4;2023;3;2023;3;2023;3;2023;200;02/02/2015;30/10/2014;Em Atividade;8;Agricultura, silvicultura, pesca e veterinária;84;Veterinária;841;Veterinária;0841M01;Medicina veterinária
1041;UNIVERSIDADE DO VALE DO TAQUARI;UNIVATES;Privada sem fins lucrativos;95753;BIOMEDICINA;Bacharelado;Presencial;4;2010;4;2023;3;2023;3;2023;50;31/07/2006;03/05/2006;Em Atividade;9;Saúde e bem-estar;91;Saúde;914;Tecnologia de diagnóstico e tratamento médico;0914B01;Biomedicina
1041;UNIVERSIDADE DO VALE DO TAQUARI;UNIVATES;Privada sem fins lucrativos;1179501;MEDICINA;Bacharelado;Presencial;5;2025;3;2023;2;2025;3;2023;80;22/04/2014;28/11/2013;Em Atividade;9;Saúde e bem-estar;91;Saúde;912;Medicina;0912M01;Medicina
1042;UNIVERSIDADE POSITIVO;UP;Privada com fins lucrativos;59414;MEDICINA;Bacharelado;Presencial;5;2025;4;2023;5;2025;4;2023;169;17/02/2003;16/12/2002;Em Atividade;9;Saúde e bem-estar;91;Saúde;912;Medicina;0912M01;Medicina
1042;UNIVERSIDADE POSITIVO;UP;Privada com fins lucrativos;1144479;BIOMEDICINA;Bacharelado;Presencial;4;2017;4;2023;3;2023;3;2023;315;14/02/2011;20/11/2010;Em Atividade;9;Saúde e bem-estar;91;Saúde;914;Tecnologia de diagnóstico e tratamento médico;0914B01;Biomedicina
1042;UNIVERSIDADE POSITIVO;UP;Privada com fins lucrativos;1343830;MEDICINA VETERINÁRIA;Bacharelado;Presencial;4;2022;4;2023;4;2023;4;2023;200;22/02/2016;25/06/2015;Em Atividade;8;Agricultura, silvicultura, pesca e veterinária;84;Veterinária;841;Veterinária;0841M01;Medicina veterinária
1042;UNIVERSIDADE POSITIVO;UP;Privada com fins lucrativos;1343831;BIOMEDICINA;Bacharelado;Presencial;-;;-;;-;;-;;70;09/12/2015;31/07/2014;Extinto;9;Saúde e bem-estar;91;Saúde;914;Tecnologia de diagnóstico e tratamento médico;0914B01;Biomedicina
1042;UNIVERSIDADE POSITIVO;UP;Privada com fins lucrativos;1377548;MEDICINA VETERINÁRIA;Bacharelado;Presencial;-;;-;;-;;-;;60;22/02/2016;22/02/2016;Extinto;8;Agricultura, silvicultura, pesca e veterinária;84;Veterinária;841;Veterinária;0841M01;Medicina veterinária
1042;UNIVERSIDADE POSITIVO;UP;Privada com fins lucrativos;1405341;BIOMEDICINA;Bacharelado;A Distância;4;2022;2;2023;2;2023;SC;2023;500;20/02/2017;01/07/2016;Em Extinção;9;Saúde e bem-estar;91;Saúde;914;Tecnologia de diagnóstico e tratamento médico;0914B01;Biomedicina
1042;UNIVERSIDADE POSITIVO;UP;Privada com fins lucrativos;1563892;BIOMEDICINA;Bacharelado;Presencial;4;2024;-;;-;;-;;75;01/03/2021;24/02/2021;Em Atividade;9;Saúde e bem-estar;91;Saúde;914;Tecnologia de diagnóstico e tratamento médico;0914B01;Biomedicina
1042;UNIVERSIDADE POSITIVO;UP;Privada com fins lucrativos;1599108;MEDICINA VETERINÁRIA;Bacharelado;Presencial;-;;-;;-;;-;;100;21/02/2022;18/02/2022;Extinto;8;Agricultura, silvicultura, pesca e veterinária;84;Veterinária;841;Veterinária;0841M01;Medicina veterinária
1042;UNIVERSIDADE POSITIVO;UP;Privada com fins lucrativos;1701667;BIOMEDICINA;Bacharelado;Semipresencial;-;;-;;-;;-;;480;16/09/2025;25/09/2025;Em Atividade;9;Saúde e bem-estar;91;Saúde;914;Tecnologia de diagnóstico e tratamento médico;0914B01;Biomedicina
1042;UNIVERSIDADE POSITIVO;UP;;1725066;BIOMEDICINA;Bacharelado;Presencial;-;;-;;-;;-;;200;Não iniciado;-;Em Atividade;;;;;;;;
1043;CENTRO UNIVERSITÁRIO DA FUNDAÇÃO HERMINIO OMETTO;FHO;Privada sem fins lucrativos;14855;BIOMEDICINA;Bacharelado;Presencial;-;;3;2023;3;2023;3;2023;150;24/02/1975;11/09/1974;Em Atividade;9;Saúde e bem-estar;91;Saúde;914;Tecnologia de diagnóstico e tratamento médico;0914B01;Biomedicina
1043;CENTRO UNIVERSITÁRIO DA FUNDAÇÃO HERMINIO OMETTO;FHO;Privada sem fins lucrativos;1133454;BIOMEDICINA;Bacharelado;Presencial;-;;-;;-;;-;;80;14/02/2011;-;Extinto;9;Saúde e bem-estar;91;Saúde;914;Tecnologia de diagnóstico e tratamento médico;0914B01;Biomedicina
1045;CENTRO UNIVERSITÁRIO ANHANGÜERA;UNIFIAN;Privada com fins lucrativos;52554;MEDICINA VETERINÁRIA;Bacharelado;Presencial;3;2017;3;2023;2;2023;3;2023;120;04/02/2002;13/06/2001;Em Atividade;8;Agricultura, silvicultura, pesca e veterinária;84;Veterinária;841;Veterinária;0841M01;Medicina veterinária
1045;CENTRO UNIVERSITÁRIO ANHANGÜERA;UNIFIAN;Privada com fins lucrativos;1341781;MEDICINA VETERINÁRIA;Bacharelado;Presencial;-;;-;;-;;-;;350;Não iniciado;13/11/2015;Extinto;8;Agricultura, silvicultura, pesca e veterinária;84;Veterinária;841;Veterinária;0841M01;Medicina veterinária
1046;UNIÃO DAS FACULDADES DOS GRANDES LAGOS;UNILAGO;Privada sem fins lucrativos;112953;BIOMEDICINA;Bacharelado;Presencial;3;2013;4;2023;2;2023;3;2023;200;02/02/2009;06/06/2007;Em Atividade;9;Saúde e bem-estar;91;Saúde;914;Tecnologia de diagnóstico e tratamento médico;0914B01;Biomedicina
1046;UNIÃO DAS FACULDADES DOS GRANDES LAGOS;UNILAGO;Privada sem fins lucrativos;1280809;MEDICINA VETERINÁRIA;Bacharelado;Presencial;4;2019;3;2023;2;2023;3;2023;200;02/02/2015;30/10/2014;Em Atividade;8;Agricultura, silvicultura, pesca e veterinária;84;Veterinária;841;Veterinária;0841M01;Medicina veterinária
1046;UNIÃO DAS FACULDADES DOS GRANDES LAGOS;UNILAGO;Privada sem fins lucrativos;5000980;MEDICINA;Bacharelado;Presencial;4;2016;3;2023;1;2025;2;2023;100;20/08/2012;06/06/2012;Em Atividade;9;Saúde e bem-estar;91;Saúde;912;Medicina;0912M01;Medicina
1053;Centro Universitário de Excelência;UNEX;Privada com fins lucrativos;112532;MEDICINA VETERINÁRIA;Bacharelado;Presencial;3;2012;4;2023;3;2023;3;2023;150;28/07/2008;27/05/2008;Em Atividade;8;Agricultura, silvicultura, pesca e veterinária;84;Veterinária;841;Veterinária;0841M01;Medicina veterinária
1053;Centro Universitário de Excelência;UNEX;Privada com fins lucrativos;1260546;BIOMEDICINA;Bacharelado;Presencial;5;2023;4;2023;2;2023;2;2023;200;02/01/2015;28/11/2014;Em Atividade;9;Saúde e bem-estar;91;Saúde;914;Tecnologia de diagnóstico e tratamento médico;0914B01;Biomedicina
1053;Centro Universitário de Excelência;UNEX;Privada com fins lucrativos;1551102;MEDICINA;Bacharelado;Presencial;5;2021;-;;-;;-;;199;15/02/2022;11/02/2022;Em Atividade;9;Saúde e bem-estar;91;Saúde;912;Medicina;0912M01;Medicina
1053;Centro Universitário de Excelência;UNEX;;1714088;BIOMEDICINA;Bacharelado;Semipresencial;-;;-;;-;;-;;200;Não iniciado;-;Extinto;;;;;;;;
1055;Centro Universitário Maurício de Nassau de Salvador;Uninassau Salvador;Privada sem fins lucrativos;1103800;BIOMEDICINA;Bacharelado;Presencial;3;2020;3;2023;2;2023;3;2023;240;03/02/2012;06/07/2011;Em Atividade;9;Saúde e bem-estar;91;Saúde;914;Tecnologia de diagnóstico e tratamento médico;0914B01;Biomedicina
1055;Centro Universitário Maurício de Nassau de Salvador;Uninassau Salvador;Privada sem fins lucrativos;1350883;MEDICINA VETERINÁRIA;Bacharelado;Presencial;-;;-;;-;;-;;180;Não iniciado;30/05/2017;Extinto;8;Agricultura, silvicultura, pesca e veterinária;84;Veterinária;841;Veterinária;0841M01;Medicina veterinária
1055;Centro Universitário Maurício de Nassau de Salvador;Uninassau Salvador;Privada sem fins lucrativos;1572634;MEDICINA VETERINÁRIA;Bacharelado;Presencial;4;2025;-;;-;;-;;120;09/03/2021;01/03/2021;Em Atividade;8;Agricultura, silvicultura, pesca e veterinária;84;Veterinária;841;Veterinária;0841M01;Medicina veterinária
1058;Centro Universitário Estácio da Bahia;Estácio Bahia;Privada com fins lucrativos;1382786;BIOMEDICINA;Bacharelado;Presencial;5;2023;2;2023;2;2023;2;2023;100;09/03/2017;13/06/2016;Em Atividade;9;Saúde e bem-estar;91;Saúde;914;Tecnologia de diagnóstico e tratamento médico;0914B01;Biomedicina
1058;Centro Universitário Estácio da Bahia;Estácio Bahia;Privada com fins lucrativos;1382787;BIOMEDICINA;Bacharelado;Presencial;-;;-;;-;;-;;100;Não iniciado;23/01/2017;Extinto;9;Saúde e bem-estar;91;Saúde;914;Tecnologia de diagnóstico e tratamento médico;0914B01;Biomedicina
1058;Centro Universitário Estácio da Bahia;Estácio Bahia;Privada com fins lucrativos;1487550;MEDICINA VETERINÁRIA;Bacharelado;Presencial;-;;-;;-;;-;;100;11/03/2019;01/11/2018;Extinto;8;Agricultura, silvicultura, pesca e veterinária;84;Veterinária;841;Veterinária;0841M01;Medicina veterinária
1060;CENTRO UNIVERSITÁRIO DO INSTITUTO DE EDUCAÇÃO SUPERIOR DE BRASÍLIA - IESB;IESB;Privada com fins lucrativos;1438290;BIOMEDICINA;Bacharelado;Presencial;5;2025;3;2023;3;2023;3;2023;240;26/02/2018;09/10/2017;Em Atividade;9;Saúde e bem-estar;91;Saúde;914;Tecnologia de diagnóstico e tratamento médico;0914B01;Biomedicina
1060;CENTRO UNIVERSITÁRIO DO INSTITUTO DE EDUCAÇÃO SUPERIOR DE BRASÍLIA - IESB;IESB;Privada com fins lucrativos;1438424;BIOMEDICINA;Bacharelado;A Distância;4;2023;3;2023;2;2023;SC;2023;240;26/02/2018;09/10/2017;Em Extinção;9;Saúde e bem-estar;91;Saúde;914;Tecnologia de diagnóstico e tratamento médico;0914B01;Biomedicina
1060;CENTRO UNIVERSITÁRIO DO INSTITUTO DE EDUCAÇÃO SUPERIOR DE BRASÍLIA - IESB;IESB;Privada com fins lucrativos;1473492;BIOMEDICINA;Bacharelado;Presencial;4;2025;3;2023;2;2023;2;2023;120;18/02/2019;09/10/2017;Em Atividade;9;Saúde e bem-estar;91;Saúde;914;Tecnologia de diagnóstico e tratamento médico;0914B01;Biomedicina
1060;CENTRO UNIVERSITÁRIO DO INSTITUTO DE EDUCAÇÃO SUPERIOR DE BRASÍLIA - IESB;IESB;Privada com fins lucrativos;1701674;BIOMEDICINA;Bacharelado;Semipresencial;-;;-;;-;;-;;240;Não iniciado;25/09/2025;Em Atividade;9;Saúde e bem-estar;91;Saúde;914;Tecnologia de diagnóstico e tratamento médico;0914B01;Biomedicina
1075;CENTRO UNIVERSITÁRIO - UNIESP;UNIESP;Privada com fins lucrativos;1516663;MEDICINA VETERINÁRIA;Bacharelado;Presencial;5;2023;-;;-;;-;;120;10/02/2020;12/12/2019;Em Atividade;8;Agricultura, silvicultura, pesca e veterinária;84;Veterinária;841;Veterinária;0841M01;Medicina veterinária
1075;CENTRO UNIVERSITÁRIO - UNIESP;UNIESP;Privada com fins lucrativos;1634528;BIOMEDICINA;Bacharelado;Presencial;-;;-;;-;;-;;200;13/02/2023;20/03/2023;Em Atividade;9;Saúde e bem-estar;91;Saúde;914;Tecnologia de diagnóstico e tratamento médico;0914B01;Biomedicina
1077;Centro Universitário Estácio do Recife;-;Privada com fins lucrativos;1403880;BIOMEDICINA;Bacharelado;Presencial;4;2022;-;;-;;-;;120;08/03/2018;28/04/2017;Em Atividade;9;Saúde e bem-estar;91;Saúde;914;Tecnologia de diagnóstico e tratamento médico;0914B01;Biomedicina
1077;Centro Universitário Estácio do Recife;-;Privada com fins lucrativos;1503407;BIOMEDICINA;Bacharelado;Presencial;-;;-;;-;;-;;100;Não iniciado;09/10/2019;Extinto;9;Saúde e bem-estar;91;Saúde;914;Tecnologia de diagnóstico e tratamento médico;0914B01;Biomedicina
1078;CENTRO UNIVERSITÁRIO INTEGRADO DE CAMPO MOURÃO;INTEGRADO;Privada com fins lucrativos;1652571;BIOMEDICINA;Bacharelado;A Distância;-;;-;;-;;-;;250;12/02/2024;18/08/2023;Em Extinção;9;Saúde e bem-estar;91;Saúde;914;Tecnologia de diagnóstico e tratamento médico;0914B01;Biomedicina
1078;CENTRO UNIVERSITÁRIO INTEGRADO DE CAMPO MOURÃO;INTEGRADO;Privada com fins lucrativos;1708820;BIOMEDICINA;Bacharelado;Semipresencial;-;;-;;-;;-;;2000;Não iniciado;25/09/2025;Em Atividade;9;Saúde e bem-estar;91;Saúde;914;Tecnologia de diagnóstico e tratamento médico;0914B01;Biomedicina
1078;CENTRO UNIVERSITÁRIO INTEGRADO DE CAMPO MOURÃO;-;Privada com fins lucrativos;17934;MEDICINA VETERINÁRIA;Bacharelado;Presencial;4;2013;4;2023;3;2023;4;2023;80;02/03/1998;16/02/1998;Em Atividade;8;Agricultura, silvicultura, pesca e veterinária;84;Veterinária;841;Veterinária;0841M01;Medicina veterinária
1078;CENTRO UNIVERSITÁRIO INTEGRADO DE CAMPO MOURÃO;-;Privada com fins lucrativos;109560;BIOMEDICINA;Bacharelado;Presencial;3;2012;5;2023;4;2023;5;2023;120;09/02/2009;19/02/2008;Em Atividade;9;Saúde e bem-estar;91;Saúde;914;Tecnologia de diagnóstico e tratamento médico;0914B01;Biomedicina
1078;CENTRO UNIVERSITÁRIO INTEGRADO DE CAMPO MOURÃO;-;Privada com fins lucrativos;1399480;MEDICINA;Bacharelado;Presencial;4;2024;4;2023;3;2025;4;2023;125;09/11/2017;02/08/2017;Em Atividade;9;Saúde e bem-estar;91;Saúde;912;Medicina;0912M01;Medicina
1084;CENTRO UNIVERSITÁRIO CNEC DE BENTO GONÇALVES;-;Privada sem fins lucrativos;1152211;BIOMEDICINA;Bacharelado;Presencial;4;2015;3;2023;2;2023;2;2023;120;20/07/2011;21/07/2011;Em Atividade;9;Saúde e bem-estar;91;Saúde;914;Tecnologia de diagnóstico e tratamento médico;0914B01;Biomedicina
1087;CENTRO UNIVERSITÁRIO APARÍCIO CARVALHO;FIMCA;Privada com fins lucrativos;1649261;BIOMEDICINA;Bacharelado;A Distância;-;;-;;-;;-;;500;Não iniciado;20/07/2023;Em Extinção;9;Saúde e bem-estar;91;Saúde;914;Tecnologia de diagnóstico e tratamento médico;0914B01;Biomedicina
1087;CENTRO UNIVERSITÁRIO APARÍCIO CARVALHO;FIMCA;Privada com fins lucrativos;1710999;BIOMEDICINA;Bacharelado;Semipresencial;-;;-;;-;;-;;500;Não iniciado;25/09/2025;Em Atividade;9;Saúde e bem-estar;91;Saúde;914;Tecnologia de diagnóstico e tratamento médico;0914B01;Biomedicina
1087;CENTRO UNIVERSITÁRIO APARÍCIO CARVALHO;-;Privada sem fins lucrativos;72675;MEDICINA;Bacharelado;Presencial;4;2025;4;2023;2;2025;3;2023;80;08/09/2004;12/07/2004;Em Atividade;9;Saúde e bem-estar;91;Saúde;912;Medicina;0912M01;Medicina
1087;CENTRO UNIVERSITÁRIO APARÍCIO CARVALHO;-;Privada sem fins lucrativos;73753;MEDICINA VETERINÁRIA;Bacharelado;Presencial;3;2011;3;2023;3;2023;3;2023;120;16/11/2004;20/08/2004;Em Atividade;8;Agricultura, silvicultura, pesca e veterinária;84;Veterinária;841;Veterinária;0841M01;Medicina veterinária
1087;CENTRO UNIVERSITÁRIO APARÍCIO CARVALHO;-;Privada sem fins lucrativos;94221;BIOMEDICINA;Bacharelado;Presencial;4;2024;4;2023;3;2023;3;2023;100;01/08/2006;24/05/2006;Em Atividade;9;Saúde e bem-estar;91;Saúde;914;Tecnologia de diagnóstico e tratamento médico;0914B01;Biomedicina
1090;FACULDADE SÃO LUÍS DE FRANÇA;FSLF;Privada com fins lucrativos;1388180;BIOMEDICINA;Bacharelado;Presencial;-;;-;;-;;-;;160;Não iniciado;23/08/2018;Extinto;9;Saúde e bem-estar;91;Saúde;914;Tecnologia de diagnóstico e tratamento médico;0914B01;Biomedicina
1092;FACULDADES INTEGRADAS DE BAURU;FIB;Privada com fins lucrativos;1039255;BIOMEDICINA;Bacharelado;Presencial;4;2014;4;2023;3;2023;3;2023;50;02/02/2010;25/11/2009;Em Atividade;9;Saúde e bem-estar;91;Saúde;914;Tecnologia de diagnóstico e tratamento médico;0914B01;Biomedicina
1092;FACULDADES INTEGRADAS DE BAURU;FIB;Privada com fins lucrativos;1052376;BIOMEDICINA;Bacharelado;Presencial;-;;-;;-;;-;;1;01/02/2010;-;Extinto;9;Saúde e bem-estar;91;Saúde;914;Tecnologia de diagnóstico e tratamento médico;0914B01;Biomedicina
1100;Centro Universitário Carlos Drummond de Andrade;UniDrummond;Privada sem fins lucrativos;1615961;BIOMEDICINA;Bacharelado;Presencial;-;;-;;-;;-;;150;05/03/2024;27/10/2022;Em Atividade;9;Saúde e bem-estar;91;Saúde;914;Tecnologia de diagnóstico e tratamento médico;0914B01;Biomedicina
1107;Centro Universitário Estácio do Ceará;Estácio Ceará;Privada com fins lucrativos;1419852;BIOMEDICINA;Bacharelado;Presencial;-;;-;;-;;-;;160;07/03/2018;30/10/2017;Extinto;9;Saúde e bem-estar;91;Saúde;914;Tecnologia de diagnóstico e tratamento médico;0914B01;Biomedicina
1107;Centro Universitário Estácio do Ceará;Estácio Ceará;Privada com fins lucrativos;1419887;BIOMEDICINA;Bacharelado;Presencial;5;2022;3;2023;2;2023;2;2023;160;07/03/2018;30/10/2017;Em Atividade;9;Saúde e bem-estar;91;Saúde;914;Tecnologia de diagnóstico e tratamento médico;0914B01;Biomedicina
1107;Centro Universitário Estácio do Ceará;Estácio Ceará;Privada com fins lucrativos;1498936;MEDICINA;Bacharelado;Presencial;5;2025;-;;-;;-;;50;05/04/2021;-;Em Atividade;9;Saúde e bem-estar;91;Saúde;912;Medicina;0912M01;Medicina
1107;Centro Universitário Estácio do Ceará;Estácio Ceará;Privada com fins lucrativos;1550649;MEDICINA;Bacharelado;Presencial;-;;-;;-;;-;;50;28/03/2022;07/03/2022;Em Atividade;9;Saúde e bem-estar;91;Saúde;912;Medicina;0912M01;Medicina
1107;Centro Universitário Estácio do Ceará;Estácio Ceará;Privada com fins lucrativos;1575979;MEDICINA VETERINÁRIA;Bacharelado;Presencial;-;;-;;-;;-;;160;30/08/2021;20/05/2021;Em Atividade;8;Agricultura, silvicultura, pesca e veterinária;84;Veterinária;841;Veterinária;0841M01;Medicina veterinária
1107;Centro Universitário Estácio do Ceará;Estácio Ceará;Privada com fins lucrativos;1663647;BIOMEDICINA;Bacharelado;A Distância;-;;-;;-;;-;;100;Não iniciado;08/12/2023;Em Extinção;9;Saúde e bem-estar;91;Saúde;914;Tecnologia de diagnóstico e tratamento médico;0914B01;Biomedicina
1107;Centro Universitário Estácio do Ceará;Estácio Ceará;Privada com fins lucrativos;1665770;BIOMEDICINA;Bacharelado;Presencial;-;;-;;-;;-;;200;25/02/2025;08/01/2024;Em Atividade;9;Saúde e bem-estar;91;Saúde;914;Tecnologia de diagnóstico e tratamento médico;0914B01;Biomedicina
1107;Centro Universitário Estácio do Ceará;Estácio Ceará;Privada com fins lucrativos;1708827;BIOMEDICINA;Bacharelado;Semipresencial;-;;-;;-;;-;;800;Não iniciado;25/09/2025;Em Atividade;9;Saúde e bem-estar;91;Saúde;914;Tecnologia de diagnóstico e tratamento médico;0914B01;Biomedicina
1113;CENTRO UNIVERSITÁRIO EURO-AMERICANO;UNIEURO;Privada com fins lucrativos;1419799;MEDICINA;Bacharelado;Presencial;5;2024;-;;3;2025;-;;100;18/02/2019;31/12/2018;Em Atividade;9;Saúde e bem-estar;91;Saúde;912;Medicina;0912M01;Medicina
1113;CENTRO UNIVERSITÁRIO EURO-AMERICANO;UNIEURO;Privada com fins lucrativos;1667287;BIOMEDICINA;Bacharelado;Presencial;-;;-;;-;;-;;100;08/03/2024;08/03/2024;Em Atividade;9;Saúde e bem-estar;91;Saúde;914;Tecnologia de diagnóstico e tratamento médico;0914B01;Biomedicina
1126;UNIVERSIDADE ESTADUAL DO CENTRO OESTE;UNICENTRO;Pública Estadual;18323;MEDICINA VETERINÁRIA;Bacharelado;Presencial;-;;5;2023;5;2023;4;2023;50;22/02/1999;17/07/1998;Em Atividade;8;Agricultura, silvicultura, pesca e veterinária;84;Veterinária;841;Veterinária;0841M01;Medicina veterinária
1126;UNIVERSIDADE ESTADUAL DO CENTRO OESTE;UNICENTRO;Pública Estadual;1448710;MEDICINA;Bacharelado;Presencial;-;;-;;5;2025;-;;40;Não iniciado;18/05/2018;Em Atividade;9;Saúde e bem-estar;91;Saúde;912;Medicina;0912M01;Medicina
1128;UNIVERSIDADE DE ITAÚNA;UI;Privada sem fins lucrativos;107766;MEDICINA;Bacharelado;Presencial;5;2025;3;2023;2;2025;2;2023;100;03/12/2007;26/10/2007;Em Atividade;9;Saúde e bem-estar;91;Saúde;912;Medicina;0912M01;Medicina
1128;UNIVERSIDADE DE ITAÚNA;UI;Privada sem fins lucrativos;1675083;BIOMEDICINA;Bacharelado;Presencial;4;2025;-;;-;;-;;120;07/02/2022;03/05/2024;Em Atividade;9;Saúde e bem-estar;91;Saúde;914;Tecnologia de diagnóstico e tratamento médico;0914B01;Biomedicina
1129;CENTRO UNIVERSITÁRIO DO NORTE DE SÃO PAULO;UNORTE;Privada sem fins lucrativos;91585;BIOMEDICINA;Bacharelado;Presencial;-;;-;;-;;-;;160;01/02/2006;05/08/2005;Extinto;9;Saúde e bem-estar;91;Saúde;914;Tecnologia de diagnóstico e tratamento médico;0914B01;Biomedicina
1129;CENTRO UNIVERSITÁRIO DO NORTE DE SÃO PAULO;UNORTE;Privada sem fins lucrativos;1139841;MEDICINA VETERINÁRIA;Bacharelado;Presencial;3;2019;4;2023;2;2023;3;2023;128;01/02/2011;-;Em Atividade;8;Agricultura, silvicultura, pesca e veterinária;84;Veterinária;841;Veterinária;0841M01;Medicina veterinária
1131;CENTRO UNIVERSITÁRIO SANTO AGOSTINHO;UNIFSA;Privada com fins lucrativos;1572090;MEDICINA VETERINÁRIA;Bacharelado;Presencial;4;2025;-;;-;;-;;120;22/02/2021;19/02/2021;Em Atividade;8;Agricultura, silvicultura, pesca e veterinária;84;Veterinária;841;Veterinária;0841M01;Medicina veterinária
1131;CENTRO UNIVERSITÁRIO SANTO AGOSTINHO;UNIFSA;Privada com fins lucrativos;1595830;BIOMEDICINA;Bacharelado;A Distância;-;;-;;-;;-;;100;29/09/2021;21/09/2021;Em Extinção;9;Saúde e bem-estar;91;Saúde;914;Tecnologia de diagnóstico e tratamento médico;0914B01;Biomedicina
1131;CENTRO UNIVERSITÁRIO SANTO AGOSTINHO;UNIFSA;Privada com fins lucrativos;1621019;MEDICINA;Bacharelado;Presencial;5;2023;-;;-;;-;;60;05/07/2024;05/07/2024;Em Atividade;9;Saúde e bem-estar;91;Saúde;912;Medicina;0912M01;Medicina
1131;CENTRO UNIVERSITÁRIO SANTO AGOSTINHO;UNIFSA;Privada com fins lucrativos;1708828;BIOMEDICINA;Bacharelado;Semipresencial;-;;-;;-;;-;;800;Não iniciado;25/09/2025;Em Atividade;9;Saúde e bem-estar;91;Saúde;914;Tecnologia de diagnóstico e tratamento médico;0914B01;Biomedicina
1141;CENTRO UNIVERSITÁRIO GAMA E SOUZA;-;Privada sem fins lucrativos;1454960;BIOMEDICINA;Bacharelado;Presencial;4;2023;-;;-;;-;;150;04/02/2019;04/12/2018;Em Atividade;9;Saúde e bem-estar;91;Saúde;914;Tecnologia de diagnóstico e tratamento médico;0914B01;Biomedicina
1141;CENTRO UNIVERSITÁRIO GAMA E SOUZA;-;Privada sem fins lucrativos;1516526;BIOMEDICINA;Bacharelado;A Distância;4;2023;3;2023;1;2023;SC;2023;500;26/11/2019;-;Em Extinção;9;Saúde e bem-estar;91;Saúde;914;Tecnologia de diagnóstico e tratamento médico;0914B01;Biomedicina
1141;CENTRO UNIVERSITÁRIO GAMA E SOUZA;-;Privada sem fins lucrativos;1517119;BIOMEDICINA;Bacharelado;Presencial;5;2023;-;;-;;-;;150;18/10/2019;18/10/2019;Em Atividade;9;Saúde e bem-estar;91;Saúde;914;Tecnologia de diagnóstico e tratamento médico;0914B01;Biomedicina
1141;CENTRO UNIVERSITÁRIO GAMA E SOUZA;-;Privada sem fins lucrativos;1517120;BIOMEDICINA;Bacharelado;Presencial;-;;-;;-;;-;;150;Não iniciado;18/10/2019;Extinto;9;Saúde e bem-estar;91;Saúde;914;Tecnologia de diagnóstico e tratamento médico;0914B01;Biomedicina
1141;CENTRO UNIVERSITÁRIO GAMA E SOUZA;-;Privada sem fins lucrativos;1517121;BIOMEDICINA;Bacharelado;Presencial;4;2025;3;2023;2;2023;2;2023;150;18/10/2019;18/10/2019;Em Atividade;9;Saúde e bem-estar;91;Saúde;914;Tecnologia de diagnóstico e tratamento médico;0914B01;Biomedicina
1141;CENTRO UNIVERSITÁRIO GAMA E SOUZA;-;Privada sem fins lucrativos;1570898;BIOMEDICINA;Bacharelado;Presencial;-;;-;;-;;-;;150;Não iniciado;09/02/2021;Extinto;9;Saúde e bem-estar;91;Saúde;914;Tecnologia de diagnóstico e tratamento médico;0914B01;Biomedicina
1141;CENTRO UNIVERSITÁRIO GAMA E SOUZA;-;Privada sem fins lucrativos;1570899;BIOMEDICINA;Bacharelado;Presencial;-;;-;;-;;-;;150;Não iniciado;09/02/2021;Extinto;9;Saúde e bem-estar;91;Saúde;914;Tecnologia de diagnóstico e tratamento médico;0914B01;Biomedicina
1141;CENTRO UNIVERSITÁRIO GAMA E SOUZA;-;Privada sem fins lucrativos;1634252;MEDICINA VETERINÁRIA;Bacharelado;Presencial;-;;-;;-;;-;;150;Não iniciado;16/03/2023;Em Atividade;8;Agricultura, silvicultura, pesca e veterinária;84;Veterinária;841;Veterinária;0841M01;Medicina veterinária
1141;CENTRO UNIVERSITÁRIO GAMA E SOUZA;-;Privada sem fins lucrativos;1701684;BIOMEDICINA;Bacharelado;Semipresencial;-;;-;;-;;-;;500;13/10/2025;25/09/2025;Em Atividade;9;Saúde e bem-estar;91;Saúde;914;Tecnologia de diagnóstico e tratamento médico;0914B01;Biomedicina
1149;CENTRO UNIVERSITÁRIO NOSSA SENHORA DO PATROCÍNIO;CEUNSP;Privada com fins lucrativos;72405;BIOMEDICINA;Bacharelado;Presencial;5;2008;4;2023;3;2023;4;2023;220;26/01/2004;10/09/2003;Em Atividade;9;Saúde e bem-estar;91;Saúde;914;Tecnologia de diagnóstico e tratamento médico;0914B01;Biomedicina
1149;CENTRO UNIVERSITÁRIO NOSSA SENHORA DO PATROCÍNIO;CEUNSP;Privada com fins lucrativos;1382750;MEDICINA VETERINÁRIA;Bacharelado;Presencial;5;2022;3;2023;3;2023;2;2023;300;13/02/2017;15/08/2016;Em Atividade;8;Agricultura, silvicultura, pesca e veterinária;84;Veterinária;841;Veterinária;0841M01;Medicina veterinária
1149;CENTRO UNIVERSITÁRIO NOSSA SENHORA DO PATROCÍNIO;CEUNSP;Privada com fins lucrativos;1615613;MEDICINA;Bacharelado;Presencial;5;2024;-;;-;;-;;60;16/09/2024;19/08/2024;Em Atividade;;;;;;;;
1153;UNIVERSIDADE CÂNDIDO MENDES;UCAM;Privada sem fins lucrativos;1591016;BIOMEDICINA;Bacharelado;A Distância;-;;-;;-;;-;;2640;09/08/2021;06/08/2021;Em Extinção;9;Saúde e bem-estar;91;Saúde;914;Tecnologia de diagnóstico e tratamento médico;0914B01;Biomedicina
1153;UNIVERSIDADE CÂNDIDO MENDES;UCAM;Privada sem fins lucrativos;1671776;BIOMEDICINA;Bacharelado;Presencial;-;;-;;-;;-;;80;19/02/2024;18/04/2024;Em Atividade;9;Saúde e bem-estar;91;Saúde;914;Tecnologia de diagnóstico e tratamento médico;0914B01;Biomedicina
1153;UNIVERSIDADE CÂNDIDO MENDES;UCAM;Privada sem fins lucrativos;1701687;BIOMEDICINA;Bacharelado;Semipresencial;-;;-;;-;;-;;2640;Não iniciado;25/09/2025;Em Atividade;9;Saúde e bem-estar;91;Saúde;914;Tecnologia de diagnóstico e tratamento médico;0914B01;Biomedicina
1157;ESCOLA SUPERIOR SÃO FRANCISCO DE ASSIS;ESFA;Privada sem fins lucrativos;92980;BIOMEDICINA;Bacharelado;Presencial;4;2023;3;2023;2;2023;3;2023;80;26/01/2009;02/05/2006;Em Atividade;9;Saúde e bem-estar;91;Saúde;914;Tecnologia de diagnóstico e tratamento médico;0914B01;Biomedicina
1157;ESCOLA SUPERIOR SÃO FRANCISCO DE ASSIS;ESFA;Privada sem fins lucrativos;1023037;MEDICINA VETERINÁRIA;Bacharelado;Presencial;-;;-;;-;;-;;120;Não iniciado;01/04/2009;Extinto;8;Agricultura, silvicultura, pesca e veterinária;84;Veterinária;841;Veterinária;0841M01;Medicina veterinária
1157;ESCOLA SUPERIOR SÃO FRANCISCO DE ASSIS;ESFA;Privada sem fins lucrativos;1023851;BIOMEDICINA;Bacharelado;Presencial;-;;-;;-;;-;;80;Não iniciado;-;Extinto;9;Saúde e bem-estar;91;Saúde;914;Tecnologia de diagnóstico e tratamento médico;0914B01;Biomedicina
1157;ESCOLA SUPERIOR SÃO FRANCISCO DE ASSIS;ESFA;Privada sem fins lucrativos;1056198;MEDICINA VETERINÁRIA;Bacharelado;Presencial;3;2023;3;2023;3;2023;4;2023;80;31/01/2011;01/04/2009;Em Atividade;8;Agricultura, silvicultura, pesca e veterinária;84;Veterinária;841;Veterinária;0841M01;Medicina veterinária
1160;Centro Universitário Cambury;UniCambury;Privada com fins lucrativos;1575787;BIOMEDICINA;Bacharelado;Presencial;-;;-;;-;;-;;160;01/08/2021;28/05/2021;Em Atividade;9;Saúde e bem-estar;91;Saúde;914;Tecnologia de diagnóstico e tratamento médico;0914B01;Biomedicina
1166;INSTITUTO FEDERAL DE EDUCAÇÃO, CIÊNCIA E TECNOLOGIA DA PARAÍBA;IFPB;Pública Federal;123237;MEDICINA VETERINÁRIA;Bacharelado;Presencial;5;2023;4;2023;4;2023;4;2023;60;02/08/2010;03/08/2009;Em Atividade;8;Agricultura, silvicultura, pesca e veterinária;84;Veterinária;841;Veterinária;0841M01;Medicina veterinária
1170;Centro Universitário FAMEC;UNIFAMEC;Privada com fins lucrativos;1637143;MEDICINA;Bacharelado;Presencial;5;2023;-;;-;;-;;60;06/11/2024;12/09/2024;Em Atividade;;;;;;;;
1173;FACULDADE ANHANGUERA DE BRASÍLIA;-;Privada com fins lucrativos;83480;BIOMEDICINA;Bacharelado;Presencial;4;2013;3;2023;2;2023;2;2023;140;15/08/2005;01/04/2005;Em Atividade;9;Saúde e bem-estar;91;Saúde;914;Tecnologia de diagnóstico e tratamento médico;0914B01;Biomedicina
1175;FACULDADE ESTÁCIO DO RIO GRANDE DO SUL - ESTÁCIO FARGS;ESTÁCIO FARGS;Privada sem fins lucrativos;1439391;BIOMEDICINA;Bacharelado;Presencial;4;2023;3;2023;2;2023;2;2023;100;09/04/2019;20/02/2019;Em Atividade;9;Saúde e bem-estar;91;Saúde;914;Tecnologia de diagnóstico e tratamento médico;0914B01;Biomedicina
1175;FACULDADE ESTÁCIO DO RIO GRANDE DO SUL - ESTÁCIO FARGS;ESTÁCIO FARGS;Privada sem fins lucrativos;1545872;MEDICINA VETERINÁRIA;Bacharelado;Presencial;4;2021;-;;-;;-;;80;25/02/2025;20/09/2024;Em Atividade;8;Agricultura, silvicultura, pesca e veterinária;84;Veterinária;841;Veterinária;0841M01;Medicina veterinária
1182;INSTITUTO DE ENSINO SUPERIOR DE AMERICANA;IESA;Privada com fins lucrativos;1441136;BIOMEDICINA;Bacharelado;Presencial;-;;-;;-;;-;;75;Não iniciado;26/06/2019;Extinto;9;Saúde e bem-estar;91;Saúde;914;Tecnologia de diagnóstico e tratamento médico;0914B01;Biomedicina
1185;CENTRO UNIVERSITÁRIO JORGE AMADO;UNIJORGE;Privada com fins lucrativos;1377526;BIOMEDICINA;Bacharelado;Presencial;4;2023;4;2023;4;2023;4;2023;150;20/02/2017;17/11/2016;Em Atividade;9;Saúde e bem-estar;91;Saúde;914;Tecnologia de diagnóstico e tratamento médico;0914B01;Biomedicina
1185;CENTRO UNIVERSITÁRIO JORGE AMADO;UNIJORGE;Privada com fins lucrativos;1422297;BIOMEDICINA;Bacharelado;Presencial;-;;-;;-;;-;;100;19/02/2018;19/09/2017;Extinto;9;Saúde e bem-estar;91;Saúde;914;Tecnologia de diagnóstico e tratamento médico;0914B01;Biomedicina
1185;CENTRO UNIVERSITÁRIO JORGE AMADO;UNIJORGE;Privada com fins lucrativos;1574681;MEDICINA VETERINÁRIA;Bacharelado;Presencial;-;;-;;-;;-;;120;02/03/2021;02/03/2021;Em Atividade;8;Agricultura, silvicultura, pesca e veterinária;84;Veterinária;841;Veterinária;0841M01;Medicina veterinária
1185;CENTRO UNIVERSITÁRIO JORGE AMADO;UNIJORGE;Privada com fins lucrativos;1589509;MEDICINA VETERINÁRIA;Bacharelado;A Distância;-;;-;;-;;-;;500;02/08/2021;02/08/2021;Em Extinção;8;Agricultura, silvicultura, pesca e veterinária;84;Veterinária;841;Veterinária;0841M01;Medicina veterinária
1185;CENTRO UNIVERSITÁRIO JORGE AMADO;UNIJORGE;Privada com fins lucrativos;1590344;BIOMEDICINA;Bacharelado;A Distância;4;2025;-;;-;;-;;500;02/08/2021;02/08/2021;Em Extinção;9;Saúde e bem-estar;91;Saúde;914;Tecnologia de diagnóstico e tratamento médico;0914B01;Biomedicina
1185;CENTRO UNIVERSITÁRIO JORGE AMADO;UNIJORGE;Privada com fins lucrativos;1701694;BIOMEDICINA;Bacharelado;Semipresencial;-;;-;;-;;-;;500;Não iniciado;25/09/2025;Em Atividade;9;Saúde e bem-estar;91;Saúde;914;Tecnologia de diagnóstico e tratamento médico;0914B01;Biomedicina
1185;CENTRO UNIVERSITÁRIO JORGE AMADO;UNIJORGE;Privada com fins lucrativos;1702884;MEDICINA VETERINÁRIA;Bacharelado;Semipresencial;-;;-;;-;;-;;500;Não iniciado;25/09/2025;Em Atividade;8;Agricultura, silvicultura, pesca e veterinária;84;Veterinária;841;Veterinária;0841M01;Medicina veterinária
1187;CENTRO UNIVERSITÁRIO MÓDULO;MÓDULO;Privada com fins lucrativos;1454265;BIOMEDICINA;Bacharelado;Presencial;5;2023;2;2023;2;2023;2;2023;200;04/02/2019;07/08/2018;Em Atividade;9;Saúde e bem-estar;91;Saúde;914;Tecnologia de diagnóstico e tratamento médico;0914B01;Biomedicina
1189;UNIVERSIDADE DO PLANALTO CATARINENSE;UNIPLAC;Privada sem fins lucrativos;69464;MEDICINA;Bacharelado;Presencial;5;2025;3;2023;4;2025;3;2023;50;09/02/2004;29/08/2003;Em Atividade;9;Saúde e bem-estar;91;Saúde;912;Medicina;0912M01;Medicina
1189;UNIVERSIDADE DO PLANALTO CATARINENSE;UNIPLAC;Privada sem fins lucrativos;118594;BIOMEDICINA;Bacharelado;Presencial;3;2019;3;2023;3;2023;3;2023;80;16/02/2009;21/08/2008;Em Atividade;9;Saúde e bem-estar;91;Saúde;914;Tecnologia de diagnóstico e tratamento médico;0914B01;Biomedicina
1196;UNIVERSIDADE CESUMAR;UNICESUMAR;Privada com fins lucrativos;20522;MEDICINA VETERINÁRIA;Bacharelado;Presencial;3;2008;4;2023;4;2023;4;2023;100;10/08/1998;09/07/1998;Em Atividade;8;Agricultura, silvicultura, pesca e veterinária;84;Veterinária;841;Veterinária;0841M01;Medicina veterinária
1196;UNIVERSIDADE CESUMAR;UNICESUMAR;Privada com fins lucrativos;57236;BIOMEDICINA;Bacharelado;Presencial;3;2008;5;2023;5;2023;5;2023;120;02/01/2003;07/10/2002;Em Atividade;9;Saúde e bem-estar;91;Saúde;914;Tecnologia de diagnóstico e tratamento médico;0914B01;Biomedicina
1196;UNIVERSIDADE CESUMAR;UNICESUMAR;Privada com fins lucrativos;1562729;BIOMEDICINA;Bacharelado;A Distância;4;2024;-;;-;;-;;5000;24/02/2021;02/10/2020;Em Extinção;9;Saúde e bem-estar;91;Saúde;914;Tecnologia de diagnóstico e tratamento médico;0914B01;Biomedicina
1196;UNIVERSIDADE CESUMAR;UNICESUMAR;Privada com fins lucrativos;1701702;BIOMEDICINA;Bacharelado;Semipresencial;-;;-;;-;;-;;20000;Não iniciado;25/09/2025;Em Atividade;9;Saúde e bem-estar;91;Saúde;914;Tecnologia de diagnóstico e tratamento médico;0914B01;Biomedicina
1196;UNIVERSIDADE CESUMAR;UNICESUMAR;Privada com fins lucrativos;5000930;MEDICINA;Bacharelado;Presencial;5;2025;4;2023;4;2025;3;2023;298;18/11/2011;18/11/2011;Em Atividade;9;Saúde e bem-estar;91;Saúde;912;Medicina;0912M01;Medicina
1196;UNIVERSIDADE CESUMAR;UNICESUMAR;Privada com fins lucrativos;5000932;MEDICINA;Bacharelado;Presencial;-;;-;;-;;-;;100;Não iniciado;18/11/2011;Extinto;9;Saúde e bem-estar;91;Saúde;912;Medicina;0912M01;Medicina
1202;Centro Universitário Santa Rita;UNIFASAR;Privada com fins lucrativos;1259993;BIOMEDICINA;Bacharelado;Presencial;4;2019;3;2023;2;2023;3;2023;100;02/01/2015;28/03/2014;Em Atividade;9;Saúde e bem-estar;91;Saúde;914;Tecnologia de diagnóstico e tratamento médico;0914B01;Biomedicina
1205;CENTRO UNIVERSITÁRIO FAEL;UNIFAEL;Privada com fins lucrativos;1597920;BIOMEDICINA;Bacharelado;A Distância;-;;-;;-;;-;;2000;01/02/2022;11/11/2021;Em Extinção;9;Saúde e bem-estar;91;Saúde;914;Tecnologia de diagnóstico e tratamento médico;0914B01;Biomedicina
1205;CENTRO UNIVERSITÁRIO FAEL;UNIFAEL;Privada com fins lucrativos;1676624;MEDICINA VETERINÁRIA;Bacharelado;Presencial;-;;-;;-;;-;;180;Não iniciado;21/06/2024;Em Atividade;8;Agricultura, silvicultura, pesca e veterinária;84;Veterinária;841;Veterinária;0841M01;Medicina veterinária
1205;CENTRO UNIVERSITÁRIO FAEL;UNIFAEL;Privada com fins lucrativos;1701708;BIOMEDICINA;Bacharelado;Semipresencial;-;;-;;-;;-;;2000;Não iniciado;25/09/2025;Em Atividade;9;Saúde e bem-estar;91;Saúde;914;Tecnologia de diagnóstico e tratamento médico;0914B01;Biomedicina
1224;CENTRO UNIVERSITÁRIO DE JALES;UNIJALES;Privada sem fins lucrativos;1430140;BIOMEDICINA;Bacharelado;Presencial;4;2022;3;2023;1;2023;3;2023;50;05/02/2018;29/08/2017;Em Atividade;9;Saúde e bem-estar;91;Saúde;914;Tecnologia de diagnóstico e tratamento médico;0914B01;Biomedicina
1225;CENTRO UNIVERSITÁRIO AMPARENSE;UNIFIA;Privada com fins lucrativos;98597;BIOMEDICINA;Bacharelado;Presencial;4;2010;2;2023;2;2023;3;2023;100;05/02/2007;14/08/2006;Em Atividade;9;Saúde e bem-estar;91;Saúde;914;Tecnologia de diagnóstico e tratamento médico;0914B01;Biomedicina
1227;CENTRO UNIVERSITÁRIO SÃO FRANCISCO DE BARREIRAS;-;Privada sem fins lucrativos;1257490;BIOMEDICINA;Bacharelado;Presencial;3;2024;3;2023;2;2023;3;2023;80;03/12/2014;28/03/2014;Em Atividade;9;Saúde e bem-estar;91;Saúde;914;Tecnologia de diagnóstico e tratamento médico;0914B01;Biomedicina
1227;CENTRO UNIVERSITÁRIO SÃO FRANCISCO DE BARREIRAS;-;Privada sem fins lucrativos;1575867;MEDICINA VETERINÁRIA;Bacharelado;Presencial;-;;-;;-;;-;;240;01/08/2021;29/04/2021;Em Atividade;8;Agricultura, silvicultura, pesca e veterinária;84;Veterinária;841;Veterinária;0841M01;Medicina veterinária
1227;CENTRO UNIVERSITÁRIO SÃO FRANCISCO DE BARREIRAS;-;Privada sem fins lucrativos;5001341;MEDICINA;Bacharelado;Presencial;5;2024;3;2023;2;2025;3;2023;80;20/02/2017;18/08/2016;Em Atividade;9;Saúde e bem-estar;91;Saúde;912;Medicina;0912M01;Medicina
1230;CENTRO REGIONAL UNIVERSITÁRIO DE ESPÍRITO SANTO DO PINHAL;UNIPINHAL;Privada sem fins lucrativos;19685;MEDICINA VETERINÁRIA;Bacharelado;Presencial;4;2023;3;2023;2;2023;3;2023;100;31/07/1987;13/04/1987;Em Atividade;8;Agricultura, silvicultura, pesca e veterinária;84;Veterinária;841;Veterinária;0841M01;Medicina veterinária
1230;CENTRO REGIONAL UNIVERSITÁRIO DE ESPÍRITO SANTO DO PINHAL;UNIPINHAL;Privada sem fins lucrativos;1112644;BIOMEDICINA;Bacharelado;Presencial;4;2016;3;2023;3;2023;4;2023;50;02/02/2010;-;Em Atividade;9;Saúde e bem-estar;91;Saúde;914;Tecnologia de diagnóstico e tratamento médico;0914B01;Biomedicina
1231;FACULDADE CNEC SANTO ÂNGELO;-;Privada sem fins lucrativos;97091;BIOMEDICINA;Bacharelado;Presencial;4;2011;3;2023;2;2023;2;2023;100;26/02/2007;28/09/2006;Em Atividade;9;Saúde e bem-estar;91;Saúde;914;Tecnologia de diagnóstico e tratamento médico;0914B01;Biomedicina
1232;CENTRO UNIVERSITÁRIO CAMPOS DE ANDRADE;UNIANDRADE;Privada sem fins lucrativos;1288851;BIOMEDICINA;Bacharelado;Presencial;4;2018;4;2023;2;2023;3;2023;180;01/01/2014;14/03/2012;Em Atividade;9;Saúde e bem-estar;91;Saúde;914;Tecnologia de diagnóstico e tratamento médico;0914B01;Biomedicina
1232;CENTRO UNIVERSITÁRIO CAMPOS DE ANDRADE;UNIANDRADE;Privada sem fins lucrativos;1565068;BIOMEDICINA;Bacharelado;A Distância;5;2025;-;;-;;-;;1000;09/03/2021;01/02/2021;Em Extinção;9;Saúde e bem-estar;91;Saúde;914;Tecnologia de diagnóstico e tratamento médico;0914B01;Biomedicina
1232;CENTRO UNIVERSITÁRIO CAMPOS DE ANDRADE;UNIANDRADE;Privada sem fins lucrativos;1701718;BIOMEDICINA;Bacharelado;Semipresencial;-;;-;;-;;-;;1000;09/02/2026;25/09/2025;Em Atividade;9;Saúde e bem-estar;91;Saúde;914;Tecnologia de diagnóstico e tratamento médico;0914B01;Biomedicina
1233;CENTRO UNIVERSITÁRIO UNIC;-;Privada com fins lucrativos;92775;BIOMEDICINA;Bacharelado;Presencial;-;;-;;-;;-;;100;29/01/2007;19/09/2005;Extinto;9;Saúde e bem-estar;91;Saúde;914;Tecnologia de diagnóstico e tratamento médico;0914B01;Biomedicina
1233;CENTRO UNIVERSITÁRIO UNIC;-;Privada com fins lucrativos;1341535;BIOMEDICINA;Bacharelado;Presencial;-;;-;;-;;-;;300;01/12/2015;13/11/2015;Extinto;9;Saúde e bem-estar;91;Saúde;914;Tecnologia de diagnóstico e tratamento médico;0914B01;Biomedicina
1237;CENTRO UNIVERSITÁRIO NOSSA SENHORA APARECIDA;UNIFANAP;Privada sem fins lucrativos;1631385;BIOMEDICINA;Bacharelado;Presencial;-;;-;;-;;-;;100;01/02/2023;01/02/2023;Em Atividade;9;Saúde e bem-estar;91;Saúde;914;Tecnologia de diagnóstico e tratamento médico;0914B01;Biomedicina
1239;FACULDADE PADRÃO;PADRAO;Privada com fins lucrativos;49140;BIOMEDICINA;Bacharelado;Presencial;-;;-;;-;;-;;78;08/10/2001;23/07/2001;Extinto;9;Saúde e bem-estar;91;Saúde;914;Tecnologia de diagnóstico e tratamento médico;0914B01;Biomedicina
1244;Centro Universitário Multivix Vitória;-;Privada com fins lucrativos;86356;MEDICINA;Bacharelado;Presencial;5;2024;4;2023;3;2025;3;2023;128;15/08/2005;27/06/2005;Em Atividade;9;Saúde e bem-estar;91;Saúde;912;Medicina;0912M01;Medicina
1244;Centro Universitário Multivix Vitória;-;Privada com fins lucrativos;1330504;BIOMEDICINA;Bacharelado;Presencial;5;2022;4;2023;4;2023;3;2023;120;01/08/2016;04/04/2016;Em Atividade;9;Saúde e bem-estar;91;Saúde;914;Tecnologia de diagnóstico e tratamento médico;0914B01;Biomedicina
1244;Centro Universitário Multivix Vitória;-;Privada com fins lucrativos;1366534;MEDICINA VETERINÁRIA;Bacharelado;Presencial;5;2024;4;2023;3;2023;3;2023;100;26/02/2018;29/08/2017;Em Atividade;8;Agricultura, silvicultura, pesca e veterinária;84;Veterinária;841;Veterinária;0841M01;Medicina veterinária
1244;Centro Universitário Multivix Vitória;-;Privada com fins lucrativos;1665380;BIOMEDICINA;Bacharelado;A Distância;-;;-;;-;;-;;750;Não iniciado;28/12/2023;Em Extinção;9;Saúde e bem-estar;91;Saúde;914;Tecnologia de diagnóstico e tratamento médico;0914B01;Biomedicina
1244;Centro Universitário Multivix Vitória;-;Privada com fins lucrativos;1708840;BIOMEDICINA;Bacharelado;Semipresencial;-;;-;;-;;-;;3000;Não iniciado;25/09/2025;Em Atividade;9;Saúde e bem-estar;91;Saúde;914;Tecnologia de diagnóstico e tratamento médico;0914B01;Biomedicina
1245;Faculdade de Castelo - Multivix Castelo;Multivix Castelo;Privada com fins lucrativos;19839;MEDICINA VETERINÁRIA;Bacharelado;Presencial;3;2008;5;2023;4;2023;4;2023;100;02/08/1999;14/04/1999;Em Atividade;8;Agricultura, silvicultura, pesca e veterinária;84;Veterinária;841;Veterinária;0841M01;Medicina veterinária
1255;Centro Universitário FBV Wyden;UniFBV Wyden;Privada com fins lucrativos;1303779;BIOMEDICINA;Bacharelado;Presencial;4;2021;4;2019;3;2019;3;2019;100;07/05/2015;30/03/2015;Em Atividade;9;Saúde e bem-estar;91;Saúde;914;Tecnologia de diagnóstico e tratamento médico;0914B01;Biomedicina
1255;Centro Universitário FBV Wyden;UniFBV Wyden;Privada com fins lucrativos;1590977;BIOMEDICINA;Bacharelado;A Distância;-;;-;;-;;-;;100;15/02/2022;16/08/2021;Em Extinção;9;Saúde e bem-estar;91;Saúde;914;Tecnologia de diagnóstico e tratamento médico;0914B01;Biomedicina
1255;Centro Universitário FBV Wyden;UniFBV Wyden;Privada com fins lucrativos;1682083;MEDICINA VETERINÁRIA;Bacharelado;Presencial;-;;-;;-;;-;;100;Não iniciado;23/08/2024;Em Atividade;8;Agricultura, silvicultura, pesca e veterinária;84;Veterinária;841;Veterinária;0841M01;Medicina veterinária
1255;Centro Universitário FBV Wyden;UniFBV Wyden;Privada com fins lucrativos;1701723;BIOMEDICINA;Bacharelado;Semipresencial;-;;-;;-;;-;;321;26/09/2025;25/09/2025;Em Atividade;9;Saúde e bem-estar;91;Saúde;914;Tecnologia de diagnóstico e tratamento médico;0914B01;Biomedicina
1258;FACULDADE DE CASCAVEL;-;Privada com fins lucrativos;1453627;BIOMEDICINA;Bacharelado;Presencial;-;;-;;-;;-;;50;Não iniciado;17/12/2018;Extinto;9;Saúde e bem-estar;91;Saúde;914;Tecnologia de diagnóstico e tratamento médico;0914B01;Biomedicina
1263;FACULDADE BEZERRA DE ARAÚJO;FABA;Privada com fins lucrativos;1053824;BIOMEDICINA;Bacharelado;Presencial;-;;-;;-;;-;;120;Não iniciado;-;Extinto;9;Saúde e bem-estar;91;Saúde;914;Tecnologia de diagnóstico e tratamento médico;0914B01;Biomedicina
1267;INSTITUTO DE ENSINO SUPERIOR DA GRANDE FLORIANÓPOLIS;IESGF;Privada com fins lucrativos;1441113;BIOMEDICINA;Bacharelado;Presencial;-;;-;;-;;-;;50;Não iniciado;12/06/2019;Extinto;9;Saúde e bem-estar;91;Saúde;914;Tecnologia de diagnóstico e tratamento médico;0914B01;Biomedicina
1270;CENTRO UNIVERSITÁRIO ESTÁCIO DE RIBEIRÃO PRETO;ESTÁCIO RIBEIRÃO PRE;Privada com fins lucrativos;1170057;BIOMEDICINA;Bacharelado;Presencial;-;;-;;-;;-;;100;Não iniciado;20/01/2011;Extinto;9;Saúde e bem-estar;91;Saúde;914;Tecnologia de diagnóstico e tratamento médico;0914B01;Biomedicina
1270;CENTRO UNIVERSITÁRIO ESTÁCIO DE RIBEIRÃO PRETO;ESTÁCIO RIBEIRÃO PRE;Privada com fins lucrativos;1185903;MEDICINA;Bacharelado;Presencial;4;2023;4;2023;2;2025;3;2023;76;23/07/2014;23/07/2014;Em Atividade;9;Saúde e bem-estar;91;Saúde;912;Medicina;0912M01;Medicina
1270;CENTRO UNIVERSITÁRIO ESTÁCIO DE RIBEIRÃO PRETO;ESTÁCIO RIBEIRÃO PRE;Privada com fins lucrativos;1458310;BIOMEDICINA;Bacharelado;A Distância;4;2024;3;2023;2;2023;2;2023;606;07/03/2019;15/10/2018;Em Extinção;9;Saúde e bem-estar;91;Saúde;914;Tecnologia de diagnóstico e tratamento médico;0914B01;Biomedicina
1270;CENTRO UNIVERSITÁRIO ESTÁCIO DE RIBEIRÃO PRETO;ESTÁCIO RIBEIRÃO PRE;Privada com fins lucrativos;1486170;BIOMEDICINA;Bacharelado;Presencial;5;2023;3;2023;2;2023;2;2023;100;06/05/2019;06/05/2019;Em Atividade;9;Saúde e bem-estar;91;Saúde;914;Tecnologia de diagnóstico e tratamento médico;0914B01;Biomedicina
1270;CENTRO UNIVERSITÁRIO ESTÁCIO DE RIBEIRÃO PRETO;ESTÁCIO RIBEIRÃO PRE;Privada com fins lucrativos;1606270;MEDICINA VETERINÁRIA;Bacharelado;A Distância;-;;-;;-;;-;;60;09/08/2022;01/06/2022;Em Extinção;8;Agricultura, silvicultura, pesca e veterinária;84;Veterinária;841;Veterinária;0841M01;Medicina veterinária
1270;CENTRO UNIVERSITÁRIO ESTÁCIO DE RIBEIRÃO PRETO;ESTÁCIO RIBEIRÃO PRE;Privada com fins lucrativos;1701731;BIOMEDICINA;Bacharelado;Semipresencial;-;;-;;-;;-;;320;26/09/2025;25/09/2025;Em Atividade;9;Saúde e bem-estar;91;Saúde;914;Tecnologia de diagnóstico e tratamento médico;0914B01;Biomedicina
1270;CENTRO UNIVERSITÁRIO ESTÁCIO DE RIBEIRÃO PRETO;ESTÁCIO RIBEIRÃO PRE;Privada com fins lucrativos;1702886;MEDICINA VETERINÁRIA;Bacharelado;Semipresencial;-;;-;;-;;-;;60;26/09/2025;25/09/2025;Em Atividade;8;Agricultura, silvicultura, pesca e veterinária;84;Veterinária;841;Veterinária;0841M01;Medicina veterinária
1273;Centro Universitário Campo Limpo Paulista;UNIFACCAMP;Privada com fins lucrativos;1592633;MEDICINA;Bacharelado;Presencial;4;2022;-;;-;;-;;14;07/08/2023;23/05/2023;Em Atividade;9;Saúde e bem-estar;91;Saúde;912;Medicina;0912M01;Medicina
1273;Centro Universitário Campo Limpo Paulista;UNIFACCAMP;Privada com fins lucrativos;1331577;BIOMEDICINA;Bacharelado;Presencial;4;2022;2;2023;1;2023;2;2023;50;29/11/2017;02/05/2017;Em Atividade;9;Saúde e bem-estar;91;Saúde;914;Tecnologia de diagnóstico e tratamento médico;0914B01;Biomedicina
1273;Centro Universitário Campo Limpo Paulista;UNIFACCAMP;Privada com fins lucrativos;1441607;MEDICINA VETERINÁRIA;Bacharelado;Presencial;4;2024;2;2023;2;2023;2;2023;150;10/04/2018;07/03/2018;Em Atividade;8;Agricultura, silvicultura, pesca e veterinária;84;Veterinária;841;Veterinária;0841M01;Medicina veterinária
1276;INSTITUTO TAUBATÉ DE ENSINO SUPERIOR;I.T.E.S.;Privada com fins lucrativos;1441150;BIOMEDICINA;Bacharelado;Presencial;4;2023;2;2023;3;2023;2;2023;100;05/02/2019;03/07/2018;Em Atividade;9;Saúde e bem-estar;91;Saúde;914;Tecnologia de diagnóstico e tratamento médico;0914B01;Biomedicina
1281;FACULDADE DE CIÊNCIAS SOCIAIS E AGRÁRIAS DE ITAPEVA;FAIT;Privada com fins lucrativos;99648;MEDICINA VETERINÁRIA;Bacharelado;Presencial;4;2012;3;2023;3;2023;3;2023;100;27/11/2007;11/12/2006;Em Atividade;8;Agricultura, silvicultura, pesca e veterinária;84;Veterinária;841;Veterinária;0841M01;Medicina veterinária
1281;FACULDADE DE CIÊNCIAS SOCIAIS E AGRÁRIAS DE ITAPEVA;FAIT;Privada com fins lucrativos;1466431;BIOMEDICINA;Bacharelado;Presencial;5;2023;3;2023;3;2023;3;2023;100;14/05/2019;14/05/2019;Em Atividade;9;Saúde e bem-estar;91;Saúde;914;Tecnologia de diagnóstico e tratamento médico;0914B01;Biomedicina
1292;Centro Universitário de Adamantina;FAI;Especial;65971;MEDICINA VETERINÁRIA;Bacharelado;Presencial;-;;4;2023;3;2023;3;2023;100;17/02/2003;18/03/2003;Em Atividade;8;Agricultura, silvicultura, pesca e veterinária;84;Veterinária;841;Veterinária;0841M01;Medicina veterinária
1292;Centro Universitário de Adamantina;FAI;Especial;1322329;MEDICINA;Bacharelado;Presencial;-;;2;2023;1;2025;1;2023;100;03/08/2015;04/03/2015;Em Atividade;9;Saúde e bem-estar;91;Saúde;912;Medicina;0912M01;Medicina
1292;Centro Universitário de Adamantina;FAI;Especial;1452485;BIOMEDICINA;Bacharelado;Presencial;-;;4;2023;3;2023;4;2023;100;11/02/2019;21/08/2018;Em Atividade;9;Saúde e bem-estar;91;Saúde;914;Tecnologia de diagnóstico e tratamento médico;0914B01;Biomedicina
1294;Centro Universitário das Américas;CAM;Privada com fins lucrativos;1190280;MEDICINA;Bacharelado;Presencial;5;2023;2;2023;1;2025;1;2023;130;09/02/2015;23/07/2014;Em Atividade;9;Saúde e bem-estar;91;Saúde;912;Medicina;0912M01;Medicina
1294;Centro Universitário das Américas;CAM;Privada com fins lucrativos;1190281;BIOMEDICINA;Bacharelado;Presencial;4;2019;3;2023;2;2023;2;2023;200;27/10/2014;02/09/2013;Em Atividade;9;Saúde e bem-estar;91;Saúde;914;Tecnologia de diagnóstico e tratamento médico;0914B01;Biomedicina
1294;Centro Universitário das Américas;CAM;Privada com fins lucrativos;1353315;MEDICINA VETERINÁRIA;Bacharelado;Presencial;4;2023;2;2023;2;2023;2;2023;640;11/03/2019;22/02/2018;Em Atividade;8;Agricultura, silvicultura, pesca e veterinária;84;Veterinária;841;Veterinária;0841M01;Medicina veterinária
1294;Centro Universitário das Américas;CAM;Privada com fins lucrativos;1515692;MEDICINA VETERINÁRIA;Bacharelado;Presencial;4;2023;-;;-;;-;;640;18/02/2020;01/11/2019;Em Atividade;8;Agricultura, silvicultura, pesca e veterinária;84;Veterinária;841;Veterinária;0841M01;Medicina veterinária
1294;Centro Universitário das Américas;CAM;Privada com fins lucrativos;1515693;BIOMEDICINA;Bacharelado;Presencial;-;;3;2023;3;2023;3;2023;320;17/02/2020;01/11/2019;Em Atividade;9;Saúde e bem-estar;91;Saúde;914;Tecnologia de diagnóstico e tratamento médico;0914B01;Biomedicina
1298;Faculdade Estácio de Alagoas - Estácio FAL;ESTÁCIO FAL;Privada com fins lucrativos;1545864;BIOMEDICINA;Bacharelado;Presencial;4;2025;-;;-;;-;;120;21/02/2022;03/12/2021;Em Atividade;9;Saúde e bem-estar;91;Saúde;914;Tecnologia de diagnóstico e tratamento médico;0914B01;Biomedicina
1299;FACULDADES INTEGRADAS DE FERNANDÓPOLIS;FIFE;Privada sem fins lucrativos;47682;BIOMEDICINA;Bacharelado;Presencial;4;2018;4;2023;4;2023;4;2023;50;31/01/2000;18/11/1999;Em Atividade;9;Saúde e bem-estar;91;Saúde;914;Tecnologia de diagnóstico e tratamento médico;0914B01;Biomedicina
1299;FACULDADES INTEGRADAS DE FERNANDÓPOLIS;FIFE;Privada sem fins lucrativos;47683;BIOMEDICINA;Bacharelado;Presencial;-;;3;2008;3;2008;3;2008;0;31/01/2000;18/11/1999;Em Extinção;9;Saúde e bem-estar;91;Saúde;914;Tecnologia de diagnóstico e tratamento médico;0914B01;Biomedicina
1299;FACULDADES INTEGRADAS DE FERNANDÓPOLIS;FIFE;Privada sem fins lucrativos;47684;BIOMEDICINA;Bacharelado;Presencial;-;;3;2008;3;2008;3;2008;1;31/01/2000;18/11/1999;Em Extinção;9;Saúde e bem-estar;91;Saúde;914;Tecnologia de diagnóstico e tratamento médico;0914B01;Biomedicina
1303;INSTITUTO FEDERAL DE EDUCAÇÃO, CIÊNCIA E TECNOLOGIA GOIANO;IF Goiano;Pública Federal;1188125;MEDICINA VETERINÁRIA;Bacharelado;Presencial;-;;-;;-;;-;;30;Não iniciado;28/09/2012;Extinto;8;Agricultura, silvicultura, pesca e veterinária;84;Veterinária;841;Veterinária;0841M01;Medicina veterinária
1303;INSTITUTO FEDERAL DE EDUCAÇÃO, CIÊNCIA E TECNOLOGIA GOIANO;IF Goiano;Pública Federal;1188283;MEDICINA VETERINÁRIA;Bacharelado;Presencial;4;2017;3;2023;3;2023;2;2023;40;25/02/2013;22/06/2012;Em Atividade;8;Agricultura, silvicultura, pesca e veterinária;84;Veterinária;841;Veterinária;0841M01;Medicina veterinária
1307;FACULDADE DE ENSINO SUPERIOR E FORMAÇÃO INTEGRAL;FAEF;Privada com fins lucrativos;21730;MEDICINA VETERINÁRIA;Bacharelado;Presencial;3;2008;4;2023;3;2023;3;2023;150;07/08/2000;26/05/2000;Em Atividade;8;Agricultura, silvicultura, pesca e veterinária;84;Veterinária;841;Veterinária;0841M01;Medicina veterinária
1308;FACULDADE NOVO MILÊNIO;FNM;Privada com fins lucrativos;1509611;MEDICINA VETERINÁRIA;Bacharelado;Presencial;4;2021;-;;-;;-;;200;Não iniciado;31/12/2021;Em Atividade;;;;;;;;
1310;FACULDADE DE AMERICANA;FAM;Privada sem fins lucrativos;24519;BIOMEDICINA;Bacharelado;Presencial;4;2013;3;2023;2;2023;3;2023;100;14/02/2000;27/08/1999;Em Atividade;9;Saúde e bem-estar;91;Saúde;914;Tecnologia de diagnóstico e tratamento médico;0914B01;Biomedicina
1310;FACULDADE DE AMERICANA;FAM;Privada sem fins lucrativos;1204408;MEDICINA VETERINÁRIA;Bacharelado;Presencial;4;2022;2;2023;3;2023;3;2023;200;01/08/2016;24/06/2016;Em Atividade;8;Agricultura, silvicultura, pesca e veterinária;84;Veterinária;841;Veterinária;0841M01;Medicina veterinária
1317;Centro Universitário Sudoeste Paulista;UniFSP;Privada com fins lucrativos;98035;BIOMEDICINA;Bacharelado;Presencial;3;2010;4;2023;3;2023;4;2023;100;05/02/2007;30/10/2006;Em Atividade;9;Saúde e bem-estar;91;Saúde;914;Tecnologia de diagnóstico e tratamento médico;0914B01;Biomedicina
1317;Centro Universitário Sudoeste Paulista;UniFSP;Privada com fins lucrativos;1108311;MEDICINA VETERINÁRIA;Bacharelado;Presencial;3;2015;4;2023;3;2023;4;2023;60;02/08/2010;05/05/2010;Em Atividade;8;Agricultura, silvicultura, pesca e veterinária;84;Veterinária;841;Veterinária;0841M01;Medicina veterinária
1317;Centro Universitário Sudoeste Paulista;UniFSP;Privada com fins lucrativos;1138791;BIOMEDICINA;Bacharelado;Presencial;3;2023;-;;-;;-;;100;27/01/2014;01/10/2013;Em Atividade;9;Saúde e bem-estar;91;Saúde;914;Tecnologia de diagnóstico e tratamento médico;0914B01;Biomedicina
1317;Centro Universitário Sudoeste Paulista;UniFSP;Privada com fins lucrativos;1544130;MEDICINA VETERINÁRIA;Bacharelado;A Distância;-;;-;;-;;-;;200;Não iniciado;27/08/2020;Extinto;8;Agricultura, silvicultura, pesca e veterinária;84;Veterinária;841;Veterinária;0841M01;Medicina veterinária
1317;Centro Universitário Sudoeste Paulista;UniFSP;Privada com fins lucrativos;1545461;BIOMEDICINA;Bacharelado;A Distância;-;;-;;-;;-;;200;Não iniciado;25/08/2020;Em Extinção;9;Saúde e bem-estar;91;Saúde;914;Tecnologia de diagnóstico e tratamento médico;0914B01;Biomedicina
1317;Centro Universitário Sudoeste Paulista;UniFSP;Privada com fins lucrativos;1593037;MEDICINA VETERINÁRIA;Bacharelado;Presencial;-;;-;;-;;-;;50;07/02/2022;13/12/2021;Em Atividade;8;Agricultura, silvicultura, pesca e veterinária;84;Veterinária;841;Veterinária;0841M01;Medicina veterinária
1317;Centro Universitário Sudoeste Paulista;UniFSP;Privada com fins lucrativos;1597823;MEDICINA;Bacharelado;Presencial;4;2022;-;;-;;-;;60;14/08/2024;05/07/2024;Em Atividade;9;Saúde e bem-estar;91;Saúde;912;Medicina;0912M01;Medicina
1317;Centro Universitário Sudoeste Paulista;UniFSP;Privada com fins lucrativos;1708848;BIOMEDICINA;Bacharelado;Semipresencial;-;;-;;-;;-;;1600;Não iniciado;25/09/2025;Em Atividade;9;Saúde e bem-estar;91;Saúde;914;Tecnologia de diagnóstico e tratamento médico;0914B01;Biomedicina
1318;FACULDADE UNINASSAU VITÓRIA DA CONQUISTA;-;Privada com fins lucrativos;1283575;BIOMEDICINA;Bacharelado;Presencial;4;2022;3;2023;2;2023;3;2023;200;24/06/2016;24/06/2016;Em Atividade;9;Saúde e bem-estar;91;Saúde;914;Tecnologia de diagnóstico e tratamento médico;0914B01;Biomedicina
1318;FACULDADE UNINASSAU VITÓRIA DA CONQUISTA;-;Privada com fins lucrativos;1590571;MEDICINA VETERINÁRIA;Bacharelado;Presencial;4;2022;-;;-;;-;;180;Não iniciado;28/03/2023;Em Atividade;8;Agricultura, silvicultura, pesca e veterinária;84;Veterinária;841;Veterinária;0841M01;Medicina veterinária
1319;FACULDADE TECSOMA;FATEC;Privada com fins lucrativos;108698;BIOMEDICINA;Bacharelado;Presencial;4;2024;3;2023;2;2023;3;2023;100;04/08/2008;17/01/2008;Em Atividade;9;Saúde e bem-estar;91;Saúde;914;Tecnologia de diagnóstico e tratamento médico;0914B01;Biomedicina
1322;FACULDADE EDUVALE DE AVARÉ;EDUVALE;Privada sem fins lucrativos;1442072;MEDICINA VETERINÁRIA;Bacharelado;Presencial;4;2023;4;2023;4;2023;4;2023;50;04/02/2019;26/12/2018;Em Atividade;8;Agricultura, silvicultura, pesca e veterinária;84;Veterinária;841;Veterinária;0841M01;Medicina veterinária
1325;FACULDADE DE APUCARANA;FAP;Privada sem fins lucrativos;1185041;BIOMEDICINA;Bacharelado;Presencial;4;2023;3;2023;3;2023;3;2023;200;05/02/2018;28/06/2017;Em Atividade;9;Saúde e bem-estar;91;Saúde;914;Tecnologia de diagnóstico e tratamento médico;0914B01;Biomedicina
1326;Centro Universitário Multivix Serra;MULTIVIX SERRA;Privada com fins lucrativos;1701740;BIOMEDICINA;Bacharelado;Semipresencial;-;;-;;-;;-;;750;Não iniciado;25/09/2025;Em Atividade;9;Saúde e bem-estar;91;Saúde;914;Tecnologia de diagnóstico e tratamento médico;0914B01;Biomedicina
1326;Faculdade Multivix Serra;MULTIVIX SERRA;Privada com fins lucrativos;1396073;BIOMEDICINA;Bacharelado;Presencial;4;2022;4;2023;3;2023;3;2023;100;26/02/2018;03/10/2017;Em Atividade;9;Saúde e bem-estar;91;Saúde;914;Tecnologia de diagnóstico e tratamento médico;0914B01;Biomedicina
1326;Faculdade Multivix Serra;MULTIVIX SERRA;Privada com fins lucrativos;1498039;BIOMEDICINA;Bacharelado;A Distância;5;2024;-;;-;;-;;750;07/03/2022;19/11/2021;Em Extinção;;;;;;;;
1326;Faculdade Multivix Serra;MULTIVIX SERRA;Privada com fins lucrativos;1575814;MEDICINA;Bacharelado;Presencial;5;2022;-;;-;;-;;60;19/08/2024;02/08/2024;Em Atividade;9;Saúde e bem-estar;91;Saúde;912;Medicina;0912M01;Medicina
1334;CENTRO UNIVERSITÁRIO FACISA;UNIFACISA;Privada com fins lucrativos;90483;MEDICINA;Bacharelado;Presencial;5;2019;3;2023;2;2025;3;2023;180;01/02/2006;29/12/2005;Em Atividade;9;Saúde e bem-estar;91;Saúde;912;Medicina;0912M01;Medicina
1334;CENTRO UNIVERSITÁRIO FACISA;UNIFACISA;Privada com fins lucrativos;1260598;BIOMEDICINA;Bacharelado;Presencial;-;;-;;-;;-;;100;04/08/2014;21/05/2014;Extinto;9;Saúde e bem-estar;91;Saúde;914;Tecnologia de diagnóstico e tratamento médico;0914B01;Biomedicina
1334;CENTRO UNIVERSITÁRIO FACISA;UNIFACISA;Privada com fins lucrativos;1495674;MEDICINA VETERINÁRIA;Bacharelado;Presencial;3;2023;-;;-;;-;;100;10/02/2020;18/09/2019;Em Atividade;8;Agricultura, silvicultura, pesca e veterinária;84;Veterinária;841;Veterinária;0841M01;Medicina veterinária
1336;CENTRO UNIVERSITÁRIO ASSIS GURGACZ;FAG;Privada sem fins lucrativos;105920;MEDICINA VETERINÁRIA;Bacharelado;Presencial;4;2012;3;2023;3;2023;3;2023;145;11/02/2008;14/09/2007;Em Atividade;8;Agricultura, silvicultura, pesca e veterinária;84;Veterinária;841;Veterinária;0841M01;Medicina veterinária
1336;CENTRO UNIVERSITÁRIO ASSIS GURGACZ;FAG;Privada sem fins lucrativos;108882;MEDICINA;Bacharelado;Presencial;5;2025;4;2023;4;2025;5;2023;162;03/03/2008;06/02/2008;Em Atividade;9;Saúde e bem-estar;91;Saúde;912;Medicina;0912M01;Medicina
1337;CENTRO UNIVERSITÁRIO MATER DEI;-;Privada com fins lucrativos;1349425;MEDICINA VETERINÁRIA;Bacharelado;Presencial;5;2022;3;2023;2;2023;2;2023;80;23/11/2017;30/05/2017;Em Atividade;8;Agricultura, silvicultura, pesca e veterinária;84;Veterinária;841;Veterinária;0841M01;Medicina veterinária
1337;CENTRO UNIVERSITÁRIO MATER DEI;-;Privada com fins lucrativos;1595933;BIOMEDICINA;Bacharelado;A Distância;-;;-;;-;;-;;100;08/02/2022;27/10/2021;Em Extinção;9;Saúde e bem-estar;91;Saúde;914;Tecnologia de diagnóstico e tratamento médico;0914B01;Biomedicina
1337;CENTRO UNIVERSITÁRIO MATER DEI;-;Privada com fins lucrativos;1701743;BIOMEDICINA;Bacharelado;Semipresencial;-;;-;;-;;-;;100;25/09/2025;25/09/2025;Em Atividade;9;Saúde e bem-estar;91;Saúde;914;Tecnologia de diagnóstico e tratamento médico;0914B01;Biomedicina
1350;Centro Universitário Multiversa do Jaguaribe- UNIJAGUARIBE;UNIJAGUARIBE;Privada com fins lucrativos;1619336;BIOMEDICINA;Bacharelado;A Distância;-;;-;;-;;-;;200;05/02/2024;01/12/2022;Em Extinção;9;Saúde e bem-estar;91;Saúde;914;Tecnologia de diagnóstico e tratamento médico;0914B01;Biomedicina
1350;Centro Universitário Multiversa do Jaguaribe- UNIJAGUARIBE;UNIJAGUARIBE;Privada com fins lucrativos;1627311;MEDICINA VETERINÁRIA;Bacharelado;Presencial;-;;-;;-;;-;;150;13/02/2023;31/12/2022;Em Atividade;8;Agricultura, silvicultura, pesca e veterinária;84;Veterinária;841;Veterinária;0841M01;Medicina veterinária
1350;Centro Universitário Multiversa do Jaguaribe- UNIJAGUARIBE;UNIJAGUARIBE;Privada com fins lucrativos;1666167;BIOMEDICINA;Bacharelado;Presencial;-;;-;;-;;-;;100;05/02/2024;02/02/2024;Em Atividade;9;Saúde e bem-estar;91;Saúde;914;Tecnologia de diagnóstico e tratamento médico;0914B01;Biomedicina
1351;CENTRO UNIVERSITÁRIO SOCIESC;-;Privada sem fins lucrativos;1363760;BIOMEDICINA;Bacharelado;Presencial;4;2025;3;2023;2;2023;2;2023;150;01/07/2016;12/04/2016;Em Atividade;9;Saúde e bem-estar;91;Saúde;914;Tecnologia de diagnóstico e tratamento médico;0914B01;Biomedicina
1351;CENTRO UNIVERSITÁRIO SOCIESC;-;Privada sem fins lucrativos;1380908;MEDICINA VETERINÁRIA;Bacharelado;Presencial;4;2022;3;2023;3;2023;2;2023;200;01/12/2016;19/08/2016;Em Atividade;8;Agricultura, silvicultura, pesca e veterinária;84;Veterinária;841;Veterinária;0841M01;Medicina veterinária
1351;CENTRO UNIVERSITÁRIO SOCIESC;-;Privada sem fins lucrativos;1397967;MEDICINA VETERINÁRIA;Bacharelado;A Distância;-;;-;;-;;-;;400;01/01/2017;16/01/2017;Extinto;8;Agricultura, silvicultura, pesca e veterinária;84;Veterinária;841;Veterinária;0841M01;Medicina veterinária
1351;CENTRO UNIVERSITÁRIO SOCIESC;-;Privada sem fins lucrativos;1397971;BIOMEDICINA;Bacharelado;A Distância;4;2025;-;;-;;-;;350;01/01/2017;16/01/2017;Em Extinção;9;Saúde e bem-estar;91;Saúde;914;Tecnologia de diagnóstico e tratamento médico;0914B01;Biomedicina
1351;CENTRO UNIVERSITÁRIO SOCIESC;-;Privada com fins lucrativos;1710934;BIOMEDICINA;Bacharelado;Semipresencial;-;;-;;-;;-;;100;06/10/2025;25/09/2025;Em Atividade;9;Saúde e bem-estar;91;Saúde;914;Tecnologia de diagnóstico e tratamento médico;0914B01;Biomedicina
1355;FACULDADES INTEGRADAS DE JAHU;FIJ;Privada sem fins lucrativos;1365110;BIOMEDICINA;Bacharelado;Presencial;4;2022;-;;-;;-;;100;05/05/2017;31/03/2017;Em Atividade;9;Saúde e bem-estar;91;Saúde;914;Tecnologia de diagnóstico e tratamento médico;0914B01;Biomedicina
1356;CENTRO UNIVERSITÁRIO DE SANTA FÉ DO SUL;UNIFUNEC;Especial;1483773;MEDICINA;Bacharelado;Presencial;-;;-;;2;2025;-;;60;08/08/2019;29/04/2019;Em Atividade;9;Saúde e bem-estar;91;Saúde;912;Medicina;0912M01;Medicina
1359;Faculdade Multivix Nova Venécia;MULTIVIX NOVA VENÉCI;Privada com fins lucrativos;1349506;MEDICINA VETERINÁRIA;Bacharelado;Presencial;4;2023;5;2023;5;2023;5;2023;80;25/02/2019;11/12/2017;Em Atividade;8;Agricultura, silvicultura, pesca e veterinária;84;Veterinária;841;Veterinária;0841M01;Medicina veterinária
1359;Faculdade Multivix Nova Venécia;MULTIVIX NOVA VENÉCI;Privada com fins lucrativos;1387870;BIOMEDICINA;Bacharelado;Presencial;4;2024;4;2023;3;2023;3;2023;100;12/03/2020;03/10/2017;Em Atividade;9;Saúde e bem-estar;91;Saúde;914;Tecnologia de diagnóstico e tratamento médico;0914B01;Biomedicina
1362;Centro Universitário Governador Ozanam Coelho;UNIFAGOC;Privada com fins lucrativos;1190621;MEDICINA;Bacharelado;Presencial;5;2023;5;2023;4;2025;5;2023;60;04/08/2014;11/06/2014;Em Atividade;9;Saúde e bem-estar;91;Saúde;912;Medicina;0912M01;Medicina
1362;Centro Universitário Governador Ozanam Coelho;UNIFAGOC;Privada com fins lucrativos;1669765;BIOMEDICINA;Bacharelado;Presencial;-;;-;;-;;-;;80;01/04/2024;01/04/2024;Em Atividade;9;Saúde e bem-estar;91;Saúde;914;Tecnologia de diagnóstico e tratamento médico;0914B01;Biomedicina
1364;CENTRO UNIVERSIÁRIO UNIFTC;-;Privada com fins lucrativos;1280828;BIOMEDICINA;Bacharelado;Presencial;5;2019;4;2023;3;2023;3;2023;200;17/02/2016;08/09/2015;Em Atividade;9;Saúde e bem-estar;91;Saúde;914;Tecnologia de diagnóstico e tratamento médico;0914B01;Biomedicina
1364;CENTRO UNIVERSIÁRIO UNIFTC;-;Privada com fins lucrativos;1303379;MEDICINA VETERINÁRIA;Bacharelado;Presencial;4;2023;3;2023;2;2023;2;2023;140;04/05/2016;02/03/2016;Em Atividade;8;Agricultura, silvicultura, pesca e veterinária;84;Veterinária;841;Veterinária;0841M01;Medicina veterinária
1364;Centro Universitário de Excelência de Vitória da Conquista;UNEX Conquista;Privada com fins lucrativos;1584559;MEDICINA;Bacharelado;Presencial;5;2022;-;;-;;-;;48;20/07/2024;19/07/2024;Em Atividade;9;Saúde e bem-estar;91;Saúde;912;Medicina;0912M01;Medicina
1365;CENTRO UNIVERSITÁRIO ADVENTISTA DE SÃO PAULO;UNASP;Privada sem fins lucrativos;1439282;MEDICINA VETERINÁRIA;Bacharelado;Presencial;4;2024;-;;-;;-;;100;03/02/2020;22/08/2019;Em Atividade;8;Agricultura, silvicultura, pesca e veterinária;84;Veterinária;841;Veterinária;0841M01;Medicina veterinária
1374;FACULDADE DE GUARANTÃ DO NORTE;UNIFAMA;Privada com fins lucrativos;1466175;BIOMEDICINA;Bacharelado;Presencial;4;2024;-;;-;;-;;60;01/02/2022;18/10/2021;Em Atividade;;;;;;;;
1374;FACULDADE DE GUARANTÃ DO NORTE;UNIFAMA;Privada com fins lucrativos;1497059;MEDICINA VETERINÁRIA;Bacharelado;Presencial;4;2021;-;;-;;-;;60;01/02/2022;01/12/2021;Em Atividade;;;;;;;;
1381;Faculdade Martha Falcão Wyden;FMF Wyden;Privada com fins lucrativos;1639271;MEDICINA VETERINÁRIA;Bacharelado;Presencial;4;2023;-;;-;;-;;120;25/02/2025;14/03/2024;Em Atividade;8;Agricultura, silvicultura, pesca e veterinária;84;Veterinária;841;Veterinária;0841M01;Medicina veterinária
1388;CENTRO UNIVERSITÁRIO SUMARÉ;-;Privada com fins lucrativos;1496266;BIOMEDICINA;Bacharelado;Presencial;-;;-;;-;;-;;8;Não iniciado;13/08/2019;Extinto;9;Saúde e bem-estar;91;Saúde;914;Tecnologia de diagnóstico e tratamento médico;0914B01;Biomedicina
1388;CENTRO UNIVERSITÁRIO SUMARÉ;-;Privada com fins lucrativos;1496299;BIOMEDICINA;Bacharelado;Presencial;-;;-;;-;;-;;100;Não iniciado;13/08/2019;Extinto;9;Saúde e bem-estar;91;Saúde;914;Tecnologia de diagnóstico e tratamento médico;0914B01;Biomedicina
1388;CENTRO UNIVERSITÁRIO SUMARÉ;-;Privada com fins lucrativos;1496307;BIOMEDICINA;Bacharelado;Presencial;-;;-;;-;;-;;100;Não iniciado;13/08/2019;Extinto;9;Saúde e bem-estar;91;Saúde;914;Tecnologia de diagnóstico e tratamento médico;0914B01;Biomedicina
1388;CENTRO UNIVERSITÁRIO SUMARÉ;-;Privada com fins lucrativos;1496330;BIOMEDICINA;Bacharelado;Presencial;-;;-;;-;;-;;100;Não iniciado;13/08/2019;Em Atividade;9;Saúde e bem-estar;91;Saúde;914;Tecnologia de diagnóstico e tratamento médico;0914B01;Biomedicina
1388;CENTRO UNIVERSITÁRIO SUMARÉ;-;Privada com fins lucrativos;1496495;BIOMEDICINA;Bacharelado;A Distância;4;2024;2;2023;2;2023;SC;2023;1000;12/09/2019;-;Em Extinção;9;Saúde e bem-estar;91;Saúde;914;Tecnologia de diagnóstico e tratamento médico;0914B01;Biomedicina
1388;CENTRO UNIVERSITÁRIO SUMARÉ;-;Privada com fins lucrativos;1701757;BIOMEDICINA;Bacharelado;Semipresencial;-;;-;;-;;-;;1000;Não iniciado;25/09/2025;Em Atividade;9;Saúde e bem-estar;91;Saúde;914;Tecnologia de diagnóstico e tratamento médico;0914B01;Biomedicina
1394;FACULDADE CASTRO ALVES;FCA;Privada com fins lucrativos;1364722;BIOMEDICINA;Bacharelado;Presencial;-;;-;;-;;-;;200;05/12/2017;28/09/2017;Em Atividade;9;Saúde e bem-estar;91;Saúde;914;Tecnologia de diagnóstico e tratamento médico;0914B01;Biomedicina
1396;Centro Universitário Dinâmica das Cataratas;UDC;Privada com fins lucrativos;1121426;MEDICINA VETERINÁRIA;Bacharelado;Presencial;3;2015;2;2023;2;2023;1;2023;150;07/02/2011;28/10/2010;Em Atividade;8;Agricultura, silvicultura, pesca e veterinária;84;Veterinária;841;Veterinária;0841M01;Medicina veterinária
1396;Centro Universitário Dinâmica das Cataratas;UDC;Privada com fins lucrativos;1481751;BIOMEDICINA;Bacharelado;Presencial;5;2022;3;2023;2;2023;3;2023;120;11/02/2019;11/02/2019;Em Atividade;9;Saúde e bem-estar;91;Saúde;914;Tecnologia de diagnóstico e tratamento médico;0914B01;Biomedicina
1404;FACULDADE DE PIRACANJUBA;FAP;Privada com fins lucrativos;1332372;BIOMEDICINA;Bacharelado;Presencial;4;2024;3;2023;1;2023;2;2023;100;12/08/2018;13/06/2018;Em Atividade;9;Saúde e bem-estar;91;Saúde;914;Tecnologia de diagnóstico e tratamento médico;0914B01;Biomedicina
1412;FACULDADE ANHANGUERA DE JUNDIAÍ;-;Privada com fins lucrativos;1404657;BIOMEDICINA;Bacharelado;Presencial;3;2023;-;;-;;-;;120;13/08/2018;14/03/2018;Em Extinção;9;Saúde e bem-estar;91;Saúde;914;Tecnologia de diagnóstico e tratamento médico;0914B01;Biomedicina
1412;FACULDADE ANHANGUERA DE JUNDIAÍ;-;Privada com fins lucrativos;1636824;MEDICINA VETERINÁRIA;Bacharelado;Presencial;4;2023;-;;-;;-;;113;10/02/2025;26/04/2024;Em Atividade;8;Agricultura, silvicultura, pesca e veterinária;84;Veterinária;841;Veterinária;0841M01;Medicina veterinária
1414;CENTRO UNIVERSITÁRIO SÃO LUCAS;UniSL;Privada com fins lucrativos;52743;BIOMEDICINA;Bacharelado;Presencial;3;2017;4;2023;3;2023;3;2023;150;08/04/2002;13/02/2002;Em Atividade;9;Saúde e bem-estar;91;Saúde;914;Tecnologia de diagnóstico e tratamento médico;0914B01;Biomedicina
1414;CENTRO UNIVERSITÁRIO SÃO LUCAS;UniSL;Privada com fins lucrativos;52744;BIOMEDICINA;Bacharelado;Presencial;-;;-;;-;;-;;1;08/04/2002;13/02/2002;Extinto;9;Saúde e bem-estar;91;Saúde;914;Tecnologia de diagnóstico e tratamento médico;0914B01;Biomedicina
1414;CENTRO UNIVERSITÁRIO SÃO LUCAS;UniSL;Privada com fins lucrativos;85652;MEDICINA;Bacharelado;Presencial;5;2025;4;2023;2;2025;3;2023;182;08/07/2005;14/06/2005;Em Atividade;9;Saúde e bem-estar;91;Saúde;912;Medicina;0912M01;Medicina
1414;CENTRO UNIVERSITÁRIO SÃO LUCAS;UniSL;Privada com fins lucrativos;1442509;BIOMEDICINA;Bacharelado;A Distância;-;;-;;-;;-;;360;Não iniciado;19/03/2018;Extinto;9;Saúde e bem-estar;91;Saúde;914;Tecnologia de diagnóstico e tratamento médico;0914B01;Biomedicina
1417;FACULDADE CNEC CAMPO LARGO;-;Privada sem fins lucrativos;1260032;BIOMEDICINA;Bacharelado;Presencial;-;;-;;-;;-;;60;12/11/2014;12/11/2014;Extinto;9;Saúde e bem-estar;91;Saúde;914;Tecnologia de diagnóstico e tratamento médico;0914B01;Biomedicina
1418;Centro Universitário Toledo Wyden;Unitoledo Wyden;Privada com fins lucrativos;1216521;BIOMEDICINA;Bacharelado;Presencial;-;;-;;-;;-;;110;Não iniciado;02/06/2012;Extinto;9;Saúde e bem-estar;91;Saúde;914;Tecnologia de diagnóstico e tratamento médico;0914B01;Biomedicina
1418;Centro Universitário Toledo Wyden;Unitoledo Wyden;Privada com fins lucrativos;1258746;BIOMEDICINA;Bacharelado;Presencial;3;2017;3;2023;3;2023;3;2023;120;04/02/2013;02/06/2012;Em Atividade;9;Saúde e bem-estar;91;Saúde;914;Tecnologia de diagnóstico e tratamento médico;0914B01;Biomedicina
1418;Centro Universitário Toledo Wyden;Unitoledo Wyden;Privada com fins lucrativos;1517631;MEDICINA VETERINÁRIA;Bacharelado;Presencial;4;2025;-;;-;;-;;50;19/08/2021;20/01/2020;Em Atividade;8;Agricultura, silvicultura, pesca e veterinária;84;Veterinária;841;Veterinária;0841M01;Medicina veterinária
1418;Centro Universitário Toledo Wyden;Unitoledo Wyden;Privada com fins lucrativos;1537783;BIOMEDICINA;Bacharelado;A Distância;-;;-;;-;;-;;200;15/02/2022;25/06/2020;Em Extinção;9;Saúde e bem-estar;91;Saúde;914;Tecnologia de diagnóstico e tratamento médico;0914B01;Biomedicina
1418;Centro Universitário Toledo Wyden;Unitoledo Wyden;Privada com fins lucrativos;1649636;MEDICINA VETERINÁRIA;Bacharelado;Presencial;-;;-;;-;;-;;100;04/03/2024;26/07/2023;Em Atividade;8;Agricultura, silvicultura, pesca e veterinária;84;Veterinária;841;Veterinária;0841M01;Medicina veterinária
1418;Centro Universitário Toledo Wyden;Unitoledo Wyden;Privada com fins lucrativos;1701759;BIOMEDICINA;Bacharelado;Semipresencial;-;;-;;-;;-;;200;26/09/2025;25/09/2025;Em Atividade;9;Saúde e bem-estar;91;Saúde;914;Tecnologia de diagnóstico e tratamento médico;0914B01;Biomedicina
1419;CENTRO UNIVERSITÁRIO CURITIBA;UNICURITIBA;Privada com fins lucrativos;1635537;BIOMEDICINA;Bacharelado;A Distância;-;;-;;-;;-;;50;22/03/2023;03/04/2023;Em Extinção;9;Saúde e bem-estar;91;Saúde;914;Tecnologia de diagnóstico e tratamento médico;0914B01;Biomedicina
1419;CENTRO UNIVERSITÁRIO CURITIBA;UNICURITIBA;Privada com fins lucrativos;1701764;BIOMEDICINA;Bacharelado;Semipresencial;-;;-;;-;;-;;50;06/10/2025;25/09/2025;Em Atividade;9;Saúde e bem-estar;91;Saúde;914;Tecnologia de diagnóstico e tratamento médico;0914B01;Biomedicina
1420;FACULDADES DE DRACENA;-;Pública Municipal;1487491;MEDICINA;Bacharelado;Presencial;4;2024;2;2023;1;2025;1;2023;66;07/03/2017;07/03/2017;Em Atividade;9;Saúde e bem-estar;91;Saúde;912;Medicina;0912M01;Medicina
1422;CENTRO UNIVERSITÁRIO DO NORTE;UNINORTE;Privada sem fins lucrativos;1200673;BIOMEDICINA;Bacharelado;Presencial;3;2014;-;;-;;-;;240;30/01/2015;11/12/2014;Em Atividade;9;Saúde e bem-estar;91;Saúde;914;Tecnologia de diagnóstico e tratamento médico;0914B01;Biomedicina
1422;CENTRO UNIVERSITÁRIO DO NORTE;UNINORTE;Privada sem fins lucrativos;1264737;BIOMEDICINA;Bacharelado;Presencial;4;2017;3;2023;1;2023;2;2023;300;08/01/2014;09/09/2013;Em Atividade;9;Saúde e bem-estar;91;Saúde;914;Tecnologia de diagnóstico e tratamento médico;0914B01;Biomedicina
1422;CENTRO UNIVERSITÁRIO DO NORTE;UNINORTE;Privada sem fins lucrativos;1264739;MEDICINA VETERINÁRIA;Bacharelado;Presencial;4;2023;3;2023;2;2023;3;2023;200;08/01/2014;09/09/2013;Em Atividade;8;Agricultura, silvicultura, pesca e veterinária;84;Veterinária;841;Veterinária;0841M01;Medicina veterinária
1422;CENTRO UNIVERSITÁRIO DO NORTE;UNINORTE;Privada sem fins lucrativos;1419725;BIOMEDICINA;Bacharelado;Presencial;4;2025;-;;-;;-;;200;01/02/2018;21/09/2017;Em Atividade;9;Saúde e bem-estar;91;Saúde;914;Tecnologia de diagnóstico e tratamento médico;0914B01;Biomedicina
1422;CENTRO UNIVERSITÁRIO DO NORTE;UNINORTE;Privada sem fins lucrativos;1510935;BIOMEDICINA;Bacharelado;A Distância;5;2023;-;;-;;-;;2000;01/02/2020;01/11/2019;Em Extinção;9;Saúde e bem-estar;91;Saúde;914;Tecnologia de diagnóstico e tratamento médico;0914B01;Biomedicina
1422;CENTRO UNIVERSITÁRIO DO NORTE;UNINORTE;Privada sem fins lucrativos;1511138;MEDICINA VETERINÁRIA;Bacharelado;A Distância;-;;-;;-;;-;;2000;Não iniciado;01/11/2019;Em Atividade;8;Agricultura, silvicultura, pesca e veterinária;84;Veterinária;841;Veterinária;0841M01;Medicina veterinária
1422;CENTRO UNIVERSITÁRIO DO NORTE;UNINORTE;Privada sem fins lucrativos;1516937;MEDICINA VETERINÁRIA;Bacharelado;Presencial;4;2025;-;;-;;-;;240;01/02/2021;04/12/2019;Em Atividade;8;Agricultura, silvicultura, pesca e veterinária;84;Veterinária;841;Veterinária;0841M01;Medicina veterinária
1422;CENTRO UNIVERSITÁRIO DO NORTE;UNINORTE;Privada sem fins lucrativos;1701766;BIOMEDICINA;Bacharelado;Semipresencial;-;;-;;-;;-;;50;Não iniciado;25/09/2025;Em Atividade;9;Saúde e bem-estar;91;Saúde;914;Tecnologia de diagnóstico e tratamento médico;0914B01;Biomedicina
1422;CENTRO UNIVERSITÁRIO DO NORTE;UNINORTE;;1723350;BIOMEDICINA;Bacharelado;Presencial;-;;-;;-;;-;;240;Não iniciado;-;Em Atividade;;;;;;;;
1423;Faculdade Ideal Wyden;Faci Wyden;Privada com fins lucrativos;1386244;BIOMEDICINA;Bacharelado;Presencial;5;2023;-;;-;;-;;100;25/10/2018;17/09/2018;Em Atividade;9;Saúde e bem-estar;91;Saúde;914;Tecnologia de diagnóstico e tratamento médico;0914B01;Biomedicina
1427;CENTRO UNIVERSITÁRIO DA SERRA GAÚCHA;FSG;Privada com fins lucrativos;1099404;BIOMEDICINA;Bacharelado;Presencial;-;;-;;-;;-;;0;01/03/2010;-;Extinto;9;Saúde e bem-estar;91;Saúde;914;Tecnologia de diagnóstico e tratamento médico;0914B01;Biomedicina
1427;CENTRO UNIVERSITÁRIO DA SERRA GAÚCHA;FSG;Privada com fins lucrativos;1367876;MEDICINA VETERINÁRIA;Bacharelado;Presencial;-;;-;;-;;-;;100;Não iniciado;24/08/2016;Extinto;8;Agricultura, silvicultura, pesca e veterinária;84;Veterinária;841;Veterinária;0841M01;Medicina veterinária
1427;CENTRO UNIVERSITÁRIO DA SERRA GAÚCHA;FSG;Privada com fins lucrativos;1367931;MEDICINA VETERINÁRIA;Bacharelado;Presencial;5;2022;4;2023;3;2023;4;2023;150;03/10/2016;24/08/2016;Em Atividade;8;Agricultura, silvicultura, pesca e veterinária;84;Veterinária;841;Veterinária;0841M01;Medicina veterinária
1427;CENTRO UNIVERSITÁRIO DA SERRA GAÚCHA;FSG;Privada com fins lucrativos;1458712;BIOMEDICINA;Bacharelado;A Distância;4;2023;2;2023;1;2023;2;2023;500;04/02/2019;31/10/2018;Em Extinção;9;Saúde e bem-estar;91;Saúde;914;Tecnologia de diagnóstico e tratamento médico;0914B01;Biomedicina
1427;CENTRO UNIVERSITÁRIO DA SERRA GAÚCHA;FSG;Privada com fins lucrativos;1701775;BIOMEDICINA;Bacharelado;Semipresencial;-;;-;;-;;-;;500;16/09/2025;25/09/2025;Em Atividade;9;Saúde e bem-estar;91;Saúde;914;Tecnologia de diagnóstico e tratamento médico;0914B01;Biomedicina
1427;CENTRO UNIVERSITÁRIO DA SERRA GAÚCHA;FSG;Privada com fins lucrativos;5000225;BIOMEDICINA;Bacharelado;Presencial;3;2012;3;2023;2;2023;3;2023;200;22/02/2010;13/11/2009;Em Atividade;9;Saúde e bem-estar;91;Saúde;914;Tecnologia de diagnóstico e tratamento médico;0914B01;Biomedicina
1430;CENTRO UNIVERSITÁRIO INGÁ;UNINGÁ;Privada com fins lucrativos;67228;BIOMEDICINA;Bacharelado;Presencial;3;2012;4;2023;3;2023;5;2023;150;16/02/2004;05/11/2003;Em Atividade;9;Saúde e bem-estar;91;Saúde;914;Tecnologia de diagnóstico e tratamento médico;0914B01;Biomedicina
1430;CENTRO UNIVERSITÁRIO INGÁ;UNINGÁ;Privada com fins lucrativos;67229;BIOMEDICINA;Bacharelado;Presencial;-;;-;;-;;-;;1;16/02/2004;05/11/2003;Extinto;9;Saúde e bem-estar;91;Saúde;914;Tecnologia de diagnóstico e tratamento médico;0914B01;Biomedicina
1430;CENTRO UNIVERSITÁRIO INGÁ;UNINGÁ;Privada com fins lucrativos;100218;MEDICINA;Bacharelado;Presencial;-;;-;;-;;-;;100;12/02/2007;23/01/2007;Extinto;9;Saúde e bem-estar;91;Saúde;912;Medicina;0912M01;Medicina
1430;CENTRO UNIVERSITÁRIO INGÁ;UNINGÁ;Privada com fins lucrativos;1155403;MEDICINA VETERINÁRIA;Bacharelado;Presencial;4;2017;4;2023;4;2023;4;2023;200;01/02/2012;21/07/2011;Em Atividade;8;Agricultura, silvicultura, pesca e veterinária;84;Veterinária;841;Veterinária;0841M01;Medicina veterinária
1430;CENTRO UNIVERSITÁRIO INGÁ;UNINGÁ;Privada com fins lucrativos;1427709;BIOMEDICINA;Bacharelado;A Distância;5;2023;3;2023;1;2023;SC;2023;1200;03/02/2018;23/10/2017;Em Extinção;9;Saúde e bem-estar;91;Saúde;914;Tecnologia de diagnóstico e tratamento médico;0914B01;Biomedicina
1430;CENTRO UNIVERSITÁRIO INGÁ;UNINGÁ;Privada com fins lucrativos;1602327;MEDICINA VETERINÁRIA;Bacharelado;A Distância;5;2025;-;;-;;-;;1000;02/05/2022;15/03/2022;Em Extinção;8;Agricultura, silvicultura, pesca e veterinária;84;Veterinária;841;Veterinária;0841M01;Medicina veterinária
1430;CENTRO UNIVERSITÁRIO INGÁ;UNINGÁ;Privada com fins lucrativos;1701789;BIOMEDICINA;Bacharelado;Semipresencial;-;;-;;-;;-;;1200;09/10/2025;25/09/2025;Em Atividade;9;Saúde e bem-estar;91;Saúde;914;Tecnologia de diagnóstico e tratamento médico;0914B01;Biomedicina
1430;CENTRO UNIVERSITÁRIO INGÁ;UNINGÁ;Privada com fins lucrativos;1702890;MEDICINA VETERINÁRIA;Bacharelado;Semipresencial;-;;-;;-;;-;;1000;09/10/2025;25/09/2025;Em Atividade;8;Agricultura, silvicultura, pesca e veterinária;84;Veterinária;841;Veterinária;0841M01;Medicina veterinária
1430;CENTRO UNIVERSITÁRIO INGÁ;UNINGÁ;Privada com fins lucrativos;5000931;MEDICINA;Bacharelado;Presencial;4;2025;3;2023;2;2025;3;2023;100;01/02/2007;23/01/2007;Em Atividade;9;Saúde e bem-estar;91;Saúde;912;Medicina;0912M01;Medicina
1434;Centro Universitário de Itapira Uniesi;UNIESI;Privada com fins lucrativos;1452943;BIOMEDICINA;Bacharelado;Presencial;4;2023;-;;-;;-;;100;05/02/2019;14/08/2018;Em Atividade;9;Saúde e bem-estar;91;Saúde;914;Tecnologia de diagnóstico e tratamento médico;0914B01;Biomedicina
1436;ESCOLA SUPERIOR BATISTA DO AMAZONAS;ESBAM;Privada com fins lucrativos;43974;MEDICINA VETERINÁRIA;Bacharelado;Presencial;4;2016;2;2023;1;2023;1;2023;100;12/02/2001;12/02/2001;Em Atividade;8;Agricultura, silvicultura, pesca e veterinária;84;Veterinária;841;Veterinária;0841M01;Medicina veterinária
1444;FACULDADES INTEGRADAS EINSTEIN DE LIMEIRA;FIEL;Privada sem fins lucrativos;57576;BIOMEDICINA;Bacharelado;Presencial;3;2013;4;2023;5;2023;5;2023;80;10/02/2003;07/11/2002;Em Atividade;9;Saúde e bem-estar;91;Saúde;914;Tecnologia de diagnóstico e tratamento médico;0914B01;Biomedicina
1446;CENTRO UNIVERSITÁRIO PLANALTO DO DISTRITO FEDERAL - UNIPLAN;UNIPLAN;Privada com fins lucrativos;1453203;BIOMEDICINA;Bacharelado;Presencial;-;;-;;-;;-;;160;Não iniciado;18/07/2018;Extinto;9;Saúde e bem-estar;91;Saúde;914;Tecnologia de diagnóstico e tratamento médico;0914B01;Biomedicina
1446;CENTRO UNIVERSITÁRIO PLANALTO DO DISTRITO FEDERAL - UNIPLAN;UNIPLAN;Privada com fins lucrativos;1453204;MEDICINA VETERINÁRIA;Bacharelado;Presencial;-;;-;;-;;-;;160;Não iniciado;18/07/2018;Extinto;8;Agricultura, silvicultura, pesca e veterinária;84;Veterinária;841;Veterinária;0841M01;Medicina veterinária
1450;CENTRO UNIVERSITÁRIO DO CERRADO-PATROCÍNIO;UNICERP;Privada sem fins lucrativos;1332938;MEDICINA VETERINÁRIA;Bacharelado;Presencial;2;2021;3;2023;2;2023;2;2023;100;21/12/2015;03/09/2015;Em Atividade;8;Agricultura, silvicultura, pesca e veterinária;84;Veterinária;841;Veterinária;0841M01;Medicina veterinária
1459;CENTRO UNIVERSITÁRIO MÁRIO PALMÉRIO;UNIFUCAMP;Privada sem fins lucrativos;1385685;MEDICINA VETERINÁRIA;Bacharelado;Presencial;4;2023;4;2023;2;2023;4;2023;100;23/11/2018;22/03/2018;Em Atividade;8;Agricultura, silvicultura, pesca e veterinária;84;Veterinária;841;Veterinária;0841M01;Medicina veterinária
1461;CENTRO UNIVERSIÁRIO UNIFTC SALVADOR;-;Privada com fins lucrativos;69065;BIOMEDICINA;Bacharelado;Presencial;4;2013;3;2019;2;2019;3;2019;300;02/08/2004;16/01/2004;Em Extinção;9;Saúde e bem-estar;91;Saúde;914;Tecnologia de diagnóstico e tratamento médico;0914B01;Biomedicina
1461;CENTRO UNIVERSIÁRIO UNIFTC SALVADOR;-;Privada com fins lucrativos;78256;MEDICINA;Bacharelado;Presencial;5;2024;3;2023;2;2025;2;2023;300;19/11/2004;09/11/2004;Em Atividade;9;Saúde e bem-estar;91;Saúde;912;Medicina;0912M01;Medicina
1461;CENTRO UNIVERSIÁRIO UNIFTC SALVADOR;-;Privada com fins lucrativos;1332346;MEDICINA VETERINÁRIA;Bacharelado;Presencial;2;2022;-;;-;;-;;100;01/02/2017;02/12/2016;Em Extinção;8;Agricultura, silvicultura, pesca e veterinária;84;Veterinária;841;Veterinária;0841M01;Medicina veterinária
1462;INSTITUTO PARAIBANO DE ENSINO RENOVADO;INPER;Privada com fins lucrativos;1441123;BIOMEDICINA;Bacharelado;Presencial;-;;-;;-;;-;;100;05/02/2019;03/07/2018;Extinto;9;Saúde e bem-estar;91;Saúde;914;Tecnologia de diagnóstico e tratamento médico;0914B01;Biomedicina
1472;CENTRO UNIVERSITÁRIO LEONARDO DA VINCI;UNIASSELVI;Privada com fins lucrativos;109422;BIOMEDICINA;Bacharelado;Presencial;-;;-;;-;;-;;200;19/12/2006;19/12/2006;Extinto;9;Saúde e bem-estar;91;Saúde;914;Tecnologia de diagnóstico e tratamento médico;0914B01;Biomedicina
1472;CENTRO UNIVERSITÁRIO LEONARDO DA VINCI;UNIASSELVI;Privada com fins lucrativos;1457467;BIOMEDICINA;Bacharelado;A Distância;4;2023;2;2023;1;2023;1;2023;7710;11/02/2019;03/10/2018;Em Extinção;9;Saúde e bem-estar;91;Saúde;914;Tecnologia de diagnóstico e tratamento médico;0914B01;Biomedicina
1472;CENTRO UNIVERSITÁRIO LEONARDO DA VINCI;UNIASSELVI;Privada com fins lucrativos;1526626;BIOMEDICINA;Bacharelado;Presencial;-;;-;;-;;-;;100;Não iniciado;22/05/2020;Extinto;9;Saúde e bem-estar;91;Saúde;914;Tecnologia de diagnóstico e tratamento médico;0914B01;Biomedicina
1472;CENTRO UNIVERSITÁRIO LEONARDO DA VINCI;UNIASSELVI;Privada com fins lucrativos;1572897;TÉCNICAS PARA TELEMEDICINA;Tecnológico;A Distância;-;;-;;-;;-;;7610;22/03/2021;22/03/2021;Em Extinção;6;Computação e Tecnologias da Informação e Comunicação (TIC);61;Computação e Tecnologias da Informação e Comunicação (TIC);617;Soluções computacionais para domínios específicos;0617C02;Computação e Tecnologias da Informação e Comunicação (TIC) em biociências e saúde
1472;CENTRO UNIVERSITÁRIO LEONARDO DA VINCI;UNIASSELVI;Privada com fins lucrativos;1701801;BIOMEDICINA;Bacharelado;Semipresencial;-;;-;;-;;-;;20000;Não iniciado;25/09/2025;Em Atividade;9;Saúde e bem-estar;91;Saúde;914;Tecnologia de diagnóstico e tratamento médico;0914B01;Biomedicina
1487;CENTRO UNIVERSITÁRIO UNIDOM - BOSCO;UNIDOM - BOSCO;Privada com fins lucrativos;1575412;BIOMEDICINA;Bacharelado;A Distância;4;2024;-;;-;;-;;1000;01/03/2021;01/04/2021;Em Extinção;9;Saúde e bem-estar;91;Saúde;914;Tecnologia de diagnóstico e tratamento médico;0914B01;Biomedicina
1487;CENTRO UNIVERSITÁRIO UNIDOM - BOSCO;UNIDOM - BOSCO;Privada com fins lucrativos;1605615;BIOMEDICINA;Bacharelado;Presencial;-;;-;;-;;-;;120;07/03/2022;28/03/2022;Em Atividade;9;Saúde e bem-estar;91;Saúde;914;Tecnologia de diagnóstico e tratamento médico;0914B01;Biomedicina
1487;CENTRO UNIVERSITÁRIO UNIDOM - BOSCO;UNIDOM - BOSCO;Privada com fins lucrativos;1701817;BIOMEDICINA;Bacharelado;Semipresencial;-;;-;;-;;-;;1000;Não iniciado;25/09/2025;Em Atividade;9;Saúde e bem-estar;91;Saúde;914;Tecnologia de diagnóstico e tratamento médico;0914B01;Biomedicina
1490;CENTRO UNIVERSITÁRIO DE JAGUARIÚNA;UniFAJ;Privada com fins lucrativos;49108;MEDICINA VETERINÁRIA;Bacharelado;Presencial;4;2008;3;2023;3;2023;2;2023;300;28/01/2002;29/10/2001;Em Atividade;8;Agricultura, silvicultura, pesca e veterinária;84;Veterinária;841;Veterinária;0841M01;Medicina veterinária
1490;CENTRO UNIVERSITÁRIO DE JAGUARIÚNA;UniFAJ;Privada com fins lucrativos;1258023;MEDICINA;Bacharelado;Presencial;5;2024;-;;3;2025;-;;80;03/08/2020;23/04/2020;Em Atividade;9;Saúde e bem-estar;91;Saúde;912;Medicina;0912M01;Medicina
1490;CENTRO UNIVERSITÁRIO DE JAGUARIÚNA;UniFAJ;Privada com fins lucrativos;1477903;BIOMEDICINA;Bacharelado;A Distância;-;;-;;-;;-;;200;Não iniciado;04/02/2019;Extinto;9;Saúde e bem-estar;91;Saúde;914;Tecnologia de diagnóstico e tratamento médico;0914B01;Biomedicina
1490;CENTRO UNIVERSITÁRIO DE JAGUARIÚNA;UniFAJ;Privada com fins lucrativos;1617637;BIOMEDICINA;Bacharelado;Presencial;-;;-;;-;;-;;150;13/02/2023;10/11/2022;Em Atividade;9;Saúde e bem-estar;91;Saúde;914;Tecnologia de diagnóstico e tratamento médico;0914B01;Biomedicina
1491;CENTRO UNIVERSITÁRIO INTERNACIONAL;UNINTER;Privada com fins lucrativos;1488203;BIOMEDICINA;Bacharelado;A Distância;5;2023;3;2023;2;2023;2;2023;1500;21/10/2019;03/09/2019;Em Extinção;9;Saúde e bem-estar;91;Saúde;914;Tecnologia de diagnóstico e tratamento médico;0914B01;Biomedicina
1491;CENTRO UNIVERSITÁRIO INTERNACIONAL;UNINTER;Privada com fins lucrativos;1551262;PARAMEDICINA;Tecnológico;A Distância;-;;-;;-;;-;;1000;15/02/2021;18/12/2020;Extinto;9;Saúde e bem-estar;91;Saúde;912;Medicina;0912M01;Medicina
1491;CENTRO UNIVERSITÁRIO INTERNACIONAL;UNINTER;Privada com fins lucrativos;1596947;MEDICINA VETERINÁRIA;Bacharelado;A Distância;-;;-;;-;;-;;2000;14/02/2022;19/11/2021;Em Extinção;8;Agricultura, silvicultura, pesca e veterinária;84;Veterinária;841;Veterinária;0841M01;Medicina veterinária
1491;CENTRO UNIVERSITÁRIO INTERNACIONAL;UNINTER;Privada com fins lucrativos;1658865;BIOMEDICINA;Bacharelado;Presencial;-;;-;;-;;-;;300;29/09/2023;29/09/2023;Em Atividade;9;Saúde e bem-estar;91;Saúde;914;Tecnologia de diagnóstico e tratamento médico;0914B01;Biomedicina
1491;CENTRO UNIVERSITÁRIO INTERNACIONAL;UNINTER;Privada com fins lucrativos;1701826;BIOMEDICINA;Bacharelado;Semipresencial;-;;-;;-;;-;;5000;03/11/2025;25/09/2025;Em Atividade;9;Saúde e bem-estar;91;Saúde;914;Tecnologia de diagnóstico e tratamento médico;0914B01;Biomedicina
1491;CENTRO UNIVERSITÁRIO INTERNACIONAL;UNINTER;Privada com fins lucrativos;1702897;MEDICINA VETERINÁRIA;Bacharelado;Semipresencial;-;;-;;-;;-;;2000;03/11/2025;25/09/2025;Em Atividade;8;Agricultura, silvicultura, pesca e veterinária;84;Veterinária;841;Veterinária;0841M01;Medicina veterinária
1492;FACULDADE PITÁGORAS DE UBERLÂNDIA;PIT UBERLÂNDIA;Privada com fins lucrativos;1364378;MEDICINA VETERINÁRIA;Bacharelado;Presencial;4;2022;3;2023;3;2023;2;2023;125;26/02/2018;28/09/2017;Em Atividade;8;Agricultura, silvicultura, pesca e veterinária;84;Veterinária;841;Veterinária;0841M01;Medicina veterinária
1492;FACULDADE PITÁGORAS DE UBERLÂNDIA;PIT UBERLÂNDIA;Privada com fins lucrativos;1404632;BIOMEDICINA;Bacharelado;Presencial;5;2023;3;2023;3;2023;2;2023;100;13/08/2018;14/03/2018;Em Atividade;9;Saúde e bem-estar;91;Saúde;914;Tecnologia de diagnóstico e tratamento médico;0914B01;Biomedicina
1493;CENTRO UNIVERSITÁRIO ALVES FARIA;UNIALFA;;1722331;BIOMEDICINA;Bacharelado;Presencial;-;;-;;-;;-;;200;Não iniciado;-;Em Atividade;;;;;;;;
1493;CENTRO UNIVERSITÁRIO ALVES FARIA;UNIALFA;;1722332;BIOMEDICINA;Bacharelado;Presencial;-;;-;;-;;-;;400;Não iniciado;-;Em Atividade;;;;;;;;
1494;Centro Universitário Salesiano;UniSales;Privada sem fins lucrativos;1476484;BIOMEDICINA;Bacharelado;Presencial;4;2025;3;2023;3;2023;3;2023;200;11/04/2019;29/01/2019;Em Atividade;9;Saúde e bem-estar;91;Saúde;914;Tecnologia de diagnóstico e tratamento médico;0914B01;Biomedicina
1494;Centro Universitário Salesiano;UniSales;Privada sem fins lucrativos;1574859;BIOMEDICINA;Bacharelado;A Distância;5;2024;-;;-;;-;;100;06/03/2021;06/03/2021;Em Extinção;9;Saúde e bem-estar;91;Saúde;914;Tecnologia de diagnóstico e tratamento médico;0914B01;Biomedicina
1494;Centro Universitário Salesiano;UniSales;Privada sem fins lucrativos;1701841;BIOMEDICINA;Bacharelado;Semipresencial;-;;-;;-;;-;;100;Não iniciado;25/09/2025;Em Atividade;9;Saúde e bem-estar;91;Saúde;914;Tecnologia de diagnóstico e tratamento médico;0914B01;Biomedicina
1498;INSTITUTO DE ENSINO SUPERIOR E FORMAÇÃO AVANÇADA DE VITÓRIA;IESFAVI;Privada com fins lucrativos;1441098;BIOMEDICINA;Bacharelado;Presencial;-;;-;;-;;-;;100;05/02/2019;17/07/2018;Extinto;9;Saúde e bem-estar;91;Saúde;914;Tecnologia de diagnóstico e tratamento médico;0914B01;Biomedicina
1499;FACULDADE ANHANGUERA DE TABOÃO DA SERRA;FATS;Privada com fins lucrativos;1404504;BIOMEDICINA;Bacharelado;Presencial;4;2023;3;2023;2;2023;SC;2023;120;13/08/2018;23/03/2018;Em Atividade;9;Saúde e bem-estar;91;Saúde;914;Tecnologia de diagnóstico e tratamento médico;0914B01;Biomedicina
1500;Faculdade UNIGUAÇU;FAC UNIGUAÇU;Privada com fins lucrativos;1439349;MEDICINA VETERINÁRIA;Bacharelado;Presencial;5;2024;-;;-;;-;;50;10/02/2020;-;Em Atividade;8;Agricultura, silvicultura, pesca e veterinária;84;Veterinária;841;Veterinária;0841M01;Medicina veterinária
1504;CENTRO UNIVERSITÁRIO MAURÍCIO DE NASSAU DE MACEIÓ;UNINASSAUMACEI?;Privada sem fins lucrativos;1258089;BIOMEDICINA;Bacharelado;Presencial;3;2019;4;2023;4;2023;5;2023;240;24/03/2014;28/03/2014;Em Atividade;9;Saúde e bem-estar;91;Saúde;914;Tecnologia de diagnóstico e tratamento médico;0914B01;Biomedicina
1504;CENTRO UNIVERSITÁRIO MAURÍCIO DE NASSAU DE MACEIÓ;UNINASSAUMACEI?;Privada sem fins lucrativos;1378765;MEDICINA VETERINÁRIA;Bacharelado;Presencial;4;2022;3;2023;2;2023;2;2023;480;25/10/2016;24/10/2016;Em Atividade;8;Agricultura, silvicultura, pesca e veterinária;84;Veterinária;841;Veterinária;0841M01;Medicina veterinária
1504;CENTRO UNIVERSITÁRIO MAURÍCIO DE NASSAU DE MACEIÓ;UNINASSAUMACEI?;Privada sem fins lucrativos;1386583;BIOMEDICINA;Bacharelado;Presencial;-;;-;;-;;-;;240;Não iniciado;17/07/2018;Extinto;9;Saúde e bem-estar;91;Saúde;914;Tecnologia de diagnóstico e tratamento médico;0914B01;Biomedicina
1504;CENTRO UNIVERSITÁRIO MAURÍCIO DE NASSAU DE MACEIÓ;UNINASSAUMACEI?;Privada sem fins lucrativos;1405303;BIOMEDICINA;Bacharelado;A Distância;-;;-;;-;;-;;8850;Não iniciado;11/08/2017;Extinto;9;Saúde e bem-estar;91;Saúde;914;Tecnologia de diagnóstico e tratamento médico;0914B01;Biomedicina
1504;CENTRO UNIVERSITÁRIO MAURÍCIO DE NASSAU DE MACEIÓ;UNINASSAUMACEI?;Privada sem fins lucrativos;1467673;MEDICINA VETERINÁRIA;Bacharelado;A Distância;-;;-;;-;;-;;8850;Não iniciado;14/01/2019;Extinto;8;Agricultura, silvicultura, pesca e veterinária;84;Veterinária;841;Veterinária;0841M01;Medicina veterinária
1508;Centro Universitário Metropolitano de Maringá;UNIFAMMA;Privada com fins lucrativos;1261559;BIOMEDICINA;Bacharelado;Presencial;4;2025;3;2023;3;2023;3;2023;100;05/02/2018;24/06/2016;Em Atividade;9;Saúde e bem-estar;91;Saúde;914;Tecnologia de diagnóstico e tratamento médico;0914B01;Biomedicina
1508;Centro Universitário Metropolitano de Maringá;UNIFAMMA;Privada com fins lucrativos;1514773;MEDICINA VETERINÁRIA;Bacharelado;Presencial;4;2024;-;;-;;-;;100;20/02/2020;16/09/2019;Em Atividade;8;Agricultura, silvicultura, pesca e veterinária;84;Veterinária;841;Veterinária;0841M01;Medicina veterinária
1508;Centro Universitário Metropolitano de Maringá;UNIFAMMA;Privada com fins lucrativos;1550326;BIOMEDICINA;Bacharelado;A Distância;4;2024;-;;-;;-;;200;20/11/2020;20/09/2020;Em Extinção;9;Saúde e bem-estar;91;Saúde;914;Tecnologia de diagnóstico e tratamento médico;0914B01;Biomedicina
1508;Centro Universitário Metropolitano de Maringá;UNIFAMMA;Privada com fins lucrativos;1701847;BIOMEDICINA;Bacharelado;Semipresencial;-;;-;;-;;-;;200;13/10/2025;25/09/2025;Em Atividade;9;Saúde e bem-estar;91;Saúde;914;Tecnologia de diagnóstico e tratamento médico;0914B01;Biomedicina
1509;Centro Universitário Estácio de Belo Horizonte - Estácio BH;ESTÁCIO BH;Privada com fins lucrativos;1419838;BIOMEDICINA;Bacharelado;Presencial;4;2022;3;2023;3;2023;2;2023;120;08/03/2018;24/10/2017;Em Atividade;9;Saúde e bem-estar;91;Saúde;914;Tecnologia de diagnóstico e tratamento médico;0914B01;Biomedicina
1509;Centro Universitário Estácio de Belo Horizonte - Estácio BH;ESTÁCIO BH;Privada com fins lucrativos;1532625;BIOMEDICINA;Bacharelado;Presencial;4;2023;-;;-;;-;;120;24/08/2020;02/06/2020;Em Atividade;9;Saúde e bem-estar;91;Saúde;914;Tecnologia de diagnóstico e tratamento médico;0914B01;Biomedicina
1509;Centro Universitário Estácio de Belo Horizonte - Estácio BH;ESTÁCIO BH;Privada com fins lucrativos;1676710;BIOMEDICINA;Bacharelado;Presencial;-;;-;;-;;-;;60;19/02/2025;26/06/2024;Em Atividade;9;Saúde e bem-estar;91;Saúde;914;Tecnologia de diagnóstico e tratamento médico;0914B01;Biomedicina
1510;CENTRO UNIVERSITÁRIO ESTÁCIO DE SANTA CATARINA - ESTÁCIO SANTA CATARINA;-;Privada com fins lucrativos;1483878;BIOMEDICINA;Bacharelado;Presencial;5;2024;3;2023;2;2023;2;2023;80;15/03/2019;15/03/2019;Em Atividade;9;Saúde e bem-estar;91;Saúde;914;Tecnologia de diagnóstico e tratamento médico;0914B01;Biomedicina
1510;CENTRO UNIVERSITÁRIO ESTÁCIO DE SANTA CATARINA - ESTÁCIO SANTA CATARINA;-;Privada com fins lucrativos;1484216;BIOMEDICINA;Bacharelado;A Distância;4;2023;2;2023;1;2023;1;2023;1243;13/05/2019;13/05/2019;Em Extinção;9;Saúde e bem-estar;91;Saúde;914;Tecnologia de diagnóstico e tratamento médico;0914B01;Biomedicina
1510;CENTRO UNIVERSITÁRIO ESTÁCIO DE SANTA CATARINA - ESTÁCIO SANTA CATARINA;-;Privada com fins lucrativos;1556779;MEDICINA VETERINÁRIA;Bacharelado;Presencial;-;;-;;-;;-;;80;Não iniciado;26/01/2021;Extinto;8;Agricultura, silvicultura, pesca e veterinária;84;Veterinária;841;Veterinária;0841M01;Medicina veterinária
1510;CENTRO UNIVERSITÁRIO ESTÁCIO DE SANTA CATARINA - ESTÁCIO SANTA CATARINA;-;Privada com fins lucrativos;1701852;BIOMEDICINA;Bacharelado;Semipresencial;-;;-;;-;;-;;50;26/09/2025;25/09/2025;Em Atividade;9;Saúde e bem-estar;91;Saúde;914;Tecnologia de diagnóstico e tratamento médico;0914B01;Biomedicina
1514;CENTRO UNIVERSITÁRIO VALE DO CRICARÉ;UNIVC;Privada com fins lucrativos;1636088;MEDICINA VETERINÁRIA;Bacharelado;Presencial;-;;-;;-;;-;;80;13/02/2023;12/04/2023;Em Atividade;8;Agricultura, silvicultura, pesca e veterinária;84;Veterinária;841;Veterinária;0841M01;Medicina veterinária
1519;CENTRO UNIVERSITÁRIO DE PATO BRANCO;UNIDEP;Privada com fins lucrativos;1390309;MEDICINA;Bacharelado;Presencial;4;2022;4;2023;3;2025;4;2023;110;25/09/2017;02/08/2017;Em Atividade;9;Saúde e bem-estar;91;Saúde;912;Medicina;0912M01;Medicina
1519;CENTRO UNIVERSITÁRIO DE PATO BRANCO;UNIDEP;Privada com fins lucrativos;1683796;BIOMEDICINA;Bacharelado;Presencial;-;;-;;-;;-;;100;27/01/2025;02/09/2024;Em Atividade;9;Saúde e bem-estar;91;Saúde;914;Tecnologia de diagnóstico e tratamento médico;0914B01;Biomedicina
1521;FACULDADE ESTÁCIO DE BELÉM - ESTÁCIO BELÉM;ESTÁCIO BELÉM;Privada com fins lucrativos;1499922;BIOMEDICINA;Bacharelado;Presencial;4;2025;-;;-;;-;;150;21/02/2022;18/10/2021;Em Atividade;;;;;;;;
1535;Centro Universitário Unifapi;Unifapi;Privada sem fins lucrativos;1591411;BIOMEDICINA;Bacharelado;Presencial;4;2023;-;;-;;-;;150;04/03/2024;27/10/2023;Em Atividade;9;Saúde e bem-estar;91;Saúde;914;Tecnologia de diagnóstico e tratamento médico;0914B01;Biomedicina
1535;Centro Universitário Unifapi;Unifapi;Privada sem fins lucrativos;1592652;MEDICINA;Bacharelado;Presencial;4;2022;-;;-;;-;;154;09/10/2023;03/07/2023;Em Atividade;9;Saúde e bem-estar;91;Saúde;912;Medicina;0912M01;Medicina
1536;Centro Universitário UNIFATEB;-;Privada com fins lucrativos;1620710;BIOMEDICINA;Bacharelado;A Distância;-;;-;;-;;-;;200;01/02/2023;14/12/2022;Em Extinção;9;Saúde e bem-estar;91;Saúde;914;Tecnologia de diagnóstico e tratamento médico;0914B01;Biomedicina
1536;Centro Universitário UNIFATEB;-;Privada com fins lucrativos;1676042;MEDICINA VETERINÁRIA;Bacharelado;A Distância;-;;-;;-;;-;;200;Não iniciado;06/06/2024;Em Extinção;8;Agricultura, silvicultura, pesca e veterinária;84;Veterinária;841;Veterinária;0841M01;Medicina veterinária
1536;Centro Universitário UNIFATEB;-;Privada com fins lucrativos;1701857;BIOMEDICINA;Bacharelado;Semipresencial;-;;-;;-;;-;;200;Não iniciado;25/09/2025;Em Atividade;9;Saúde e bem-estar;91;Saúde;914;Tecnologia de diagnóstico e tratamento médico;0914B01;Biomedicina
1538;CENTRO UNIVERSITARIO PROJEÇÃO;UNIPROJEÇÃO;Privada sem fins lucrativos;1550748;BIOMEDICINA;Bacharelado;A Distância;5;2024;-;;-;;-;;100;08/03/2021;03/11/2020;Em Extinção;9;Saúde e bem-estar;91;Saúde;914;Tecnologia de diagnóstico e tratamento médico;0914B01;Biomedicina
1538;CENTRO UNIVERSITARIO PROJEÇÃO;UNIPROJEÇÃO;Privada sem fins lucrativos;1701861;BIOMEDICINA;Bacharelado;Semipresencial;-;;-;;-;;-;;100;Não iniciado;25/09/2025;Em Atividade;9;Saúde e bem-estar;91;Saúde;914;Tecnologia de diagnóstico e tratamento médico;0914B01;Biomedicina
1540;INSTITUTO DE ENSINO SUPERIOR DE RONDÔNIA;IESUR;Privada sem fins lucrativos;1596807;MEDICINA;Bacharelado;Presencial;3;2022;-;;-;;-;;60;28/05/2025;10/02/2025;Em Atividade;9;Saúde e bem-estar;91;Saúde;912;Medicina;0912M01;Medicina
1542;CENTRO UNIVERSITÁRIO GERALDO DI BIASE;UGB;Privada sem fins lucrativos;111012;BIOMEDICINA;Bacharelado;Presencial;3;2016;4;2023;3;2023;3;2023;80;11/02/2008;06/08/2007;Em Atividade;9;Saúde e bem-estar;91;Saúde;914;Tecnologia de diagnóstico e tratamento médico;0914B01;Biomedicina
1542;CENTRO UNIVERSITÁRIO GERALDO DI BIASE;UGB;Privada sem fins lucrativos;1349717;BIOMEDICINA;Bacharelado;Presencial;-;;-;;-;;-;;100;Não iniciado;28/09/2016;Extinto;9;Saúde e bem-estar;91;Saúde;914;Tecnologia de diagnóstico e tratamento médico;0914B01;Biomedicina
1542;CENTRO UNIVERSITÁRIO GERALDO DI BIASE;UGB;Privada sem fins lucrativos;1571724;BIOMEDICINA;Bacharelado;Presencial;4;2024;-;;-;;-;;120;22/03/2021;22/02/2021;Em Atividade;9;Saúde e bem-estar;91;Saúde;914;Tecnologia de diagnóstico e tratamento médico;0914B01;Biomedicina
1542;CENTRO UNIVERSITÁRIO GERALDO DI BIASE;UGB;;1575272;MEDICINA;Bacharelado;Presencial;-;;-;;-;;-;;;Não iniciado;-;Extinto;;;;;;;;
1547;FACULDADE DE MEDICINA ESTÁCIO DE JUAZEIRO DO NORTE;ESTÁCIO FMJ;Privada com fins lucrativos;37304;MEDICINA;Bacharelado;Presencial;4;2025;3;2023;3;2025;3;2023;100;25/10/2000;25/08/2000;Em Atividade;9;Saúde e bem-estar;91;Saúde;912;Medicina;0912M01;Medicina
1552;CENTRO UNIVERSITÁRIO MAURÍCIO DE NASSAU DE PARNAÍBA;UNINASSAU;Privada com fins lucrativos;1622574;MEDICINA VETERINÁRIA;Bacharelado;Presencial;-;;-;;-;;-;;160;06/02/2023;19/12/2022;Em Atividade;8;Agricultura, silvicultura, pesca e veterinária;84;Veterinária;841;Veterinária;0841M01;Medicina veterinária
1552;FACULDADE UNINASSAU PARNAÍBA;-;Privada com fins lucrativos;1258042;BIOMEDICINA;Bacharelado;Presencial;-;;-;;-;;-;;240;17/11/2014;12/11/2014;Extinto;9;Saúde e bem-estar;91;Saúde;914;Tecnologia de diagnóstico e tratamento médico;0914B01;Biomedicina
1554;CENTRO UNIVERSITÁRIO DO VALE DO RIBEIRA;UNIVR;Privada com fins lucrativos;1385024;BIOMEDICINA;Bacharelado;Presencial;4;2022;2;2023;3;2023;2;2023;60;19/06/2018;20/09/2017;Em Atividade;9;Saúde e bem-estar;91;Saúde;914;Tecnologia de diagnóstico e tratamento médico;0914B01;Biomedicina
1554;CENTRO UNIVERSITÁRIO DO VALE DO RIBEIRA;UNIVR;Privada com fins lucrativos;1517500;BIOMEDICINA;Bacharelado;A Distância;4;2023;2;2023;2;2023;SC;2023;80;17/08/2020;-;Em Extinção;9;Saúde e bem-estar;91;Saúde;914;Tecnologia de diagnóstico e tratamento médico;0914B01;Biomedicina
1554;CENTRO UNIVERSITÁRIO DO VALE DO RIBEIRA;UNIVR;Privada com fins lucrativos;1619332;MEDICINA VETERINÁRIA;Bacharelado;A Distância;-;;-;;-;;-;;600;06/02/2023;01/12/2022;Em Extinção;8;Agricultura, silvicultura, pesca e veterinária;84;Veterinária;841;Veterinária;0841M01;Medicina veterinária
1554;CENTRO UNIVERSITÁRIO DO VALE DO RIBEIRA;UNIVR;Privada com fins lucrativos;1701867;BIOMEDICINA;Bacharelado;Semipresencial;-;;-;;-;;-;;80;Não iniciado;25/09/2025;Em Atividade;9;Saúde e bem-estar;91;Saúde;914;Tecnologia de diagnóstico e tratamento médico;0914B01;Biomedicina
1554;CENTRO UNIVERSITÁRIO DO VALE DO RIBEIRA;UNIVR;Privada com fins lucrativos;1709554;MEDICINA VETERINÁRIA;Bacharelado;Semipresencial;-;;-;;-;;-;;6000;Não iniciado;25/09/2025;Em Atividade;8;Agricultura, silvicultura, pesca e veterinária;84;Veterinária;841;Veterinária;0841M01;Medicina veterinária
1556;CENTRO UNIVERSITÁRIO SETE DE SETEMBRO;UNI7;Privada com fins lucrativos;1620539;BIOMEDICINA;Bacharelado;Presencial;-;;-;;-;;-;;120;Não iniciado;14/12/2022;Em Atividade;9;Saúde e bem-estar;91;Saúde;914;Tecnologia de diagnóstico e tratamento médico;0914B01;Biomedicina
1556;CENTRO UNIVERSITÁRIO SETE DE SETEMBRO;UNI7;Privada com fins lucrativos;1620540;MEDICINA VETERINÁRIA;Bacharelado;Presencial;-;;-;;-;;-;;120;10/02/2023;14/12/2022;Em Atividade;8;Agricultura, silvicultura, pesca e veterinária;84;Veterinária;841;Veterinária;0841M01;Medicina veterinária
1557;UNIVERSIDADE FUMEC;FUMEC;Privada sem fins lucrativos;73144;BIOMEDICINA;Bacharelado;Presencial;4;2018;3;2023;3;2023;2;2023;200;02/08/2004;03/04/2004;Em Extinção;9;Saúde e bem-estar;91;Saúde;914;Tecnologia de diagnóstico e tratamento médico;0914B01;Biomedicina
1557;UNIVERSIDADE FUMEC;FUMEC;Privada sem fins lucrativos;1562278;BIOMEDICINA;Bacharelado;A Distância;-;;-;;-;;-;;100;Não iniciado;14/12/2020;Extinto;9;Saúde e bem-estar;91;Saúde;914;Tecnologia de diagnóstico e tratamento médico;0914B01;Biomedicina
1559;CENTRO UNIVERSITÁRIO DO ESPÍRITO SANTO;UNESC;Privada sem fins lucrativos;72663;MEDICINA;Bacharelado;Presencial;5;2024;3;2023;4;2025;3;2023;160;14/02/2005;12/07/2004;Em Atividade;9;Saúde e bem-estar;91;Saúde;912;Medicina;0912M01;Medicina
1559;CENTRO UNIVERSITÁRIO DO ESPÍRITO SANTO;UNESC;Privada sem fins lucrativos;119994;MEDICINA VETERINÁRIA;Bacharelado;Presencial;4;2013;5;2023;4;2023;5;2023;200;05/02/2009;28/10/2008;Em Atividade;8;Agricultura, silvicultura, pesca e veterinária;84;Veterinária;841;Veterinária;0841M01;Medicina veterinária
1559;CENTRO UNIVERSITÁRIO DO ESPÍRITO SANTO;UNESC;Privada sem fins lucrativos;1122161;MEDICINA VETERINÁRIA;Bacharelado;Presencial;-;;-;;-;;-;;100;05/02/2009;-;Extinto;8;Agricultura, silvicultura, pesca e veterinária;84;Veterinária;841;Veterinária;0841M01;Medicina veterinária
1559;CENTRO UNIVERSITÁRIO DO ESPÍRITO SANTO;UNESC;Privada sem fins lucrativos;1597174;BIOMEDICINA;Bacharelado;A Distância;-;;-;;-;;-;;100;07/02/2022;19/11/2021;Em Extinção;9;Saúde e bem-estar;91;Saúde;914;Tecnologia de diagnóstico e tratamento médico;0914B01;Biomedicina
1559;CENTRO UNIVERSITÁRIO DO ESPÍRITO SANTO;UNESC;Privada sem fins lucrativos;1634670;MEDICINA VETERINÁRIA;Bacharelado;A Distância;-;;-;;-;;-;;600;Não iniciado;22/03/2023;Em Extinção;8;Agricultura, silvicultura, pesca e veterinária;84;Veterinária;841;Veterinária;0841M01;Medicina veterinária
1559;CENTRO UNIVERSITÁRIO DO ESPÍRITO SANTO UNESC;UNESC;Privada sem fins lucrativos;1701872;BIOMEDICINA;Bacharelado;Semipresencial;-;;-;;-;;-;;100;Não iniciado;25/09/2025;Em Atividade;9;Saúde e bem-estar;91;Saúde;914;Tecnologia de diagnóstico e tratamento médico;0914B01;Biomedicina
1559;CENTRO UNIVERSITÁRIO DO ESPÍRITO SANTO UNESC;UNESC;Privada sem fins lucrativos;1709555;MEDICINA VETERINÁRIA;Bacharelado;Semipresencial;-;;-;;-;;-;;6000;Não iniciado;25/09/2025;Em Atividade;8;Agricultura, silvicultura, pesca e veterinária;84;Veterinária;841;Veterinária;0841M01;Medicina veterinária
1563;CENTRO UNIVERSITÁRIO UNINOVAFAPI;UNINOVAFAPI;Privada com fins lucrativos;72669;MEDICINA;Bacharelado;Presencial;5;2024;3;2023;3;2025;3;2023;171;27/08/2004;12/07/2004;Em Atividade;9;Saúde e bem-estar;91;Saúde;912;Medicina;0912M01;Medicina
1563;CENTRO UNIVERSITÁRIO UNINOVAFAPI;UNINOVAFAPI;Privada com fins lucrativos;85422;BIOMEDICINA;Bacharelado;Presencial;5;2010;SC;2023;SC;2023;SC;2023;100;01/02/2006;31/05/2005;Em Atividade;9;Saúde e bem-estar;91;Saúde;914;Tecnologia de diagnóstico e tratamento médico;0914B01;Biomedicina
1563;CENTRO UNIVERSITÁRIO UNINOVAFAPI;UNINOVAFAPI;Privada com fins lucrativos;1661562;MEDICINA VETERINÁRIA;Bacharelado;Presencial;-;;-;;-;;-;;120;Não iniciado;16/11/2023;Em Atividade;8;Agricultura, silvicultura, pesca e veterinária;84;Veterinária;841;Veterinária;0841M01;Medicina veterinária
1572;FACULDADE DE CIÊNCIAS SOCIAIS APLICADAS;FACISA;Privada com fins lucrativos;1383206;MEDICINA VETERINÁRIA;Bacharelado;Presencial;2;2025;3;2023;2;2023;2;2023;100;15/05/2019;01/04/2019;Em Atividade;8;Agricultura, silvicultura, pesca e veterinária;84;Veterinária;841;Veterinária;0841M01;Medicina veterinária
1573;CENTRO UNIVERSITÁRIO ALFREDO NASSER;UNIFAN;Privada sem fins lucrativos;118922;BIOMEDICINA;Bacharelado;Presencial;4;2012;4;2023;4;2023;4;2023;140;09/02/2009;09/02/2009;Em Atividade;9;Saúde e bem-estar;91;Saúde;914;Tecnologia de diagnóstico e tratamento médico;0914B01;Biomedicina
1573;CENTRO UNIVERSITÁRIO ALFREDO NASSER;UNIFAN;Privada sem fins lucrativos;5001294;MEDICINA;Bacharelado;Presencial;5;2022;3;2023;1;2025;2;2023;100;17/11/2014;27/04/2015;Em Atividade;9;Saúde e bem-estar;91;Saúde;912;Medicina;0912M01;Medicina
1574;FACULDADE EDUCACIONAL DE MEDIANEIRA;UDC Medianeira;Privada com fins lucrativos;1454841;MEDICINA VETERINÁRIA;Bacharelado;Presencial;5;2025;-;;-;;-;;80;16/08/2021;30/07/2021;Em Atividade;8;Agricultura, silvicultura, pesca e veterinária;84;Veterinária;841;Veterinária;0841M01;Medicina veterinária
1575;CENTRO UNIVERSITÁRIO DO PLANALTO DE ARAXÁ;UNIARAXÁ;Privada sem fins lucrativos;1564283;BIOMEDICINA;Bacharelado;A Distância;4;2025;-;;-;;-;;300;01/02/2021;01/02/2021;Em Extinção;9;Saúde e bem-estar;91;Saúde;914;Tecnologia de diagnóstico e tratamento médico;0914B01;Biomedicina
1575;CENTRO UNIVERSITÁRIO DO PLANALTO DE ARAXÁ;UNIARAXÁ;Privada sem fins lucrativos;1614111;BIOMEDICINA;Bacharelado;Presencial;-;;-;;-;;-;;60;15/08/2022;04/10/2022;Em Atividade;9;Saúde e bem-estar;91;Saúde;914;Tecnologia de diagnóstico e tratamento médico;0914B01;Biomedicina
1575;CENTRO UNIVERSITÁRIO DO PLANALTO DE ARAXÁ;UNIARAXÁ;Privada sem fins lucrativos;1701874;BIOMEDICINA;Bacharelado;Semipresencial;-;;-;;-;;-;;300;Não iniciado;25/09/2025;Em Atividade;9;Saúde e bem-estar;91;Saúde;914;Tecnologia de diagnóstico e tratamento médico;0914B01;Biomedicina
1580;FACULDADE DE CIÊNCIAS E EDUCAÇÃO SENA AIRES;FACESA;Privada com fins lucrativos;86516;BIOMEDICINA;Bacharelado;Presencial;-;;-;;-;;-;;160;18/08/2005;13/07/2005;Extinto;9;Saúde e bem-estar;91;Saúde;914;Tecnologia de diagnóstico e tratamento médico;0914B01;Biomedicina
1586;UNIVERSIDADE DO VALE DO SAPUCAÍ;UNIVÁS;Privada sem fins lucrativos;5206;MEDICINA;Bacharelado;Presencial;5;2024;3;2023;4;2025;3;2023;70;03/03/1969;21/11/1968;Em Atividade;9;Saúde e bem-estar;91;Saúde;912;Medicina;0912M01;Medicina
1587;FACULDADE ANHANGUERA DE TANGARÁ DA SERRA;FITS;Privada com fins lucrativos;1364370;BIOMEDICINA;Bacharelado;Presencial;4;2022;2;2023;1;2023;1;2023;100;05/05/2017;31/03/2017;Em Atividade;9;Saúde e bem-estar;91;Saúde;914;Tecnologia de diagnóstico e tratamento médico;0914B01;Biomedicina
1590;CENTRO UNIVERSITÁRIO ESTÁCIO DE SÃO LUÍS;-;Privada com fins lucrativos;120437;BIOMEDICINA;Bacharelado;Presencial;3;2013;3;2023;2;2023;3;2023;200;01/08/2009;08/04/2009;Em Atividade;9;Saúde e bem-estar;91;Saúde;914;Tecnologia de diagnóstico e tratamento médico;0914B01;Biomedicina
1590;CENTRO UNIVERSITÁRIO ESTÁCIO DE SÃO LUÍS;-;Privada com fins lucrativos;1672902;MEDICINA VETERINÁRIA;Bacharelado;Presencial;-;;-;;-;;-;;120;13/08/2025;24/04/2024;Em Atividade;8;Agricultura, silvicultura, pesca e veterinária;84;Veterinária;841;Veterinária;0841M01;Medicina veterinária
1591;FACULDADE ESTÁCIO MACAPÁ - ESTÁCIO MACAPÁ;ESTÁCIO MACAPÁ;Privada sem fins lucrativos;67936;BIOMEDICINA;Bacharelado;Presencial;4;2009;2;2023;1;2023;2;2023;120;01/03/2004;08/12/2003;Em Atividade;9;Saúde e bem-estar;91;Saúde;914;Tecnologia de diagnóstico e tratamento médico;0914B01;Biomedicina
1591;FACULDADE ESTÁCIO MACAPÁ - ESTÁCIO MACAPÁ;ESTÁCIO MACAPÁ;Privada sem fins lucrativos;67937;BIOMEDICINA;Bacharelado;Presencial;-;;-;;-;;-;;120;01/03/2004;08/12/2003;Extinto;9;Saúde e bem-estar;91;Saúde;914;Tecnologia de diagnóstico e tratamento médico;0914B01;Biomedicina
1598;CENTRO UNIVERSITÁRIO UNA DE UBERLÂNDIA;-;Privada com fins lucrativos;1365842;BIOMEDICINA;Bacharelado;Presencial;4;2023;3;2023;2;2023;2;2023;85;16/11/2018;28/09/2017;Em Atividade;9;Saúde e bem-estar;91;Saúde;914;Tecnologia de diagnóstico e tratamento médico;0914B01;Biomedicina
1598;CENTRO UNIVERSITÁRIO UNA DE UBERLÂNDIA;-;Privada com fins lucrativos;1365947;MEDICINA VETERINÁRIA;Bacharelado;Presencial;3;2022;3;2023;2;2023;2;2023;114;02/01/2018;03/10/2017;Em Atividade;8;Agricultura, silvicultura, pesca e veterinária;84;Veterinária;841;Veterinária;0841M01;Medicina veterinária
1599;CENTRO UNIVERSITÁRIO PRESIDENTE TANCREDO DE ALMEIDA NEVES;UNIPTAN;Privada com fins lucrativos;1185025;MEDICINA;Bacharelado;Presencial;5;2022;4;2023;3;2025;3;2023;49;11/08/2015;03/07/2015;Em Atividade;9;Saúde e bem-estar;91;Saúde;912;Medicina;0912M01;Medicina
1599;CENTRO UNIVERSITÁRIO PRESIDENTE TANCREDO DE ALMEIDA NEVES;UNIPTAN;Privada com fins lucrativos;1351004;BIOMEDICINA;Bacharelado;Presencial;-;;-;;-;;-;;120;Não iniciado;28/09/2016;Extinto;9;Saúde e bem-estar;91;Saúde;914;Tecnologia de diagnóstico e tratamento médico;0914B01;Biomedicina
1599;CENTRO UNIVERSITÁRIO PRESIDENTE TANCREDO DE ALMEIDA NEVES;UNIPTAN;Privada com fins lucrativos;1600859;BIOMEDICINA;Bacharelado;Presencial;4;2025;-;;-;;-;;120;11/04/2022;14/02/2022;Em Atividade;9;Saúde e bem-estar;91;Saúde;914;Tecnologia de diagnóstico e tratamento médico;0914B01;Biomedicina
1599;CENTRO UNIVERSITÁRIO PRESIDENTE TANCREDO DE ALMEIDA NEVES;UNIPTAN;Privada com fins lucrativos;1675817;MEDICINA VETERINÁRIA;Bacharelado;Presencial;-;;-;;-;;-;;80;05/09/2024;04/06/2024;Em Atividade;8;Agricultura, silvicultura, pesca e veterinária;84;Veterinária;841;Veterinária;0841M01;Medicina veterinária
1600;Centro Universitário do Norte de Minas;Uninorte Minas;Privada sem fins lucrativos;67206;BIOMEDICINA;Bacharelado;Presencial;4;2023;SC;2019;SC;2019;SC;2019;100;02/02/2004;05/11/2003;Em Atividade;9;Saúde e bem-estar;91;Saúde;914;Tecnologia de diagnóstico e tratamento médico;0914B01;Biomedicina
1600;Centro Universitário do Norte de Minas;Uninorte Minas;Privada sem fins lucrativos;86288;MEDICINA;Bacharelado;Presencial;4;2024;4;2023;3;2025;3;2023;80;01/08/2005;27/06/2005;Em Atividade;9;Saúde e bem-estar;91;Saúde;912;Medicina;0912M01;Medicina
1601;FACULDADE CIDADE DE COROMANDEL;FCC;Privada sem fins lucrativos;1205751;MEDICINA VETERINÁRIA;Bacharelado;Presencial;3;2024;2;2023;1;2023;1;2023;100;21/07/2014;30/05/2014;Em Atividade;8;Agricultura, silvicultura, pesca e veterinária;84;Veterinária;841;Veterinária;0841M01;Medicina veterinária
1618;CENTRO UNIVERSITÁRIO SOCIESC DE BLUMENAU;-;Privada com fins lucrativos;1350880;BIOMEDICINA;Bacharelado;Presencial;4;2023;2;2023;2;2023;2;2023;85;02/07/2018;06/07/2017;Em Atividade;9;Saúde e bem-estar;91;Saúde;914;Tecnologia de diagnóstico e tratamento médico;0914B01;Biomedicina
1618;CENTRO UNIVERSITÁRIO SOCIESC DE BLUMENAU;-;Privada com fins lucrativos;1405849;MEDICINA VETERINÁRIA;Bacharelado;Presencial;3;2023;3;2023;2;2023;2;2023;100;26/12/2018;26/12/2018;Em Atividade;8;Agricultura, silvicultura, pesca e veterinária;84;Veterinária;841;Veterinária;0841M01;Medicina veterinária
1623;FACULDADE DE CIÊNCIAS AGRÁRIAS DE ANDRADINA;FCAA;Privada sem fins lucrativos;46151;MEDICINA VETERINÁRIA;Bacharelado;Presencial;4;2010;3;2023;3;2023;3;2023;100;01/03/2001;26/12/2000;Em Atividade;8;Agricultura, silvicultura, pesca e veterinária;84;Veterinária;841;Veterinária;0841M01;Medicina veterinária
1624;FACULDADE MARECHAL RONDON;FMR;Privada sem fins lucrativos;1258272;BIOMEDICINA;Bacharelado;Presencial;4;2018;3;2023;2;2023;2;2023;150;09/02/2015;28/03/2014;Em Atividade;9;Saúde e bem-estar;91;Saúde;914;Tecnologia de diagnóstico e tratamento médico;0914B01;Biomedicina
1632;FACULDADE PITÁGORAS DE LONDRINA;-;Privada com fins lucrativos;1364330;BIOMEDICINA;Bacharelado;Presencial;-;;-;;-;;-;;100;14/08/2017;31/03/2017;Extinto;9;Saúde e bem-estar;91;Saúde;914;Tecnologia de diagnóstico e tratamento médico;0914B01;Biomedicina
1640;CENTRO UNIVERSITÁRIO AGES;UniAGES;Privada com fins lucrativos;1330666;MEDICINA VETERINÁRIA;Bacharelado;Presencial;4;2022;3;2023;1;2023;2;2023;200;29/04/2016;04/04/2016;Em Atividade;8;Agricultura, silvicultura, pesca e veterinária;84;Veterinária;841;Veterinária;0841M01;Medicina veterinária
1640;CENTRO UNIVERSITÁRIO AGES;UniAGES;Privada com fins lucrativos;1569013;BIOMEDICINA;Bacharelado;Presencial;4;2024;-;;-;;-;;120;29/03/2021;15/03/2021;Em Atividade;9;Saúde e bem-estar;91;Saúde;914;Tecnologia de diagnóstico e tratamento médico;0914B01;Biomedicina
1640;CENTRO UNIVERSITÁRIO AGES;UniAGES;Privada com fins lucrativos;1571116;BIOMEDICINA;Bacharelado;A Distância;-;;-;;-;;-;;50;12/04/2021;06/04/2021;Em Extinção;9;Saúde e bem-estar;91;Saúde;914;Tecnologia de diagnóstico e tratamento médico;0914B01;Biomedicina
1640;CENTRO UNIVERSITÁRIO AGES;UniAGES;Privada com fins lucrativos;1701878;BIOMEDICINA;Bacharelado;Semipresencial;-;;-;;-;;-;;50;06/10/2025;25/09/2025;Em Atividade;9;Saúde e bem-estar;91;Saúde;914;Tecnologia de diagnóstico e tratamento médico;0914B01;Biomedicina
1641;CENTRO UNIVERSITÁRIO SOCIAL DA BAHIA;UNISBA;Privada com fins lucrativos;1667665;BIOMEDICINA;Bacharelado;A Distância;-;;-;;-;;-;;500;Não iniciado;13/03/2024;Em Extinção;9;Saúde e bem-estar;91;Saúde;914;Tecnologia de diagnóstico e tratamento médico;0914B01;Biomedicina
1642;Faculdade de Excelência UNEX de Itabuna;UNEX de Itabuna;Privada com fins lucrativos;1260243;BIOMEDICINA;Bacharelado;Presencial;3;2018;4;2023;3;2023;3;2023;100;04/08/2014;28/05/2014;Em Atividade;9;Saúde e bem-estar;91;Saúde;914;Tecnologia de diagnóstico e tratamento médico;0914B01;Biomedicina
1642;Faculdade de Excelência UNEX de Itabuna;UNEX de Itabuna;Privada com fins lucrativos;1322539;MEDICINA VETERINÁRIA;Bacharelado;Presencial;4;2022;3;2023;2;2023;2;2023;200;01/08/2016;06/06/2016;Em Atividade;8;Agricultura, silvicultura, pesca e veterinária;84;Veterinária;841;Veterinária;0841M01;Medicina veterinária
1642;Faculdade de Excelência UNEX de Itabuna;UNEX de Itabuna;Privada com fins lucrativos;1584562;MEDICINA;Bacharelado;Presencial;5;2022;-;;-;;-;;64;06/03/2023;06/01/2023;Em Atividade;9;Saúde e bem-estar;91;Saúde;912;Medicina;0912M01;Medicina
1643;FACULDADE ANÍSIO TEIXEIRA DE FEIRA DE SANTANA;FAT;Privada sem fins lucrativos;1056749;MEDICINA VETERINÁRIA;Bacharelado;Presencial;4;2021;3;2023;3;2023;3;2023;50;19/08/2013;25/11/2005;Em Atividade;8;Agricultura, silvicultura, pesca e veterinária;84;Veterinária;841;Veterinária;0841M01;Medicina veterinária
1645;Faculdade de Excelência UNEX de Jequié;UNEX de Jequié;Privada com fins lucrativos;1584561;MEDICINA;Bacharelado;Presencial;5;2023;-;;-;;-;;60;12/07/2024;12/07/2024;Em Atividade;9;Saúde e bem-estar;91;Saúde;912;Medicina;0912M01;Medicina
1645;FACULDADE DE TECNOLOGIA E CIÊNCIAS DE JEQUIÉ;FTC;Privada com fins lucrativos;1260401;BIOMEDICINA;Bacharelado;Presencial;4;2018;4;2023;3;2023;4;2023;100;04/08/2014;28/03/2014;Em Atividade;9;Saúde e bem-estar;91;Saúde;914;Tecnologia de diagnóstico e tratamento médico;0914B01;Biomedicina
1647;FACULDADE DE ENSINO E CULTURA DO CEARÁ;FAECE;Privada com fins lucrativos;1441139;BIOMEDICINA;Bacharelado;Presencial;4;2024;-;;-;;-;;100;05/02/2019;03/07/2018;Em Atividade;9;Saúde e bem-estar;91;Saúde;914;Tecnologia de diagnóstico e tratamento médico;0914B01;Biomedicina
1656;INSTITUTO DE ENSINO SUPERIOR DE TERESINA;IEST;Privada sem fins lucrativos;1441957;BIOMEDICINA;Bacharelado;Presencial;4;2024;-;;-;;-;;100;15/03/2021;22/06/2018;Em Atividade;9;Saúde e bem-estar;91;Saúde;914;Tecnologia de diagnóstico e tratamento médico;0914B01;Biomedicina
1657;CENTRO UNIVERSITÁRIO UNISEP;CEUUN;Privada com fins lucrativos;91029;MEDICINA VETERINÁRIA;Bacharelado;Presencial;4;2018;3;2023;3;2023;4;2023;60;11/04/2006;14/02/2006;Em Atividade;8;Agricultura, silvicultura, pesca e veterinária;84;Veterinária;841;Veterinária;0841M01;Medicina veterinária
1658;CENTRO UNIVERSITÁRIO DA GRANDE FORTALEZA;UNIGRANDE;Privada com fins lucrativos;1676088;BIOMEDICINA;Bacharelado;A Distância;-;;-;;-;;-;;9900;03/02/2025;07/06/2024;Em Extinção;9;Saúde e bem-estar;91;Saúde;914;Tecnologia de diagnóstico e tratamento médico;0914B01;Biomedicina
1658;CENTRO UNIVERSITÁRIO DA GRANDE FORTALEZA;UNIGRANDE;Privada com fins lucrativos;1701884;BIOMEDICINA;Bacharelado;Semipresencial;-;;-;;-;;-;;9900;Não iniciado;25/09/2025;Em Atividade;9;Saúde e bem-estar;91;Saúde;914;Tecnologia de diagnóstico e tratamento médico;0914B01;Biomedicina
1659;FACULDADE ESTÁCIO DE SÁ DE OURINHOS;FAESO;Privada com fins lucrativos;1527865;BIOMEDICINA;Bacharelado;Presencial;4;2021;-;;-;;-;;50;21/02/2022;03/12/2021;Em Extinção;9;Saúde e bem-estar;91;Saúde;914;Tecnologia de diagnóstico e tratamento médico;0914B01;Biomedicina
1660;CENTRO UNIVERSITÁRIO ESTÁCIO DE BRASÍLIA - ESTÁCIO BRASÍLIA;ESTÁCIO BRASÍLIA;Privada com fins lucrativos;1516559;BIOMEDICINA;Bacharelado;Presencial;-;;-;;-;;-;;150;01/02/2021;12/11/2019;Extinto;9;Saúde e bem-estar;91;Saúde;914;Tecnologia de diagnóstico e tratamento médico;0914B01;Biomedicina
1660;CENTRO UNIVERSITÁRIO ESTÁCIO DE BRASÍLIA - ESTÁCIO BRASÍLIA;ESTÁCIO BRASÍLIA;Privada com fins lucrativos;1516705;MEDICINA VETERINÁRIA;Bacharelado;Presencial;-;;-;;-;;-;;150;Não iniciado;12/11/2019;Extinto;8;Agricultura, silvicultura, pesca e veterinária;84;Veterinária;841;Veterinária;0841M01;Medicina veterinária
1660;CENTRO UNIVERSITÁRIO ESTÁCIO DE BRASÍLIA - ESTÁCIO BRASÍLIA;ESTÁCIO BRASÍLIA;Privada com fins lucrativos;1579229;BIOMEDICINA;Bacharelado;A Distância;-;;-;;-;;-;;1000;02/08/2021;22/07/2021;Em Extinção;9;Saúde e bem-estar;91;Saúde;914;Tecnologia de diagnóstico e tratamento médico;0914B01;Biomedicina
1660;CENTRO UNIVERSITÁRIO ESTÁCIO DE BRASÍLIA - ESTÁCIO BRASÍLIA;ESTÁCIO BRASÍLIA;Privada com fins lucrativos;1617880;BIOMEDICINA;Bacharelado;Presencial;-;;-;;-;;-;;200;06/03/2023;14/11/2022;Em Atividade;9;Saúde e bem-estar;91;Saúde;914;Tecnologia de diagnóstico e tratamento médico;0914B01;Biomedicina
1660;CENTRO UNIVERSITÁRIO ESTÁCIO DE BRASÍLIA - ESTÁCIO BRASÍLIA;ESTÁCIO BRASÍLIA;Privada com fins lucrativos;1701889;BIOMEDICINA;Bacharelado;Semipresencial;-;;-;;-;;-;;1000;26/09/2025;25/09/2025;Em Atividade;9;Saúde e bem-estar;91;Saúde;914;Tecnologia de diagnóstico e tratamento médico;0914B01;Biomedicina
1663;Centro Universitário Araguaia;UNIARAGUAIA;Privada com fins lucrativos;1682322;BIOMEDICINA;Bacharelado;Presencial;-;;-;;-;;-;;120;20/08/2024;26/08/2024;Em Atividade;9;Saúde e bem-estar;91;Saúde;914;Tecnologia de diagnóstico e tratamento médico;0914B01;Biomedicina
1664;FACULDADE DA SAÚDE E ECOLOGIA HUMANA;FASEH;Privada com fins lucrativos;66361;MEDICINA;Bacharelado;Presencial;5;2024;3;2023;1;2025;2;2023;100;02/10/2003;28/08/2003;Em Atividade;9;Saúde e bem-estar;91;Saúde;912;Medicina;0912M01;Medicina
1664;FACULDADE DA SAÚDE E ECOLOGIA HUMANA;FASEH;Privada com fins lucrativos;1534188;BIOMEDICINA;Bacharelado;Presencial;4;2025;-;;-;;-;;100;21/02/2022;13/11/2020;Em Atividade;9;Saúde e bem-estar;91;Saúde;914;Tecnologia de diagnóstico e tratamento médico;0914B01;Biomedicina
1666;CENTRO UNIVERSITÁRIO UNIHORIZONTES;-;Privada com fins lucrativos;1663276;BIOMEDICINA;Bacharelado;A Distância;-;;-;;-;;-;;200;06/10/2023;05/12/2023;Em Extinção;9;Saúde e bem-estar;91;Saúde;914;Tecnologia de diagnóstico e tratamento médico;0914B01;Biomedicina
1666;CENTRO UNIVERSITÁRIO UNIHORIZONTES;-;;1717258;BIOMEDICINA;Bacharelado;Semipresencial;-;;-;;-;;-;;300;Não iniciado;-;Em Atividade;;;;;;;;
1669;INSTITUTO METROPOLITANO DE ENSINO SUPERIOR;IMES;Privada com fins lucrativos;71859;MEDICINA;Bacharelado;Presencial;4;2025;3;2023;4;2025;4;2023;100;08/03/1999;31/12/1998;Em Atividade;9;Saúde e bem-estar;91;Saúde;912;Medicina;0912M01;Medicina
1672;INSTITUTO ESPERANÇA DE ENSINO SUPERIOR;IESPES;Privada sem fins lucrativos;1330420;BIOMEDICINA;Bacharelado;Presencial;4;2019;2;2023;2;2023;2;2023;100;02/08/2016;04/04/2016;Em Atividade;9;Saúde e bem-estar;91;Saúde;914;Tecnologia de diagnóstico e tratamento médico;0914B01;Biomedicina
1676;CENTRO UNIVERSITÁRIO SÃO MIGUEL;UNISÃOMIGUEL;Privada com fins lucrativos;1304625;BIOMEDICINA;Bacharelado;Presencial;4;2025;3;2023;2;2023;2;2023;120;02/05/2016;02/03/2016;Em Atividade;9;Saúde e bem-estar;91;Saúde;914;Tecnologia de diagnóstico e tratamento médico;0914B01;Biomedicina
1680;Faculdade Unirb - Mossoró;F. UNIRB;Privada com fins lucrativos;1365964;BIOMEDICINA;Bacharelado;Presencial;3;2018;-;;-;;-;;200;01/04/2019;01/04/2019;Em Atividade;9;Saúde e bem-estar;91;Saúde;914;Tecnologia de diagnóstico e tratamento médico;0914B01;Biomedicina
1683;CENTRO UNIVERSITÁRIO MAURÍCIO DE NASSAU DE TERESINA;-;Privada com fins lucrativos;1303901;BIOMEDICINA;Bacharelado;Presencial;-;;-;;-;;-;;240;06/04/2016;06/04/2016;Extinto;9;Saúde e bem-estar;91;Saúde;914;Tecnologia de diagnóstico e tratamento médico;0914B01;Biomedicina
1683;CENTRO UNIVERSITÁRIO MAURÍCIO DE NASSAU DE TERESINA;-;Privada com fins lucrativos;1501451;MEDICINA VETERINÁRIA;Bacharelado;Presencial;4;2024;-;;-;;-;;240;01/02/2020;01/10/2019;Em Atividade;8;Agricultura, silvicultura, pesca e veterinária;84;Veterinária;841;Veterinária;0841M01;Medicina veterinária
1697;CENTRO UNIVERSITÁRIO FACOL;UNIFACOL;Privada sem fins lucrativos;1486942;MEDICINA VETERINÁRIA;Bacharelado;Presencial;4;2024;-;;-;;-;;200;01/08/2019;22/07/2019;Em Atividade;8;Agricultura, silvicultura, pesca e veterinária;84;Veterinária;841;Veterinária;0841M01;Medicina veterinária
1699;FACULDADE DE EDUCAÇÃO DE JARU;UNICENTRO;Privada sem fins lucrativos;1390442;BIOMEDICINA;Bacharelado;Presencial;4;2018;-;;-;;-;;100;Não iniciado;04/09/2018;Em Atividade;9;Saúde e bem-estar;91;Saúde;914;Tecnologia de diagnóstico e tratamento médico;0914B01;Biomedicina
1699;FACULDADE DE EDUCAÇÃO DE JARU;UNICENTRO;Privada sem fins lucrativos;1575247;MEDICINA;Bacharelado;Presencial;4;2022;-;;-;;-;;120;09/05/2022;11/03/2022;Em Atividade;9;Saúde e bem-estar;91;Saúde;912;Medicina;0912M01;Medicina
1702;CENTRO UNIVERSITÁRIO ESTÁCIO DA AMAZÔNIA;ESTÁCIO AMAZÔNIA;Privada com fins lucrativos;1443760;MEDICINA VETERINÁRIA;Bacharelado;Presencial;4;2025;2;2023;2;2023;2;2023;120;16/04/2018;13/04/2018;Em Atividade;8;Agricultura, silvicultura, pesca e veterinária;84;Veterinária;841;Veterinária;0841M01;Medicina veterinária
1702;CENTRO UNIVERSITÁRIO ESTÁCIO DA AMAZÔNIA;ESTÁCIO AMAZÔNIA;Privada com fins lucrativos;1502433;BIOMEDICINA;Bacharelado;Presencial;4;2023;2;2023;2;2023;2;2023;100;26/08/2019;22/08/2019;Em Atividade;9;Saúde e bem-estar;91;Saúde;914;Tecnologia de diagnóstico e tratamento médico;0914B01;Biomedicina
1702;CENTRO UNIVERSITÁRIO ESTÁCIO DA AMAZÔNIA;ESTÁCIO AMAZÔNIA;Privada com fins lucrativos;1591613;BIOMEDICINA;Bacharelado;A Distância;-;;-;;-;;-;;1000;Não iniciado;10/09/2021;Extinto;9;Saúde e bem-estar;91;Saúde;914;Tecnologia de diagnóstico e tratamento médico;0914B01;Biomedicina
1702;CENTRO UNIVERSITÁRIO ESTÁCIO DA AMAZÔNIA;ESTÁCIO AMAZÔNIA;Privada com fins lucrativos;1666090;BIOMEDICINA;Bacharelado;A Distância;-;;-;;-;;-;;100;Não iniciado;30/01/2024;Em Extinção;9;Saúde e bem-estar;91;Saúde;914;Tecnologia de diagnóstico e tratamento médico;0914B01;Biomedicina
1702;CENTRO UNIVERSITÁRIO ESTÁCIO DA AMAZÔNIA;ESTÁCIO AMAZÔNIA;Privada com fins lucrativos;1708903;BIOMEDICINA;Bacharelado;Semipresencial;-;;-;;-;;-;;800;Não iniciado;25/09/2025;Em Atividade;9;Saúde e bem-estar;91;Saúde;914;Tecnologia de diagnóstico e tratamento médico;0914B01;Biomedicina
1703;FACULDADE UNIBRAS DE GOIÁS;FACBRAS;Privada sem fins lucrativos;1406015;MEDICINA VETERINÁRIA;Bacharelado;Presencial;3;2024;3;2023;1;2023;1;2023;100;12/08/2019;30/04/2019;Em Atividade;8;Agricultura, silvicultura, pesca e veterinária;84;Veterinária;841;Veterinária;0841M01;Medicina veterinária
1703;FACULDADE UNIBRAS DE GOIÁS;FACBRAS;Privada sem fins lucrativos;1533793;BIOMEDICINA;Bacharelado;Presencial;3;2024;-;;-;;-;;150;01/03/2021;06/11/2020;Em Atividade;9;Saúde e bem-estar;91;Saúde;914;Tecnologia de diagnóstico e tratamento médico;0914B01;Biomedicina
1708;CENTRO UNIVERSITARIO DO RECIFE;UNIPESU;Privada com fins lucrativos;1441103;BIOMEDICINA;Bacharelado;Presencial;4;2024;-;;-;;-;;100;15/03/2021;13/11/2020;Em Atividade;9;Saúde e bem-estar;91;Saúde;914;Tecnologia de diagnóstico e tratamento médico;0914B01;Biomedicina
1709;Centro Universitário Tiradentes de Pernambuco;UNIT PE;Privada com fins lucrativos;1109055;BIOMEDICINA;Bacharelado;Presencial;4;2016;3;2019;2;2019;2;2019;150;02/02/2012;04/02/2011;Em Atividade;9;Saúde e bem-estar;91;Saúde;914;Tecnologia de diagnóstico e tratamento médico;0914B01;Biomedicina
1711;CENTRO UNIVERSITÁRIO DE PRESIDENTE PRUDENTE;UNIPRUDENTE;Privada com fins lucrativos;1653238;MEDICINA VETERINÁRIA;Bacharelado;Presencial;-;;-;;-;;-;;100;Não iniciado;23/08/2023;Em Atividade;8;Agricultura, silvicultura, pesca e veterinária;84;Veterinária;841;Veterinária;0841M01;Medicina veterinária
1711;CENTRO UNIVERSITÁRIO DE PRESIDENTE PRUDENTE;UNIPRUDENTE;Privada com fins lucrativos;1657720;BIOMEDICINA;Bacharelado;Presencial;-;;-;;-;;-;;100;Não iniciado;13/09/2023;Em Atividade;9;Saúde e bem-estar;91;Saúde;914;Tecnologia de diagnóstico e tratamento médico;0914B01;Biomedicina
1716;Centro Universitário União das Américas Descomplica;UNIAMÉRICA;Privada com fins lucrativos;50858;BIOMEDICINA;Bacharelado;Presencial;-;;-;;-;;-;;40;11/03/2002;18/12/2001;Extinto;9;Saúde e bem-estar;91;Saúde;914;Tecnologia de diagnóstico e tratamento médico;0914B01;Biomedicina
1716;Centro Universitário União das Américas Descomplica;UNIAMÉRICA;Privada com fins lucrativos;50859;BIOMEDICINA;Bacharelado;Presencial;3;2021;3;2023;3;2023;3;2023;100;11/03/2002;18/12/2001;Em Atividade;9;Saúde e bem-estar;91;Saúde;914;Tecnologia de diagnóstico e tratamento médico;0914B01;Biomedicina
1716;Centro Universitário União das Américas Descomplica;UNIAMÉRICA;Privada com fins lucrativos;1457449;MEDICINA VETERINÁRIA;Bacharelado;Presencial;3;2023;3;2023;4;2023;3;2023;100;18/02/2019;20/09/2018;Em Atividade;8;Agricultura, silvicultura, pesca e veterinária;84;Veterinária;841;Veterinária;0841M01;Medicina veterinária
1717;Faculdade de Imperatriz Wyden;Facimp Wyden;Privada com fins lucrativos;1405158;BIOMEDICINA;Bacharelado;Presencial;4;2023;4;2023;2;2023;3;2023;200;09/04/2018;09/04/2018;Em Atividade;9;Saúde e bem-estar;91;Saúde;914;Tecnologia de diagnóstico e tratamento médico;0914B01;Biomedicina
1717;Faculdade de Imperatriz Wyden;Facimp Wyden;Privada com fins lucrativos;1405453;MEDICINA VETERINÁRIA;Bacharelado;Presencial;4;2022;1;2023;1;2023;1;2023;200;09/04/2018;09/04/2018;Em Atividade;8;Agricultura, silvicultura, pesca e veterinária;84;Veterinária;841;Veterinária;0841M01;Medicina veterinária
1718;CENTRO UNIVERSITÁRIO NOBRE DE FEIRA DE SANTANA;-;Privada com fins lucrativos;118752;BIOMEDICINA;Bacharelado;Presencial;4;2013;4;2023;3;2023;4;2023;136;29/01/2009;30/01/2009;Em Atividade;9;Saúde e bem-estar;91;Saúde;914;Tecnologia de diagnóstico e tratamento médico;0914B01;Biomedicina
1718;CENTRO UNIVERSITÁRIO NOBRE DE FEIRA DE SANTANA;-;Privada com fins lucrativos;1631483;BIOMEDICINA;Bacharelado;A Distância;-;;-;;-;;-;;400;03/02/2023;03/02/2023;Em Extinção;9;Saúde e bem-estar;91;Saúde;914;Tecnologia de diagnóstico e tratamento médico;0914B01;Biomedicina
1718;CENTRO UNIVERSITÁRIO NOBRE DE FEIRA DE SANTANA;-;Privada com fins lucrativos;1701903;BIOMEDICINA;Bacharelado;Semipresencial;-;;-;;-;;-;;400;Não iniciado;25/09/2025;Em Atividade;9;Saúde e bem-estar;91;Saúde;914;Tecnologia de diagnóstico e tratamento médico;0914B01;Biomedicina
1726;CENTRO UNIVERSITÁRIO SANTA AMÉLIA;SECAL;Privada com fins lucrativos;1486165;BIOMEDICINA;Bacharelado;Presencial;-;;-;;-;;-;;50;Não iniciado;06/05/2019;Extinto;9;Saúde e bem-estar;91;Saúde;914;Tecnologia de diagnóstico e tratamento médico;0914B01;Biomedicina
1732;FACULDADE GENNARI E PEARTREE;FGP;Privada com fins lucrativos;1387843;MEDICINA VETERINÁRIA;Bacharelado;Presencial;3;2024;4;2023;3;2023;3;2023;60;21/02/2019;08/10/2018;Em Atividade;8;Agricultura, silvicultura, pesca e veterinária;84;Veterinária;841;Veterinária;0841M01;Medicina veterinária
1734;Centro Universitário Facid Wyden;UNIFACID WYDEN;Privada com fins lucrativos;79007;MEDICINA;Bacharelado;Presencial;5;2024;3;2023;3;2025;2;2023;110;21/02/2005;09/11/2004;Em Atividade;9;Saúde e bem-estar;91;Saúde;912;Medicina;0912M01;Medicina
1734;Centro Universitário Facid Wyden;UNIFACID WYDEN;Privada com fins lucrativos;1330431;BIOMEDICINA;Bacharelado;Presencial;4;2024;4;2023;2;2023;2;2023;100;04/04/2016;04/04/2016;Em Atividade;9;Saúde e bem-estar;91;Saúde;914;Tecnologia de diagnóstico e tratamento médico;0914B01;Biomedicina
1734;Centro Universitário Facid Wyden;UNIFACID WYDEN;Privada com fins lucrativos;1575559;MEDICINA VETERINÁRIA;Bacharelado;Presencial;5;2025;-;;-;;-;;120;02/08/2021;01/06/2021;Em Atividade;8;Agricultura, silvicultura, pesca e veterinária;84;Veterinária;841;Veterinária;0841M01;Medicina veterinária
1735;CENTRO UNIVERSITÁRIO DOUTOR LEÃO SAMPAIO;UNILEÃO;Privada com fins lucrativos;90434;BIOMEDICINA;Bacharelado;Presencial;4;2010;5;2023;5;2023;5;2023;200;28/12/2005;26/12/2005;Em Atividade;9;Saúde e bem-estar;91;Saúde;914;Tecnologia de diagnóstico e tratamento médico;0914B01;Biomedicina
1735;CENTRO UNIVERSITÁRIO DOUTOR LEÃO SAMPAIO;UNILEÃO;Privada com fins lucrativos;1399119;MEDICINA VETERINÁRIA;Bacharelado;Presencial;4;2022;5;2023;4;2023;5;2023;200;10/05/2017;26/04/2017;Em Atividade;8;Agricultura, silvicultura, pesca e veterinária;84;Veterinária;841;Veterinária;0841M01;Medicina veterinária
1736;CENTRO UNIVERSITÁRIO LA SALLE DO RIO DE JANEIRO;UNILASALLE/RJ;Privada sem fins lucrativos;1664002;BIOMEDICINA;Bacharelado;Presencial;-;;-;;-;;-;;200;04/03/2024;13/12/2023;Em Atividade;9;Saúde e bem-estar;91;Saúde;914;Tecnologia de diagnóstico e tratamento médico;0914B01;Biomedicina
1753;FACULDADE DE ENFERMAGEM NOVA ESPERANÇA;FACENE;Privada com fins lucrativos;1331141;MEDICINA VETERINÁRIA;Bacharelado;Presencial;5;2022;4;2023;3;2023;3;2023;160;03/07/2017;20/06/2017;Em Atividade;8;Agricultura, silvicultura, pesca e veterinária;84;Veterinária;841;Veterinária;0841M01;Medicina veterinária
1766;FACULDADE ESPÍRITO SANTENSE;UNICAPE;Privada sem fins lucrativos;1600146;MEDICINA;Bacharelado;Presencial;5;2023;-;;-;;-;;60;23/09/2024;19/08/2024;Em Atividade;9;Saúde e bem-estar;91;Saúde;912;Medicina;0912M01;Medicina
1772;Centro Universitário Fanor Wyden;UniFanor Wyden;Privada com fins lucrativos;1299450;BIOMEDICINA;Bacharelado;Presencial;4;2018;3;2023;3;2023;2;2023;200;23/03/2015;30/03/2015;Em Atividade;9;Saúde e bem-estar;91;Saúde;914;Tecnologia de diagnóstico e tratamento médico;0914B01;Biomedicina
1772;Centro Universitário Fanor Wyden;UniFanor Wyden;Privada com fins lucrativos;1385553;BIOMEDICINA;Bacharelado;Presencial;5;2023;3;2023;3;2023;2;2023;100;24/08/2018;20/09/2017;Em Atividade;9;Saúde e bem-estar;91;Saúde;914;Tecnologia de diagnóstico e tratamento médico;0914B01;Biomedicina
1772;Centro Universitário Fanor Wyden;UniFanor Wyden;Privada com fins lucrativos;1543454;BIOMEDICINA;Bacharelado;A Distância;4;2024;-;;-;;-;;400;22/02/2021;24/08/2020;Em Extinção;9;Saúde e bem-estar;91;Saúde;914;Tecnologia de diagnóstico e tratamento médico;0914B01;Biomedicina
1772;Centro Universitário Fanor Wyden;UniFanor Wyden;Privada com fins lucrativos;1681931;MEDICINA VETERINÁRIA;Bacharelado;Presencial;-;;-;;-;;-;;100;Não iniciado;22/08/2024;Em Atividade;8;Agricultura, silvicultura, pesca e veterinária;84;Veterinária;841;Veterinária;0841M01;Medicina veterinária
1772;Centro Universitário Fanor Wyden;UniFanor Wyden;Privada com fins lucrativos;1701904;BIOMEDICINA;Bacharelado;Semipresencial;-;;-;;-;;-;;400;26/09/2025;25/09/2025;Em Atividade;9;Saúde e bem-estar;91;Saúde;914;Tecnologia de diagnóstico e tratamento médico;0914B01;Biomedicina
1773;CENTRO UNIVERSITÁRIO FAI;-;Privada com fins lucrativos;98748;MEDICINA VETERINÁRIA;Bacharelado;Presencial;5;2023;3;2023;3;2023;3;2023;100;12/02/2007;16/11/2006;Em Atividade;8;Agricultura, silvicultura, pesca e veterinária;84;Veterinária;841;Veterinária;0841M01;Medicina veterinária
1773;CENTRO UNIVERSITÁRIO FAI;-;Privada com fins lucrativos;1513836;BIOMEDICINA;Bacharelado;A Distância;5;2023;2;2023;2;2023;2;2023;400;02/03/2020;04/11/2019;Em Extinção;9;Saúde e bem-estar;91;Saúde;914;Tecnologia de diagnóstico e tratamento médico;0914B01;Biomedicina
1773;CENTRO UNIVERSITÁRIO FAI;-;Privada com fins lucrativos;1701910;BIOMEDICINA;Bacharelado;Semipresencial;-;;-;;-;;-;;400;Não iniciado;25/09/2025;Em Atividade;9;Saúde e bem-estar;91;Saúde;914;Tecnologia de diagnóstico e tratamento médico;0914B01;Biomedicina
1775;Centro Universitário Favip Wyden;UniFavip Wyden;Privada com fins lucrativos;1328758;BIOMEDICINA;Bacharelado;Presencial;3;2019;3;2023;3;2023;3;2023;120;28/05/2015;28/05/2015;Em Atividade;9;Saúde e bem-estar;91;Saúde;914;Tecnologia de diagnóstico e tratamento médico;0914B01;Biomedicina
1775;Centro Universitário Favip Wyden;UniFavip Wyden;Privada com fins lucrativos;1440564;MEDICINA VETERINÁRIA;Bacharelado;Presencial;4;2023;2;2023;2;2023;2;2023;100;03/04/2018;08/08/2018;Em Atividade;8;Agricultura, silvicultura, pesca e veterinária;84;Veterinária;841;Veterinária;0841M01;Medicina veterinária
1775;Centro Universitário Favip Wyden;UniFavip Wyden;Privada com fins lucrativos;1591026;BIOMEDICINA;Bacharelado;A Distância;4;2024;-;;-;;-;;100;16/08/2021;16/08/2021;Em Extinção;9;Saúde e bem-estar;91;Saúde;914;Tecnologia de diagnóstico e tratamento médico;0914B01;Biomedicina
1775;Centro Universitário Favip Wyden;UniFavip Wyden;Privada com fins lucrativos;1701913;BIOMEDICINA;Bacharelado;Semipresencial;-;;-;;-;;-;;100;26/09/2025;25/09/2025;Em Atividade;9;Saúde e bem-estar;91;Saúde;914;Tecnologia de diagnóstico e tratamento médico;0914B01;Biomedicina
1775;Centro Universitário Favip Wyden;UniFavip Wyden;;1718043;MEDICINA VETERINÁRIA;Bacharelado;Semipresencial;-;;-;;-;;-;;300;Não iniciado;-;Em Atividade;;;;;;;;
1777;CENTRO UNIVERSITÁRIO LEONARDO DA VINCI;UNIVINCI;Privada com fins lucrativos;1526568;BIOMEDICINA;Bacharelado;Presencial;-;;-;;-;;-;;100;Não iniciado;21/05/2020;Extinto;9;Saúde e bem-estar;91;Saúde;914;Tecnologia de diagnóstico e tratamento médico;0914B01;Biomedicina
1783;FACULDADE DE CIÊNCIAS SOCIAIS APLICADAS;FACISA;Privada sem fins lucrativos;1179870;BIOMEDICINA;Bacharelado;Presencial;-;;-;;-;;-;;50;02/02/2013;28/12/2012;Extinto;9;Saúde e bem-estar;91;Saúde;914;Tecnologia de diagnóstico e tratamento médico;0914B01;Biomedicina
1790;FACULDADE DO SUL DA BAHIA;FASB;Privada sem fins lucrativos;1048120;BIOMEDICINA;Bacharelado;Presencial;3;2019;2;2023;3;2023;2;2023;100;02/02/2010;14/10/2009;Em Atividade;9;Saúde e bem-estar;91;Saúde;914;Tecnologia de diagnóstico e tratamento médico;0914B01;Biomedicina
1805;CENTRO UNIVERSITÁRIO DOS GUARARAPES;UNIFG;Privada com fins lucrativos;1300321;BIOMEDICINA;Bacharelado;Presencial;5;2023;3;2023;3;2023;3;2023;200;08/02/2016;30/11/2015;Em Atividade;9;Saúde e bem-estar;91;Saúde;914;Tecnologia de diagnóstico e tratamento médico;0914B01;Biomedicina
1805;CENTRO UNIVERSITÁRIO DOS GUARARAPES;UNIFG;Privada com fins lucrativos;1533154;BIOMEDICINA;Bacharelado;A Distância;4;2024;3;2023;1;2023;2;2023;60;10/02/2020;18/09/2019;Em Extinção;9;Saúde e bem-estar;91;Saúde;914;Tecnologia de diagnóstico e tratamento médico;0914B01;Biomedicina
1805;CENTRO UNIVERSITÁRIO DOS GUARARAPES;UNIFG;Privada com fins lucrativos;1602871;MEDICINA VETERINÁRIA;Bacharelado;Presencial;4;2025;-;;-;;-;;100;12/05/2022;12/05/2022;Em Atividade;8;Agricultura, silvicultura, pesca e veterinária;84;Veterinária;841;Veterinária;0841M01;Medicina veterinária
1805;CENTRO UNIVERSITÁRIO DOS GUARARAPES;UNIFG;Privada com fins lucrativos;1701924;BIOMEDICINA;Bacharelado;Semipresencial;-;;-;;-;;-;;60;06/10/2025;25/09/2025;Em Atividade;9;Saúde e bem-estar;91;Saúde;914;Tecnologia de diagnóstico e tratamento médico;0914B01;Biomedicina
1808;INSTITUTO FEDERAL DE EDUCAÇÃO, CIÊNCIA E TECNOLOGIA DO ESPÍRITO SANTO;IFES;Pública Federal;1457328;BIOMEDICINA;Bacharelado;Presencial;5;2023;4;2023;4;2023;3;2023;40;18/02/2019;31/10/2018;Em Atividade;9;Saúde e bem-estar;91;Saúde;914;Tecnologia de diagnóstico e tratamento médico;0914B01;Biomedicina
1812;INSTITUTO FEDERAL DE EDUCAÇÃO, CIÊNCIA E TECNOLOGIA DO AMAZONAS;IFAM;Pública Federal;1295064;MEDICINA VETERINÁRIA;Bacharelado;Presencial;3;2018;4;2023;4;2023;3;2023;40;04/03/2014;09/12/2013;Em Atividade;8;Agricultura, silvicultura, pesca e veterinária;84;Veterinária;841;Veterinária;0841M01;Medicina veterinária
1815;FACULDADE DO INSTITUTO BRASIL;FIBRA;Privada com fins lucrativos;98732;BIOMEDICINA;Bacharelado;Presencial;-;;-;;-;;-;;180;01/02/2008;16/11/2006;Em Atividade;9;Saúde e bem-estar;91;Saúde;914;Tecnologia de diagnóstico e tratamento médico;0914B01;Biomedicina
1818;FACULDADE PITÁGORAS DE BELO HORIZONTE;FPAS;Privada com fins lucrativos;1182342;BIOMEDICINA;Bacharelado;Presencial;3;2016;3;2023;2;2023;2;2023;200;12/08/2013;19/04/2013;Em Atividade;9;Saúde e bem-estar;91;Saúde;914;Tecnologia de diagnóstico e tratamento médico;0914B01;Biomedicina
1818;FACULDADE PITÁGORAS DE BELO HORIZONTE;FPAS;Privada com fins lucrativos;1404722;BIOMEDICINA;Bacharelado;Presencial;-;;-;;-;;-;;75;Não iniciado;22/03/2019;Extinto;9;Saúde e bem-estar;91;Saúde;914;Tecnologia de diagnóstico e tratamento médico;0914B01;Biomedicina
1819;CENTRO UNIVERSITÁRIO FARIAS BRITO;-;Privada com fins lucrativos;1635143;BIOMEDICINA;Bacharelado;Presencial;-;;-;;-;;-;;80;28/03/2023;28/03/2023;Em Atividade;9;Saúde e bem-estar;91;Saúde;914;Tecnologia de diagnóstico e tratamento médico;0914B01;Biomedicina
1822;Centro Universitário Sul-Americana;UNIFASAM;Privada com fins lucrativos;1601020;BIOMEDICINA;Bacharelado;A Distância;-;;-;;-;;-;;500;27/02/2023;13/04/2022;Em Extinção;9;Saúde e bem-estar;91;Saúde;914;Tecnologia de diagnóstico e tratamento médico;0914B01;Biomedicina
1822;Centro Universitário Sul-Americana;UNIFASAM;Privada com fins lucrativos;1613224;BIOMEDICINA;Bacharelado;Presencial;-;;-;;-;;-;;200;04/07/2023;20/09/2022;Em Atividade;9;Saúde e bem-estar;91;Saúde;914;Tecnologia de diagnóstico e tratamento médico;0914B01;Biomedicina
1822;Centro Universitário Sul-Americana;UNIFASAM;Privada com fins lucrativos;1708908;BIOMEDICINA;Bacharelado;Semipresencial;-;;-;;-;;-;;500;Não iniciado;25/09/2025;Em Atividade;9;Saúde e bem-estar;91;Saúde;914;Tecnologia de diagnóstico e tratamento médico;0914B01;Biomedicina
1834;FACULDADE DE AGUDOS;FAAG;Privada sem fins lucrativos;1473513;BIOMEDICINA;Bacharelado;Presencial;4;2025;SC;2023;SC;2023;SC;2023;60;03/02/2022;02/04/2020;Em Atividade;9;Saúde e bem-estar;91;Saúde;914;Tecnologia de diagnóstico e tratamento médico;0914B01;Biomedicina
1836;CENTRO UNIVERSITÁRIO FUNDAÇÃO DE ENSINO OCTÁVIO BASTOS - FEOB;UNIFEOB;Privada sem fins lucrativos;6113;MEDICINA VETERINÁRIA;Bacharelado;Presencial;3;2008;3;2023;3;2023;2;2023;260;01/03/1987;12/09/1986;Em Atividade;8;Agricultura, silvicultura, pesca e veterinária;84;Veterinária;841;Veterinária;0841M01;Medicina veterinária
1836;CENTRO UNIVERSITÁRIO FUNDAÇÃO DE ENSINO OCTÁVIO BASTOS - FEOB;UNIFEOB;Privada sem fins lucrativos;1478272;BIOMEDICINA;Bacharelado;Presencial;4;2023;4;2023;3;2023;3;2023;200;02/04/2019;04/02/2019;Em Atividade;9;Saúde e bem-estar;91;Saúde;914;Tecnologia de diagnóstico e tratamento médico;0914B01;Biomedicina
1840;CENTRO UNIVERSITÁRIO CASTELO BRANCO;UNICB;Privada sem fins lucrativos;1600340;BIOMEDICINA;Bacharelado;Presencial;-;;-;;-;;-;;60;11/04/2022;09/02/2022;Em Atividade;9;Saúde e bem-estar;91;Saúde;914;Tecnologia de diagnóstico e tratamento médico;0914B01;Biomedicina
1840;CENTRO UNIVERSITÁRIO CASTELO BRANCO;UNICB;Privada sem fins lucrativos;1602558;MEDICINA VETERINÁRIA;Bacharelado;Presencial;-;;-;;-;;-;;60;Não iniciado;09/05/2022;Extinto;8;Agricultura, silvicultura, pesca e veterinária;84;Veterinária;841;Veterinária;0841M01;Medicina veterinária
1847;FACULDADE ANHANGUERA DE IMPERATRIZ;-;Privada com fins lucrativos;1404706;BIOMEDICINA;Bacharelado;Presencial;-;;-;;-;;-;;120;24/02/2020;31/12/2018;Extinto;9;Saúde e bem-estar;91;Saúde;914;Tecnologia de diagnóstico e tratamento médico;0914B01;Biomedicina
1850;FACULDADE SANTA MARIA DA GLÓRIA;SMG;Privada sem fins lucrativos;1387605;BIOMEDICINA;Bacharelado;Presencial;3;2025;-;;-;;-;;200;03/09/2019;03/09/2019;Em Atividade;9;Saúde e bem-estar;91;Saúde;914;Tecnologia de diagnóstico e tratamento médico;0914B01;Biomedicina
1853;Centro Universitário UNIBTA;-;Privada com fins lucrativos;1445651;BIOMEDICINA;Bacharelado;A Distância;-;;SC;2023;SC;2023;SC;2023;1000;06/08/2018;18/06/2018;Em Extinção;9;Saúde e bem-estar;91;Saúde;914;Tecnologia de diagnóstico e tratamento médico;0914B01;Biomedicina
1853;Centro Universitário UNIBTA;-;Privada com fins lucrativos;1514026;MEDICINA VETERINÁRIA;Bacharelado;A Distância;-;;-;;-;;-;;1200;06/03/2020;03/08/2018;Em Extinção;8;Agricultura, silvicultura, pesca e veterinária;84;Veterinária;841;Veterinária;0841M01;Medicina veterinária
1853;CENTRO UNIVERSITÁRIO UniBTA IM;UniBTA IM;Privada com fins lucrativos;1701930;BIOMEDICINA;Bacharelado;Semipresencial;-;;-;;-;;-;;1000;24/11/2025;25/09/2025;Em Atividade;9;Saúde e bem-estar;91;Saúde;914;Tecnologia de diagnóstico e tratamento médico;0914B01;Biomedicina
1853;CENTRO UNIVERSITÁRIO UniBTA IM;UniBTA IM;Privada com fins lucrativos;1702904;MEDICINA VETERINÁRIA;Bacharelado;Semipresencial;-;;-;;-;;-;;1200;24/11/2025;25/09/2025;Em Atividade;8;Agricultura, silvicultura, pesca e veterinária;84;Veterinária;841;Veterinária;0841M01;Medicina veterinária
1854;CLARETIANO - CENTRO UNIVERSITÁRIO;-;Privada sem fins lucrativos;1399483;MEDICINA;Bacharelado;Presencial;4;2024;3;2023;3;2025;2;2023;55;19/02/2018;02/08/2017;Em Atividade;9;Saúde e bem-estar;91;Saúde;912;Medicina;0912M01;Medicina
1854;CLARETIANO - CENTRO UNIVERSITÁRIO;-;Privada sem fins lucrativos;1466048;BIOMEDICINA;Bacharelado;Presencial;-;;-;;-;;-;;60;Não iniciado;04/12/2018;Extinto;9;Saúde e bem-estar;91;Saúde;914;Tecnologia de diagnóstico e tratamento médico;0914B01;Biomedicina
1854;CLARETIANO - CENTRO UNIVERSITÁRIO;-;Privada sem fins lucrativos;1683151;BIOMEDICINA;Bacharelado;Presencial;-;;-;;-;;-;;60;17/02/2025;30/08/2024;Em Atividade;9;Saúde e bem-estar;91;Saúde;914;Tecnologia de diagnóstico e tratamento médico;0914B01;Biomedicina
1869;CENTRO UNIVERSITÁRIO DE ITAJUBÁ;FEPI;Privada sem fins lucrativos;83694;MEDICINA VETERINÁRIA;Bacharelado;Presencial;-;;4;2023;4;2023;4;2023;110;01/02/2005;08/06/2004;Em Atividade;8;Agricultura, silvicultura, pesca e veterinária;84;Veterinária;841;Veterinária;0841M01;Medicina veterinária
1869;CENTRO UNIVERSITÁRIO DE ITAJUBÁ;FEPI;Privada sem fins lucrativos;1076769;MEDICINA VETERINÁRIA;Bacharelado;Presencial;-;;-;;-;;-;;60;Não iniciado;-;Extinto;8;Agricultura, silvicultura, pesca e veterinária;84;Veterinária;841;Veterinária;0841M01;Medicina veterinária
1869;CENTRO UNIVERSITÁRIO DE ITAJUBÁ;FEPI;Privada sem fins lucrativos;1605656;BIOMEDICINA;Bacharelado;Presencial;5;2025;-;;-;;-;;50;07/02/2022;26/11/2021;Em Atividade;9;Saúde e bem-estar;91;Saúde;914;Tecnologia de diagnóstico e tratamento médico;0914B01;Biomedicina
1872;CENTRO UNIVERSITÁRIO SANTA CRUZ DE CURITIBA;UNI SANTA CRUZ;Privada sem fins lucrativos;1669844;MEDICINA VETERINÁRIA;Bacharelado;Presencial;-;;-;;-;;-;;200;01/04/2024;01/04/2024;Em Atividade;8;Agricultura, silvicultura, pesca e veterinária;84;Veterinária;841;Veterinária;0841M01;Medicina veterinária
1872;CENTRO UNIVERSITÁRIO SANTA CRUZ DE CURITIBA;UNI SANTA CRUZ;Privada sem fins lucrativos;1670140;BIOMEDICINA;Bacharelado;Presencial;-;;-;;-;;-;;200;01/04/2024;03/04/2024;Em Atividade;9;Saúde e bem-estar;91;Saúde;914;Tecnologia de diagnóstico e tratamento médico;0914B01;Biomedicina
1876;FACULDADE MUNICIPAL PROFESSOR FRANCO MONTORO DE MOGI GUAÇU;FMPFM;Pública Municipal;1518495;MEDICINA;Bacharelado;Presencial;-;;-;;1;2025;-;;60;Não iniciado;30/10/2019;Em Atividade;9;Saúde e bem-estar;91;Saúde;912;Medicina;0912M01;Medicina
1879;Centro Universitário UNIFACEAR;Unifacear;Privada com fins lucrativos;1701938;BIOMEDICINA;Bacharelado;Semipresencial;-;;-;;-;;-;;200;Não iniciado;25/09/2025;Em Atividade;9;Saúde e bem-estar;91;Saúde;914;Tecnologia de diagnóstico e tratamento médico;0914B01;Biomedicina
1879;Centro Universitário UNIFACEAR;-;Privada com fins lucrativos;112951;BIOMEDICINA;Bacharelado;Presencial;4;2013;4;2023;3;2023;3;2023;100;09/02/2009;06/06/2007;Em Atividade;9;Saúde e bem-estar;91;Saúde;914;Tecnologia de diagnóstico e tratamento médico;0914B01;Biomedicina
1879;Centro Universitário UNIFACEAR;-;Privada com fins lucrativos;1495712;BIOMEDICINA;Bacharelado;A Distância;-;;-;;-;;-;;200;15/02/2021;-;Em Extinção;9;Saúde e bem-estar;91;Saúde;914;Tecnologia de diagnóstico e tratamento médico;0914B01;Biomedicina
1883;CENTRO UNIVERSITÁRIO UNIFAS;-;Privada com fins lucrativos;51104;MEDICINA VETERINÁRIA;Bacharelado;Presencial;3;2008;4;2023;4;2023;4;2023;180;03/02/2002;06/12/2001;Em Atividade;8;Agricultura, silvicultura, pesca e veterinária;84;Veterinária;841;Veterinária;0841M01;Medicina veterinária
1883;CENTRO UNIVERSITÁRIO UNIFAS;-;Privada com fins lucrativos;1178524;MEDICINA;Bacharelado;Presencial;5;2023;2;2023;2;2025;2;2023;100;31/03/2014;30/01/2014;Em Atividade;9;Saúde e bem-estar;91;Saúde;912;Medicina;0912M01;Medicina
1883;CENTRO UNIVERSITÁRIO UNIFAS;-;Privada com fins lucrativos;1282930;BIOMEDICINA;Bacharelado;Presencial;4;2018;4;2023;3;2023;3;2023;100;23/02/2015;30/10/2014;Em Atividade;9;Saúde e bem-estar;91;Saúde;914;Tecnologia de diagnóstico e tratamento médico;0914B01;Biomedicina
1885;CENTRO UNIVERSITÁRIO UNIDADE DE ENSINO SUPERIOR DOM BOSCO;UNDB;Privada com fins lucrativos;1364807;BIOMEDICINA;Bacharelado;Presencial;5;2022;4;2023;3;2023;3;2023;75;26/01/2018;11/12/2017;Em Atividade;9;Saúde e bem-estar;91;Saúde;914;Tecnologia de diagnóstico e tratamento médico;0914B01;Biomedicina
1885;CENTRO UNIVERSITÁRIO UNIDADE DE ENSINO SUPERIOR DOM BOSCO;UNDB;Privada com fins lucrativos;1538744;MEDICINA;Bacharelado;Presencial;5;2021;-;;-;;-;;120;09/05/2022;08/04/2022;Em Atividade;9;Saúde e bem-estar;91;Saúde;912;Medicina;0912M01;Medicina
1892;Centro Universitário de Excelência Eniac;ENIAC;Privada com fins lucrativos;1550656;BIOMEDICINA;Bacharelado;Presencial;5;2025;-;;-;;-;;200;08/03/2021;01/12/2020;Em Atividade;9;Saúde e bem-estar;91;Saúde;914;Tecnologia de diagnóstico e tratamento médico;0914B01;Biomedicina
1893;Faculdade Unirb - Feira de Santana;F. UNIRB;Privada com fins lucrativos;1205037;BIOMEDICINA;Bacharelado;Presencial;3;2023;-;;-;;-;;140;14/10/2016;12/09/2016;Em Atividade;9;Saúde e bem-estar;91;Saúde;914;Tecnologia de diagnóstico e tratamento médico;0914B01;Biomedicina
1895;CENTRO UNIVERSITÁRIO CHRISTUS;UNICHRISTUS;Privada com fins lucrativos;90084;MEDICINA;Bacharelado;Presencial;5;2024;4;2023;5;2025;4;2023;196;01/08/2006;23/12/2005;Em Atividade;9;Saúde e bem-estar;91;Saúde;912;Medicina;0912M01;Medicina
1895;CENTRO UNIVERSITÁRIO CHRISTUS;UNICHRISTUS;Privada com fins lucrativos;1257779;BIOMEDICINA;Bacharelado;Presencial;-;;-;;-;;-;;120;Não iniciado;10/12/2012;Extinto;9;Saúde e bem-estar;91;Saúde;914;Tecnologia de diagnóstico e tratamento médico;0914B01;Biomedicina
1895;CENTRO UNIVERSITÁRIO CHRISTUS;UNICHRISTUS;Privada com fins lucrativos;1258976;BIOMEDICINA;Bacharelado;Presencial;4;2016;5;2023;5;2023;5;2023;120;01/08/2013;03/12/2012;Em Atividade;9;Saúde e bem-estar;91;Saúde;914;Tecnologia de diagnóstico e tratamento médico;0914B01;Biomedicina
1895;CENTRO UNIVERSITÁRIO CHRISTUS;UNICHRISTUS;Privada com fins lucrativos;1279100;BIOMEDICINA;Bacharelado;Presencial;-;;-;;-;;-;;1;27/01/2014;17/06/2013;Extinto;9;Saúde e bem-estar;91;Saúde;914;Tecnologia de diagnóstico e tratamento médico;0914B01;Biomedicina
1895;CENTRO UNIVERSITÁRIO CHRISTUS;UNICHRISTUS;Privada com fins lucrativos;1284591;BIOMEDICINA;Bacharelado;Presencial;-;;-;;-;;-;;100;Não iniciado;11/07/2013;Extinto;9;Saúde e bem-estar;91;Saúde;914;Tecnologia de diagnóstico e tratamento médico;0914B01;Biomedicina
1895;CENTRO UNIVERSITÁRIO CHRISTUS;UNICHRISTUS;Privada com fins lucrativos;1284617;BIOMEDICINA;Bacharelado;Presencial;4;2017;5;2023;4;2023;5;2023;100;21/01/2014;11/06/2013;Em Atividade;9;Saúde e bem-estar;91;Saúde;914;Tecnologia de diagnóstico e tratamento médico;0914B01;Biomedicina
1895;CENTRO UNIVERSITÁRIO CHRISTUS;UNICHRISTUS;Privada com fins lucrativos;1550686;MEDICINA VETERINÁRIA;Bacharelado;Presencial;5;2025;-;;-;;-;;80;26/01/2022;11/11/2020;Em Atividade;8;Agricultura, silvicultura, pesca e veterinária;84;Veterinária;841;Veterinária;0841M01;Medicina veterinária
1900;Centro Universitário de Ensino, Ciência e Tecnologia do Paraná;UniEnsino;Privada sem fins lucrativos;1481799;BIOMEDICINA;Bacharelado;A Distância;4;2023;SC;2023;SC;2023;SC;2023;300;19/05/2019;15/02/2019;Em Extinção;9;Saúde e bem-estar;91;Saúde;914;Tecnologia de diagnóstico e tratamento médico;0914B01;Biomedicina
1900;Centro Universitário de Ensino, Ciência e Tecnologia do Paraná;UniEnsino;Privada sem fins lucrativos;1481800;BIOMEDICINA;Bacharelado;Presencial;4;2023;3;2023;2;2023;2;2023;80;19/05/2019;15/02/2019;Em Atividade;9;Saúde e bem-estar;91;Saúde;914;Tecnologia de diagnóstico e tratamento médico;0914B01;Biomedicina
1900;Centro Universitário de Ensino, Ciência e Tecnologia do Paraná;UniEnsino;Privada sem fins lucrativos;1514430;MEDICINA VETERINÁRIA;Bacharelado;Presencial;4;2023;-;;-;;-;;150;29/05/2020;24/09/2019;Em Atividade;8;Agricultura, silvicultura, pesca e veterinária;84;Veterinária;841;Veterinária;0841M01;Medicina veterinária
1900;Centro Universitário de Ensino, Ciência e Tecnologia do Paraná;UniEnsino;Privada sem fins lucrativos;1515555;BIOMEDICINA;Bacharelado;Presencial;-;;-;;-;;-;;50;Não iniciado;11/11/2019;Extinto;9;Saúde e bem-estar;91;Saúde;914;Tecnologia de diagnóstico e tratamento médico;0914B01;Biomedicina
1900;Centro Universitário de Ensino, Ciência e Tecnologia do Paraná;UniEnsino;Privada sem fins lucrativos;1625097;MEDICINA VETERINÁRIA;Bacharelado;A Distância;-;;-;;-;;-;;300;26/12/2022;23/12/2022;Em Extinção;8;Agricultura, silvicultura, pesca e veterinária;84;Veterinária;841;Veterinária;0841M01;Medicina veterinária
1900;Centro Universitário de Ensino, Ciência e Tecnologia do Paraná;UniEnsino;Privada sem fins lucrativos;1701944;BIOMEDICINA;Bacharelado;Semipresencial;-;;-;;-;;-;;300;Não iniciado;25/09/2025;Em Atividade;9;Saúde e bem-estar;91;Saúde;914;Tecnologia de diagnóstico e tratamento médico;0914B01;Biomedicina
1900;Centro Universitário de Ensino, Ciência e Tecnologia do Paraná;UniEnsino;Privada sem fins lucrativos;1702905;MEDICINA VETERINÁRIA;Bacharelado;Semipresencial;-;;-;;-;;-;;300;Não iniciado;25/09/2025;Em Atividade;8;Agricultura, silvicultura, pesca e veterinária;84;Veterinária;841;Veterinária;0841M01;Medicina veterinária
1903;FACULDADE CRISTO REI;FACCREI;Privada com fins lucrativos;1545530;MEDICINA VETERINÁRIA;Bacharelado;Presencial;4;2025;-;;-;;-;;60;31/03/2022;13/12/2021;Em Atividade;8;Agricultura, silvicultura, pesca e veterinária;84;Veterinária;841;Veterinária;0841M01;Medicina veterinária
1908;FACULDADE BRASILEIRA CRISTÃ;FBC;Privada sem fins lucrativos;1574658;BIOMEDICINA;Bacharelado;A Distância;4;2023;-;;-;;-;;75;Não iniciado;06/07/2023;Em Extinção;9;Saúde e bem-estar;91;Saúde;914;Tecnologia de diagnóstico e tratamento médico;0914B01;Biomedicina
1910;FACULDADE UNINASSAU LAURO DE FREITAS;-;Privada com fins lucrativos;1258332;BIOMEDICINA;Bacharelado;Presencial;-;;-;;-;;-;;180;15/12/2014;28/11/2014;Extinto;9;Saúde e bem-estar;91;Saúde;914;Tecnologia de diagnóstico e tratamento médico;0914B01;Biomedicina
1913;CENTRO UNIVERSITÁRIO FAMINAS;UNIFAMINAS;Privada com fins lucrativos;117218;BIOMEDICINA;Bacharelado;Presencial;4;2011;4;2023;4;2023;4;2023;120;09/02/2009;08/12/2008;Em Atividade;9;Saúde e bem-estar;91;Saúde;914;Tecnologia de diagnóstico e tratamento médico;0914B01;Biomedicina
1913;CENTRO UNIVERSITÁRIO FAMINAS;UNIFAMINAS;Privada com fins lucrativos;1163738;MEDICINA;Bacharelado;Presencial;5;2022;4;2023;2;2025;4;2023;83;14/07/2014;21/03/2013;Em Atividade;9;Saúde e bem-estar;91;Saúde;912;Medicina;0912M01;Medicina
1913;CENTRO UNIVERSITÁRIO FAMINAS;UNIFAMINAS;Privada com fins lucrativos;1556052;MEDICINA VETERINÁRIA;Bacharelado;Presencial;-;;-;;-;;-;;120;01/02/2022;18/11/2020;Em Atividade;8;Agricultura, silvicultura, pesca e veterinária;84;Veterinária;841;Veterinária;0841M01;Medicina veterinária
1913;CENTRO UNIVERSITÁRIO FAMINAS;UNIFAMINAS;Privada com fins lucrativos;1708925;BIOMEDICINA;Bacharelado;Semipresencial;-;;-;;-;;-;;960;Não iniciado;25/09/2025;Em Atividade;9;Saúde e bem-estar;91;Saúde;914;Tecnologia de diagnóstico e tratamento médico;0914B01;Biomedicina
1917;CENTRO UNIVERSITÁRIO MAURÍCIO DE NASSAU DE CACOAL;UNINASSAU;Privada com fins lucrativos;1660513;BIOMEDICINA;Bacharelado;Presencial;-;;-;;-;;-;;100;Não iniciado;31/10/2023;Em Atividade;9;Saúde e bem-estar;91;Saúde;914;Tecnologia de diagnóstico e tratamento médico;0914B01;Biomedicina
1917;Centro Universitário Unifacimed;UNIFACIMED;Privada com fins lucrativos;98350;MEDICINA VETERINÁRIA;Bacharelado;Presencial;3;2011;2;2023;2;2023;2;2023;100;05/02/2007;08/11/2006;Em Atividade;8;Agricultura, silvicultura, pesca e veterinária;84;Veterinária;841;Veterinária;0841M01;Medicina veterinária
1917;Centro Universitário Unifacimed;UNIFACIMED;Privada com fins lucrativos;98409;MEDICINA;Bacharelado;Presencial;4;2024;3;2023;3;2025;4;2023;75;05/02/2007;10/11/2006;Em Atividade;9;Saúde e bem-estar;91;Saúde;912;Medicina;0912M01;Medicina
1917;Centro Universitário Unifacimed;UNIFACIMED;Privada com fins lucrativos;1555824;BIOMEDICINA;Bacharelado;A Distância;-;;-;;-;;-;;8850;Não iniciado;11/11/2020;Extinto;9;Saúde e bem-estar;91;Saúde;914;Tecnologia de diagnóstico e tratamento médico;0914B01;Biomedicina
1918;Centro Universitário Univinte;-;Privada com fins lucrativos;1441345;MEDICINA VETERINÁRIA;Bacharelado;Presencial;3;2025;-;;-;;-;;138;16/11/2020;02/10/2020;Em Atividade;8;Agricultura, silvicultura, pesca e veterinária;84;Veterinária;841;Veterinária;0841M01;Medicina veterinária
1918;Centro Universitário Univinte;-;Privada com fins lucrativos;1527872;BIOMEDICINA;Bacharelado;A Distância;4;2021;-;;-;;-;;90;23/02/2022;19/11/2021;Em Extinção;9;Saúde e bem-estar;91;Saúde;914;Tecnologia de diagnóstico e tratamento médico;0914B01;Biomedicina
1923;FACULDADE ARNALDO JANSSEN;FAJANSSEN;Privada sem fins lucrativos;49349;MEDICINA VETERINÁRIA;Bacharelado;Presencial;4;2023;4;2023;3;2023;4;2023;150;10/01/2002;08/11/2001;Em Atividade;8;Agricultura, silvicultura, pesca e veterinária;84;Veterinária;841;Veterinária;0841M01;Medicina veterinária
1927;CENTRO UNIVERSITÁRIO DO VALE DO IGUAÇU;UNIGUAÇU;Privada com fins lucrativos;88946;MEDICINA VETERINÁRIA;Bacharelado;Presencial;4;2012;3;2023;3;2023;3;2023;100;13/02/2006;16/11/2005;Em Atividade;8;Agricultura, silvicultura, pesca e veterinária;84;Veterinária;841;Veterinária;0841M01;Medicina veterinária
1927;CENTRO UNIVERSITÁRIO DO VALE DO IGUAÇU;UNIGUAÇU;Privada com fins lucrativos;117205;BIOMEDICINA;Bacharelado;Presencial;3;2012;4;2023;3;2023;4;2023;80;09/02/2009;08/12/2008;Em Atividade;9;Saúde e bem-estar;91;Saúde;914;Tecnologia de diagnóstico e tratamento médico;0914B01;Biomedicina
1927;Ugv Centro Universitário;-;Privada com fins lucrativos;1634105;MEDICINA VETERINÁRIA;Bacharelado;A Distância;-;;-;;-;;-;;200;31/05/2023;14/03/2023;Em Extinção;8;Agricultura, silvicultura, pesca e veterinária;84;Veterinária;841;Veterinária;0841M01;Medicina veterinária
1927;Ugv Centro Universitário;-;Privada com fins lucrativos;1634535;BIOMEDICINA;Bacharelado;A Distância;-;;-;;-;;-;;200;31/05/2023;20/03/2023;Em Extinção;9;Saúde e bem-estar;91;Saúde;914;Tecnologia de diagnóstico e tratamento médico;0914B01;Biomedicina
1927;Ugv Centro Universitário;-;Privada com fins lucrativos;1708928;BIOMEDICINA;Bacharelado;Semipresencial;-;;-;;-;;-;;1600;10/12/2025;25/09/2025;Em Atividade;9;Saúde e bem-estar;91;Saúde;914;Tecnologia de diagnóstico e tratamento médico;0914B01;Biomedicina
1927;Ugv Centro Universitário;-;Privada com fins lucrativos;1709558;MEDICINA VETERINÁRIA;Bacharelado;Semipresencial;-;;-;;-;;-;;2000;10/12/2025;25/09/2025;Em Atividade;8;Agricultura, silvicultura, pesca e veterinária;84;Veterinária;841;Veterinária;0841M01;Medicina veterinária
1936;CENTRO UNIVERSITÁRIO LA SALLE;UNILASALLE - LUCAS;Privada sem fins lucrativos;1615657;MEDICINA VETERINÁRIA;Bacharelado;Presencial;-;;-;;-;;-;;80;30/01/2023;26/10/2022;Em Atividade;8;Agricultura, silvicultura, pesca e veterinária;84;Veterinária;841;Veterinária;0841M01;Medicina veterinária
1936;CENTRO UNIVERSITÁRIO LA SALLE;UNILASALLE - LUCAS;Privada sem fins lucrativos;1642505;BIOMEDICINA;Bacharelado;Presencial;-;;-;;-;;-;;80;Não iniciado;13/06/2023;Em Atividade;9;Saúde e bem-estar;91;Saúde;914;Tecnologia de diagnóstico e tratamento médico;0914B01;Biomedicina
1941;FACULDADE CUIABÁ;FAUC;Privada sem fins lucrativos;117242;BIOMEDICINA;Bacharelado;Presencial;4;2023;2;2023;1;2023;2;2023;180;09/02/2009;08/12/2008;Em Atividade;9;Saúde e bem-estar;91;Saúde;914;Tecnologia de diagnóstico e tratamento médico;0914B01;Biomedicina
1945;FACULDADE DE SORRISO;-;Privada com fins lucrativos;1404731;BIOMEDICINA;Bacharelado;Presencial;5;2022;3;2023;1;2023;2;2023;80;06/08/2018;02/04/2018;Em Atividade;9;Saúde e bem-estar;91;Saúde;914;Tecnologia de diagnóstico e tratamento médico;0914B01;Biomedicina
1949;CENTRO UNIVERSITÁRIO DE PAULÍNIA;UNIFACP;Privada com fins lucrativos;1458736;MEDICINA VETERINÁRIA;Bacharelado;Presencial;3;2024;2;2023;2;2023;2;2023;50;25/02/2019;13/11/2018;Em Atividade;8;Agricultura, silvicultura, pesca e veterinária;84;Veterinária;841;Veterinária;0841M01;Medicina veterinária
1952;CENTRO UNIVERSITÁRIO CATHEDRAL;-;Privada com fins lucrativos;1615272;BIOMEDICINA;Bacharelado;Presencial;-;;-;;-;;-;;100;22/08/2022;21/10/2022;Em Atividade;9;Saúde e bem-estar;91;Saúde;914;Tecnologia de diagnóstico e tratamento médico;0914B01;Biomedicina
1956;FACULDADE UNIRB - ALAGOAS;F. UNIRB;Privada sem fins lucrativos;1454127;BIOMEDICINA;Bacharelado;Presencial;-;;-;;-;;-;;200;01/04/2019;01/04/2019;Em Atividade;9;Saúde e bem-estar;91;Saúde;914;Tecnologia de diagnóstico e tratamento médico;0914B01;Biomedicina
1970;Faculdade Multivix de Cachoeiro;Multivix Cachoeiro;Privada com fins lucrativos;110541;BIOMEDICINA;Bacharelado;Presencial;5;2023;5;2023;5;2023;4;2023;120;09/02/2009;20/03/2008;Em Atividade;9;Saúde e bem-estar;91;Saúde;914;Tecnologia de diagnóstico e tratamento médico;0914B01;Biomedicina
1970;Faculdade Multivix de Cachoeiro;Multivix Cachoeiro;Privada com fins lucrativos;1498998;MEDICINA VETERINÁRIA;Bacharelado;Presencial;4;2025;-;;-;;-;;120;07/03/2022;19/08/2021;Em Atividade;8;Agricultura, silvicultura, pesca e veterinária;84;Veterinária;841;Veterinária;0841M01;Medicina veterinária
1978;Centro Universitário Fametro;Unifametro;Privada com fins lucrativos;1365661;BIOMEDICINA;Bacharelado;Presencial;-;;-;;-;;-;;200;Não iniciado;31/03/2017;Extinto;9;Saúde e bem-estar;91;Saúde;914;Tecnologia de diagnóstico e tratamento médico;0914B01;Biomedicina
1978;Centro Universitário Fametro;Unifametro;Privada com fins lucrativos;1365809;MEDICINA VETERINÁRIA;Bacharelado;Presencial;4;2022;4;2023;3;2023;3;2023;150;29/01/2018;28/09/2017;Em Atividade;8;Agricultura, silvicultura, pesca e veterinária;84;Veterinária;841;Veterinária;0841M01;Medicina veterinária
1978;Centro Universitário Fametro;Unifametro;Privada com fins lucrativos;1486339;BIOMEDICINA;Bacharelado;Presencial;-;;-;;-;;-;;100;Não iniciado;29/05/2019;Extinto;9;Saúde e bem-estar;91;Saúde;914;Tecnologia de diagnóstico e tratamento médico;0914B01;Biomedicina
1978;Centro Universitário Fametro;Unifametro;Privada com fins lucrativos;1491518;MEDICINA VETERINÁRIA;Bacharelado;Presencial;-;;-;;-;;-;;100;Não iniciado;09/09/2019;Extinto;8;Agricultura, silvicultura, pesca e veterinária;84;Veterinária;841;Veterinária;0841M01;Medicina veterinária
1978;Centro Universitário Fametro;Unifametro;Privada com fins lucrativos;1541540;BIOMEDICINA;Bacharelado;A Distância;-;;-;;-;;-;;100;Não iniciado;10/08/2020;Extinto;9;Saúde e bem-estar;91;Saúde;914;Tecnologia de diagnóstico e tratamento médico;0914B01;Biomedicina
1978;Centro Universitário Fametro;Unifametro;Privada com fins lucrativos;1598136;BIOMEDICINA;Bacharelado;Presencial;-;;-;;-;;-;;100;Não iniciado;12/01/2022;Extinto;9;Saúde e bem-estar;91;Saúde;914;Tecnologia de diagnóstico e tratamento médico;0914B01;Biomedicina
1984;Centro Universitário Unifacig;-;Privada com fins lucrativos;1193264;MEDICINA;Bacharelado;Presencial;4;2020;3;2023;2;2025;3;2023;36;01/07/2014;16/04/2014;Em Atividade;9;Saúde e bem-estar;91;Saúde;912;Medicina;0912M01;Medicina
1984;Centro Universitário Unifacig;-;Privada com fins lucrativos;1487445;MEDICINA VETERINÁRIA;Bacharelado;Presencial;4;2024;-;;-;;-;;100;31/01/2020;22/07/2019;Em Atividade;8;Agricultura, silvicultura, pesca e veterinária;84;Veterinária;841;Veterinária;0841M01;Medicina veterinária
1986;CENTRO UNIVERSITÁRIO ESTÁCIO JUIZ DE FORA - ESTÁCIO JUIZ DE FORA;-;Privada com fins lucrativos;1619203;BIOMEDICINA;Bacharelado;Presencial;-;;-;;-;;-;;100;07/08/2023;30/11/2022;Em Atividade;9;Saúde e bem-estar;91;Saúde;914;Tecnologia de diagnóstico e tratamento médico;0914B01;Biomedicina
1986;CENTRO UNIVERSITÁRIO ESTÁCIO JUIZ DE FORA - ESTÁCIO JUIZ DE FORA;-;;1724551;MEDICINA VETERINÁRIA;Bacharelado;Presencial;-;;-;;-;;-;;100;Não iniciado;-;Em Atividade;;;;;;;;
1988;CENTRO UNIVERSITARIO AVANTIS;UNIAVAN;Privada com fins lucrativos;1365541;MEDICINA VETERINÁRIA;Bacharelado;Presencial;5;2022;3;2023;3;2023;3;2023;150;30/07/2018;21/05/2018;Em Atividade;8;Agricultura, silvicultura, pesca e veterinária;84;Veterinária;841;Veterinária;0841M01;Medicina veterinária
1988;CENTRO UNIVERSITARIO AVANTIS;UNIAVAN;Privada com fins lucrativos;1473844;BIOMEDICINA;Bacharelado;Presencial;4;2023;2;2023;2;2023;2;2023;300;22/03/2019;07/02/2019;Em Atividade;9;Saúde e bem-estar;91;Saúde;914;Tecnologia de diagnóstico e tratamento médico;0914B01;Biomedicina
1988;CENTRO UNIVERSITARIO AVANTIS;UNIAVAN;Privada com fins lucrativos;1473845;BIOMEDICINA;Bacharelado;A Distância;4;2024;2;2023;1;2023;2;2023;5000;22/03/2019;08/02/2019;Em Extinção;9;Saúde e bem-estar;91;Saúde;914;Tecnologia de diagnóstico e tratamento médico;0914B01;Biomedicina
1988;CENTRO UNIVERSITARIO AVANTIS;UNIAVAN;Privada com fins lucrativos;1701953;BIOMEDICINA;Bacharelado;Semipresencial;-;;-;;-;;-;;500;Não iniciado;25/09/2025;Em Atividade;9;Saúde e bem-estar;91;Saúde;914;Tecnologia de diagnóstico e tratamento médico;0914B01;Biomedicina
1988;CENTRO UNIVERSITARIO AVANTIS;UNIAVAN;;1722601;MEDICINA VETERINÁRIA;Bacharelado;Semipresencial;-;;-;;-;;-;;300;Não iniciado;-;Em Atividade;;;;;;;;
1995;FACULDADE DE MEDICINA NOVA ESPERANÇA;FAMENE;Privada com fins lucrativos;72681;MEDICINA;Bacharelado;Presencial;5;2024;3;2023;2;2025;2;2023;220;16/08/2004;12/07/2004;Em Atividade;9;Saúde e bem-estar;91;Saúde;912;Medicina;0912M01;Medicina
2005;FACULDADE DE CIÊNCIAS SOCIAIS APLICADAS DE SINOP;FACISAS;Privada com fins lucrativos;109543;BIOMEDICINA;Bacharelado;Presencial;4;2012;3;2023;2;2023;SC;2023;100;09/02/2009;19/02/2008;Em Atividade;9;Saúde e bem-estar;91;Saúde;914;Tecnologia de diagnóstico e tratamento médico;0914B01;Biomedicina
2023;Centro Universitário FG;UNIFG;Privada com fins lucrativos;100115;BIOMEDICINA;Bacharelado;Presencial;4;2012;3;2023;2;2023;2;2023;100;17/07/2006;29/12/2006;Em Atividade;9;Saúde e bem-estar;91;Saúde;914;Tecnologia de diagnóstico e tratamento médico;0914B01;Biomedicina
2023;Centro Universitário FG;UNIFG;Privada com fins lucrativos;1258066;MEDICINA VETERINÁRIA;Bacharelado;Presencial;4;2024;2;2023;2;2023;1;2023;100;01/07/2015;06/05/2015;Em Atividade;8;Agricultura, silvicultura, pesca e veterinária;84;Veterinária;841;Veterinária;0841M01;Medicina veterinária
2023;Centro Universitário FG;UNIFG;Privada com fins lucrativos;1486978;MEDICINA;Bacharelado;Presencial;-;;-;;-;;-;;50;01/02/2022;01/12/2022;Em Atividade;9;Saúde e bem-estar;91;Saúde;912;Medicina;0912M01;Medicina
2023;Centro Universitário FG;UNIFG;Privada com fins lucrativos;1683126;BIOMEDICINA;Bacharelado;Presencial;-;;-;;-;;-;;50;Não iniciado;30/08/2024;Em Atividade;9;Saúde e bem-estar;91;Saúde;914;Tecnologia de diagnóstico e tratamento médico;0914B01;Biomedicina
2023;Centro Universitário FG;UNIFG;Privada com fins lucrativos;5001314;MEDICINA;Bacharelado;Presencial;4;2023;4;2023;4;2025;4;2023;50;17/11/2015;16/11/2015;Em Atividade;9;Saúde e bem-estar;91;Saúde;912;Medicina;0912M01;Medicina
2036;Faculdade Estácio do Pará - Estácio FAP;ESTÁCIO FAP;Privada com fins lucrativos;1616663;BIOMEDICINA;Bacharelado;Presencial;5;2023;-;;-;;-;;200;01/08/2024;04/12/2023;Em Atividade;9;Saúde e bem-estar;91;Saúde;914;Tecnologia de diagnóstico e tratamento médico;0914B01;Biomedicina
2040;FACULDADE DO FUTURO;FAF;Privada com fins lucrativos;1330605;MEDICINA VETERINÁRIA;Bacharelado;Presencial;4;2025;3;2023;3;2023;3;2023;80;01/09/2017;14/08/2017;Em Atividade;8;Agricultura, silvicultura, pesca e veterinária;84;Veterinária;841;Veterinária;0841M01;Medicina veterinária
2041;FACULDADE SUDAMÉRICA;SUDAMÉRICA;Privada sem fins lucrativos;1387375;MEDICINA VETERINÁRIA;Bacharelado;Presencial;4;2024;3;2023;3;2023;3;2023;75;01/03/2019;31/12/2018;Em Atividade;8;Agricultura, silvicultura, pesca e veterinária;84;Veterinária;841;Veterinária;0841M01;Medicina veterinária
2043;CENTRO UNIVERSITÁRIO VALE DO SALGADO;-;Privada com fins lucrativos;1527926;MEDICINA VETERINÁRIA;Bacharelado;Presencial;5;2024;-;;-;;-;;300;16/06/2020;02/05/2020;Em Atividade;8;Agricultura, silvicultura, pesca e veterinária;84;Veterinária;841;Veterinária;0841M01;Medicina veterinária
2043;CENTRO UNIVERSITÁRIO VALE DO SALGADO;-;Privada com fins lucrativos;1596069;MEDICINA;Bacharelado;Presencial;5;2022;-;;-;;-;;62;30/09/2024;22/08/2024;Em Atividade;9;Saúde e bem-estar;91;Saúde;912;Medicina;0912M01;Medicina
2056;FACULDADE DA ALTA PAULISTA;FAP;Privada com fins lucrativos;1279544;BIOMEDICINA;Bacharelado;Presencial;4;2018;2;2023;2;2023;2;2023;80;02/02/2015;30/10/2014;Em Atividade;9;Saúde e bem-estar;91;Saúde;914;Tecnologia de diagnóstico e tratamento médico;0914B01;Biomedicina
2058;FACULDADE METROPOLITANA;UNNESA;Privada com fins lucrativos;1184060;MEDICINA;Bacharelado;Presencial;5;2025;-;;1;2025;-;;100;28/10/2019;29/08/2019;Em Atividade;9;Saúde e bem-estar;91;Saúde;912;Medicina;0912M01;Medicina
2067;Centro Universitário de Ciências e Empreendedorismo;UNIFACEMP;Privada com fins lucrativos;1599228;MEDICINA VETERINÁRIA;Bacharelado;Presencial;-;;-;;-;;-;;100;Não iniciado;23/02/2022;Em Atividade;8;Agricultura, silvicultura, pesca e veterinária;84;Veterinária;841;Veterinária;0841M01;Medicina veterinária
2067;Centro Universitário de Ciências e Empreendedorismo;UNIFACEMP;Privada com fins lucrativos;1599229;BIOMEDICINA;Bacharelado;Presencial;-;;-;;-;;-;;100;Não iniciado;23/02/2022;Em Atividade;9;Saúde e bem-estar;91;Saúde;914;Tecnologia de diagnóstico e tratamento médico;0914B01;Biomedicina
2067;Centro Universitário de Ciências e Empreendedorismo;UNIFACEMP;Privada com fins lucrativos;1612165;MEDICINA;Bacharelado;Presencial;5;2023;-;;-;;-;;60;04/11/2024;19/07/2024;Em Atividade;;;;;;;;
2067;Centro Universitário de Ciências e Empreendedorismo;UNIFACEMP;Privada com fins lucrativos;1635484;BIOMEDICINA;Bacharelado;A Distância;-;;-;;-;;-;;500;04/04/2023;02/04/2023;Em Extinção;9;Saúde e bem-estar;91;Saúde;914;Tecnologia de diagnóstico e tratamento médico;0914B01;Biomedicina
2067;Centro Universitário de Ciências e Empreendedorismo;UNIFACEMP;Privada com fins lucrativos;1708939;BIOMEDICINA;Bacharelado;Semipresencial;-;;-;;-;;-;;4000;12/09/2025;25/09/2025;Em Atividade;9;Saúde e bem-estar;91;Saúde;914;Tecnologia de diagnóstico e tratamento médico;0914B01;Biomedicina
2076;CENTRO UNIVERSITÁRIO UNIRB;UNIRB;Privada com fins lucrativos;100136;BIOMEDICINA;Bacharelado;Presencial;3;2010;SC;2023;SC;2023;SC;2023;200;13/08/2007;11/01/2007;Em Atividade;9;Saúde e bem-estar;91;Saúde;914;Tecnologia de diagnóstico e tratamento médico;0914B01;Biomedicina
2076;CENTRO UNIVERSITÁRIO UNIRB;UNIRB;Privada com fins lucrativos;1279524;MEDICINA VETERINÁRIA;Bacharelado;Presencial;3;2022;3;2023;2;2023;3;2023;200;06/07/2015;01/06/2015;Em Atividade;8;Agricultura, silvicultura, pesca e veterinária;84;Veterinária;841;Veterinária;0841M01;Medicina veterinária
2076;CENTRO UNIVERSITÁRIO UNIRB;UNIRB;Privada com fins lucrativos;1610679;MEDICINA VETERINÁRIA;Bacharelado;A Distância;-;;3;2023;2;2023;2;2023;2000;10/08/2022;10/08/2022;Em Extinção;8;Agricultura, silvicultura, pesca e veterinária;84;Veterinária;841;Veterinária;0841M01;Medicina veterinária
2076;CENTRO UNIVERSITÁRIO UNIRB;UNIRB;Privada com fins lucrativos;1711654;MEDICINA VETERINÁRIA;Bacharelado;Semipresencial;-;;-;;-;;-;;2000;Não iniciado;25/09/2025;Em Atividade;8;Agricultura, silvicultura, pesca e veterinária;84;Veterinária;841;Veterinária;0841M01;Medicina veterinária
2082;FACULDADE DE CIÊNCIAS MÉDICAS DA PARAÍBA;FCM-PB;Privada com fins lucrativos;72667;MEDICINA;Bacharelado;Presencial;4;2018;3;2023;2;2025;3;2023;157;11/08/2004;12/07/2004;Em Atividade;9;Saúde e bem-estar;91;Saúde;912;Medicina;0912M01;Medicina
2085;CENTRO UNIVERSITÁRIO DE SALVADOR;UNICEUSA;Privada com fins lucrativos;1452884;BIOMEDICINA;Bacharelado;Presencial;-;;-;;-;;-;;100;Não iniciado;02/08/2018;Extinto;9;Saúde e bem-estar;91;Saúde;914;Tecnologia de diagnóstico e tratamento médico;0914B01;Biomedicina
2086;INSTITUTO DE ENSINO SUPERIOR DE FOZ DO IGUAÇU;IESFI;Privada com fins lucrativos;1441142;BIOMEDICINA;Bacharelado;Presencial;4;2023;3;2023;2;2023;3;2023;100;06/02/2019;13/06/2018;Em Atividade;9;Saúde e bem-estar;91;Saúde;914;Tecnologia de diagnóstico e tratamento médico;0914B01;Biomedicina
2111;CENTRO UNIVERSITÁRIO INTA;UNINTA;Privada sem fins lucrativos;101248;MEDICINA VETERINÁRIA;Bacharelado;Presencial;-;;-;;-;;-;;105;20/03/2007;12/02/2007;Extinto;8;Agricultura, silvicultura, pesca e veterinária;84;Veterinária;841;Veterinária;0841M01;Medicina veterinária
2111;CENTRO UNIVERSITÁRIO INTA;UNINTA;Privada sem fins lucrativos;1173014;MEDICINA;Bacharelado;Presencial;5;2025;4;2023;3;2025;3;2023;197;17/03/2014;30/01/2014;Em Atividade;9;Saúde e bem-estar;91;Saúde;912;Medicina;0912M01;Medicina
2111;CENTRO UNIVERSITÁRIO INTA;UNINTA;Privada sem fins lucrativos;1259325;BIOMEDICINA;Bacharelado;Presencial;4;2017;4;2023;3;2023;3;2023;200;01/04/2014;28/03/2014;Em Atividade;9;Saúde e bem-estar;91;Saúde;914;Tecnologia de diagnóstico e tratamento médico;0914B01;Biomedicina
2111;CENTRO UNIVERSITÁRIO INTA;UNINTA;Privada sem fins lucrativos;1425191;MEDICINA VETERINÁRIA;Bacharelado;Presencial;5;2023;3;2023;3;2023;3;2023;200;01/12/2017;30/11/2017;Em Atividade;8;Agricultura, silvicultura, pesca e veterinária;84;Veterinária;841;Veterinária;0841M01;Medicina veterinária
2111;CENTRO UNIVERSITÁRIO INTA;UNINTA;Privada sem fins lucrativos;1517623;BIOMEDICINA;Bacharelado;A Distância;5;2023;-;;-;;-;;5000;27/07/2020;13/01/2020;Em Extinção;9;Saúde e bem-estar;91;Saúde;914;Tecnologia de diagnóstico e tratamento médico;0914B01;Biomedicina
2111;CENTRO UNIVERSITÁRIO INTA;UNINTA;Privada sem fins lucrativos;1534087;MEDICINA;Bacharelado;Presencial;5;2025;-;;-;;-;;50;24/02/2021;01/01/2021;Em Atividade;9;Saúde e bem-estar;91;Saúde;912;Medicina;0912M01;Medicina
2111;CENTRO UNIVERSITÁRIO INTA;UNINTA;Privada sem fins lucrativos;1701965;BIOMEDICINA;Bacharelado;Semipresencial;-;;-;;-;;-;;2000;Não iniciado;25/09/2025;Em Atividade;9;Saúde e bem-estar;91;Saúde;914;Tecnologia de diagnóstico e tratamento médico;0914B01;Biomedicina
2122;CENTRO UNIVERSITÁRIO ESTÁCIO DE SERGIPE;-;Privada com fins lucrativos;1305198;BIOMEDICINA;Bacharelado;Presencial;4;2022;2;2023;2;2023;2;2023;100;09/03/2017;12/09/2016;Em Atividade;9;Saúde e bem-estar;91;Saúde;914;Tecnologia de diagnóstico e tratamento médico;0914B01;Biomedicina
2123;CENTRO UNIVERSITÁRIO MAX PLANCK;UniMAX;Privada com fins lucrativos;1258021;MEDICINA;Bacharelado;Presencial;5;2024;-;;3;2025;-;;80;07/12/2018;06/11/2018;Em Atividade;9;Saúde e bem-estar;91;Saúde;912;Medicina;0912M01;Medicina
2123;CENTRO UNIVERSITÁRIO MAX PLANCK;UniMAX;Privada com fins lucrativos;1457337;BIOMEDICINA;Bacharelado;Presencial;4;2022;3;2023;3;2023;3;2023;80;28/01/2019;16/10/2018;Em Atividade;9;Saúde e bem-estar;91;Saúde;914;Tecnologia de diagnóstico e tratamento médico;0914B01;Biomedicina
2123;CENTRO UNIVERSITÁRIO MAX PLANCK;UniMAX;Privada com fins lucrativos;5000320;MEDICINA VETERINÁRIA;Bacharelado;Presencial;4;2017;3;2023;3;2023;3;2023;120;01/03/2010;25/11/2009;Em Atividade;8;Agricultura, silvicultura, pesca e veterinária;84;Veterinária;841;Veterinária;0841M01;Medicina veterinária
2132;CENTRO UNIVERSITÁRIO UNINORTE;-;Privada com fins lucrativos;1193275;MEDICINA;Bacharelado;Presencial;5;2022;2;2023;1;2025;2;2023;120;10/11/2014;26/08/2014;Em Atividade;9;Saúde e bem-estar;91;Saúde;912;Medicina;0912M01;Medicina
2132;CENTRO UNIVERSITÁRIO UNINORTE;-;Privada com fins lucrativos;1193613;BIOMEDICINA;Bacharelado;Presencial;4;2017;3;2023;2;2023;3;2023;200;01/08/2013;10/07/2013;Em Atividade;9;Saúde e bem-estar;91;Saúde;914;Tecnologia de diagnóstico e tratamento médico;0914B01;Biomedicina
2132;CENTRO UNIVERSITÁRIO UNINORTE;-;Privada com fins lucrativos;1457842;BIOMEDICINA;Bacharelado;A Distância;4;2025;-;;-;;-;;150;10/08/2020;07/11/2018;Em Extinção;9;Saúde e bem-estar;91;Saúde;914;Tecnologia de diagnóstico e tratamento médico;0914B01;Biomedicina
2132;CENTRO UNIVERSITÁRIO UNINORTE;-;Privada com fins lucrativos;1701969;BIOMEDICINA;Bacharelado;Semipresencial;-;;-;;-;;-;;150;Não iniciado;25/09/2025;Em Atividade;9;Saúde e bem-estar;91;Saúde;914;Tecnologia de diagnóstico e tratamento médico;0914B01;Biomedicina
2135;CENTRO UNIVERSITÁRIO CATÓLICA DE QUIXADÁ;UNICATÓLICA;Privada sem fins lucrativos;88897;BIOMEDICINA;Bacharelado;Presencial;4;2017;SC;2023;SC;2023;SC;2023;100;14/11/2005;16/11/2005;Em Extinção;9;Saúde e bem-estar;91;Saúde;914;Tecnologia de diagnóstico e tratamento médico;0914B01;Biomedicina
2147;Centro Universitário CEUNI - FAMETRO;CEUNI-FAMETRO;Privada com fins lucrativos;1708947;BIOMEDICINA;Bacharelado;Semipresencial;-;;-;;-;;-;;2400;29/09/2025;25/09/2025;Em Atividade;9;Saúde e bem-estar;91;Saúde;914;Tecnologia de diagnóstico e tratamento médico;0914B01;Biomedicina
2147;Centro Universitário CEUNI - FAMETRO;CEUNI-FAMETRO;Privada com fins lucrativos;1709562;MEDICINA VETERINÁRIA;Bacharelado;Semipresencial;-;;-;;-;;-;;3000;29/09/2025;25/09/2025;Em Atividade;8;Agricultura, silvicultura, pesca e veterinária;84;Veterinária;841;Veterinária;0841M01;Medicina veterinária
2147;Centro Universitário CEUNI - FAMETRO;FAMETRO;Privada com fins lucrativos;1043865;BIOMEDICINA;Bacharelado;Presencial;3;2015;3;2023;2;2023;2;2023;300;26/10/2011;26/09/2011;Em Atividade;9;Saúde e bem-estar;91;Saúde;914;Tecnologia de diagnóstico e tratamento médico;0914B01;Biomedicina
2147;Centro Universitário CEUNI - FAMETRO;FAMETRO;Privada com fins lucrativos;1259764;MEDICINA VETERINÁRIA;Bacharelado;Presencial;5;2023;4;2023;3;2023;3;2023;300;12/05/2016;23/12/2015;Em Atividade;8;Agricultura, silvicultura, pesca e veterinária;84;Veterinária;841;Veterinária;0841M01;Medicina veterinária
2147;Centro Universitário CEUNI - FAMETRO;FAMETRO;Privada com fins lucrativos;1385538;MEDICINA;Bacharelado;Presencial;5;2024;3;2023;1;2025;1;2023;150;19/12/2017;29/11/2017;Em Atividade;9;Saúde e bem-estar;91;Saúde;912;Medicina;0912M01;Medicina
2147;Centro Universitário CEUNI - FAMETRO;FAMETRO;Privada com fins lucrativos;1453383;BIOMEDICINA;Bacharelado;Presencial;4;2023;3;2023;1;2023;2;2023;150;05/08/2018;27/07/2018;Em Atividade;9;Saúde e bem-estar;91;Saúde;914;Tecnologia de diagnóstico e tratamento médico;0914B01;Biomedicina
2147;Centro Universitário CEUNI - FAMETRO;FAMETRO;Privada com fins lucrativos;1484207;MEDICINA VETERINÁRIA;Bacharelado;Presencial;-;;-;;-;;-;;100;Não iniciado;15/04/2019;Extinto;8;Agricultura, silvicultura, pesca e veterinária;84;Veterinária;841;Veterinária;0841M01;Medicina veterinária
2147;Centro Universitário CEUNI - FAMETRO;FAMETRO;Privada com fins lucrativos;1484215;BIOMEDICINA;Bacharelado;Presencial;-;;-;;-;;-;;100;05/08/2019;15/04/2019;Em Atividade;9;Saúde e bem-estar;91;Saúde;914;Tecnologia de diagnóstico e tratamento médico;0914B01;Biomedicina
2147;Centro Universitário CEUNI - FAMETRO;FAMETRO;Privada com fins lucrativos;1660296;BIOMEDICINA;Bacharelado;A Distância;-;;-;;-;;-;;300;Não iniciado;26/10/2023;Em Extinção;9;Saúde e bem-estar;91;Saúde;914;Tecnologia de diagnóstico e tratamento médico;0914B01;Biomedicina
2147;Centro Universitário CEUNI - FAMETRO;FAMETRO;Privada com fins lucrativos;1660300;MEDICINA VETERINÁRIA;Bacharelado;A Distância;-;;-;;-;;-;;300;Não iniciado;26/10/2023;Em Extinção;8;Agricultura, silvicultura, pesca e veterinária;84;Veterinária;841;Veterinária;0841M01;Medicina veterinária
2148;FACULDADE DE PALMAS;FAPAL;Privada com fins lucrativos;1441148;BIOMEDICINA;Bacharelado;Presencial;4;2022;2;2023;1;2023;2;2023;100;05/02/2019;13/06/2018;Em Atividade;9;Saúde e bem-estar;91;Saúde;914;Tecnologia de diagnóstico e tratamento médico;0914B01;Biomedicina
2149;FACULDADE MATO GROSSO DO SUL;FACSUL;Privada com fins lucrativos;1441116;BIOMEDICINA;Bacharelado;Presencial;-;;-;;-;;-;;100;05/02/2019;18/06/2018;Extinto;9;Saúde e bem-estar;91;Saúde;914;Tecnologia de diagnóstico e tratamento médico;0914B01;Biomedicina
2158;FACULDADE SANTA MARIA;FSM;Privada com fins lucrativos;108706;BIOMEDICINA;Bacharelado;Presencial;3;2014;4;2023;3;2023;4;2023;100;01/08/2008;17/01/2008;Em Atividade;9;Saúde e bem-estar;91;Saúde;914;Tecnologia de diagnóstico e tratamento médico;0914B01;Biomedicina
2158;FACULDADE SANTA MARIA;FSM;Privada com fins lucrativos;1104264;MEDICINA;Bacharelado;Presencial;5;2025;3;2023;3;2025;2;2023;60;01/08/2012;06/06/2012;Em Atividade;9;Saúde e bem-estar;91;Saúde;912;Medicina;0912M01;Medicina
2175;CENTRO UNIVERSITÁRIO DANTE;UNIDANTE;Privada com fins lucrativos;1059323;BIOMEDICINA;Bacharelado;Presencial;3;2012;4;2023;4;2023;4;2023;100;08/02/2010;13/01/2010;Em Atividade;9;Saúde e bem-estar;91;Saúde;914;Tecnologia de diagnóstico e tratamento médico;0914B01;Biomedicina
2175;Centro Universitário Uniasselvi de Blumenau;-;Privada com fins lucrativos;1660871;BIOMEDICINA;Bacharelado;A Distância;-;;-;;-;;-;;1000;02/06/2025;06/11/2023;Em Extinção;9;Saúde e bem-estar;91;Saúde;914;Tecnologia de diagnóstico e tratamento médico;0914B01;Biomedicina
2175;Centro Universitário Uniasselvi de Blumenau;-;Privada com fins lucrativos;1701975;BIOMEDICINA;Bacharelado;Semipresencial;-;;-;;-;;-;;9000;Não iniciado;25/09/2025;Em Atividade;9;Saúde e bem-estar;91;Saúde;914;Tecnologia de diagnóstico e tratamento médico;0914B01;Biomedicina
2183;CENTRO UNIVERSITÁRIO FUNDAÇÃO SANTO ANDRÉ;CUFSA;Privada sem fins lucrativos;1659695;BIOMEDICINA;Bacharelado;Presencial;-;;-;;-;;-;;140;19/02/2024;18/10/2023;Em Atividade;9;Saúde e bem-estar;91;Saúde;914;Tecnologia de diagnóstico e tratamento médico;0914B01;Biomedicina
2189;FACULDADE DO MARANHÃO;FACAM-MA;;1724107;BIOMEDICINA;Bacharelado;Presencial;-;;-;;-;;-;;200;Não iniciado;-;Em Atividade;;;;;;;;
2191;FACULDADE ANHANGUERA DE PELOTAS;-;Privada com fins lucrativos;1303517;BIOMEDICINA;Bacharelado;Presencial;4;2019;4;2023;3;2023;4;2023;160;17/08/2015;30/03/2015;Em Atividade;9;Saúde e bem-estar;91;Saúde;914;Tecnologia de diagnóstico e tratamento médico;0914B01;Biomedicina
2194;FACULDADE ANHANGUERA DO RIO GRANDE;-;Privada com fins lucrativos;1404759;BIOMEDICINA;Bacharelado;Presencial;-;;-;;-;;-;;100;13/08/2018;23/03/2018;Extinto;9;Saúde e bem-estar;91;Saúde;914;Tecnologia de diagnóstico e tratamento médico;0914B01;Biomedicina
2222;Centro Universitário do Rio São Francisco Unirios;UNIRIOS;Privada com fins lucrativos;1166253;BIOMEDICINA;Bacharelado;Presencial;4;2023;4;2023;3;2023;4;2023;100;01/10/2012;08/10/2012;Em Atividade;9;Saúde e bem-estar;91;Saúde;914;Tecnologia de diagnóstico e tratamento médico;0914B01;Biomedicina
2222;Centro Universitário do Rio São Francisco Unirios;UNIRIOS;Privada com fins lucrativos;1662832;BIOMEDICINA;Bacharelado;A Distância;-;;-;;-;;-;;500;02/10/2023;30/11/2023;Em Extinção;9;Saúde e bem-estar;91;Saúde;914;Tecnologia de diagnóstico e tratamento médico;0914B01;Biomedicina
2222;Centro Universitário do Rio São Francisco Unirios;UNIRIOS;Privada com fins lucrativos;1708959;BIOMEDICINA;Bacharelado;Semipresencial;-;;-;;-;;-;;4000;Não iniciado;25/09/2025;Em Atividade;9;Saúde e bem-estar;91;Saúde;914;Tecnologia de diagnóstico e tratamento médico;0914B01;Biomedicina
2241;CENTRO UNIVERSITÁRIO DO SUDESTE MINEIRO;UNICSUM;Privada com fins lucrativos;1441903;BIOMEDICINA;Bacharelado;Presencial;3;2023;4;2023;3;2023;4;2023;100;03/03/2020;18/06/2018;Em Atividade;9;Saúde e bem-estar;91;Saúde;914;Tecnologia de diagnóstico e tratamento médico;0914B01;Biomedicina
2271;FACULDADE PITÁGORAS DE IPATINGA;FPI;Privada com fins lucrativos;1364116;MEDICINA VETERINÁRIA;Bacharelado;Presencial;4;2023;4;2023;3;2023;4;2023;120;06/08/2018;08/02/2018;Em Atividade;8;Agricultura, silvicultura, pesca e veterinária;84;Veterinária;841;Veterinária;0841M01;Medicina veterinária
2279;Centro Universitário Metrocamp Wyden;UniMetrocamp Wyden;Privada com fins lucrativos;80141;BIOMEDICINA;Bacharelado;Presencial;4;2010;3;2019;3;2019;3;2019;120;10/02/2005;16/12/2004;Em Atividade;9;Saúde e bem-estar;91;Saúde;914;Tecnologia de diagnóstico e tratamento médico;0914B01;Biomedicina
2279;Centro Universitário Metrocamp Wyden;UniMetrocamp Wyden;Privada com fins lucrativos;80143;BIOMEDICINA;Bacharelado;Presencial;-;;-;;-;;-;;120;10/02/2005;16/12/2004;Extinto;9;Saúde e bem-estar;91;Saúde;914;Tecnologia de diagnóstico e tratamento médico;0914B01;Biomedicina
2279;Centro Universitário Metrocamp Wyden;UniMetrocamp Wyden;Privada com fins lucrativos;1556179;BIOMEDICINA;Bacharelado;A Distância;-;;-;;-;;-;;100;07/03/2022;09/12/2020;Em Extinção;9;Saúde e bem-estar;91;Saúde;914;Tecnologia de diagnóstico e tratamento médico;0914B01;Biomedicina
2279;Centro Universitário Metrocamp Wyden;UniMetrocamp Wyden;Privada com fins lucrativos;1598385;MEDICINA VETERINÁRIA;Bacharelado;Presencial;-;;-;;-;;-;;100;06/03/2023;10/12/2021;Em Atividade;8;Agricultura, silvicultura, pesca e veterinária;84;Veterinária;841;Veterinária;0841M01;Medicina veterinária
2279;Centro Universitário Metrocamp Wyden;UniMetrocamp Wyden;Privada com fins lucrativos;1701980;BIOMEDICINA;Bacharelado;Semipresencial;-;;-;;-;;-;;100;26/09/2025;25/09/2025;Em Atividade;9;Saúde e bem-estar;91;Saúde;914;Tecnologia de diagnóstico e tratamento médico;0914B01;Biomedicina
2311;FACULDADE KENNEDY DE MINAS GERAIS - FKMG;FKMG;Privada com fins lucrativos;1349831;MEDICINA VETERINÁRIA;Bacharelado;Presencial;3;2024;3;2023;2;2023;2;2023;150;02/08/2018;22/02/2018;Em Atividade;8;Agricultura, silvicultura, pesca e veterinária;84;Veterinária;841;Veterinária;0841M01;Medicina veterinária
2324;Faculdade Anhanguera de São José-SC;FASJ-SC;Privada com fins lucrativos;1303704;MEDICINA VETERINÁRIA;Bacharelado;Presencial;4;2025;2;2023;2;2023;1;2023;80;05/02/2018;29/08/2017;Em Atividade;8;Agricultura, silvicultura, pesca e veterinária;84;Veterinária;841;Veterinária;0841M01;Medicina veterinária
2334;FACULDADE CNEC RIO DAS OSTRAS;-;Privada sem fins lucrativos;1205409;BIOMEDICINA;Bacharelado;Presencial;4;2019;3;2023;3;2023;2;2023;100;27/11/2014;30/05/2014;Em Atividade;9;Saúde e bem-estar;91;Saúde;914;Tecnologia de diagnóstico e tratamento médico;0914B01;Biomedicina
2336;CENTRO UNIVERSITÁRIO BRASÍLIA DO ESTADO DE GOIÁS;UniBRASÍLIA;Privada com fins lucrativos;1321987;MEDICINA VETERINÁRIA;Bacharelado;Presencial;4;2023;3;2023;1;2023;2;2023;100;01/08/2016;28/06/2017;Em Atividade;8;Agricultura, silvicultura, pesca e veterinária;84;Veterinária;841;Veterinária;0841M01;Medicina veterinária
2336;CENTRO UNIVERSITÁRIO BRASÍLIA DO ESTADO DE GOIÁS;UniBRASÍLIA;Privada com fins lucrativos;1535497;BIOMEDICINA;Bacharelado;Presencial;-;;-;;-;;-;;100;Não iniciado;22/06/2020;Extinto;9;Saúde e bem-estar;91;Saúde;914;Tecnologia de diagnóstico e tratamento médico;0914B01;Biomedicina
2336;CENTRO UNIVERSITÁRIO UNIBRAS MONTES BELOS;UNIBRAS;Privada com fins lucrativos;1638339;BIOMEDICINA;Bacharelado;Presencial;-;;-;;-;;-;;50;01/02/2024;25/05/2023;Em Atividade;9;Saúde e bem-estar;91;Saúde;914;Tecnologia de diagnóstico e tratamento médico;0914B01;Biomedicina
2336;CENTRO UNIVERSITÁRIO UNIBRAS MONTES BELOS;UNIBRAS;Privada com fins lucrativos;1664174;BIOMEDICINA;Bacharelado;A Distância;-;;-;;-;;-;;800;01/02/2024;14/12/2023;Em Extinção;9;Saúde e bem-estar;91;Saúde;914;Tecnologia de diagnóstico e tratamento médico;0914B01;Biomedicina
2336;CENTRO UNIVERSITÁRIO UNIBRAS MONTES BELOS;UNIBRAS;Privada com fins lucrativos;1711161;BIOMEDICINA;Bacharelado;Semipresencial;-;;-;;-;;-;;800;Não iniciado;25/09/2025;Em Atividade;9;Saúde e bem-estar;91;Saúde;914;Tecnologia de diagnóstico e tratamento médico;0914B01;Biomedicina
2343;Centro Univeritário UniVOLTAIRE;UniVOLTAIRE;Privada com fins lucrativos;1663013;BIOMEDICINA;Bacharelado;A Distância;-;;-;;-;;-;;1000;Não iniciado;02/12/2023;Em Extinção;9;Saúde e bem-estar;91;Saúde;914;Tecnologia de diagnóstico e tratamento médico;0914B01;Biomedicina
2343;Centro Univeritário UniVOLTAIRE;UniVOLTAIRE;Privada sem fins lucrativos;1711504;BIOMEDICINA;Bacharelado;Semipresencial;-;;-;;-;;-;;1000;Não iniciado;25/09/2025;Em Atividade;9;Saúde e bem-estar;91;Saúde;914;Tecnologia de diagnóstico e tratamento médico;0914B01;Biomedicina
2350;ESCOLA SUPERIOR MADRE CELESTE;ESMAC;Privada com fins lucrativos;1305231;BIOMEDICINA;Bacharelado;Presencial;5;2025;3;2023;1;2023;1;2023;100;13/12/2015;30/03/2015;Em Atividade;9;Saúde e bem-estar;91;Saúde;914;Tecnologia de diagnóstico e tratamento médico;0914B01;Biomedicina
2350;ESCOLA SUPERIOR MADRE CELESTE;ESMAC;Privada sem fins lucrativos;1711746;BIOMEDICINA;Bacharelado;Semipresencial;-;;-;;-;;-;;500;Não iniciado;25/09/2025;Em Atividade;9;Saúde e bem-estar;91;Saúde;914;Tecnologia de diagnóstico e tratamento médico;0914B01;Biomedicina
2365;CENTRO UNIVERSITÁRIO CATÓLICA DO TOCANTINS;UNICATÓLICA;Privada sem fins lucrativos;1283990;MEDICINA VETERINÁRIA;Bacharelado;Presencial;4;2022;4;2023;3;2023;4;2023;100;09/02/2015;30/10/2014;Em Atividade;8;Agricultura, silvicultura, pesca e veterinária;84;Veterinária;841;Veterinária;0841M01;Medicina veterinária
2368;FACULDADE SÃO LEOPOLDO MANDIC;-;Privada com fins lucrativos;1184047;MEDICINA;Bacharelado;Presencial;5;2024;4;2023;2;2025;4;2023;250;21/03/2013;21/03/2013;Em Atividade;9;Saúde e bem-estar;91;Saúde;912;Medicina;0912M01;Medicina
2383;FACULDADE MERIDIONAL;IMED;Privada com fins lucrativos;1188127;MEDICINA;Bacharelado;Presencial;5;2023;3;2023;2;2025;2;2023;42;10/11/2014;23/07/2014;Em Atividade;9;Saúde e bem-estar;91;Saúde;912;Medicina;0912M01;Medicina
2383;FACULDADE MERIDIONAL;IMED;Privada com fins lucrativos;1322134;MEDICINA VETERINÁRIA;Bacharelado;Presencial;4;2022;4;2023;3;2023;4;2023;90;16/11/2016;18/07/2016;Em Atividade;8;Agricultura, silvicultura, pesca e veterinária;84;Veterinária;841;Veterinária;0841M01;Medicina veterinária
2402;Faculdade de Tecnologia e Ciências de Salvador;FTC Salvador;Privada com fins lucrativos;1322534;BIOMEDICINA;Bacharelado;Presencial;-;;-;;-;;-;;160;13/02/2017;27/07/2016;Extinto;9;Saúde e bem-estar;91;Saúde;914;Tecnologia de diagnóstico e tratamento médico;0914B01;Biomedicina
2402;Faculdade de Tecnologia e Ciências de Salvador;FTC Salvador;Privada com fins lucrativos;1500117;MEDICINA VETERINÁRIA;Bacharelado;Presencial;4;2024;3;2023;2;2023;2;2023;150;07/02/2022;31/01/2022;Em Atividade;;;;;;;;
2402;Faculdade de Tecnologia e Ciências de Salvador;FTC Salvador;Privada com fins lucrativos;1586557;BIOMEDICINA;Bacharelado;Presencial;4;2024;4;2023;3;2023;3;2023;200;28/03/2022;24/03/2022;Em Atividade;9;Saúde e bem-estar;91;Saúde;914;Tecnologia de diagnóstico e tratamento médico;0914B01;Biomedicina
2409;CENTRO UNIVERSITÁRIO TABOSA DE ALMEIDA;ASCES-UNITA;Privada sem fins lucrativos;67291;BIOMEDICINA;Bacharelado;Presencial;4;2007;4;2023;4;2023;3;2023;100;02/02/2004;11/11/2003;Em Atividade;9;Saúde e bem-estar;91;Saúde;914;Tecnologia de diagnóstico e tratamento médico;0914B01;Biomedicina
2409;CENTRO UNIVERSITÁRIO TABOSA DE ALMEIDA;ASCES-UNITA;Privada sem fins lucrativos;1599773;MEDICINA;Bacharelado;Presencial;4;2023;-;;-;;-;;60;27/09/2024;12/07/2024;Em Atividade;9;Saúde e bem-estar;91;Saúde;912;Medicina;0912M01;Medicina
2413;Centro Universitário Faesf;Unifaesf;Privada com fins lucrativos;1627314;MEDICINA;Bacharelado;Presencial;5;2024;-;;-;;-;;60;01/10/2024;30/08/2024;Em Atividade;;;;;;;;
2420;FACULDADE PARANAENSE;FAPAR;Privada com fins lucrativos;1441088;BIOMEDICINA;Bacharelado;Presencial;3;2025;2;2023;1;2023;SC;2023;100;05/02/2019;03/07/2018;Em Atividade;9;Saúde e bem-estar;91;Saúde;914;Tecnologia de diagnóstico e tratamento médico;0914B01;Biomedicina
2426;Centro Universitário Fibra;UNIFIBRA;Privada com fins lucrativos;1151648;BIOMEDICINA;Bacharelado;Presencial;3;2015;4;2023;3;2023;3;2023;200;01/02/2012;18/08/2011;Em Atividade;9;Saúde e bem-estar;91;Saúde;914;Tecnologia de diagnóstico e tratamento médico;0914B01;Biomedicina
2426;Centro Universitário Fibra;UNIFIBRA;Privada com fins lucrativos;1596417;MEDICINA VETERINÁRIA;Bacharelado;Presencial;4;2025;-;;-;;-;;250;01/02/2022;01/11/2021;Em Atividade;8;Agricultura, silvicultura, pesca e veterinária;84;Veterinária;841;Veterinária;0841M01;Medicina veterinária
2428;FACULDADE DE CIÊNCIAS E TECNOLOGIAS DE CAMPOS GERAIS;FACICA;Privada com fins lucrativos;1300175;MEDICINA VETERINÁRIA;Bacharelado;Presencial;4;2022;3;2023;2;2023;2;2023;60;01/08/2016;24/06/2016;Em Atividade;8;Agricultura, silvicultura, pesca e veterinária;84;Veterinária;841;Veterinária;0841M01;Medicina veterinária
2437;FACULDADE PITÁGORAS DE TEIXEIRA DE FREITAS;PIT TEIXEIRA;Privada com fins lucrativos;1453752;BIOMEDICINA;Bacharelado;Presencial;-;;-;;-;;-;;60;Não iniciado;10/04/2019;Extinto;9;Saúde e bem-estar;91;Saúde;914;Tecnologia de diagnóstico e tratamento médico;0914B01;Biomedicina
2440;Centro Universitário Juscelino Kubitschek;UNIJK;;1718188;MEDICINA VETERINÁRIA;Bacharelado;Semipresencial;-;;-;;-;;-;;400;Não iniciado;-;Em Atividade;;;;;;;;
2440;Centro Universitário Juscelino Kubitschek;UNIJK;;1721801;BIOMEDICINA;Bacharelado;Semipresencial;-;;-;;-;;-;;400;Não iniciado;-;Em Atividade;;;;;;;;
2440;FACULDADE CIDADE DE JOÃO PINHEIRO;FCJP;Privada sem fins lucrativos;64451;BIOMEDICINA;Bacharelado;Presencial;-;;-;;-;;-;;100;04/08/2003;12/06/2003;Extinto;9;Saúde e bem-estar;91;Saúde;914;Tecnologia de diagnóstico e tratamento médico;0914B01;Biomedicina
2440;FACULDADE CIDADE DE JOÃO PINHEIRO;FCJP;Privada sem fins lucrativos;64452;BIOMEDICINA;Bacharelado;Presencial;-;;-;;-;;-;;100;Não iniciado;12/06/2003;Extinto;9;Saúde e bem-estar;91;Saúde;914;Tecnologia de diagnóstico e tratamento médico;0914B01;Biomedicina
2440;FACULDADE CIDADE DE JOÃO PINHEIRO;FCJP;Privada sem fins lucrativos;64457;BIOMEDICINA;Bacharelado;Presencial;-;;-;;-;;-;;100;04/08/2003;12/06/2003;Extinto;9;Saúde e bem-estar;91;Saúde;914;Tecnologia de diagnóstico e tratamento médico;0914B01;Biomedicina
2442;FACULDADE DE CIÊNCIAS BIOMÉDICAS DO ESPÍRITO SANTO;PIO XII - BIO;Privada sem fins lucrativos;71457;BIOMEDICINA;Bacharelado;Presencial;3;2015;3;2023;3;2023;3;2023;40;14/02/2005;26/03/2004;Em Atividade;9;Saúde e bem-estar;91;Saúde;914;Tecnologia de diagnóstico e tratamento médico;0914B01;Biomedicina
2444;Faculdade Unirb - Barreiras;F. UNIRB;Privada sem fins lucrativos;1299521;MEDICINA VETERINÁRIA;Bacharelado;Presencial;2;2024;2;2023;1;2023;1;2023;200;11/02/2016;15/02/2016;Em Atividade;8;Agricultura, silvicultura, pesca e veterinária;84;Veterinária;841;Veterinária;0841M01;Medicina veterinária
2444;Faculdade Unirb - Barreiras;F. UNIRB;Privada sem fins lucrativos;1303831;BIOMEDICINA;Bacharelado;Presencial;3;2016;-;;-;;-;;140;27/07/2016;27/07/2016;Em Atividade;9;Saúde e bem-estar;91;Saúde;914;Tecnologia de diagnóstico e tratamento médico;0914B01;Biomedicina
2474;CENTRO UNIVERSITÁRIO MARIA MILZA;UNIMAM;Privada com fins lucrativos;94913;BIOMEDICINA;Bacharelado;Presencial;4;2013;4;2023;3;2023;3;2023;100;01/08/2006;01/06/2006;Em Atividade;9;Saúde e bem-estar;91;Saúde;914;Tecnologia de diagnóstico e tratamento médico;0914B01;Biomedicina
2494;Centro Universitário FUNVIC;UNIFUNVIC;Privada sem fins lucrativos;1488143;BIOMEDICINA;Bacharelado;Presencial;3;2024;4;2023;2;2023;3;2023;100;10/02/2020;28/08/2019;Em Atividade;9;Saúde e bem-estar;91;Saúde;914;Tecnologia de diagnóstico e tratamento médico;0914B01;Biomedicina
2494;Centro Universitário FUNVIC;UNIFUNVIC;Privada sem fins lucrativos;1565611;BIOMEDICINA;Bacharelado;A Distância;-;;-;;-;;-;;100;Não iniciado;25/01/2021;Extinto;9;Saúde e bem-estar;91;Saúde;914;Tecnologia de diagnóstico e tratamento médico;0914B01;Biomedicina
2497;CENTRO UNIVERSITÁRIO ATENEU;-;Privada com fins lucrativos;1550798;BIOMEDICINA;Bacharelado;Presencial;4;2025;-;;-;;-;;120;09/08/2021;01/12/2020;Em Atividade;9;Saúde e bem-estar;91;Saúde;914;Tecnologia de diagnóstico e tratamento médico;0914B01;Biomedicina
2497;CENTRO UNIVERSITÁRIO ATENEU;-;Privada com fins lucrativos;1550799;BIOMEDICINA;Bacharelado;Presencial;4;2024;-;;-;;-;;120;08/03/2021;01/12/2020;Em Atividade;9;Saúde e bem-estar;91;Saúde;914;Tecnologia de diagnóstico e tratamento médico;0914B01;Biomedicina
2497;CENTRO UNIVERSITÁRIO ATENEU;-;Privada com fins lucrativos;1596598;MEDICINA VETERINÁRIA;Bacharelado;Presencial;-;;-;;-;;-;;140;21/02/2022;06/12/2021;Em Atividade;8;Agricultura, silvicultura, pesca e veterinária;84;Veterinária;841;Veterinária;0841M01;Medicina veterinária
2497;CENTRO UNIVERSITÁRIO ATENEU;-;Privada com fins lucrativos;1599023;BIOMEDICINA;Bacharelado;A Distância;-;;-;;-;;-;;500;Não iniciado;14/02/2022;Extinto;9;Saúde e bem-estar;91;Saúde;914;Tecnologia de diagnóstico e tratamento médico;0914B01;Biomedicina
2497;CENTRO UNIVERSITÁRIO ATENEU;-;Privada com fins lucrativos;1601497;MEDICINA VETERINÁRIA;Bacharelado;Presencial;-;;-;;-;;-;;140;20/04/2022;08/04/2022;Em Atividade;8;Agricultura, silvicultura, pesca e veterinária;84;Veterinária;841;Veterinária;0841M01;Medicina veterinária
2501;CENTRO UNIVERSITÁRIO ESTÁCIO DE GOIÁS;ESTÁCIO GOIÁS;Privada com fins lucrativos;1405121;BIOMEDICINA;Bacharelado;Presencial;5;2022;3;2023;2;2023;3;2023;100;20/02/2019;14/03/2018;Em Atividade;9;Saúde e bem-estar;91;Saúde;914;Tecnologia de diagnóstico e tratamento médico;0914B01;Biomedicina
2537;Faculdade Multivix Cariacica;MULTIVIX CARIAC;Privada com fins lucrativos;1466588;BIOMEDICINA;Bacharelado;Presencial;4;2024;-;;-;;-;;120;07/03/2022;19/08/2021;Em Atividade;9;Saúde e bem-estar;91;Saúde;914;Tecnologia de diagnóstico e tratamento médico;0914B01;Biomedicina
2537;Faculdade Multivix Cariacica;MULTIVIX CARIAC;Privada com fins lucrativos;1591444;MEDICINA;Bacharelado;Presencial;5;2022;-;;-;;-;;60;02/09/2024;19/08/2024;Em Atividade;9;Saúde e bem-estar;91;Saúde;912;Medicina;0912M01;Medicina
2560;FACULDADE DE ENSINO SUPERIOR DA CIDADE DE FEIRA DE SANTANA;FAESF/UNEF;Privada com fins lucrativos;1188182;BIOMEDICINA;Bacharelado;Presencial;4;2022;4;2023;3;2023;3;2023;200;01/12/2015;22/07/2015;Em Atividade;9;Saúde e bem-estar;91;Saúde;914;Tecnologia de diagnóstico e tratamento médico;0914B01;Biomedicina
2560;FACULDADE DE ENSINO SUPERIOR DA CIDADE DE FEIRA DE SANTANA;FAESF/UNEF;Privada com fins lucrativos;1405099;BIOMEDICINA;Bacharelado;A Distância;4;2024;-;;-;;-;;600;01/08/2021;20/11/2020;Em Extinção;9;Saúde e bem-estar;91;Saúde;914;Tecnologia de diagnóstico e tratamento médico;0914B01;Biomedicina
2560;UNEF CENTRO UNIVERSITÁRIO;UNEF;Privada com fins lucrativos;1701990;BIOMEDICINA;Bacharelado;Semipresencial;-;;-;;-;;-;;600;Não iniciado;25/09/2025;Em Atividade;9;Saúde e bem-estar;91;Saúde;914;Tecnologia de diagnóstico e tratamento médico;0914B01;Biomedicina
2564;UNIVERSIDADE FEDERAL DE CAMPINA GRANDE;UFCG;Pública Federal;13437;MEDICINA VETERINÁRIA;Bacharelado;Presencial;4;2008;3;2023;3;2023;2;2023;100;06/12/1979;06/12/1979;Em Atividade;8;Agricultura, silvicultura, pesca e veterinária;84;Veterinária;841;Veterinária;0841M01;Medicina veterinária
2564;UNIVERSIDADE FEDERAL DE CAMPINA GRANDE;UFCG;Pública Federal;13453;MEDICINA;Bacharelado;Presencial;4;2018;3;2023;4;2025;3;2023;90;20/06/1979;20/06/1979;Em Atividade;9;Saúde e bem-estar;91;Saúde;912;Medicina;0912M01;Medicina
2564;UNIVERSIDADE FEDERAL DE CAMPINA GRANDE;UFCG;Pública Federal;122678;MEDICINA;Bacharelado;Presencial;-;;-;;-;;-;;80;15/10/2007;16/06/2007;Extinto;9;Saúde e bem-estar;91;Saúde;912;Medicina;0912M01;Medicina
2564;UNIVERSIDADE FEDERAL DE CAMPINA GRANDE;UFCG;Pública Federal;1101742;MEDICINA;Bacharelado;Presencial;4;2024;3;2023;4;2025;3;2023;30;15/10/2007;16/06/2007;Em Atividade;9;Saúde e bem-estar;91;Saúde;912;Medicina;0912M01;Medicina
2565;ABEU - CENTRO UNIVERSITÁRIO;UNIABEU;Privada sem fins lucrativos;1517315;BIOMEDICINA;Bacharelado;Presencial;-;;-;;-;;-;;220;02/02/2022;13/11/2019;Em Atividade;9;Saúde e bem-estar;91;Saúde;914;Tecnologia de diagnóstico e tratamento médico;0914B01;Biomedicina
2565;ABEU - CENTRO UNIVERSITÁRIO;UNIABEU;Privada sem fins lucrativos;1609269;MEDICINA;Bacharelado;Presencial;5;2023;-;;-;;-;;60;03/02/2025;17/01/2025;Em Atividade;9;Saúde e bem-estar;91;Saúde;912;Medicina;0912M01;Medicina
2565;ABEU - CENTRO UNIVERSITÁRIO;UNIABEU;Privada sem fins lucrativos;1667175;BIOMEDICINA;Bacharelado;A Distância;-;;-;;-;;-;;900;02/02/2023;07/03/2024;Extinto;9;Saúde e bem-estar;91;Saúde;914;Tecnologia de diagnóstico e tratamento médico;0914B01;Biomedicina
2571;CENTRO UNIVERSITÁRIO REDENTOR;FACREDENTOR;Privada com fins lucrativos;1184432;MEDICINA;Bacharelado;Presencial;4;2023;3;2023;2;2025;3;2023;112;03/08/2015;03/07/2015;Em Atividade;9;Saúde e bem-estar;91;Saúde;912;Medicina;0912M01;Medicina
2571;CENTRO UNIVERSITÁRIO REDENTOR;FACREDENTOR;Privada com fins lucrativos;1454595;MEDICINA VETERINÁRIA;Bacharelado;Presencial;-;;-;;-;;-;;100;04/02/2019;10/08/2018;Extinto;8;Agricultura, silvicultura, pesca e veterinária;84;Veterinária;841;Veterinária;0841M01;Medicina veterinária
2571;CENTRO UNIVERSITÁRIO REDENTOR;FACREDENTOR;Privada com fins lucrativos;1662060;BIOMEDICINA;Bacharelado;Presencial;-;;-;;-;;-;;120;01/02/2024;22/11/2023;Em Atividade;9;Saúde e bem-estar;91;Saúde;914;Tecnologia de diagnóstico e tratamento médico;0914B01;Biomedicina
2579;CENTRO UNIVERSITÁRIO ATENAS;UniAtenas;Privada com fins lucrativos;90059;MEDICINA;Bacharelado;Presencial;5;2019;3;2023;3;2025;2;2023;140;06/02/2006;22/12/2005;Em Atividade;9;Saúde e bem-estar;91;Saúde;912;Medicina;0912M01;Medicina
2579;CENTRO UNIVERSITÁRIO ATENAS;UniAtenas;Privada com fins lucrativos;1467971;MEDICINA VETERINÁRIA;Bacharelado;Presencial;5;2024;4;2023;3;2023;3;2023;100;04/02/2019;24/12/2018;Em Atividade;8;Agricultura, silvicultura, pesca e veterinária;84;Veterinária;841;Veterinária;0841M01;Medicina veterinária
2582;FACULDADE DE ENSINO SUPERIOR DO CENTRO DO PARANÁ;UCP;Privada sem fins lucrativos;1322379;MEDICINA VETERINÁRIA;Bacharelado;Presencial;4;2024;3;2023;3;2023;4;2023;100;06/06/2016;06/06/2016;Em Atividade;8;Agricultura, silvicultura, pesca e veterinária;84;Veterinária;841;Veterinária;0841M01;Medicina veterinária
2593;Centro Universitário de Juazeiro do Norte;UNIJUAZEIRO;Privada com fins lucrativos;1386125;MEDICINA VETERINÁRIA;Bacharelado;Presencial;4;2022;3;2023;3;2023;3;2023;100;14/05/2018;13/04/2018;Em Atividade;8;Agricultura, silvicultura, pesca e veterinária;84;Veterinária;841;Veterinária;0841M01;Medicina veterinária
2593;Centro Universitário de Juazeiro do Norte;UNIJUAZEIRO;Privada com fins lucrativos;1555995;BIOMEDICINA;Bacharelado;Presencial;-;;-;;-;;-;;240;Não iniciado;11/12/2020;Em Atividade;9;Saúde e bem-estar;91;Saúde;914;Tecnologia de diagnóstico e tratamento médico;0914B01;Biomedicina
2613;Centro Universitário Estácio Meta de Rio Branco Estácio;UNIMETA;Privada com fins lucrativos;1078534;BIOMEDICINA;Bacharelado;Presencial;3;2015;3;2023;3;2023;3;2023;100;25/07/2011;04/02/2011;Em Atividade;9;Saúde e bem-estar;91;Saúde;914;Tecnologia de diagnóstico e tratamento médico;0914B01;Biomedicina
2625;CENTRO UNIVERSITÁRIO UFBRA;UFBRA;Privada com fins lucrativos;1616592;BIOMEDICINA;Bacharelado;A Distância;-;;-;;-;;-;;1000;26/03/2023;31/10/2022;Em Extinção;9;Saúde e bem-estar;91;Saúde;914;Tecnologia de diagnóstico e tratamento médico;0914B01;Biomedicina
2625;CENTRO UNIVERSITÁRIO UFBRA;UFBRA;Privada com fins lucrativos;1631525;BIOMEDICINA;Bacharelado;Presencial;-;;-;;-;;-;;200;11/04/2023;03/02/2023;Em Atividade;9;Saúde e bem-estar;91;Saúde;914;Tecnologia de diagnóstico e tratamento médico;0914B01;Biomedicina
2625;CENTRO UNIVERSITÁRIO UFBRA;UFBRA;Privada com fins lucrativos;1708978;BIOMEDICINA;Bacharelado;Semipresencial;-;;-;;-;;-;;8000;24/11/2025;25/09/2025;Em Atividade;9;Saúde e bem-estar;91;Saúde;914;Tecnologia de diagnóstico e tratamento médico;0914B01;Biomedicina
2632;FACULDADES INTEGRADAS DO EXTREMO SUL DA BAHIA;UNESULBAHIA;Privada sem fins lucrativos;1257548;MEDICINA;Bacharelado;Presencial;5;2025;-;;2;2025;-;;120;02/03/2020;20/01/2020;Em Atividade;9;Saúde e bem-estar;91;Saúde;912;Medicina;0912M01;Medicina
2632;FACULDADES INTEGRADAS DO EXTREMO SUL DA BAHIA;UNESULBAHIA;Privada sem fins lucrativos;1504642;BIOMEDICINA;Bacharelado;Presencial;4;2024;3;2023;3;2023;3;2023;200;10/08/2020;06/05/2020;Em Extinção;9;Saúde e bem-estar;91;Saúde;914;Tecnologia de diagnóstico e tratamento médico;0914B01;Biomedicina
2636;FACULDADE DINÂMICA DO VALE DO PIRANGA;FADIP;Privada com fins lucrativos;1189607;MEDICINA;Bacharelado;Presencial;4;2022;2;2023;2;2025;1;2023;61;03/08/2015;16/04/2015;Em Atividade;9;Saúde e bem-estar;91;Saúde;912;Medicina;0912M01;Medicina
2745;CENTRO UNIVERSITÁRIO DA AMAZÔNIA;UNIESAMAZ;Privada com fins lucrativos;1611540;MEDICINA;Bacharelado;Presencial;4;2024;-;;-;;-;;60;01/10/2024;30/08/2024;Em Atividade;;;;;;;;
2745;CENTRO UNIVERSITÁRIO DA AMAZÔNIA;UNIESAMAZ;Privada com fins lucrativos;1676134;MEDICINA VETERINÁRIA;Bacharelado;A Distância;-;;-;;-;;-;;500;Não iniciado;08/06/2024;Extinto;8;Agricultura, silvicultura, pesca e veterinária;84;Veterinária;841;Veterinária;0841M01;Medicina veterinária
2745;CENTRO UNIVERSITÁRIO DA AMAZÔNIA;UNIESAMAZ;;1715837;BIOMEDICINA;Bacharelado;Semipresencial;-;;-;;-;;-;;2000;Não iniciado;-;Em Atividade;;;;;;;;
2745;ESCOLA SUPERIOR DA AMAZÔNIA;ESAMAZ;Privada com fins lucrativos;120651;BIOMEDICINA;Bacharelado;Presencial;3;2017;3;2023;2;2023;2;2023;167;16/09/2008;22/08/2008;Em Atividade;9;Saúde e bem-estar;91;Saúde;914;Tecnologia de diagnóstico e tratamento médico;0914B01;Biomedicina
2745;ESCOLA SUPERIOR DA AMAZÔNIA;ESAMAZ;Privada com fins lucrativos;1365366;MEDICINA VETERINÁRIA;Bacharelado;Presencial;4;2023;2;2023;2;2023;1;2023;120;04/12/2018;30/10/2018;Em Atividade;8;Agricultura, silvicultura, pesca e veterinária;84;Veterinária;841;Veterinária;0841M01;Medicina veterinária
2753;Faculdade de Ciências Educacionais de Capim Grosso;FCG;Privada com fins lucrativos;1547149;BIOMEDICINA;Bacharelado;Presencial;3;2025;-;;-;;-;;75;06/12/2021;03/12/2021;Em Atividade;9;Saúde e bem-estar;91;Saúde;914;Tecnologia de diagnóstico e tratamento médico;0914B01;Biomedicina
2754;Faculdade Estácio São Paulo de Rondônia;Estácio FSP;Privada com fins lucrativos;150230;BIOMEDICINA;Bacharelado;Presencial;-;;-;;-;;-;;100;21/02/2011;-;Extinto;9;Saúde e bem-estar;91;Saúde;914;Tecnologia de diagnóstico e tratamento médico;0914B01;Biomedicina
2754;Faculdade Estácio São Paulo de Rondônia;Estácio FSP;Privada com fins lucrativos;1077884;BIOMEDICINA;Bacharelado;Presencial;3;2014;3;2019;2;2019;2;2019;100;01/02/2011;30/11/2010;Em Extinção;9;Saúde e bem-estar;91;Saúde;914;Tecnologia de diagnóstico e tratamento médico;0914B01;Biomedicina
2766;FACULDADE EMPRESARIAL DE CHAPECÓ;FAEM;Privada com fins lucrativos;1173317;MEDICINA VETERINÁRIA;Bacharelado;Presencial;3;2024;3;2023;3;2023;3;2023;100;19/02/2018;25/04/2017;Em Atividade;8;Agricultura, silvicultura, pesca e veterinária;84;Veterinária;841;Veterinária;0841M01;Medicina veterinária
2766;FACULDADE EMPRESARIAL DE CHAPECÓ;FAEM;Privada com fins lucrativos;1668734;BIOMEDICINA;Bacharelado;Presencial;-;;-;;-;;-;;50;Não iniciado;14/08/2024;Em Atividade;9;Saúde e bem-estar;91;Saúde;914;Tecnologia de diagnóstico e tratamento médico;0914B01;Biomedicina
2770;Centro Universitário FACUNICAMPS;FACUNICAMPS;Privada com fins lucrativos;1596204;BIOMEDICINA;Bacharelado;A Distância;-;;-;;-;;-;;200;06/09/2022;25/11/2021;Em Extinção;9;Saúde e bem-estar;91;Saúde;914;Tecnologia de diagnóstico e tratamento médico;0914B01;Biomedicina
2770;Centro Universitário FACUNICAMPS;FACUNICAMPS;Privada com fins lucrativos;1701998;BIOMEDICINA;Bacharelado;Semipresencial;-;;-;;-;;-;;200;Não iniciado;25/09/2025;Em Atividade;9;Saúde e bem-estar;91;Saúde;914;Tecnologia de diagnóstico e tratamento médico;0914B01;Biomedicina
2773;FACULDADE ANHANGUERA DE MACAPÁ;-;Privada com fins lucrativos;1300289;BIOMEDICINA;Bacharelado;Presencial;4;2022;3;2023;2;2023;3;2023;120;26/04/2016;06/04/2016;Em Atividade;9;Saúde e bem-estar;91;Saúde;914;Tecnologia de diagnóstico e tratamento médico;0914B01;Biomedicina
2773;FACULDADE ANHANGUERA DE MACAPÁ;-;Privada com fins lucrativos;1500606;MEDICINA VETERINÁRIA;Bacharelado;Presencial;4;2021;-;;-;;-;;90;03/03/2022;03/12/2021;Em Atividade;8;Agricultura, silvicultura, pesca e veterinária;84;Veterinária;841;Veterinária;0841M01;Medicina veterinária
2774;Centro Universitário UNIFAFIBE;FAFIBE;Privada sem fins lucrativos;1621070;BIOMEDICINA;Bacharelado;Presencial;-;;-;;-;;-;;80;06/02/2023;15/12/2022;Em Atividade;9;Saúde e bem-estar;91;Saúde;914;Tecnologia de diagnóstico e tratamento médico;0914B01;Biomedicina
2787;FACULDADES PEQUENO PRÍNCIPE;FPP;Privada sem fins lucrativos;91175;BIOMEDICINA;Bacharelado;Presencial;5;2023;4;2023;4;2023;3;2023;80;31/07/2006;01/03/2006;Em Atividade;9;Saúde e bem-estar;91;Saúde;914;Tecnologia de diagnóstico e tratamento médico;0914B01;Biomedicina
2787;FACULDADES PEQUENO PRÍNCIPE;FPP;Privada sem fins lucrativos;1192237;MEDICINA;Bacharelado;Presencial;5;2024;4;2023;5;2025;4;2023;100;07/05/2014;14/03/2014;Em Atividade;9;Saúde e bem-estar;91;Saúde;912;Medicina;0912M01;Medicina
2796;Centro Universitário de Iporá;Uniporá;Privada com fins lucrativos;1666300;MEDICINA VETERINÁRIA;Bacharelado;Presencial;-;;-;;-;;-;;100;04/03/2024;14/02/2024;Em Atividade;8;Agricultura, silvicultura, pesca e veterinária;84;Veterinária;841;Veterinária;0841M01;Medicina veterinária
2821;Faculdade Atitus Educação Online;Atitus Educação;Privada com fins lucrativos;1584740;BIOMEDICINA;Bacharelado;A Distância;4;2022;-;;-;;-;;1000;26/02/2024;06/01/2023;Em Extinção;9;Saúde e bem-estar;91;Saúde;914;Tecnologia de diagnóstico e tratamento médico;0914B01;Biomedicina
2821;Faculdade Atitus Educação Online;Atitus Educação;Privada com fins lucrativos;1711835;BIOMEDICINA;Bacharelado;Semipresencial;-;;-;;-;;-;;1000;Não iniciado;25/09/2025;Em Atividade;9;Saúde e bem-estar;91;Saúde;914;Tecnologia de diagnóstico e tratamento médico;0914B01;Biomedicina
2835;CENTRO UNIVERSITÁRIO MAURÍCIO DE NASSAU;UNINASSAU;Privada com fins lucrativos;68587;BIOMEDICINA;Bacharelado;Presencial;3;2011;3;2023;3;2023;3;2023;180;16/02/2004;12/01/2004;Em Atividade;9;Saúde e bem-estar;91;Saúde;914;Tecnologia de diagnóstico e tratamento médico;0914B01;Biomedicina
2835;CENTRO UNIVERSITÁRIO MAURÍCIO DE NASSAU;UNINASSAU;Privada com fins lucrativos;68588;BIOMEDICINA;Bacharelado;Presencial;-;;-;;-;;-;;240;16/02/2004;12/01/2004;Extinto;9;Saúde e bem-estar;91;Saúde;914;Tecnologia de diagnóstico e tratamento médico;0914B01;Biomedicina
2835;CENTRO UNIVERSITÁRIO MAURÍCIO DE NASSAU;UNINASSAU;Privada com fins lucrativos;68589;BIOMEDICINA;Bacharelado;Presencial;-;;-;;-;;-;;180;16/02/2004;12/01/2004;Extinto;9;Saúde e bem-estar;91;Saúde;914;Tecnologia de diagnóstico e tratamento médico;0914B01;Biomedicina
2835;CENTRO UNIVERSITÁRIO MAURÍCIO DE NASSAU;UNINASSAU;Privada com fins lucrativos;1108786;MEDICINA;Bacharelado;Presencial;5;2025;3;2023;2;2025;2;2023;268;06/08/2012;06/06/2012;Em Atividade;9;Saúde e bem-estar;91;Saúde;912;Medicina;0912M01;Medicina
2835;CENTRO UNIVERSITÁRIO MAURÍCIO DE NASSAU;UNINASSAU;Privada com fins lucrativos;1205557;MEDICINA VETERINÁRIA;Bacharelado;Presencial;4;2017;3;2023;2;2023;2;2023;480;28/02/2013;05/06/2012;Em Atividade;8;Agricultura, silvicultura, pesca e veterinária;84;Veterinária;841;Veterinária;0841M01;Medicina veterinária
2835;CENTRO UNIVERSITÁRIO MAURÍCIO DE NASSAU;UNINASSAU;Privada com fins lucrativos;1279300;BIOMEDICINA;Bacharelado;Presencial;-;;-;;-;;-;;240;23/02/2015;24/01/2014;Extinto;9;Saúde e bem-estar;91;Saúde;914;Tecnologia de diagnóstico e tratamento médico;0914B01;Biomedicina
2835;CENTRO UNIVERSITÁRIO MAURÍCIO DE NASSAU;UNINASSAU;Privada com fins lucrativos;1404791;BIOMEDICINA;Bacharelado;A Distância;4;2023;3;2023;2;2023;2;2023;8100;01/02/2018;22/06/2017;Em Extinção;9;Saúde e bem-estar;91;Saúde;914;Tecnologia de diagnóstico e tratamento médico;0914B01;Biomedicina
2835;CENTRO UNIVERSITÁRIO MAURÍCIO DE NASSAU;UNINASSAU;Privada com fins lucrativos;1467669;MEDICINA VETERINÁRIA;Bacharelado;A Distância;-;;-;;-;;-;;8850;Não iniciado;04/01/2019;Em Extinção;8;Agricultura, silvicultura, pesca e veterinária;84;Veterinária;841;Veterinária;0841M01;Medicina veterinária
2835;CENTRO UNIVERSITÁRIO MAURÍCIO DE NASSAU;UNINASSAU;Privada com fins lucrativos;1563225;BIOMEDICINA;Bacharelado;Presencial;-;;-;;-;;-;;240;01/08/2022;30/12/2020;Em Atividade;9;Saúde e bem-estar;91;Saúde;914;Tecnologia de diagnóstico e tratamento médico;0914B01;Biomedicina
2835;CENTRO UNIVERSITÁRIO MAURÍCIO DE NASSAU;UNINASSAU;Privada com fins lucrativos;1576129;BIOMEDICINA;Bacharelado;Presencial;3;2025;-;;-;;-;;240;02/07/2021;01/07/2021;Em Atividade;9;Saúde e bem-estar;91;Saúde;914;Tecnologia de diagnóstico e tratamento médico;0914B01;Biomedicina
2835;CENTRO UNIVERSITÁRIO MAURÍCIO DE NASSAU;UNINASSAU;Privada com fins lucrativos;1595454;MEDICINA VETERINÁRIA;Bacharelado;Presencial;4;2025;-;;-;;-;;120;01/02/2022;05/11/2021;Em Atividade;8;Agricultura, silvicultura, pesca e veterinária;84;Veterinária;841;Veterinária;0841M01;Medicina veterinária
2835;CENTRO UNIVERSITÁRIO MAURÍCIO DE NASSAU;UNINASSAU;Privada com fins lucrativos;1702006;BIOMEDICINA;Bacharelado;Semipresencial;-;;-;;-;;-;;8100;Não iniciado;25/09/2025;Em Atividade;9;Saúde e bem-estar;91;Saúde;914;Tecnologia de diagnóstico e tratamento médico;0914B01;Biomedicina
2835;CENTRO UNIVERSITÁRIO MAURÍCIO DE NASSAU;UNINASSAU;Privada com fins lucrativos;1709567;MEDICINA VETERINÁRIA;Bacharelado;Semipresencial;-;;-;;-;;-;;177000;Não iniciado;25/09/2025;Em Atividade;8;Agricultura, silvicultura, pesca e veterinária;84;Veterinária;841;Veterinária;0841M01;Medicina veterinária
2835;CENTRO UNIVERSITÁRIO MAURÍCIO DE NASSAU;UNINASSAU;;1723390;MEDICINA VETERINÁRIA;Bacharelado;Presencial;-;;-;;-;;-;;240;Não iniciado;-;Em Atividade;;;;;;;;
2843;FACULDADE DE CIÊNCIAS MÉDICAS E DA SAÚDE DE JUIZ DE FORA;FCMS/JF;Privada com fins lucrativos;74594;MEDICINA;Bacharelado;Presencial;5;2024;4;2023;4;2025;4;2023;120;03/11/2004;04/10/2004;Em Atividade;9;Saúde e bem-estar;91;Saúde;912;Medicina;0912M01;Medicina
2870;FACULDADE SERRA DO CARMO;FASEC;Privada com fins lucrativos;1620896;BIOMEDICINA;Bacharelado;Presencial;4;2023;-;;-;;-;;200;Não iniciado;11/12/2023;Em Atividade;9;Saúde e bem-estar;91;Saúde;914;Tecnologia de diagnóstico e tratamento médico;0914B01;Biomedicina
2885;Faculdade Univeritas Universus Veritas de Belo Horizonte;VERITAS BH;Privada sem fins lucrativos;1364699;MEDICINA VETERINÁRIA;Bacharelado;Presencial;3;2023;-;;-;;-;;180;01/02/2019;14/03/2018;Em Extinção;8;Agricultura, silvicultura, pesca e veterinária;84;Veterinária;841;Veterinária;0841M01;Medicina veterinária
2885;Faculdade Univeritas Universus Veritas de Belo Horizonte;VERITAS BH;Privada sem fins lucrativos;1365458;BIOMEDICINA;Bacharelado;Presencial;-;;-;;-;;-;;240;Não iniciado;29/10/2020;Extinto;9;Saúde e bem-estar;91;Saúde;914;Tecnologia de diagnóstico e tratamento médico;0914B01;Biomedicina
2915;FACULDADE CIDADE DE PATOS DE MINAS;FPM;Privada sem fins lucrativos;87274;BIOMEDICINA;Bacharelado;Presencial;3;2018;3;2023;3;2023;3;2023;100;01/02/2006;18/08/2005;Em Atividade;9;Saúde e bem-estar;91;Saúde;914;Tecnologia de diagnóstico e tratamento médico;0914B01;Biomedicina
2915;FACULDADE CIDADE DE PATOS DE MINAS;FPM;Privada sem fins lucrativos;1205254;MEDICINA VETERINÁRIA;Bacharelado;Presencial;4;2019;2;2023;2;2023;2;2023;50;02/02/2015;30/05/2014;Em Atividade;8;Agricultura, silvicultura, pesca e veterinária;84;Veterinária;841;Veterinária;0841M01;Medicina veterinária
2918;FACULDADE DE ENSINO SUPERIOR DA AMAZÔNIA REUNIDA;FESAR;Privada com fins lucrativos;74462;BIOMEDICINA;Bacharelado;Presencial;4;2016;3;2019;2;2019;2;2019;120;25/10/2004;27/09/2004;Em Atividade;9;Saúde e bem-estar;91;Saúde;914;Tecnologia de diagnóstico e tratamento médico;0914B01;Biomedicina
2918;FACULDADE DE ENSINO SUPERIOR DA AMAZÔNIA REUNIDA;FESAR;Privada com fins lucrativos;1421013;MEDICINA;Bacharelado;Presencial;5;2025;-;;3;2025;-;;120;24/10/2018;01/10/2018;Em Atividade;9;Saúde e bem-estar;91;Saúde;912;Medicina;0912M01;Medicina
2935;Centro Universitário UniFACTHUS;UniFACTHUS;Privada com fins lucrativos;1573065;MEDICINA VETERINÁRIA;Bacharelado;Presencial;4;2022;-;;-;;-;;100;06/03/2023;30/09/2022;Em Atividade;8;Agricultura, silvicultura, pesca e veterinária;84;Veterinária;841;Veterinária;0841M01;Medicina veterinária
2935;FACULDADE DE TALENTOS HUMANOS;FACTHUS;Privada com fins lucrativos;73352;BIOMEDICINA;Bacharelado;Presencial;4;2017;4;2023;3;2023;3;2023;50;20/09/2004;06/08/2004;Em Atividade;9;Saúde e bem-estar;91;Saúde;914;Tecnologia de diagnóstico e tratamento médico;0914B01;Biomedicina
2944;FACULDADE ANHANGUERA DE ITABUNA;-;Privada com fins lucrativos;1300373;BIOMEDICINA;Bacharelado;Presencial;4;2022;4;2023;3;2023;4;2023;120;22/02/2016;30/11/2015;Em Atividade;9;Saúde e bem-estar;91;Saúde;914;Tecnologia de diagnóstico e tratamento médico;0914B01;Biomedicina
2944;FACULDADE ANHANGUERA DE ITABUNA;-;Privada com fins lucrativos;1404745;MEDICINA VETERINÁRIA;Bacharelado;Presencial;2;2024;-;;-;;-;;75;12/08/2019;26/02/2019;Em Atividade;8;Agricultura, silvicultura, pesca e veterinária;84;Veterinária;841;Veterinária;0841M01;Medicina veterinária
2950;Centro Universitário FADERGS;FADERGS;Privada com fins lucrativos;1533187;BIOMEDICINA;Bacharelado;A Distância;4;2023;2;2023;2;2023;1;2023;200;10/02/2020;22/11/2019;Em Extinção;9;Saúde e bem-estar;91;Saúde;914;Tecnologia de diagnóstico e tratamento médico;0914B01;Biomedicina
2950;Centro Universitário FADERGS;FADERGS;Privada com fins lucrativos;1603202;BIOMEDICINA;Bacharelado;Presencial;4;2025;-;;-;;-;;200;18/03/2022;18/03/2022;Em Atividade;9;Saúde e bem-estar;91;Saúde;914;Tecnologia de diagnóstico e tratamento médico;0914B01;Biomedicina
2950;Centro Universitário FADERGS;FADERGS;Privada com fins lucrativos;1702011;BIOMEDICINA;Bacharelado;Semipresencial;-;;-;;-;;-;;200;06/10/2025;25/09/2025;Em Atividade;9;Saúde e bem-estar;91;Saúde;914;Tecnologia de diagnóstico e tratamento médico;0914B01;Biomedicina
2961;Faculdade Estácio do Pantanal;Estácio FAPAN;Privada com fins lucrativos;1322360;BIOMEDICINA;Bacharelado;Presencial;5;2022;3;2023;2;2023;2;2023;100;16/11/2015;30/10/2015;Em Atividade;9;Saúde e bem-estar;91;Saúde;914;Tecnologia de diagnóstico e tratamento médico;0914B01;Biomedicina
2961;Faculdade Estácio do Pantanal;Estácio FAPAN;Privada com fins lucrativos;1457707;MEDICINA;Bacharelado;Presencial;5;2025;-;;1;2025;-;;50;22/09/2020;27/08/2021;Em Atividade;9;Saúde e bem-estar;91;Saúde;912;Medicina;0912M01;Medicina
2973;FACULDADES INTEGRADAS DE PRIMAVERA DO LESTE;FIPL;Privada com fins lucrativos;1300369;BIOMEDICINA;Bacharelado;Presencial;5;2025;2;2023;2;2023;SC;2023;120;08/08/2016;06/04/2016;Em Atividade;9;Saúde e bem-estar;91;Saúde;914;Tecnologia de diagnóstico e tratamento médico;0914B01;Biomedicina
3034;Faculdade Anhanguera de Salvador;FACDELTA;Privada com fins lucrativos;1364374;BIOMEDICINA;Bacharelado;Presencial;-;;-;;-;;-;;100;18/02/2019;15/08/2018;Extinto;9;Saúde e bem-estar;91;Saúde;914;Tecnologia de diagnóstico e tratamento médico;0914B01;Biomedicina
3034;Faculdade Anhanguera de Salvador;FACDELTA;Privada com fins lucrativos;5000503;BIOMEDICINA;Bacharelado;Presencial;-;;-;;-;;-;;120;01/08/2010;-;Extinto;9;Saúde e bem-estar;91;Saúde;914;Tecnologia de diagnóstico e tratamento médico;0914B01;Biomedicina
3042;CHRISTUS FACULDADE DO PIAUÍ;CHRISFAPI;Privada com fins lucrativos;1497323;MEDICINA VETERINÁRIA;Bacharelado;Presencial;4;2021;-;;-;;-;;100;10/12/2021;22/10/2021;Em Atividade;;;;;;;;
3099;FACULDADE INTERNACIONAL DA PARAÍBA;FPB;Privada com fins lucrativos;1300341;BIOMEDICINA;Bacharelado;Presencial;3;2019;3;2023;2;2023;2;2023;180;01/05/2015;30/03/2015;Em Atividade;9;Saúde e bem-estar;91;Saúde;914;Tecnologia de diagnóstico e tratamento médico;0914B01;Biomedicina
3149;FACULDADE PITÁGORAS DE DIVINÓPOLIS - FPD;FPD;Privada com fins lucrativos;1404685;MEDICINA VETERINÁRIA;Bacharelado;Presencial;4;2023;SC;2023;SC;2023;SC;2023;135;10/09/2019;15/08/2019;Em Atividade;8;Agricultura, silvicultura, pesca e veterinária;84;Veterinária;841;Veterinária;0841M01;Medicina veterinária
3149;FACULDADE PITÁGORAS DE DIVINÓPOLIS - FPD;FPD;Privada com fins lucrativos;1453716;BIOMEDICINA;Bacharelado;Presencial;4;2023;3;2023;2;2023;2;2023;90;27/02/2020;04/12/2018;Em Atividade;9;Saúde e bem-estar;91;Saúde;914;Tecnologia de diagnóstico e tratamento médico;0914B01;Biomedicina
3151;UNIVERSIDADE COMUNITÁRIA DA REGIÃO DE CHAPECÓ;UNOCHAPECÓ;Privada sem fins lucrativos;90847;MEDICINA;Bacharelado;Presencial;4;2024;3;2023;4;2025;3;2023;45;13/02/2006;15/09/2005;Em Atividade;9;Saúde e bem-estar;91;Saúde;912;Medicina;0912M01;Medicina
3151;UNIVERSIDADE COMUNITÁRIA DA REGIÃO DE CHAPECÓ;UNOCHAPECÓ;Privada sem fins lucrativos;1298970;MEDICINA VETERINÁRIA;Bacharelado;Presencial;4;2019;3;2023;2;2023;2;2023;100;09/02/2015;26/06/2014;Em Atividade;8;Agricultura, silvicultura, pesca e veterinária;84;Veterinária;841;Veterinária;0841M01;Medicina veterinária
3151;UNIVERSIDADE COMUNITÁRIA DA REGIÃO DE CHAPECÓ;UNOCHAPECÓ;Privada sem fins lucrativos;1596748;BIOMEDICINA;Bacharelado;Presencial;5;2025;-;;-;;-;;150;14/02/2022;11/12/2021;Em Atividade;9;Saúde e bem-estar;91;Saúde;914;Tecnologia de diagnóstico e tratamento médico;0914B01;Biomedicina
3170;FACULDADE ESTÁCIO DE FLORIANÓPOLIS - ESTÁCIO FLORIANÓPOLIS;-;Privada com fins lucrativos;1618037;BIOMEDICINA;Bacharelado;Presencial;4;2023;-;;-;;-;;80;25/02/2025;04/12/2023;Em Atividade;9;Saúde e bem-estar;91;Saúde;914;Tecnologia de diagnóstico e tratamento médico;0914B01;Biomedicina
3172;UNIVERSIDADE DO ESTADO DO AMAZONAS;UEA;Pública Estadual;60660;MEDICINA;Bacharelado;Presencial;-;;3;2023;3;2025;2;2023;130;01/08/2001;27/06/2001;Em Atividade;9;Saúde e bem-estar;91;Saúde;912;Medicina;0912M01;Medicina
3182;Faculdade UNIRB - ARAPIRACA;F. UNIRB;Privada com fins lucrativos;1321667;MEDICINA VETERINÁRIA;Bacharelado;Presencial;3;2023;2;2023;2;2023;2;2023;200;07/10/2016;24/06/2016;Em Atividade;8;Agricultura, silvicultura, pesca e veterinária;84;Veterinária;841;Veterinária;0841M01;Medicina veterinária
3182;Faculdade UNIRB - ARAPIRACA;F. UNIRB;Privada com fins lucrativos;1321677;BIOMEDICINA;Bacharelado;Presencial;4;2023;3;2023;2;2023;2;2023;160;07/10/2016;12/09/2016;Em Atividade;9;Saúde e bem-estar;91;Saúde;914;Tecnologia de diagnóstico e tratamento médico;0914B01;Biomedicina
3188;INSTITUTO FEDERAL DE EDUCAÇÃO, CIÊNCIA E TECNOLOGIA DO NORTE DE MINAS GERAIS;IFNMG;Pública Federal;1102648;MEDICINA VETERINÁRIA;Bacharelado;Presencial;4;2015;3;2023;3;2023;3;2023;60;01/02/2011;24/09/2010;Em Atividade;8;Agricultura, silvicultura, pesca e veterinária;84;Veterinária;841;Veterinária;0841M01;Medicina veterinária
3189;INSTITUTO FEDERAL DE EDUCAÇÃO, CIÊNCIA E TECNOLOGIA DE MINAS GERAIS;IFMG;Pública Federal;1419558;MEDICINA VETERINÁRIA;Bacharelado;Presencial;4;2022;5;2023;5;2023;5;2023;40;15/02/2018;29/09/2017;Em Atividade;8;Agricultura, silvicultura, pesca e veterinária;84;Veterinária;841;Veterinária;0841M01;Medicina veterinária
3193;FACULDADES INTEGRADAS DOS CAMPOS GERAIS;CESCAGE;Privada com fins lucrativos;88834;MEDICINA VETERINÁRIA;Bacharelado;Presencial;4;2023;3;2023;3;2023;3;2023;100;01/01/2004;11/11/2005;Em Atividade;8;Agricultura, silvicultura, pesca e veterinária;84;Veterinária;841;Veterinária;0841M01;Medicina veterinária
3194;FACULDADE DE MINAS BH;FAMINAS-BH;Privada com fins lucrativos;1029204;MEDICINA;Bacharelado;Presencial;5;2025;3;2023;2;2025;2;2023;180;06/08/2012;06/06/2012;Em Atividade;9;Saúde e bem-estar;91;Saúde;912;Medicina;0912M01;Medicina
3194;FACULDADE DE MINAS BH;FAMINAS-BH;Privada com fins lucrativos;1029207;BIOMEDICINA;Bacharelado;Presencial;4;2014;4;2023;3;2023;3;2023;180;07/02/2011;07/07/2010;Em Atividade;9;Saúde e bem-estar;91;Saúde;914;Tecnologia de diagnóstico e tratamento médico;0914B01;Biomedicina
3204;FACULDADE UNIBRAS DO MATO GROSSO;FACBRAS;Privada com fins lucrativos;1406034;MEDICINA VETERINÁRIA;Bacharelado;Presencial;3;2023;3;2023;1;2023;1;2023;100;16/05/2019;10/04/2019;Em Atividade;8;Agricultura, silvicultura, pesca e veterinária;84;Veterinária;841;Veterinária;0841M01;Medicina veterinária
3205;CENTRO UNIVERSITÁRIO DE VIÇOSA;UNIVIÇOSA;Privada com fins lucrativos;74089;MEDICINA VETERINÁRIA;Bacharelado;Presencial;5;2008;3;2023;3;2023;2;2023;100;14/02/2005;03/09/2004;Em Atividade;8;Agricultura, silvicultura, pesca e veterinária;84;Veterinária;841;Veterinária;0841M01;Medicina veterinária
3226;FACULDADE DE MEDICINA;ITPAC;Privada com fins lucrativos;58424;MEDICINA;Bacharelado;Presencial;-;;SC;2010;2;2010;3;2007;60;01/08/1999;19/05/1999;Em Extinção;9;Saúde e bem-estar;91;Saúde;912;Medicina;0912M01;Medicina
3252;FACULDADE QUIRINÓPOLIS;FAQUI;Privada com fins lucrativos;1349428;BIOMEDICINA;Bacharelado;Presencial;4;2022;2;2023;2;2023;3;2023;100;25/01/2017;28/09/2016;Em Atividade;9;Saúde e bem-estar;91;Saúde;914;Tecnologia de diagnóstico e tratamento médico;0914B01;Biomedicina
3268;FACULDADE MADRE THAIS;FMT;Privada com fins lucrativos;1112244;BIOMEDICINA;Bacharelado;Presencial;3;2014;3;2023;3;2023;3;2023;100;06/02/2012;31/08/2011;Em Atividade;9;Saúde e bem-estar;91;Saúde;914;Tecnologia de diagnóstico e tratamento médico;0914B01;Biomedicina
3285;FACULDADE SANTO ANTONIO;FSA;Privada com fins lucrativos;100152;BIOMEDICINA;Bacharelado;Presencial;-;2015;2;2023;1;2023;2;2023;200;05/02/2007;11/01/2007;Em Atividade;9;Saúde e bem-estar;91;Saúde;914;Tecnologia de diagnóstico e tratamento médico;0914B01;Biomedicina
3294;CENTRO UNIVERSITÁRIO FAVENI;UNIFAVENI;Privada com fins lucrativos;1586601;BIOMEDICINA;Bacharelado;A Distância;4;2024;-;;-;;-;;900;03/01/2022;25/07/2021;Em Extinção;9;Saúde e bem-estar;91;Saúde;914;Tecnologia de diagnóstico e tratamento médico;0914B01;Biomedicina
3304;CENTRO UNIVERSITÁRIO DE PATOS;UNIFIP;Privada com fins lucrativos;94325;BIOMEDICINA;Bacharelado;Presencial;4;2013;3;2023;3;2023;3;2023;100;07/08/2006;24/05/2006;Em Atividade;9;Saúde e bem-estar;91;Saúde;914;Tecnologia de diagnóstico e tratamento médico;0914B01;Biomedicina
3304;CENTRO UNIVERSITÁRIO DE PATOS;UNIFIP;Privada com fins lucrativos;1191415;MEDICINA;Bacharelado;Presencial;4;2024;3;2023;3;2025;3;2023;60;25/08/2014;11/06/2014;Em Atividade;9;Saúde e bem-estar;91;Saúde;912;Medicina;0912M01;Medicina
3304;CENTRO UNIVERSITÁRIO DE PATOS;UNIFIP;Privada com fins lucrativos;1440029;MEDICINA VETERINÁRIA;Bacharelado;Presencial;5;2023;3;2023;2;2023;2;2023;60;06/08/2019;14/05/2019;Em Atividade;8;Agricultura, silvicultura, pesca e veterinária;84;Veterinária;841;Veterinária;0841M01;Medicina veterinária
3319;Instituto Universitário Una de Catalão;Catalana;Privada com fins lucrativos;1441460;MEDICINA VETERINÁRIA;Bacharelado;Presencial;4;2023;2;2023;2;2023;1;2023;84;13/08/2019;01/07/2019;Em Atividade;8;Agricultura, silvicultura, pesca e veterinária;84;Veterinária;841;Veterinária;0841M01;Medicina veterinária
3319;Instituto Universitário Una de Catalão;Catalana;Privada com fins lucrativos;1606654;BIOMEDICINA;Bacharelado;Presencial;4;2023;-;;-;;-;;100;17/02/2025;21/12/2023;Em Atividade;9;Saúde e bem-estar;91;Saúde;914;Tecnologia de diagnóstico e tratamento médico;0914B01;Biomedicina
3333;CENTRO UNIVERSITÁRIO UNIFTEC;-;Privada com fins lucrativos;1616655;BIOMEDICINA;Bacharelado;Presencial;-;;-;;-;;-;;80;06/03/2023;31/10/2022;Em Atividade;9;Saúde e bem-estar;91;Saúde;914;Tecnologia de diagnóstico e tratamento médico;0914B01;Biomedicina
3333;CENTRO UNIVERSITÁRIO UNIFTEC;-;Privada com fins lucrativos;1635142;MEDICINA VETERINÁRIA;Bacharelado;Presencial;-;;4;2023;4;2023;5;2023;80;Não iniciado;28/03/2023;Em Atividade;8;Agricultura, silvicultura, pesca e veterinária;84;Veterinária;841;Veterinária;0841M01;Medicina veterinária
3337;FACULDADE DE TECNOLOGIA DE TERESINA;FACULDADE CET;Privada com fins lucrativos;109260;BIOMEDICINA;Bacharelado;Presencial;4;2023;3;2023;2;2023;4;2023;100;29/07/2008;11/02/2008;Em Atividade;9;Saúde e bem-estar;91;Saúde;914;Tecnologia de diagnóstico e tratamento médico;0914B01;Biomedicina
3337;FACULDADE DE TECNOLOGIA DE TERESINA;FACULDADE CET;Privada com fins lucrativos;1108367;MEDICINA;Bacharelado;Presencial;3;2010;-;;-;;-;;100;22/03/2021;07/01/2021;Em Atividade;9;Saúde e bem-estar;91;Saúde;912;Medicina;0912M01;Medicina
3339;Centro Universitário IDEAU;UNIDEAU;Privada com fins lucrativos;1099720;MEDICINA VETERINÁRIA;Bacharelado;Presencial;4;2016;3;2023;2;2023;2;2023;50;29/08/2011;09/08/2011;Em Atividade;8;Agricultura, silvicultura, pesca e veterinária;84;Veterinária;841;Veterinária;0841M01;Medicina veterinária
3339;Centro Universitário IDEAU;UNIDEAU;Privada com fins lucrativos;1649342;BIOMEDICINA;Bacharelado;Presencial;-;;-;;-;;-;;50;29/05/2023;21/07/2023;Em Atividade;9;Saúde e bem-estar;91;Saúde;914;Tecnologia de diagnóstico e tratamento médico;0914B01;Biomedicina
3339;Centro Universitário IDEAU;UNIDEAU;Privada com fins lucrativos;1649345;BIOMEDICINA;Bacharelado;A Distância;-;;-;;-;;-;;50;Não iniciado;21/07/2023;Em Extinção;9;Saúde e bem-estar;91;Saúde;914;Tecnologia de diagnóstico e tratamento médico;0914B01;Biomedicina
3339;Centro Universitário IDEAU;UNIDEAU;Privada com fins lucrativos;1683062;MEDICINA VETERINÁRIA;Bacharelado;A Distância;-;;-;;-;;-;;300;Não iniciado;29/08/2024;Em Extinção;8;Agricultura, silvicultura, pesca e veterinária;84;Veterinária;841;Veterinária;0841M01;Medicina veterinária
3339;Centro Universitário IDEAU;UNIDEAU;Privada com fins lucrativos;1708987;BIOMEDICINA;Bacharelado;Semipresencial;-;;-;;-;;-;;400;Não iniciado;25/09/2025;Em Atividade;9;Saúde e bem-estar;91;Saúde;914;Tecnologia de diagnóstico e tratamento médico;0914B01;Biomedicina
3339;Centro Universitário IDEAU;UNIDEAU;Privada com fins lucrativos;1709568;MEDICINA VETERINÁRIA;Bacharelado;Semipresencial;-;;-;;-;;-;;3000;Não iniciado;25/09/2025;Em Atividade;8;Agricultura, silvicultura, pesca e veterinária;84;Veterinária;841;Veterinária;0841M01;Medicina veterinária
3363;FACULDADE GUARAÍ;FAG;Privada com fins lucrativos;1156175;BIOMEDICINA;Bacharelado;Presencial;3;2015;3;2023;2;2023;4;2023;50;01/08/2009;-;Em Atividade;9;Saúde e bem-estar;91;Saúde;914;Tecnologia de diagnóstico e tratamento médico;0914B01;Biomedicina
3365;FACULDADE UNIBRAS DA BAHIA;FACBRAS;Privada com fins lucrativos;1406008;MEDICINA VETERINÁRIA;Bacharelado;Presencial;2;2023;3;2023;2;2023;2;2023;100;12/08/2019;31/05/2019;Em Atividade;8;Agricultura, silvicultura, pesca e veterinária;84;Veterinária;841;Veterinária;0841M01;Medicina veterinária
3365;FACULDADE UNIBRAS DA BAHIA;FACBRAS;Privada com fins lucrativos;1533786;BIOMEDICINA;Bacharelado;Presencial;-;;-;;-;;-;;150;Não iniciado;27/11/2020;Extinto;9;Saúde e bem-estar;91;Saúde;914;Tecnologia de diagnóstico e tratamento médico;0914B01;Biomedicina
3368;CENTRO UNIVERSITÁRIO DO SUL DE MINAS;UNIS-MG;Privada sem fins lucrativos;63338;BIOMEDICINA;Bacharelado;Presencial;4;2017;4;2023;4;2023;4;2023;60;01/02/2003;24/09/2002;Em Atividade;9;Saúde e bem-estar;91;Saúde;914;Tecnologia de diagnóstico e tratamento médico;0914B01;Biomedicina
3368;CENTRO UNIVERSITÁRIO DO SUL DE MINAS;UNIS-MG;Privada sem fins lucrativos;1357700;MEDICINA VETERINÁRIA;Bacharelado;Presencial;5;2022;3;2023;3;2023;2;2023;180;02/08/2016;09/05/2016;Em Atividade;8;Agricultura, silvicultura, pesca e veterinária;84;Veterinária;841;Veterinária;0841M01;Medicina veterinária
3371;CENTRO UNIVERSITÁRIO DE PATOS DE MINAS;UNIPAM;Privada sem fins lucrativos;108014;MEDICINA;Bacharelado;Presencial;5;2025;4;2023;4;2025;4;2023;60;07/02/2008;12/10/2007;Em Atividade;9;Saúde e bem-estar;91;Saúde;912;Medicina;0912M01;Medicina
3371;CENTRO UNIVERSITÁRIO DE PATOS DE MINAS;UNIPAM;Privada sem fins lucrativos;1168059;MEDICINA VETERINÁRIA;Bacharelado;Presencial;4;2017;4;2023;3;2023;4;2023;300;01/02/2012;29/09/2011;Em Atividade;8;Agricultura, silvicultura, pesca e veterinária;84;Veterinária;841;Veterinária;0841M01;Medicina veterinária
3371;CENTRO UNIVERSITÁRIO DE PATOS DE MINAS;UNIPAM;;1722965;BIOMEDICINA;Bacharelado;Presencial;-;;-;;-;;-;;60;Não iniciado;-;Em Atividade;;;;;;;;
3372;CENTRO UNIVERSITÁRIO DE LAVRAS;UNILAVRAS;Privada sem fins lucrativos;1343128;MEDICINA VETERINÁRIA;Bacharelado;Presencial;5;2022;3;2023;3;2023;3;2023;240;01/12/2015;15/09/2015;Em Atividade;8;Agricultura, silvicultura, pesca e veterinária;84;Veterinária;841;Veterinária;0841M01;Medicina veterinária
3393;FACULDADE DE ENSINO SUPERIOR DOM BOSCO;FACDOMBOSCO;Privada com fins lucrativos;1260340;BIOMEDICINA;Bacharelado;Presencial;3;2014;-;;-;;-;;80;01/12/2015;06/05/2015;Em Atividade;9;Saúde e bem-estar;91;Saúde;914;Tecnologia de diagnóstico e tratamento médico;0914B01;Biomedicina
3396;Centro Universitário LS;UNILS;Privada com fins lucrativos;1405514;BIOMEDICINA;Bacharelado;Presencial;5;2022;3;2023;2;2023;3;2023;150;06/08/2018;22/02/2018;Em Atividade;9;Saúde e bem-estar;91;Saúde;914;Tecnologia de diagnóstico e tratamento médico;0914B01;Biomedicina
3434;FACULDADE DE SAÚDE E HUMANIDADES IBITURUNA;FASI;Privada com fins lucrativos;74282;BIOMEDICINA;Bacharelado;Presencial;3;2013;4;2023;3;2023;3;2023;160;01/10/2004;16/09/2004;Em Atividade;9;Saúde e bem-estar;91;Saúde;914;Tecnologia de diagnóstico e tratamento médico;0914B01;Biomedicina
3434;FACULDADE DE SAÚDE E HUMANIDADES IBITURUNA;FASI;Privada com fins lucrativos;74283;BIOMEDICINA;Bacharelado;Presencial;-;;-;;SC;2007;-;;80;01/10/2004;16/09/2004;Em Extinção;9;Saúde e bem-estar;91;Saúde;914;Tecnologia de diagnóstico e tratamento médico;0914B01;Biomedicina
3434;FACULDADE DE SAÚDE E HUMANIDADES IBITURUNA;FASI;Privada com fins lucrativos;105420;BIOMEDICINA;Bacharelado;Presencial;-;;-;;-;;-;;160;01/10/2004;16/09/2004;Extinto;9;Saúde e bem-estar;91;Saúde;914;Tecnologia de diagnóstico e tratamento médico;0914B01;Biomedicina
3437;Faculdade UNISUL de Balneário Camboriú;-;Privada com fins lucrativos;1364793;BIOMEDICINA;Bacharelado;Presencial;-;;-;;-;;-;;100;01/02/2018;03/10/2017;Extinto;9;Saúde e bem-estar;91;Saúde;914;Tecnologia de diagnóstico e tratamento médico;0914B01;Biomedicina
3443;Centro Universitário CESUCA;-;Privada com fins lucrativos;1382996;BIOMEDICINA;Bacharelado;Presencial;5;2022;4;2023;3;2023;4;2023;100;05/03/2018;03/10/2017;Em Atividade;9;Saúde e bem-estar;91;Saúde;914;Tecnologia de diagnóstico e tratamento médico;0914B01;Biomedicina
3443;Centro Universitário CESUCA;-;Privada com fins lucrativos;1563638;MEDICINA VETERINÁRIA;Bacharelado;Presencial;4;2025;-;;-;;-;;300;01/03/2021;29/12/2020;Em Atividade;8;Agricultura, silvicultura, pesca e veterinária;84;Veterinária;841;Veterinária;0841M01;Medicina veterinária
3515;CENTRO UNIVERSITÁRIO DA VITÓRIA DE SANTO ANTÃO;UNIVISA;Privada sem fins lucrativos;1204462;BIOMEDICINA;Bacharelado;Presencial;4;2023;4;2023;2;2023;3;2023;240;27/01/2014;25/10/2013;Em Atividade;9;Saúde e bem-estar;91;Saúde;914;Tecnologia de diagnóstico e tratamento médico;0914B01;Biomedicina
3518;Faculdade SOCIESC de Jaraguá do Sul;SOCIESC;Privada com fins lucrativos;1351277;BIOMEDICINA;Bacharelado;Presencial;4;2022;2;2023;1;2023;1;2023;50;10/01/2017;28/09/2016;Em Atividade;9;Saúde e bem-estar;91;Saúde;914;Tecnologia de diagnóstico e tratamento médico;0914B01;Biomedicina
3518;Faculdade SOCIESC de Jaraguá do Sul;SOCIESC;Privada com fins lucrativos;1585914;MEDICINA VETERINÁRIA;Bacharelado;Presencial;4;2022;-;;-;;-;;150;14/08/2023;03/04/2023;Em Atividade;8;Agricultura, silvicultura, pesca e veterinária;84;Veterinária;841;Veterinária;0841M01;Medicina veterinária
3533;FACULDADE CERES;FACERES;Privada com fins lucrativos;5000981;MEDICINA;Bacharelado;Presencial;5;2025;4;2023;3;2025;4;2023;120;13/08/2012;06/06/2012;Em Atividade;9;Saúde e bem-estar;91;Saúde;912;Medicina;0912M01;Medicina
3588;CENTRO UNIVERSITÁRIO DOM PEDRO II;UNIDOMPEDRO;Privada com fins lucrativos;1199575;MEDICINA;Bacharelado;Presencial;4;2025;-;;-;;-;;300;01/03/2021;22/12/2020;Em Atividade;9;Saúde e bem-estar;91;Saúde;912;Medicina;0912M01;Medicina
3588;CENTRO UNIVERSITÁRIO DOM PEDRO II;UNIDOMPEDRO;Privada com fins lucrativos;1621050;MEDICINA VETERINÁRIA;Bacharelado;A Distância;-;;-;;-;;-;;800;16/01/2023;15/12/2022;Em Extinção;8;Agricultura, silvicultura, pesca e veterinária;84;Veterinária;841;Veterinária;0841M01;Medicina veterinária
3588;CENTRO UNIVERSITÁRIO DOM PEDRO II;UNIDOMPEDRO;Privada com fins lucrativos;1621067;BIOMEDICINA;Bacharelado;A Distância;-;;-;;-;;-;;800;16/01/2023;15/12/2022;Em Extinção;9;Saúde e bem-estar;91;Saúde;914;Tecnologia de diagnóstico e tratamento médico;0914B01;Biomedicina
3588;CENTRO UNIVERSITÁRIO DOM PEDRO II;UNIDOMPEDRO;Privada com fins lucrativos;1684214;BIOMEDICINA;Bacharelado;Presencial;-;;-;;-;;-;;200;Não iniciado;06/09/2024;Em Atividade;9;Saúde e bem-estar;91;Saúde;914;Tecnologia de diagnóstico e tratamento médico;0914B01;Biomedicina
3588;CENTRO UNIVERSITÁRIO DOM PEDRO II;UNIDOMPEDRO;Privada com fins lucrativos;1711076;MEDICINA VETERINÁRIA;Bacharelado;Semipresencial;-;;-;;-;;-;;800;Não iniciado;25/09/2025;Em Atividade;8;Agricultura, silvicultura, pesca e veterinária;84;Veterinária;841;Veterinária;0841M01;Medicina veterinária
3588;CENTRO UNIVERSITÁRIO DOM PEDRO II;UNIDOMPEDRO;Privada com fins lucrativos;1711810;BIOMEDICINA;Bacharelado;Semipresencial;-;;-;;-;;-;;800;Não iniciado;25/09/2025;Em Atividade;9;Saúde e bem-estar;91;Saúde;914;Tecnologia de diagnóstico e tratamento médico;0914B01;Biomedicina
3602;CENTRO UNIVERSITÁRIO AUTÔNOMO DO BRASIL;UNIBRASIL;Privada com fins lucrativos;94925;BIOMEDICINA;Bacharelado;Presencial;4;2010;3;2023;3;2023;2;2023;100;05/06/2006;01/06/2006;Em Atividade;9;Saúde e bem-estar;91;Saúde;914;Tecnologia de diagnóstico e tratamento médico;0914B01;Biomedicina
3602;CENTRO UNIVERSITÁRIO AUTÔNOMO DO BRASIL;UNIBRASIL;Privada com fins lucrativos;1409835;MEDICINA VETERINÁRIA;Bacharelado;Presencial;4;2022;3;2023;3;2023;3;2023;240;06/02/2018;23/08/2017;Em Atividade;8;Agricultura, silvicultura, pesca e veterinária;84;Veterinária;841;Veterinária;0841M01;Medicina veterinária
3602;CENTRO UNIVERSITÁRIO AUTÔNOMO DO BRASIL;UNIBRASIL;Privada com fins lucrativos;1505112;BIOMEDICINA;Bacharelado;A Distância;4;2024;3;2023;2;2023;SC;2023;1000;03/02/2020;01/10/2019;Em Extinção;9;Saúde e bem-estar;91;Saúde;914;Tecnologia de diagnóstico e tratamento médico;0914B01;Biomedicina
3602;CENTRO UNIVERSITÁRIO AUTÔNOMO DO BRASIL;UNIBRASIL;Privada com fins lucrativos;1702033;BIOMEDICINA;Bacharelado;Semipresencial;-;;-;;-;;-;;1000;Não iniciado;25/09/2025;Em Atividade;9;Saúde e bem-estar;91;Saúde;914;Tecnologia de diagnóstico e tratamento médico;0914B01;Biomedicina
3603;FACULDADE ANHANGUERA DE GUARULHOS;-;Privada com fins lucrativos;100057;BIOMEDICINA;Bacharelado;Presencial;3;2012;3;2023;2;2023;2;2023;150;25/02/2008;09/01/2007;Em Atividade;9;Saúde e bem-estar;91;Saúde;914;Tecnologia de diagnóstico e tratamento médico;0914B01;Biomedicina
3610;Centro Universitário ICESP;Unicesp;Privada com fins lucrativos;105310;BIOMEDICINA;Bacharelado;Presencial;3;2015;3;2023;2;2023;2;2023;200;01/02/2007;17/07/2006;Em Atividade;9;Saúde e bem-estar;91;Saúde;914;Tecnologia de diagnóstico e tratamento médico;0914B01;Biomedicina
3610;Centro Universitário ICESP;Unicesp;Privada com fins lucrativos;1651293;MEDICINA VETERINÁRIA;Bacharelado;A Distância;-;;-;;-;;-;;400;Não iniciado;07/08/2023;Em Extinção;8;Agricultura, silvicultura, pesca e veterinária;84;Veterinária;841;Veterinária;0841M01;Medicina veterinária
3610;Centro Universitário ICESP;Unicesp;Privada com fins lucrativos;1665188;BIOMEDICINA;Bacharelado;A Distância;-;;-;;-;;-;;400;Não iniciado;26/12/2023;Em Extinção;9;Saúde e bem-estar;91;Saúde;914;Tecnologia de diagnóstico e tratamento médico;0914B01;Biomedicina
3610;Centro Universitário ICESP;Unicesp;Privada com fins lucrativos;1711378;MEDICINA VETERINÁRIA;Bacharelado;Semipresencial;-;;-;;-;;-;;400;Não iniciado;25/09/2025;Em Atividade;8;Agricultura, silvicultura, pesca e veterinária;84;Veterinária;841;Veterinária;0841M01;Medicina veterinária
3610;Centro Universitário ICESP;Unicesp;Privada com fins lucrativos;1711837;BIOMEDICINA;Bacharelado;Semipresencial;-;;-;;-;;-;;400;Não iniciado;25/09/2025;Em Atividade;9;Saúde e bem-estar;91;Saúde;914;Tecnologia de diagnóstico e tratamento médico;0914B01;Biomedicina
3610;Centro Universitário ICESP;Unicesp;Privada com fins lucrativos;5000789;MEDICINA VETERINÁRIA;Bacharelado;Presencial;3;2019;3;2023;4;2023;3;2023;150;11/05/2011;11/05/2011;Em Atividade;8;Agricultura, silvicultura, pesca e veterinária;84;Veterinária;841;Veterinária;0841M01;Medicina veterinária
3613;FACULDADES INTEGRADAS IESGO;IESGO;Privada com fins lucrativos;1536595;BIOMEDICINA;Bacharelado;Presencial;4;2024;-;;-;;-;;100;01/02/2021;23/10/2020;Em Atividade;9;Saúde e bem-estar;91;Saúde;914;Tecnologia de diagnóstico e tratamento médico;0914B01;Biomedicina
3615;FACULDADE PERNAMBUCANA DE SAÚDE;FPS;Privada sem fins lucrativos;87537;MEDICINA;Bacharelado;Presencial;5;2025;3;2023;4;2025;3;2023;192;30/01/2006;01/09/2005;Em Atividade;9;Saúde e bem-estar;91;Saúde;912;Medicina;0912M01;Medicina
3618;FACULDADE LUSÓFONA DE SÃO PAULO;FL-SP;Privada com fins lucrativos;105986;BIOMEDICINA;Bacharelado;Presencial;2;2023;2;2023;1;2023;2;2023;200;11/02/2008;25/09/2007;Em Atividade;9;Saúde e bem-estar;91;Saúde;914;Tecnologia de diagnóstico e tratamento médico;0914B01;Biomedicina
3641;CENTRO UNIVERSITÁRIO DA FUNDAÇÃO EDUCACIONAL DE BARRETOS;UNIFEB;Privada sem fins lucrativos;1551639;MEDICINA VETERINÁRIA;Bacharelado;Presencial;5;2025;-;;-;;-;;110;08/06/2021;30/11/2020;Em Atividade;8;Agricultura, silvicultura, pesca e veterinária;84;Veterinária;841;Veterinária;0841M01;Medicina veterinária
3641;CENTRO UNIVERSITÁRIO DA FUNDAÇÃO EDUCACIONAL DE BARRETOS;UNIFEB;Privada sem fins lucrativos;1595935;BIOMEDICINA;Bacharelado;Presencial;4;2025;-;;-;;-;;200;29/03/2022;24/09/2021;Em Atividade;9;Saúde e bem-estar;91;Saúde;914;Tecnologia de diagnóstico e tratamento médico;0914B01;Biomedicina
3649;CENTRO UNIVERSITÁRIO CIDADE VERDE;UniCV;Privada com fins lucrativos;1541963;BIOMEDICINA;Bacharelado;Presencial;4;2024;-;;-;;-;;100;22/02/2021;10/09/2020;Em Atividade;9;Saúde e bem-estar;91;Saúde;914;Tecnologia de diagnóstico e tratamento médico;0914B01;Biomedicina
3649;CENTRO UNIVERSITÁRIO CIDADE VERDE;UniCV;Privada com fins lucrativos;1632567;BIOMEDICINA;Bacharelado;A Distância;-;;-;;-;;-;;1000;Não iniciado;17/02/2023;Em Extinção;9;Saúde e bem-estar;91;Saúde;914;Tecnologia de diagnóstico e tratamento médico;0914B01;Biomedicina
3649;CENTRO UNIVERSITÁRIO CIDADE VERDE;UniCV;Privada com fins lucrativos;1709006;BIOMEDICINA;Bacharelado;Semipresencial;-;;-;;-;;-;;16000;Não iniciado;25/09/2025;Em Atividade;9;Saúde e bem-estar;91;Saúde;914;Tecnologia de diagnóstico e tratamento médico;0914B01;Biomedicina
3688;FACULDADES INTEGRADAS DO VALE DO IVAÍ;-;Privada sem fins lucrativos;1527653;BIOMEDICINA;Bacharelado;Presencial;4;2022;-;;-;;-;;80;06/02/2023;29/11/2022;Em Atividade;9;Saúde e bem-estar;91;Saúde;914;Tecnologia de diagnóstico e tratamento médico;0914B01;Biomedicina
3691;FACULDADE DE TECNOLOGIA TUPY DE SÃO BENTO DO SUL;FTT-SBS;Privada sem fins lucrativos;1441286;MEDICINA VETERINÁRIA;Bacharelado;Presencial;4;2023;3;2023;3;2023;2;2023;114;01/07/2019;01/07/2019;Em Atividade;8;Agricultura, silvicultura, pesca e veterinária;84;Veterinária;841;Veterinária;0841M01;Medicina veterinária
3758;Faculdade UNISUL de Florianópolis;-;Privada com fins lucrativos;1350877;BIOMEDICINA;Bacharelado;Presencial;4;2022;3;2023;2;2023;1;2023;80;02/01/2018;30/05/2017;Em Atividade;9;Saúde e bem-estar;91;Saúde;914;Tecnologia de diagnóstico e tratamento médico;0914B01;Biomedicina
3758;Faculdade UNISUL de Florianópolis;-;Privada com fins lucrativos;1405903;MEDICINA VETERINÁRIA;Bacharelado;Presencial;4;2022;3;2023;3;2023;1;2023;100;29/04/2019;01/03/2019;Em Atividade;8;Agricultura, silvicultura, pesca e veterinária;84;Veterinária;841;Veterinária;0841M01;Medicina veterinária
3779;FACULDADE ESTÁCIO DE SANTO ANDRÉ;ESTÁCIO SANTO ANDRÉ;Privada com fins lucrativos;1500711;BIOMEDICINA;Bacharelado;Presencial;5;2025;-;;-;;-;;60;01/02/2022;30/09/2021;Em Atividade;;;;;;;;
3783;FACULDADE PARAENSE DE ENSINO;FAPEN;Privada com fins lucrativos;1441084;BIOMEDICINA;Bacharelado;Presencial;-;;-;;-;;-;;100;Não iniciado;03/09/2019;Extinto;9;Saúde e bem-estar;91;Saúde;914;Tecnologia de diagnóstico e tratamento médico;0914B01;Biomedicina
3786;FACULDADE DE ENSINO DE MINAS GERAIS;FACEMG;Privada com fins lucrativos;1441109;BIOMEDICINA;Bacharelado;Presencial;-;;-;;-;;-;;100;Não iniciado;18/06/2018;Extinto;9;Saúde e bem-estar;91;Saúde;914;Tecnologia de diagnóstico e tratamento médico;0914B01;Biomedicina
3789;FACULDADE EVANGÉLICA DE GOIANÉSIA;FACEG;Privada sem fins lucrativos;1613732;MEDICINA VETERINÁRIA;Bacharelado;Presencial;-;;-;;-;;-;;120;01/08/2023;20/03/2023;Em Atividade;8;Agricultura, silvicultura, pesca e veterinária;84;Veterinária;841;Veterinária;0841M01;Medicina veterinária
3797;CENTRO UNIVERSITÁRIO GUAIRACÁ;UNIGUAIRACÁ;Privada com fins lucrativos;1556811;MEDICINA VETERINÁRIA;Bacharelado;Presencial;3;2025;-;;-;;-;;100;22/02/2021;14/12/2020;Em Atividade;8;Agricultura, silvicultura, pesca e veterinária;84;Veterinária;841;Veterinária;0841M01;Medicina veterinária
3797;CENTRO UNIVERSITÁRIO GUAIRACÁ;UNIGUAIRACÁ;Privada com fins lucrativos;1556845;BIOMEDICINA;Bacharelado;Presencial;-;;-;;-;;-;;100;06/02/2023;14/12/2020;Em Atividade;9;Saúde e bem-estar;91;Saúde;914;Tecnologia de diagnóstico e tratamento médico;0914B01;Biomedicina
3797;CENTRO UNIVERSITÁRIO GUAIRACÁ;UNIGUAIRACÁ;Privada com fins lucrativos;1556846;BIOMEDICINA;Bacharelado;A Distância;4;2024;-;;-;;-;;1000;22/02/2021;14/12/2020;Em Extinção;9;Saúde e bem-estar;91;Saúde;914;Tecnologia de diagnóstico e tratamento médico;0914B01;Biomedicina
3797;CENTRO UNIVERSITÁRIO GUAIRACÁ;UNIGUAIRACÁ;Privada com fins lucrativos;1702051;BIOMEDICINA;Bacharelado;Semipresencial;-;;-;;-;;-;;1000;Não iniciado;25/09/2025;Em Atividade;9;Saúde e bem-estar;91;Saúde;914;Tecnologia de diagnóstico e tratamento médico;0914B01;Biomedicina
3797;CENTRO UNIVERSITÁRIO GUAIRACÁ;UNIGUAIRACÁ;Privada com fins lucrativos;1709574;MEDICINA VETERINÁRIA;Bacharelado;Semipresencial;-;;-;;-;;-;;20000;Não iniciado;25/09/2025;Em Atividade;8;Agricultura, silvicultura, pesca e veterinária;84;Veterinária;841;Veterinária;0841M01;Medicina veterinária
3817;Centro Universitário Maurício de Nassau de João Pessoa;-;Privada sem fins lucrativos;1258119;BIOMEDICINA;Bacharelado;Presencial;4;2019;4;2023;3;2023;3;2023;240;24/11/2014;12/11/2014;Em Atividade;9;Saúde e bem-estar;91;Saúde;914;Tecnologia de diagnóstico e tratamento médico;0914B01;Biomedicina
3817;Centro Universitário Maurício de Nassau de João Pessoa;-;Privada sem fins lucrativos;1351373;MEDICINA VETERINÁRIA;Bacharelado;Presencial;3;2022;4;2023;4;2023;4;2023;200;01/02/2018;11/12/2017;Em Atividade;8;Agricultura, silvicultura, pesca e veterinária;84;Veterinária;841;Veterinária;0841M01;Medicina veterinária
3817;Centro Universitário Maurício de Nassau de João Pessoa;-;Privada sem fins lucrativos;1366293;BIOMEDICINA;Bacharelado;Presencial;3;2017;-;;-;;-;;240;11/09/2018;30/05/2018;Em Atividade;9;Saúde e bem-estar;91;Saúde;914;Tecnologia de diagnóstico e tratamento médico;0914B01;Biomedicina
3840;CENTRO UNIVERSITÁRIO FACVEST;UNIFACVEST;Privada com fins lucrativos;112972;MEDICINA VETERINÁRIA;Bacharelado;Presencial;3;2012;4;2023;3;2023;4;2023;150;28/07/2008;12/06/2008;Em Atividade;8;Agricultura, silvicultura, pesca e veterinária;84;Veterinária;841;Veterinária;0841M01;Medicina veterinária
3840;CENTRO UNIVERSITÁRIO FACVEST;UNIFACVEST;Privada com fins lucrativos;1187881;BIOMEDICINA;Bacharelado;Presencial;3;2017;4;2023;3;2023;3;2023;60;04/02/2013;14/11/2011;Em Atividade;9;Saúde e bem-estar;91;Saúde;914;Tecnologia de diagnóstico e tratamento médico;0914B01;Biomedicina
3840;CENTRO UNIVERSITÁRIO FACVEST;UNIFACVEST;Privada com fins lucrativos;1375315;BIOMEDICINA;Bacharelado;A Distância;4;2024;-;;-;;-;;40;09/03/2021;26/10/2016;Em Extinção;9;Saúde e bem-estar;91;Saúde;914;Tecnologia de diagnóstico e tratamento médico;0914B01;Biomedicina
3840;CENTRO UNIVERSITÁRIO FACVEST;UNIFACVEST;Privada com fins lucrativos;1375332;MEDICINA VETERINÁRIA;Bacharelado;A Distância;-;;-;;-;;-;;40;09/03/2021;26/10/2016;Em Extinção;8;Agricultura, silvicultura, pesca e veterinária;84;Veterinária;841;Veterinária;0841M01;Medicina veterinária
3840;CENTRO UNIVERSITÁRIO FACVEST;UNIFACVEST;Privada com fins lucrativos;1483529;PARAMEDICINA;Tecnológico;Presencial;-;;-;;-;;-;;40;09/05/2019;26/04/2019;Extinto;9;Saúde e bem-estar;91;Saúde;912;Medicina;0912M01;Medicina
3840;CENTRO UNIVERSITÁRIO FACVEST;UNIFACVEST;Privada com fins lucrativos;1702058;BIOMEDICINA;Bacharelado;Semipresencial;-;;-;;-;;-;;40;Não iniciado;25/09/2025;Em Atividade;9;Saúde e bem-estar;91;Saúde;914;Tecnologia de diagnóstico e tratamento médico;0914B01;Biomedicina
3840;CENTRO UNIVERSITÁRIO FACVEST;UNIFACVEST;Privada com fins lucrativos;1702910;MEDICINA VETERINÁRIA;Bacharelado;Semipresencial;-;;-;;-;;-;;40;Não iniciado;25/09/2025;Em Atividade;8;Agricultura, silvicultura, pesca e veterinária;84;Veterinária;841;Veterinária;0841M01;Medicina veterinária
3849;FUNDAÇÃO UNIVERSIDADE FEDERAL DO TOCANTINS;UFT;Pública Federal;113504;MEDICINA;Bacharelado;Presencial;4;2018;3;2023;4;2025;2;2023;100;01/08/2007;-;Em Atividade;9;Saúde e bem-estar;91;Saúde;912;Medicina;0912M01;Medicina
3849;FUNDAÇÃO UNIVERSIDADE FEDERAL DO TOCANTINS;UFT;Pública Federal;1681421;MEDICINA VETERINÁRIA;Bacharelado;Presencial;-;;-;;-;;-;;40;10/03/2025;14/08/2024;Em Atividade;8;Agricultura, silvicultura, pesca e veterinária;84;Veterinária;841;Veterinária;0841M01;Medicina veterinária
3853;Centro Universitário Maurício de Nassau de Natal;UNINASSAU;Privada com fins lucrativos;1258307;BIOMEDICINA;Bacharelado;Presencial;4;2023;3;2019;2;2019;3;2019;240;06/03/2015;06/03/2015;Em Atividade;9;Saúde e bem-estar;91;Saúde;914;Tecnologia de diagnóstico e tratamento médico;0914B01;Biomedicina
3853;Centro Universitário Maurício de Nassau de Natal;UNINASSAU;Privada com fins lucrativos;1397413;MEDICINA VETERINÁRIA;Bacharelado;Presencial;3;2023;3;2023;3;2023;3;2023;240;11/09/2018;18/06/2018;Em Atividade;8;Agricultura, silvicultura, pesca e veterinária;84;Veterinária;841;Veterinária;0841M01;Medicina veterinária
3864;Centro Universitário UNIRB - Alagoinhas;-;Privada com fins lucrativos;1204179;BIOMEDICINA;Bacharelado;Presencial;3;2018;3;2023;2;2023;2;2023;200;02/03/2015;30/05/2014;Em Atividade;9;Saúde e bem-estar;91;Saúde;914;Tecnologia de diagnóstico e tratamento médico;0914B01;Biomedicina
3864;Centro Universitário UNIRB - Alagoinhas;-;Privada com fins lucrativos;1279644;MEDICINA VETERINÁRIA;Bacharelado;Presencial;3;2020;2;2023;2;2023;2;2023;140;06/07/2015;01/06/2015;Em Atividade;8;Agricultura, silvicultura, pesca e veterinária;84;Veterinária;841;Veterinária;0841M01;Medicina veterinária
3864;Centro Universitário UNIRB - Alagoinhas;-;;1713248;MEDICINA VETERINÁRIA;Bacharelado;Semipresencial;-;;-;;-;;-;;3000;Não iniciado;-;Em Atividade;;;;;;;;
3864;Centro Universitário UNIRB - Alagoinhas;-;;1713318;BIOMEDICINA;Bacharelado;Semipresencial;-;;-;;-;;-;;3000;12/08/2025;-;Em Atividade;;;;;;;;
3867;CENTRO UNIVERSITÁRIO MAUÁ DE BRASÍLIA;UNIMAUÁ;Privada com fins lucrativos;1596333;MEDICINA VETERINÁRIA;Bacharelado;Presencial;-;;-;;-;;-;;200;13/12/2021;25/11/2021;Em Atividade;8;Agricultura, silvicultura, pesca e veterinária;84;Veterinária;841;Veterinária;0841M01;Medicina veterinária
3867;CENTRO UNIVERSITÁRIO MAUÁ DE BRASÍLIA;UNIMAUÁ;Privada com fins lucrativos;1596360;BIOMEDICINA;Bacharelado;A Distância;-;;-;;-;;-;;1600;13/12/2021;25/11/2021;Em Extinção;9;Saúde e bem-estar;91;Saúde;914;Tecnologia de diagnóstico e tratamento médico;0914B01;Biomedicina
3867;CENTRO UNIVERSITÁRIO MAUÁ DE BRASÍLIA;UNIMAUÁ;Privada com fins lucrativos;1596595;BIOMEDICINA;Bacharelado;Presencial;-;;-;;-;;-;;200;13/12/2021;25/11/2021;Em Atividade;9;Saúde e bem-estar;91;Saúde;914;Tecnologia de diagnóstico e tratamento médico;0914B01;Biomedicina
3867;CENTRO UNIVERSITÁRIO MAUÁ DE BRASÍLIA;UNIMAUÁ;Privada com fins lucrativos;1597232;MEDICINA VETERINÁRIA;Bacharelado;A Distância;-;;-;;-;;-;;1600;14/12/2022;25/11/2021;Em Extinção;8;Agricultura, silvicultura, pesca e veterinária;84;Veterinária;841;Veterinária;0841M01;Medicina veterinária
3867;CENTRO UNIVERSITÁRIO MAUÁ DE BRASÍLIA;UNIMAUÁ;Privada com fins lucrativos;1709017;BIOMEDICINA;Bacharelado;Semipresencial;-;;-;;-;;-;;12800;Não iniciado;25/09/2025;Em Atividade;9;Saúde e bem-estar;91;Saúde;914;Tecnologia de diagnóstico e tratamento médico;0914B01;Biomedicina
3867;CENTRO UNIVERSITÁRIO MAUÁ DE BRASÍLIA;UNIMAUÁ;Privada com fins lucrativos;1709576;MEDICINA VETERINÁRIA;Bacharelado;Semipresencial;-;;-;;-;;-;;16000;Não iniciado;25/09/2025;Em Atividade;8;Agricultura, silvicultura, pesca e veterinária;84;Veterinária;841;Veterinária;0841M01;Medicina veterinária
3869;INSTITUTO FLORENCE DE ENSINO SUPERIOR;IFES;Privada com fins lucrativos;1441052;BIOMEDICINA;Bacharelado;Presencial;5;2022;4;2023;3;2023;3;2023;100;01/08/2018;13/06/2018;Em Atividade;9;Saúde e bem-estar;91;Saúde;914;Tecnologia de diagnóstico e tratamento médico;0914B01;Biomedicina
3869;INSTITUTO FLORENCE DE ENSINO SUPERIOR;IFES;Privada com fins lucrativos;1454374;MEDICINA VETERINÁRIA;Bacharelado;Presencial;4;2019;-;;-;;-;;100;20/07/2020;05/03/2020;Em Atividade;8;Agricultura, silvicultura, pesca e veterinária;84;Veterinária;841;Veterinária;0841M01;Medicina veterinária
3869;INSTITUTO FLORENCE DE ENSINO SUPERIOR;IFES;Privada com fins lucrativos;1631117;MEDICINA;Bacharelado;Presencial;5;2024;-;;-;;-;;60;13/11/2024;12/09/2024;Em Atividade;;;;;;;;
3879;Centro Universitário Maurício de Nassau de Campina Grande;UNINASSAU CPV;Privada com fins lucrativos;108424;BIOMEDICINA;Bacharelado;Presencial;3;2025;3;2023;3;2023;4;2023;240;31/03/2008;24/12/2007;Em Atividade;9;Saúde e bem-estar;91;Saúde;914;Tecnologia de diagnóstico e tratamento médico;0914B01;Biomedicina
3879;Centro Universitário Maurício de Nassau de Campina Grande;UNINASSAU CPV;Privada com fins lucrativos;1350516;MEDICINA VETERINÁRIA;Bacharelado;Presencial;2;2022;3;2023;3;2023;3;2023;480;05/02/2018;30/05/2017;Em Atividade;8;Agricultura, silvicultura, pesca e veterinária;84;Veterinária;841;Veterinária;0841M01;Medicina veterinária
3879;Centro Universitário Maurício de Nassau de Campina Grande;UNINASSAU CPV;Privada com fins lucrativos;1602998;MEDICINA;Bacharelado;Presencial;5;2023;-;;-;;-;;240;14/08/2024;12/07/2024;Em Atividade;9;Saúde e bem-estar;91;Saúde;912;Medicina;0912M01;Medicina
3933;FACULDADE MÉTODO DE SÃO PAULO;FAMESP;Privada com fins lucrativos;1280312;BIOMEDICINA;Bacharelado;Presencial;4;2022;3;2023;2;2023;2;2023;180;01/02/2016;01/06/2015;Em Atividade;9;Saúde e bem-estar;91;Saúde;914;Tecnologia de diagnóstico e tratamento médico;0914B01;Biomedicina
3940;FACULDADE DE ENSINO SUPERIOR SANTA BARBARA;FAESB;Privada sem fins lucrativos;1453933;MEDICINA VETERINÁRIA;Bacharelado;Presencial;4;2025;-;;-;;-;;100;08/02/2021;16/10/2020;Em Atividade;8;Agricultura, silvicultura, pesca e veterinária;84;Veterinária;841;Veterinária;0841M01;Medicina veterinária
3966;CENTRO UNIVERSITÁRIO DE CARATINGA;UNEC;Privada sem fins lucrativos;50662;MEDICINA;Bacharelado;Presencial;4;2024;3;2023;3;2023;2;2023;40;03/03/2002;21/12/2001;Em Atividade;9;Saúde e bem-estar;91;Saúde;912;Medicina;0912M01;Medicina
3966;CENTRO UNIVERSITÁRIO DE CARATINGA;UNEC;Privada sem fins lucrativos;1415081;MEDICINA VETERINÁRIA;Bacharelado;Presencial;3;2024;3;2023;3;2023;3;2023;120;02/08/2017;21/02/2017;Em Atividade;8;Agricultura, silvicultura, pesca e veterinária;84;Veterinária;841;Veterinária;0841M01;Medicina veterinária
3966;CENTRO UNIVERSITÁRIO DE CARATINGA;UNEC;Privada sem fins lucrativos;1483474;MEDICINA VETERINÁRIA;Bacharelado;A Distância;4;2024;2;2023;2;2023;2;2023;100;22/04/2019;22/04/2019;Em Extinção;8;Agricultura, silvicultura, pesca e veterinária;84;Veterinária;841;Veterinária;0841M01;Medicina veterinária
3966;CENTRO UNIVERSITÁRIO DE CARATINGA;UNEC;Privada sem fins lucrativos;1702912;MEDICINA VETERINÁRIA;Bacharelado;Semipresencial;-;;-;;-;;-;;50;Não iniciado;25/09/2025;Em Atividade;8;Agricultura, silvicultura, pesca e veterinária;84;Veterinária;841;Veterinária;0841M01;Medicina veterinária
3974;UNIVERSIDADE DE RIO VERDE;FESURV;Pública Municipal;91883;MEDICINA VETERINÁRIA;Bacharelado;Presencial;-;;3;2023;3;2023;3;2023;320;21/02/2005;04/10/2004;Em Atividade;8;Agricultura, silvicultura, pesca e veterinária;84;Veterinária;841;Veterinária;0841M01;Medicina veterinária
3974;UNIVERSIDADE DE RIO VERDE;FESURV;Pública Municipal;1178672;MEDICINA;Bacharelado;Presencial;-;;3;2023;2;2025;3;2023;150;03/01/2012;04/04/2011;Em Atividade;9;Saúde e bem-estar;91;Saúde;912;Medicina;0912M01;Medicina
3974;UNIVERSIDADE DE RIO VERDE;FESURV;Pública Municipal;1321864;MEDICINA;Bacharelado;Presencial;-;;3;2023;2;2025;2;2023;150;28/07/2014;03/12/2013;Em Atividade;9;Saúde e bem-estar;91;Saúde;912;Medicina;0912M01;Medicina
3974;UNIVERSIDADE DE RIO VERDE;FESURV;Pública Municipal;1342536;MEDICINA;Bacharelado;Presencial;-;;2;2023;1;2025;1;2023;150;14/09/2015;17/06/2015;Em Atividade;9;Saúde e bem-estar;91;Saúde;912;Medicina;0912M01;Medicina
3974;UNIVERSIDADE DE RIO VERDE;FESURV;Pública Municipal;1477973;MEDICINA;Bacharelado;Presencial;-;;-;;1;2025;-;;150;06/02/2019;06/07/2018;Em Atividade;9;Saúde e bem-estar;91;Saúde;912;Medicina;0912M01;Medicina
3974;UNIVERSIDADE DE RIO VERDE;FESURV;Pública Municipal;1636742;MEDICINA;Bacharelado;Presencial;-;;-;;-;;-;;200;02/05/2023;28/04/2023;Em Atividade;9;Saúde e bem-estar;91;Saúde;912;Medicina;0912M01;Medicina
3977;FACULDADE DE TECNOLOGIA DO AMAPÁ;META;Privada com fins lucrativos;1595339;BIOMEDICINA;Bacharelado;Presencial;4;2023;-;;-;;-;;80;01/08/2023;26/07/2023;Em Atividade;9;Saúde e bem-estar;91;Saúde;914;Tecnologia de diagnóstico e tratamento médico;0914B01;Biomedicina
3983;CENTRO UNIVERSITÁRIO DE FORMIGA;UNIFORMG;Privada sem fins lucrativos;90359;MEDICINA VETERINÁRIA;Bacharelado;Presencial;5;2023;3;2023;2;2023;3;2023;50;16/02/2006;10/12/2005;Em Atividade;8;Agricultura, silvicultura, pesca e veterinária;84;Veterinária;841;Veterinária;0841M01;Medicina veterinária
3983;CENTRO UNIVERSITÁRIO DE FORMIGA;UNIFORMG;Privada sem fins lucrativos;1081489;MEDICINA VETERINÁRIA;Bacharelado;Presencial;-;;-;;-;;-;;50;Não iniciado;-;Extinto;8;Agricultura, silvicultura, pesca e veterinária;84;Veterinária;841;Veterinária;0841M01;Medicina veterinária
3983;CENTRO UNIVERSITÁRIO DE FORMIGA;UNIFORMG;Privada sem fins lucrativos;1261236;BIOMEDICINA;Bacharelado;Presencial;4;2017;4;2023;3;2023;3;2023;50;03/02/2014;23/08/2013;Em Atividade;9;Saúde e bem-estar;91;Saúde;914;Tecnologia de diagnóstico e tratamento médico;0914B01;Biomedicina
3983;CENTRO UNIVERSITÁRIO DE FORMIGA;UNIFORMG;;1719483;MEDICINA VETERINÁRIA;Bacharelado;Semipresencial;-;;-;;-;;-;;60;Não iniciado;-;Em Atividade;;;;;;;;
3984;FUNDAÇÃO UNIVERSIDADE FEDERAL DO VALE DO SÃO FRANCISCO;UNIVASF;Pública Federal;85586;MEDICINA;Bacharelado;Presencial;4;2025;3;2023;5;2025;3;2023;80;18/10/2004;05/12/2003;Em Atividade;9;Saúde e bem-estar;91;Saúde;912;Medicina;0912M01;Medicina
3984;FUNDAÇÃO UNIVERSIDADE FEDERAL DO VALE DO SÃO FRANCISCO;UNIVASF;Pública Federal;87958;MEDICINA VETERINÁRIA;Bacharelado;Presencial;4;2011;3;2023;3;2023;2;2023;50;01/02/2006;08/08/2005;Em Atividade;8;Agricultura, silvicultura, pesca e veterinária;84;Veterinária;841;Veterinária;0841M01;Medicina veterinária
3984;FUNDAÇÃO UNIVERSIDADE FEDERAL DO VALE DO SÃO FRANCISCO;UNIVASF;Pública Federal;1202588;MEDICINA;Bacharelado;Presencial;5;2024;3;2023;5;2025;3;2023;40;15/09/2014;13/05/2014;Em Atividade;9;Saúde e bem-estar;91;Saúde;912;Medicina;0912M01;Medicina
3987;CENTRO UNIVERSITÁRIO GOYAZES;UniGOYAZES;Privada com fins lucrativos;105686;BIOMEDICINA;Bacharelado;Presencial;3;2012;3;2023;1;2023;2;2023;200;04/09/2007;04/09/2007;Em Atividade;9;Saúde e bem-estar;91;Saúde;914;Tecnologia de diagnóstico e tratamento médico;0914B01;Biomedicina
3987;CENTRO UNIVERSITÁRIO GOYAZES;UniGOYAZES;Privada com fins lucrativos;1332915;MEDICINA VETERINÁRIA;Bacharelado;Presencial;5;2022;3;2023;3;2023;3;2023;200;01/08/2017;02/05/2017;Em Atividade;8;Agricultura, silvicultura, pesca e veterinária;84;Veterinária;841;Veterinária;0841M01;Medicina veterinária
3987;CENTRO UNIVERSITÁRIO GOYAZES;UniGOYAZES;Privada com fins lucrativos;1571080;BIOMEDICINA;Bacharelado;A Distância;-;;-;;-;;-;;300;Não iniciado;22/02/2021;Extinto;9;Saúde e bem-estar;91;Saúde;914;Tecnologia de diagnóstico e tratamento médico;0914B01;Biomedicina
4000;FACULDADE DE ENSINO SUPERIOR DO INTERIOR PAULISTA;FAIP;Privada com fins lucrativos;1441944;BIOMEDICINA;Bacharelado;Presencial;5;2023;3;2023;2;2023;2;2023;80;22/06/2018;22/06/2018;Em Atividade;9;Saúde e bem-estar;91;Saúde;914;Tecnologia de diagnóstico e tratamento médico;0914B01;Biomedicina
4010;CENTRO UNIVERSITÁRIO METODISTA;IPA;Privada sem fins lucrativos;75703;BIOMEDICINA;Bacharelado;Presencial;4;2007;4;2019;3;2019;4;2019;90;22/02/2005;17/12/2004;Em Atividade;9;Saúde e bem-estar;91;Saúde;914;Tecnologia de diagnóstico e tratamento médico;0914B01;Biomedicina
4017;CENTRO UNIVERSITÁRIO PADRE ANCHIETA;UNIANCHIETA;Privada com fins lucrativos;1322056;BIOMEDICINA;Bacharelado;Presencial;5;2023;4;2023;3;2023;4;2023;130;19/02/2015;01/08/2014;Em Atividade;9;Saúde e bem-estar;91;Saúde;914;Tecnologia de diagnóstico e tratamento médico;0914B01;Biomedicina
4017;CENTRO UNIVERSITÁRIO PADRE ANCHIETA;UNIANCHIETA;Privada com fins lucrativos;1514651;MEDICINA VETERINÁRIA;Bacharelado;Presencial;4;2024;-;;-;;-;;180;27/02/2020;20/09/2019;Em Atividade;8;Agricultura, silvicultura, pesca e veterinária;84;Veterinária;841;Veterinária;0841M01;Medicina veterinária
4017;CENTRO UNIVERSITÁRIO PADRE ANCHIETA;UNIANCHIETA;Privada com fins lucrativos;1550592;BIOMEDICINA;Bacharelado;A Distância;4;2024;-;;-;;-;;200;01/03/2021;02/10/2020;Em Extinção;9;Saúde e bem-estar;91;Saúde;914;Tecnologia de diagnóstico e tratamento médico;0914B01;Biomedicina
4017;CENTRO UNIVERSITÁRIO PADRE ANCHIETA;UNIANCHIETA;Privada com fins lucrativos;1702072;BIOMEDICINA;Bacharelado;Semipresencial;-;;-;;-;;-;;2800;Não iniciado;25/09/2025;Em Atividade;9;Saúde e bem-estar;91;Saúde;914;Tecnologia de diagnóstico e tratamento médico;0914B01;Biomedicina
4030;CENTRO UNIVERSITÁRIO FLUMINENSE;UNIFLU;Privada sem fins lucrativos;1505287;BIOMEDICINA;Bacharelado;Presencial;-;;-;;-;;-;;50;Não iniciado;22/10/2019;Extinto;9;Saúde e bem-estar;91;Saúde;914;Tecnologia de diagnóstico e tratamento médico;0914B01;Biomedicina
4037;CENTRO UNIVERSITÁRIO ANHANGUERA DE FORTALEZA;UNIPITÁGORAS;Privada com fins lucrativos;1615242;MEDICINA VETERINÁRIA;Bacharelado;Presencial;-;;-;;-;;-;;100;Não iniciado;20/10/2022;Extinto;8;Agricultura, silvicultura, pesca e veterinária;84;Veterinária;841;Veterinária;0841M01;Medicina veterinária
4037;CENTRO UNIVERSITÁRIO PITÁGORAS DE FORTALEZA;UNIPITÁGORAS;Privada com fins lucrativos;99784;BIOMEDICINA;Bacharelado;Presencial;3;2011;3;2023;1;2023;2;2023;100;01/08/2007;21/12/2006;Em Extinção;9;Saúde e bem-estar;91;Saúde;914;Tecnologia de diagnóstico e tratamento médico;0914B01;Biomedicina
4045;Centro Universitário UniCuritiba;UniCuritiba;Privada com fins lucrativos;1352053;BIOMEDICINA;Bacharelado;Presencial;4;2016;-;;-;;-;;100;Não iniciado;01/06/2017;Em Extinção;9;Saúde e bem-estar;91;Saúde;914;Tecnologia de diagnóstico e tratamento médico;0914B01;Biomedicina
4045;Centro Universitário UniCuritiba;UniCuritiba;Privada com fins lucrativos;1443169;MEDICINA VETERINÁRIA;Bacharelado;Presencial;4;2022;3;2023;3;2023;3;2023;114;01/08/2018;26/03/2018;Em Atividade;8;Agricultura, silvicultura, pesca e veterinária;84;Veterinária;841;Veterinária;0841M01;Medicina veterinária
4045;Centro Universitário UniCuritiba;UniCuritiba;Privada com fins lucrativos;1443190;BIOMEDICINA;Bacharelado;Presencial;4;2022;3;2023;2;2023;2;2023;114;24/05/2018;26/03/2018;Em Atividade;9;Saúde e bem-estar;91;Saúde;914;Tecnologia de diagnóstico e tratamento médico;0914B01;Biomedicina
4090;Faculdade Flórida;FACFLÓRIDA;Privada com fins lucrativos;1633907;MEDICINA VETERINÁRIA;Bacharelado;Presencial;3;2024;-;;-;;-;;80;Não iniciado;19/03/2024;Em Atividade;8;Agricultura, silvicultura, pesca e veterinária;84;Veterinária;841;Veterinária;0841M01;Medicina veterinária
4093;Centro Universitário de Tecnologia de Curitiba;UNIFATEC;Privada com fins lucrativos;1598310;MEDICINA VETERINÁRIA;Bacharelado;Presencial;-;;-;;-;;-;;100;07/02/2022;05/01/2022;Em Atividade;8;Agricultura, silvicultura, pesca e veterinária;84;Veterinária;841;Veterinária;0841M01;Medicina veterinária
4093;Centro Universitário de Tecnologia de Curitiba;UNIFATEC;Privada com fins lucrativos;1598312;BIOMEDICINA;Bacharelado;Presencial;-;;-;;-;;-;;100;08/08/2022;05/01/2022;Em Atividade;9;Saúde e bem-estar;91;Saúde;914;Tecnologia de diagnóstico e tratamento médico;0914B01;Biomedicina
4093;Centro Universitário de Tecnologia de Curitiba;UNIFATEC;Privada com fins lucrativos;1634420;MEDICINA VETERINÁRIA;Bacharelado;A Distância;-;;-;;-;;-;;500;Não iniciado;17/03/2023;Em Extinção;8;Agricultura, silvicultura, pesca e veterinária;84;Veterinária;841;Veterinária;0841M01;Medicina veterinária
4097;Centro Universitário Uniftec Bento Gonçalves;-;Privada com fins lucrativos;1639014;BIOMEDICINA;Bacharelado;Presencial;-;;-;;-;;-;;80;01/07/2023;01/06/2023;Em Atividade;9;Saúde e bem-estar;91;Saúde;914;Tecnologia de diagnóstico e tratamento médico;0914B01;Biomedicina
4098;INSTITUTO FEDERAL DE EDUCAÇÃO, CIÊNCIA E TECNOLOGIA FARROUPILHA;IFFarroupilha;Pública Federal;1419883;MEDICINA VETERINÁRIA;Bacharelado;Presencial;5;2022;4;2023;4;2023;4;2023;40;26/02/2018;10/03/2017;Em Atividade;8;Agricultura, silvicultura, pesca e veterinária;84;Veterinária;841;Veterinária;0841M01;Medicina veterinária
4113;FACULDADE EVANGÉLICA DE CERES;FACER;Privada com fins lucrativos;1260939;BIOMEDICINA;Bacharelado;Presencial;4;2018;3;2019;2;2019;2;2019;100;03/11/2014;26/08/2014;Em Atividade;9;Saúde e bem-estar;91;Saúde;914;Tecnologia de diagnóstico e tratamento médico;0914B01;Biomedicina
4118;Centro Universitário Maurício de Nassau Paulista;UNINASSAU PAULISTA;Privada com fins lucrativos;1322775;BIOMEDICINA;Bacharelado;Presencial;-;;-;;-;;-;;240;Não iniciado;11/12/2017;Extinto;9;Saúde e bem-estar;91;Saúde;914;Tecnologia de diagnóstico e tratamento médico;0914B01;Biomedicina
4118;Centro Universitário Maurício de Nassau Paulista;UNINASSAU PAULISTA;Privada com fins lucrativos;1323597;BIOMEDICINA;Bacharelado;Presencial;-;;-;;-;;-;;240;19/12/2016;19/12/2016;Extinto;9;Saúde e bem-estar;91;Saúde;914;Tecnologia de diagnóstico e tratamento médico;0914B01;Biomedicina
4118;Centro Universitário Maurício de Nassau Paulista;UNINASSAU PAULISTA;Privada com fins lucrativos;1596179;MEDICINA VETERINÁRIA;Bacharelado;Presencial;-;;-;;-;;-;;240;Não iniciado;30/11/2021;Em Atividade;8;Agricultura, silvicultura, pesca e veterinária;84;Veterinária;841;Veterinária;0841M01;Medicina veterinária
4121;CENTRO UNIVERSITÁRIO MAURICIO DE NASSAU DE ARACAJU;-;Privada sem fins lucrativos;1258014;BIOMEDICINA;Bacharelado;Presencial;4;2025;SC;2023;SC;2023;SC;2023;180;01/07/2015;29/06/2015;Em Atividade;9;Saúde e bem-estar;91;Saúde;914;Tecnologia de diagnóstico e tratamento médico;0914B01;Biomedicina
4121;CENTRO UNIVERSITÁRIO MAURICIO DE NASSAU DE ARACAJU;-;Privada sem fins lucrativos;1350525;MEDICINA VETERINÁRIA;Bacharelado;Presencial;-;;-;;-;;-;;180;Não iniciado;11/12/2017;Extinto;8;Agricultura, silvicultura, pesca e veterinária;84;Veterinária;841;Veterinária;0841M01;Medicina veterinária
4121;CENTRO UNIVERSITÁRIO MAURICIO DE NASSAU DE ARACAJU;-;Privada sem fins lucrativos;1596052;MEDICINA VETERINÁRIA;Bacharelado;Presencial;-;;-;;-;;-;;240;01/08/2022;08/11/2021;Em Atividade;8;Agricultura, silvicultura, pesca e veterinária;84;Veterinária;841;Veterinária;0841M01;Medicina veterinária
4138;FACULDADE ANHANGUERA DE SANTA BÁRBARA;-;Privada com fins lucrativos;92945;BIOMEDICINA;Bacharelado;Presencial;4;2011;3;2023;1;2023;2;2023;120;22/01/2007;02/05/2006;Em Atividade;9;Saúde e bem-estar;91;Saúde;914;Tecnologia de diagnóstico e tratamento médico;0914B01;Biomedicina
4141;FACULDADE ANHANGUERA DE TAUBATÉ;-;Privada com fins lucrativos;1364309;BIOMEDICINA;Bacharelado;Presencial;4;2022;3;2023;2;2023;2;2023;110;05/05/2017;31/03/2017;Em Atividade;9;Saúde e bem-estar;91;Saúde;914;Tecnologia de diagnóstico e tratamento médico;0914B01;Biomedicina
4153;Centro Universitário Joaquim Nabuco de Recife;UNINABUCO RECIFE;Privada com fins lucrativos;1322801;BIOMEDICINA;Bacharelado;Presencial;-;;-;;-;;-;;180;14/10/2016;14/10/2016;Extinto;9;Saúde e bem-estar;91;Saúde;914;Tecnologia de diagnóstico e tratamento médico;0914B01;Biomedicina
4153;Centro Universitário Joaquim Nabuco de Recife;UNINABUCO RECIFE;Privada com fins lucrativos;1524088;BIOMEDICINA;Bacharelado;Presencial;-;;-;;-;;-;;240;Não iniciado;13/02/2020;Extinto;9;Saúde e bem-estar;91;Saúde;914;Tecnologia de diagnóstico e tratamento médico;0914B01;Biomedicina
4153;Centro Universitário Joaquim Nabuco de Recife;UNINABUCO RECIFE;Privada com fins lucrativos;1555792;BIOMEDICINA;Bacharelado;A Distância;-;;3;2023;1;2023;3;2023;8850;01/02/2021;20/11/2020;Em Extinção;9;Saúde e bem-estar;91;Saúde;914;Tecnologia de diagnóstico e tratamento médico;0914B01;Biomedicina
4153;CENTRO UNIVERSITÁRIO MAURÍCIO DE NASSAU DERBY;UNINASSAU;Privada com fins lucrativos;1710912;BIOMEDICINA;Bacharelado;Semipresencial;-;;-;;-;;-;;8850;Não iniciado;25/09/2025;Em Atividade;9;Saúde e bem-estar;91;Saúde;914;Tecnologia de diagnóstico e tratamento médico;0914B01;Biomedicina
4163;CENTRO UNIVERSITÁRIO BARRIGA VERDE;UNIBAVE;Privada sem fins lucrativos;1143241;MEDICINA VETERINÁRIA;Bacharelado;Presencial;4;2017;4;2023;4;2023;4;2023;55;07/02/2011;07/10/2010;Em Atividade;8;Agricultura, silvicultura, pesca e veterinária;84;Veterinária;841;Veterinária;0841M01;Medicina veterinária
4166;FACULDADE UNIBRASÍLIA DE MINAS GERAIS;BRASÍLIA;Privada sem fins lucrativos;1467714;MEDICINA VETERINÁRIA;Bacharelado;Presencial;4;2020;-;;-;;-;;50;01/03/2021;09/10/2020;Em Atividade;8;Agricultura, silvicultura, pesca e veterinária;84;Veterinária;841;Veterinária;0841M01;Medicina veterinária
4169;Faculdade Estácio de Carapicuíba;ESTÁCIO CARAPICUÍBA;Privada com fins lucrativos;1500613;BIOMEDICINA;Bacharelado;Presencial;5;2025;-;;-;;-;;100;01/02/2022;30/09/2021;Em Atividade;;;;;;;;
4197;CENTRO UNIVERSITÁRIO MAURÍCIO DE NASSAU TERESINA SUL;UNINASSAU SUL;Privada com fins lucrativos;5001706;MEDICINA;Bacharelado;Presencial;5;2023;-;;-;;-;;60;12/08/2024;05/07/2024;Em Atividade;9;Saúde e bem-estar;91;Saúde;912;Medicina;0912M01;Medicina
4197;Faculdade Uninassau Aliança - Redenção;Nassau Aliança;Privada com fins lucrativos;101502;BIOMEDICINA;Bacharelado;Presencial;3;2011;3;2019;2;2019;3;2019;100;19/03/2007;27/02/2007;Em Extinção;9;Saúde e bem-estar;91;Saúde;914;Tecnologia de diagnóstico e tratamento médico;0914B01;Biomedicina
4198;Faculdade Morgana Potrich;FAMP;Privada com fins lucrativos;5001300;MEDICINA;Bacharelado;Presencial;4;2023;2;2023;2;2025;2;2023;200;17/08/2015;29/06/2015;Em Atividade;9;Saúde e bem-estar;91;Saúde;912;Medicina;0912M01;Medicina
4254;FACULDADES INTEGRADAS DA TERRA DE BRASÍLIA;FTB;Privada sem fins lucrativos;80261;MEDICINA VETERINÁRIA;Bacharelado;Presencial;-;;-;;-;;-;;100;23/12/2004;23/12/2004;Extinto;8;Agricultura, silvicultura, pesca e veterinária;84;Veterinária;841;Veterinária;0841M01;Medicina veterinária
4255;CENTRO UNIVERSITÁRIO MAURÍCIO DE NASSAU DE RONDÔNIA;UNINASSAU;Privada com fins lucrativos;1589851;MEDICINA VETERINÁRIA;Bacharelado;Presencial;3;2022;-;;-;;-;;180;Não iniciado;10/04/2023;Em Atividade;8;Agricultura, silvicultura, pesca e veterinária;84;Veterinária;841;Veterinária;0841M01;Medicina veterinária
4255;FACULDADES INTEGRADAS DE CACOAL;UNESC;Privada com fins lucrativos;1044438;BIOMEDICINA;Bacharelado;Presencial;3;2015;2;2023;2;2023;2;2023;80;10/02/2012;28/01/2010;Em Atividade;9;Saúde e bem-estar;91;Saúde;914;Tecnologia de diagnóstico e tratamento médico;0914B01;Biomedicina
4256;Centro Universitário FIP-MOC;UNIFIPMoc;Privada com fins lucrativos;91009;BIOMEDICINA;Bacharelado;Presencial;-;;-;;-;;-;;100;14/02/2006;14/02/2006;Extinto;9;Saúde e bem-estar;91;Saúde;914;Tecnologia de diagnóstico e tratamento médico;0914B01;Biomedicina
4256;Centro Universitário FIP-MOC;UNIFIPMoc;Privada com fins lucrativos;107666;MEDICINA;Bacharelado;Presencial;5;2025;4;2023;4;2025;5;2023;100;01/02/2008;12/11/2007;Em Atividade;9;Saúde e bem-estar;91;Saúde;912;Medicina;0912M01;Medicina
4256;Centro Universitário FIP-MOC;UNIFIPMoc;Privada com fins lucrativos;1611233;MEDICINA VETERINÁRIA;Bacharelado;Presencial;-;;-;;-;;-;;100;22/08/2022;22/08/2022;Em Atividade;8;Agricultura, silvicultura, pesca e veterinária;84;Veterinária;841;Veterinária;0841M01;Medicina veterinária
4259;Centro Universitário Mais;UNIMAIS;Privada com fins lucrativos;1675868;BIOMEDICINA;Bacharelado;Presencial;-;;-;;-;;-;;120;05/02/2025;04/06/2024;Em Atividade;9;Saúde e bem-estar;91;Saúde;914;Tecnologia de diagnóstico e tratamento médico;0914B01;Biomedicina
4259;Centro Universitário Mais;UNIMAIS;;1714300;BIOMEDICINA;Bacharelado;Semipresencial;-;;-;;-;;-;;2500;27/08/2025;-;Em Atividade;;;;;;;;
4259;Centro Universitário Mais;UNIMAIS;;1714728;MEDICINA VETERINÁRIA;Bacharelado;Semipresencial;-;;-;;-;;-;;700;01/09/2025;-;Em Atividade;;;;;;;;
4259;FACULDADE DE INHUMAS - FAC-MAIS;FACMAIS;Privada com fins lucrativos;1364539;MEDICINA VETERINÁRIA;Bacharelado;Presencial;4;2023;3;2023;1;2023;2;2023;120;08/11/2018;09/03/2018;Em Atividade;8;Agricultura, silvicultura, pesca e veterinária;84;Veterinária;841;Veterinária;0841M01;Medicina veterinária
4277;FACULDADE ESTÁCIO DO AMAZONAS - ESTÁCIO AMAZONAS;ESTÁCIO AMAZONAS;Privada com fins lucrativos;104272;BIOMEDICINA;Bacharelado;Presencial;4;2011;3;2023;1;2023;3;2023;200;23/07/2007;25/05/2007;Em Atividade;9;Saúde e bem-estar;91;Saúde;914;Tecnologia de diagnóstico e tratamento médico;0914B01;Biomedicina
4293;FACULDADE DE TIETÊ;-;Privada com fins lucrativos;100061;BIOMEDICINA;Bacharelado;Presencial;-;;-;;-;;-;;100;01/08/2007;09/01/2007;Extinto;9;Saúde e bem-estar;91;Saúde;914;Tecnologia de diagnóstico e tratamento médico;0914B01;Biomedicina
4357;FACULDADE QUALITTAS;QUALITTAS;Privada com fins lucrativos;1455149;MEDICINA VETERINÁRIA;Bacharelado;Presencial;4;2021;-;;-;;-;;60;Não iniciado;01/08/2022;Em Atividade;8;Agricultura, silvicultura, pesca e veterinária;84;Veterinária;841;Veterinária;0841M01;Medicina veterinária
4358;INSTITUTO FEDERAL DE EDUCAÇÃO, CIÊNCIA E TECNOLOGIA DO SUL DE MINAS GERAIS;IF SUL DE MINAS;Pública Federal;1327317;MEDICINA VETERINÁRIA;Bacharelado;Presencial;5;2019;5;2023;4;2023;4;2023;40;03/08/2015;23/03/2015;Em Atividade;8;Agricultura, silvicultura, pesca e veterinária;84;Veterinária;841;Veterinária;0841M01;Medicina veterinária
4367;FACULDADE TERRA NORDESTE;FATENE;Privada com fins lucrativos;1101780;MEDICINA VETERINÁRIA;Bacharelado;Presencial;4;2015;3;2023;2;2023;3;2019;150;25/07/2011;28/06/2011;Em Atividade;8;Agricultura, silvicultura, pesca e veterinária;84;Veterinária;841;Veterinária;0841M01;Medicina veterinária
4396;CENTRO UNIVERSITÁRIO DE MINEIROS;UNIFIMES;Pública Municipal;1175735;MEDICINA VETERINÁRIA;Bacharelado;Presencial;-;;2;2023;1;2023;2;2019;80;13/02/2012;-;Em Atividade;8;Agricultura, silvicultura, pesca e veterinária;84;Veterinária;841;Veterinária;0841M01;Medicina veterinária
4396;CENTRO UNIVERSITÁRIO DE MINEIROS;UNIFIMES;Pública Municipal;1330031;MEDICINA;Bacharelado;Presencial;-;;3;2023;2;2025;-;;90;14/03/2016;03/06/2015;Em Atividade;9;Saúde e bem-estar;91;Saúde;912;Medicina;0912M01;Medicina
4396;CENTRO UNIVERSITÁRIO DE MINEIROS;UNIFIMES;Pública Municipal;1421100;MEDICINA;Bacharelado;Presencial;-;;3;2023;2;2025;-;;100;27/08/2018;29/08/2017;Em Atividade;9;Saúde e bem-estar;91;Saúde;912;Medicina;0912M01;Medicina
4399;CENTRO UNIVERSITÁRIO DE BALSAS;UNIBALSAS;Privada com fins lucrativos;1676028;MEDICINA VETERINÁRIA;Bacharelado;Presencial;-;;-;;-;;-;;120;05/08/2024;06/06/2024;Em Atividade;8;Agricultura, silvicultura, pesca e veterinária;84;Veterinária;841;Veterinária;0841M01;Medicina veterinária
4411;Faculdade Estácio Unijipa de Ji-Paraná;-;Privada com fins lucrativos;1322359;BIOMEDICINA;Bacharelado;Presencial;4;2022;2;2023;2;2023;-;;100;16/11/2016;18/07/2016;Em Atividade;9;Saúde e bem-estar;91;Saúde;914;Tecnologia de diagnóstico e tratamento médico;0914B01;Biomedicina
4411;Faculdade Estácio Unijipa de Ji-Paraná;-;Privada com fins lucrativos;1453463;MEDICINA;Bacharelado;Presencial;4;2021;-;;-;;-;;28;15/08/2022;18/03/2022;Em Atividade;;;;;;;;
4429;CENTRO UNIVERSITÁRIO UNIGRAN CAPITAL;-;Privada sem fins lucrativos;1259584;BIOMEDICINA;Bacharelado;Presencial;4;2018;4;2023;3;2023;3;2019;120;04/02/2015;28/11/2014;Em Atividade;9;Saúde e bem-estar;91;Saúde;914;Tecnologia de diagnóstico e tratamento médico;0914B01;Biomedicina
4431;FACULDADE DE ENFERMAGEM NOVA ESPERANÇA DE MOSSORÓ - FACENE/RN;FACENE/RN;Privada com fins lucrativos;1192047;MEDICINA;Bacharelado;Presencial;5;2024;-;;2;2025;-;;113;30/11/2018;29/11/2018;Em Atividade;9;Saúde e bem-estar;91;Saúde;912;Medicina;0912M01;Medicina
4431;FACULDADE DE ENFERMAGEM NOVA ESPERANÇA DE MOSSORÓ - FACENE/RN;FACENE/RN;Privada com fins lucrativos;1322850;BIOMEDICINA;Bacharelado;Presencial;4;2019;3;2023;2;2023;3;2019;50;16/12/2015;30/10/2015;Em Atividade;9;Saúde e bem-estar;91;Saúde;914;Tecnologia de diagnóstico e tratamento médico;0914B01;Biomedicina
4431;FACULDADE DE ENFERMAGEM NOVA ESPERANÇA DE MOSSORÓ - FACENE/RN;FACENE/RN;Privada com fins lucrativos;1349448;MEDICINA VETERINÁRIA;Bacharelado;Presencial;-;;-;;-;;-;;100;Não iniciado;28/09/2017;Extinto;8;Agricultura, silvicultura, pesca e veterinária;84;Veterinária;841;Veterinária;0841M01;Medicina veterinária
4450;CENTRO UNIVERSITÁRIO METROPOLITANO DA AMAZÔNIA;UNIFAMAZ;Privada com fins lucrativos;1081809;BIOMEDICINA;Bacharelado;Presencial;4;2018;5;2023;5;2023;4;2019;300;01/02/2011;22/09/2010;Em Atividade;9;Saúde e bem-estar;91;Saúde;914;Tecnologia de diagnóstico e tratamento médico;0914B01;Biomedicina
4450;CENTRO UNIVERSITÁRIO METROPOLITANO DA AMAZÔNIA;UNIFAMAZ;Privada com fins lucrativos;1171609;MEDICINA;Bacharelado;Presencial;5;2022;4;2023;2;2025;4;2019;140;27/10/2014;28/11/2013;Em Atividade;9;Saúde e bem-estar;91;Saúde;912;Medicina;0912M01;Medicina
4452;CENTRO UNIVERSITÁRIO ANHANGUERA DE MARABÁ;-;Privada com fins lucrativos;1473546;MEDICINA VETERINÁRIA;Bacharelado;Presencial;2;2023;3;2023;2;2023;-;;100;25/02/2019;05/02/2019;Em Atividade;8;Agricultura, silvicultura, pesca e veterinária;84;Veterinária;841;Veterinária;0841M01;Medicina veterinária
4496;FACULDADE DE TECNOLOGIA DO VALE DO IVAÍ;FATEC-IVAI;Privada com fins lucrativos;1536531;BIOMEDICINA;Bacharelado;Presencial;5;2025;-;;-;;-;;60;14/02/2022;03/12/2021;Em Atividade;9;Saúde e bem-estar;91;Saúde;914;Tecnologia de diagnóstico e tratamento médico;0914B01;Biomedicina
4496;FACULDADE DE TECNOLOGIA DO VALE DO IVAÍ;FATEC-IVAI;Privada com fins lucrativos;1617252;MEDICINA;Bacharelado;Presencial;5;2023;-;;-;;-;;60;07/08/2024;05/07/2024;Em Atividade;;;;;;;;
4503;UNIVERSIDADE FEDERAL DO RECÔNCAVO DA BAHIA;UFRB;Pública Federal;114992;MEDICINA VETERINÁRIA;Bacharelado;Presencial;4;2012;5;2023;4;2023;3;2019;80;18/08/2008;25/07/2007;Em Atividade;8;Agricultura, silvicultura, pesca e veterinária;84;Veterinária;841;Veterinária;0841M01;Medicina veterinária
4503;UNIVERSIDADE FEDERAL DO RECÔNCAVO DA BAHIA;UFRB;Pública Federal;1202547;MEDICINA;Bacharelado;Presencial;4;2025;3;2023;3;2025;-;;60;11/11/2013;12/12/2013;Em Atividade;9;Saúde e bem-estar;91;Saúde;912;Medicina;0912M01;Medicina
4504;FUNDAÇÃO UNIVERSIDADE FEDERAL DA GRANDE DOURADOS;UFGD;Pública Federal;21542;MEDICINA;Bacharelado;Presencial;4;2024;3;2023;5;2025;3;2019;80;08/05/2000;21/12/1999;Em Atividade;9;Saúde e bem-estar;91;Saúde;912;Medicina;0912M01;Medicina
4522;CENTRO UNIVERSITÁRIO CATÓLICO SALESIANO AUXILIUM;UNISALESIANO;Privada sem fins lucrativos;1155362;MEDICINA VETERINÁRIA;Bacharelado;Presencial;5;2017;5;2023;4;2023;4;2019;150;06/02/2012;18/08/2011;Em Atividade;8;Agricultura, silvicultura, pesca e veterinária;84;Veterinária;841;Veterinária;0841M01;Medicina veterinária
4522;CENTRO UNIVERSITÁRIO CATÓLICO SALESIANO AUXILIUM;UNISALESIANO;Privada sem fins lucrativos;1164463;BIOMEDICINA;Bacharelado;Presencial;4;2016;4;2023;3;2023;3;2019;100;02/01/2013;20/04/2012;Em Atividade;9;Saúde e bem-estar;91;Saúde;914;Tecnologia de diagnóstico e tratamento médico;0914B01;Biomedicina
4522;CENTRO UNIVERSITÁRIO CATÓLICO SALESIANO AUXILIUM;UNISALESIANO;Privada sem fins lucrativos;1349293;BIOMEDICINA;Bacharelado;Presencial;4;2024;4;2023;3;2023;3;2019;60;01/02/2016;25/05/2015;Em Atividade;9;Saúde e bem-estar;91;Saúde;914;Tecnologia de diagnóstico e tratamento médico;0914B01;Biomedicina
4522;CENTRO UNIVERSITÁRIO CATÓLICO SALESIANO AUXILIUM;UNISALESIANO;Privada sem fins lucrativos;1399486;MEDICINA;Bacharelado;Presencial;4;2024;5;2023;3;2025;-;;107;19/02/2018;01/11/2017;Em Atividade;9;Saúde e bem-estar;91;Saúde;912;Medicina;0912M01;Medicina
4530;CENTRO UNIVERSITÁRIO TIRADENTES;UNIT;Privada com fins lucrativos;107656;BIOMEDICINA;Bacharelado;Presencial;4;2012;4;2023;4;2023;3;2019;120;04/09/2008;14/11/2007;Em Atividade;9;Saúde e bem-estar;91;Saúde;914;Tecnologia de diagnóstico e tratamento médico;0914B01;Biomedicina
4530;CENTRO UNIVERSITÁRIO TIRADENTES;UNIT;Privada com fins lucrativos;1200578;MEDICINA;Bacharelado;Presencial;5;2022;3;2023;3;2025;3;2019;140;18/08/2014;23/07/2014;Em Atividade;9;Saúde e bem-estar;91;Saúde;912;Medicina;0912M01;Medicina
4531;Centro Universitário Adventista de Ensino do Nordeste;Uniaene;Privada sem fins lucrativos;1573060;MEDICINA VETERINÁRIA;Bacharelado;Presencial;4;2022;-;;-;;-;;60;01/03/2023;06/01/2023;Em Atividade;8;Agricultura, silvicultura, pesca e veterinária;84;Veterinária;841;Veterinária;0841M01;Medicina veterinária
4533;FACULDADE SÃO FRANCISCO DA PARAÍBA;FASP;Privada com fins lucrativos;1570396;MEDICINA VETERINÁRIA;Bacharelado;Presencial;4;2022;-;;-;;-;;40;27/12/2022;27/12/2022;Em Atividade;8;Agricultura, silvicultura, pesca e veterinária;84;Veterinária;841;Veterinária;0841M01;Medicina veterinária
4534;FACULDADE HERRERO;FATEC;Privada com fins lucrativos;1573516;BIOMEDICINA;Bacharelado;Presencial;4;2024;-;;-;;-;;100;13/12/2021;10/12/2021;Em Atividade;9;Saúde e bem-estar;91;Saúde;914;Tecnologia de diagnóstico e tratamento médico;0914B01;Biomedicina
4586;FACULDADE UNIBRAS DO NORTE GOIANO;FACBRAS;Privada com fins lucrativos;1441588;MEDICINA VETERINÁRIA;Bacharelado;Presencial;2;2023;3;2023;1;2023;-;;100;16/05/2019;26/12/2018;Em Atividade;8;Agricultura, silvicultura, pesca e veterinária;84;Veterinária;841;Veterinária;0841M01;Medicina veterinária
4586;FACULDADE UNIBRAS DO NORTE GOIANO;FACBRAS;Privada com fins lucrativos;1533783;BIOMEDICINA;Bacharelado;Presencial;-;;-;;-;;-;;150;22/01/2021;23/10/2020;Em Atividade;9;Saúde e bem-estar;91;Saúde;914;Tecnologia de diagnóstico e tratamento médico;0914B01;Biomedicina
4613;Centro Universitário FAEMA;UNIFAEMA;Privada com fins lucrativos;1643570;BIOMEDICINA;Bacharelado;Presencial;-;;-;;-;;-;;60;18/07/2023;28/06/2023;Em Atividade;9;Saúde e bem-estar;91;Saúde;914;Tecnologia de diagnóstico e tratamento médico;0914B01;Biomedicina
4632;FACULDADE IDEAU DE CAXIAS DO SUL;IDEAU;Privada com fins lucrativos;1366515;MEDICINA VETERINÁRIA;Bacharelado;Presencial;4;2023;3;2023;3;2023;-;;100;24/10/2018;23/04/2018;Em Atividade;8;Agricultura, silvicultura, pesca e veterinária;84;Veterinária;841;Veterinária;0841M01;Medicina veterinária
4633;Faculdade IDEAU de Passo Fundo;IDEAU;Privada com fins lucrativos;1321964;MEDICINA VETERINÁRIA;Bacharelado;Presencial;4;2024;4;2023;4;2023;-;;100;09/11/2015;30/10/2015;Em Atividade;8;Agricultura, silvicultura, pesca e veterinária;84;Veterinária;841;Veterinária;0841M01;Medicina veterinária
4652;FACULDADE ANHANGÜERA DE SÃO JOSÉ;-;Privada com fins lucrativos;1364220;BIOMEDICINA;Bacharelado;Presencial;4;2023;3;2023;3;2023;-;;100;14/08/2017;31/03/2017;Em Atividade;9;Saúde e bem-estar;91;Saúde;914;Tecnologia de diagnóstico e tratamento médico;0914B01;Biomedicina
4652;FACULDADE ANHANGÜERA DE SÃO JOSÉ;-;Privada com fins lucrativos;1404678;MEDICINA VETERINÁRIA;Bacharelado;Presencial;4;2023;4;2023;3;2023;-;;160;12/08/2019;14/01/2019;Em Atividade;8;Agricultura, silvicultura, pesca e veterinária;84;Veterinária;841;Veterinária;0841M01;Medicina veterinária
4655;FACULDADE ANHANGÜERA DE SOROCABA;FSO;Privada com fins lucrativos;1364414;MEDICINA VETERINÁRIA;Bacharelado;Presencial;4;2022;3;2023;3;2023;-;;150;05/02/2018;28/09/2017;Em Atividade;8;Agricultura, silvicultura, pesca e veterinária;84;Veterinária;841;Veterinária;0841M01;Medicina veterinária
4655;FACULDADE ANHANGÜERA DE SOROCABA;FSO;Privada com fins lucrativos;1364415;BIOMEDICINA;Bacharelado;Presencial;5;2022;3;2023;2;2023;-;;100;07/08/2017;31/03/2017;Em Atividade;9;Saúde e bem-estar;91;Saúde;914;Tecnologia de diagnóstico e tratamento médico;0914B01;Biomedicina
4661;UNIBF CENTRO UNIVERSITÁRIO;-;;1713114;MEDICINA VETERINÁRIA;Bacharelado;Semipresencial;-;;-;;-;;-;;9000;Não iniciado;-;Em Atividade;;;;;;;;
4661;UNIBF CENTRO UNIVERSITÁRIO;-;;1713117;BIOMEDICINA;Bacharelado;Semipresencial;-;;-;;-;;-;;9000;01/09/2025;-;Em Atividade;;;;;;;;
4702;CENTRO UNIVERSITÁRIO BRASILEIRO;UNIBRA;Privada com fins lucrativos;1257479;MEDICINA VETERINÁRIA;Bacharelado;Presencial;5;2023;4;2023;3;2023;1;2019;140;02/03/2015;24/10/2014;Em Atividade;8;Agricultura, silvicultura, pesca e veterinária;84;Veterinária;841;Veterinária;0841M01;Medicina veterinária
4702;CENTRO UNIVERSITÁRIO BRASILEIRO;UNIBRA;Privada com fins lucrativos;1427453;BIOMEDICINA;Bacharelado;Presencial;5;2023;4;2023;3;2023;-;;200;05/02/2018;04/01/2018;Em Atividade;9;Saúde e bem-estar;91;Saúde;914;Tecnologia de diagnóstico e tratamento médico;0914B01;Biomedicina
4724;FACULDADE DE CIÊNCIAS HUMANAS DO ESTADO DE SÃO PAULO;FACIC;Privada sem fins lucrativos;1643493;BIOMEDICINA;Bacharelado;Presencial;-;;-;;-;;-;;60;23/02/2024;27/10/2023;Em Atividade;9;Saúde e bem-estar;91;Saúde;914;Tecnologia de diagnóstico e tratamento médico;0914B01;Biomedicina
4742;Faculdade Uninassau Olinda - Nassau Olinda;-;Privada sem fins lucrativos;1322672;BIOMEDICINA;Bacharelado;Presencial;-;;-;;-;;-;;200;18/07/2016;18/07/2016;Extinto;9;Saúde e bem-estar;91;Saúde;914;Tecnologia de diagnóstico e tratamento médico;0914B01;Biomedicina
4751;CENTRO UNIVERSITÁRIO UNIFATECIE;UNIFATECIE;Privada com fins lucrativos;1440384;MEDICINA VETERINÁRIA;Bacharelado;Presencial;5;2023;4;2023;3;2023;-;;100;18/02/2019;31/12/2018;Em Atividade;8;Agricultura, silvicultura, pesca e veterinária;84;Veterinária;841;Veterinária;0841M01;Medicina veterinária
4751;CENTRO UNIVERSITÁRIO UNIFATECIE;UNIFATECIE;Privada com fins lucrativos;1541972;BIOMEDICINA;Bacharelado;Presencial;4;2023;4;2023;3;2023;-;;100;13/07/2020;13/07/2020;Em Atividade;9;Saúde e bem-estar;91;Saúde;914;Tecnologia de diagnóstico e tratamento médico;0914B01;Biomedicina
4751;CENTRO UNIVERSITÁRIO UNIFATECIE;UNIFATECIE;Privada com fins lucrativos;1556653;BIOMEDICINA;Bacharelado;A Distância;4;2024;-;;-;;-;;1000;22/02/2021;01/12/2020;Em Extinção;9;Saúde e bem-estar;91;Saúde;914;Tecnologia de diagnóstico e tratamento médico;0914B01;Biomedicina
4751;CENTRO UNIVERSITÁRIO UNIFATECIE;UNIFATECIE;Privada com fins lucrativos;1702094;BIOMEDICINA;Bacharelado;Semipresencial;-;;-;;-;;-;;2000;15/09/2025;25/09/2025;Em Atividade;9;Saúde e bem-estar;91;Saúde;914;Tecnologia de diagnóstico e tratamento médico;0914B01;Biomedicina
4766;Centro Universitário UNA de Contagem;-;Privada com fins lucrativos;1303970;BIOMEDICINA;Bacharelado;Presencial;4;2023;3;2023;2;2023;3;2019;100;01/07/2016;29/01/2016;Em Atividade;9;Saúde e bem-estar;91;Saúde;914;Tecnologia de diagnóstico e tratamento médico;0914B01;Biomedicina
4766;Centro Universitário UNA de Contagem;-;Privada com fins lucrativos;1441316;MEDICINA VETERINÁRIA;Bacharelado;Presencial;2;2023;2;2023;2;2023;-;;300;15/04/2019;10/04/2019;Em Atividade;8;Agricultura, silvicultura, pesca e veterinária;84;Veterinária;841;Veterinária;0841M01;Medicina veterinária
4780;FACULDADE DE CIÊNCIAS DA SAÚDE DE UNAÍ;FACISA;Privada sem fins lucrativos;117292;MEDICINA VETERINÁRIA;Bacharelado;Presencial;3;2023;3;2023;2;2023;1;2019;80;02/02/2009;09/12/2008;Em Atividade;8;Agricultura, silvicultura, pesca e veterinária;84;Veterinária;841;Veterinária;0841M01;Medicina veterinária
4785;INSTITUTO FEDERAL DE EDUCAÇÃO CIÊNCIA E TECNOLOGIA DE RONDÔNIA;IFRO;Pública Federal;1486184;MEDICINA VETERINÁRIA;Bacharelado;Presencial;4;2024;-;;-;;-;;40;18/12/2018;05/07/2019;Em Atividade;8;Agricultura, silvicultura, pesca e veterinária;84;Veterinária;841;Veterinária;0841M01;Medicina veterinária
4785;INSTITUTO FEDERAL DE EDUCAÇÃO CIÊNCIA E TECNOLOGIA DE RONDÔNIA;IFRO;Pública Federal;1584569;MEDICINA VETERINÁRIA;Bacharelado;Presencial;-;;-;;-;;-;;30;Não iniciado;26/08/2021;Em Atividade;8;Agricultura, silvicultura, pesca e veterinária;84;Veterinária;841;Veterinária;0841M01;Medicina veterinária
4786;INSTITUTO FEDERAL DE EDUCAÇÃO, CIÊNCIA E TECNOLOGIA DO TOCANTINS;IFTO;Pública Federal;1666458;MEDICINA VETERINÁRIA;Bacharelado;Presencial;-;;-;;-;;-;;45;23/02/2024;23/02/2024;Em Atividade;8;Agricultura, silvicultura, pesca e veterinária;84;Veterinária;841;Veterinária;0841M01;Medicina veterinária
4821;FACULDADE PROMINAS DE MONTES CLAROS;PROMINAS;Privada com fins lucrativos;1571348;BIOMEDICINA;Bacharelado;A Distância;-;;-;;-;;-;;500;Não iniciado;14/08/2024;Em Extinção;9;Saúde e bem-estar;91;Saúde;914;Tecnologia de diagnóstico e tratamento médico;0914B01;Biomedicina
4821;FACULDADE PROMINAS DE MONTES CLAROS;PROMINAS;Privada com fins lucrativos;1711229;BIOMEDICINA;Bacharelado;Semipresencial;-;;-;;-;;-;;500;Não iniciado;25/09/2025;Em Atividade;9;Saúde e bem-estar;91;Saúde;914;Tecnologia de diagnóstico e tratamento médico;0914B01;Biomedicina
4826;FACULDADE ANHANGÜERA DE CAMPINAS;-;Privada com fins lucrativos;95137;MEDICINA VETERINÁRIA;Bacharelado;Presencial;3;2019;3;2023;2;2023;3;2019;240;07/08/2006;08/06/2006;Em Atividade;8;Agricultura, silvicultura, pesca e veterinária;84;Veterinária;841;Veterinária;0841M01;Medicina veterinária
4826;FACULDADE ANHANGÜERA DE CAMPINAS;-;Privada com fins lucrativos;1364404;BIOMEDICINA;Bacharelado;Presencial;5;2022;4;2023;2;2023;-;;120;14/08/2017;31/03/2017;Em Atividade;9;Saúde e bem-estar;91;Saúde;914;Tecnologia de diagnóstico e tratamento médico;0914B01;Biomedicina
4826;FACULDADE ANHANGÜERA DE CAMPINAS;-;Privada com fins lucrativos;1404659;BIOMEDICINA;Bacharelado;Presencial;-;;-;;-;;-;;160;13/08/2018;23/03/2018;Extinto;9;Saúde e bem-estar;91;Saúde;914;Tecnologia de diagnóstico e tratamento médico;0914B01;Biomedicina
4846;Centro Universitário Vértice;UNIVÉRTIX;Privada com fins lucrativos;120426;MEDICINA VETERINÁRIA;Bacharelado;Presencial;5;2024;4;2023;4;2023;1;2019;120;03/08/2009;08/04/2009;Em Atividade;8;Agricultura, silvicultura, pesca e veterinária;84;Veterinária;841;Veterinária;0841M01;Medicina veterinária
4846;Centro Universitário Vértice;UNIVÉRTIX;Privada com fins lucrativos;1188900;MEDICINA;Bacharelado;Presencial;5;2025;-;;2;2025;-;;120;03/02/2020;27/09/2019;Em Atividade;9;Saúde e bem-estar;91;Saúde;912;Medicina;0912M01;Medicina
4846;Centro Universitário Vértice;UNIVÉRTIX;Privada com fins lucrativos;1612700;BIOMEDICINA;Bacharelado;Presencial;-;;-;;-;;-;;120;06/02/2023;13/09/2022;Em Atividade;9;Saúde e bem-estar;91;Saúde;914;Tecnologia de diagnóstico e tratamento médico;0914B01;Biomedicina
4849;Centro Universitário Tocantinense Presidente Antônio Carlos;UNITPAC;Privada com fins lucrativos;99476;MEDICINA;Bacharelado;Presencial;5;2024;3;2023;2;2025;4;2019;80;21/12/2006;21/12/2006;Em Atividade;9;Saúde e bem-estar;91;Saúde;912;Medicina;0912M01;Medicina
4849;Centro Universitário Tocantinense Presidente Antônio Carlos;UNITPAC;Privada com fins lucrativos;1635376;BIOMEDICINA;Bacharelado;Presencial;-;;-;;-;;-;;100;03/03/2023;31/03/2023;Em Atividade;9;Saúde e bem-estar;91;Saúde;914;Tecnologia de diagnóstico e tratamento médico;0914B01;Biomedicina
4865;FACULDADE ANHANGUERA DE SÃO LUIZ;-;Privada com fins lucrativos;1634254;MEDICINA;Bacharelado;Presencial;5;2023;-;;-;;-;;60;15/10/2024;19/08/2024;Em Atividade;;;;;;;;
4865;FACULDADE PITÁGORAS DE SÃO LUIZ;-;Privada com fins lucrativos;1300212;BIOMEDICINA;Bacharelado;Presencial;4;2022;-;;-;;-;;120;11/05/2016;09/05/2016;Em Atividade;9;Saúde e bem-estar;91;Saúde;914;Tecnologia de diagnóstico e tratamento médico;0914B01;Biomedicina
4865;FACULDADE PITÁGORAS DE SÃO LUIZ;-;Privada com fins lucrativos;1404662;MEDICINA VETERINÁRIA;Bacharelado;Presencial;4;2024;-;;-;;-;;150;12/08/2019;18/04/2019;Em Atividade;8;Agricultura, silvicultura, pesca e veterinária;84;Veterinária;841;Veterinária;0841M01;Medicina veterinária
4901;Centro Universitário FASIPE;-;Privada com fins lucrativos;108443;BIOMEDICINA;Bacharelado;Presencial;3;2011;3;2023;2;2023;3;2019;200;18/02/2008;28/12/2007;Em Atividade;9;Saúde e bem-estar;91;Saúde;914;Tecnologia de diagnóstico e tratamento médico;0914B01;Biomedicina
4910;FACULDADE DO TRABALHO;FATRA;Privada com fins lucrativos;1547511;MEDICINA;Bacharelado;Presencial;4;2021;-;;-;;-;;56;16/09/2022;04/08/2022;Em Atividade;9;Saúde e bem-estar;91;Saúde;912;Medicina;0912M01;Medicina
4915;FACULDADE ESTÁCIO DE CASTANHAL;ESTÁCIO CASTANHAL;Privada com fins lucrativos;1585980;BIOMEDICINA;Bacharelado;Presencial;4;2023;-;;-;;-;;113;19/02/2024;21/12/2023;Em Atividade;9;Saúde e bem-estar;91;Saúde;914;Tecnologia de diagnóstico e tratamento médico;0914B01;Biomedicina
4962;CENTRO UNIVERSITÁRIO DE SETE LAGOAS;UNIFEMM;Privada sem fins lucrativos;1533206;BIOMEDICINA;Bacharelado;Presencial;3;2025;-;;-;;-;;60;02/08/2021;22/04/2020;Em Atividade;9;Saúde e bem-estar;91;Saúde;914;Tecnologia de diagnóstico e tratamento médico;0914B01;Biomedicina
4962;CENTRO UNIVERSITÁRIO DE SETE LAGOAS;UNIFEMM;Privada sem fins lucrativos;1533212;MEDICINA VETERINÁRIA;Bacharelado;Presencial;3;2024;-;;-;;-;;100;22/04/2020;22/04/2020;Em Atividade;8;Agricultura, silvicultura, pesca e veterinária;84;Veterinária;841;Veterinária;0841M01;Medicina veterinária
4962;CENTRO UNIVERSITÁRIO DE SETE LAGOAS;UNIFEMM;Privada sem fins lucrativos;1601526;BIOMEDICINA;Bacharelado;A Distância;-;;-;;-;;-;;200;Não iniciado;21/02/2022;Em Extinção;9;Saúde e bem-estar;91;Saúde;914;Tecnologia de diagnóstico e tratamento médico;0914B01;Biomedicina
4962;CENTRO UNIVERSITÁRIO DE SETE LAGOAS;UNIFEMM;Privada sem fins lucrativos;1709034;BIOMEDICINA;Bacharelado;Semipresencial;-;;-;;-;;-;;1600;Não iniciado;25/09/2025;Em Atividade;9;Saúde e bem-estar;91;Saúde;914;Tecnologia de diagnóstico e tratamento médico;0914B01;Biomedicina
4964;Centro Universitário de Ciências e Tecnologia do Maranhão;UniFacema;Privada com fins lucrativos;1489707;BIOMEDICINA;Bacharelado;Presencial;5;2023;3;2023;1;2023;-;;80;02/02/2020;04/09/2019;Em Atividade;9;Saúde e bem-estar;91;Saúde;914;Tecnologia de diagnóstico e tratamento médico;0914B01;Biomedicina
4964;Centro Universitário de Ciências e Tecnologia do Maranhão;UniFacema;Privada com fins lucrativos;1607897;MEDICINA;Bacharelado;Presencial;5;2023;-;;-;;-;;60;09/09/2024;02/08/2024;Em Atividade;;;;;;;;
4969;Centro Universitário Itop;UNITOP;Privada com fins lucrativos;1477271;BIOMEDICINA;Bacharelado;Presencial;4;2023;-;;-;;-;;150;23/06/2020;29/04/2020;Em Atividade;9;Saúde e bem-estar;91;Saúde;914;Tecnologia de diagnóstico e tratamento médico;0914B01;Biomedicina
4969;Centro Universitário Itop;UNITOP;Privada com fins lucrativos;1599667;MEDICINA VETERINÁRIA;Bacharelado;Presencial;-;;-;;-;;-;;300;07/02/2022;07/02/2022;Em Atividade;8;Agricultura, silvicultura, pesca e veterinária;84;Veterinária;841;Veterinária;0841M01;Medicina veterinária
4969;Centro Universitário Itop;UNITOP;Privada com fins lucrativos;1619706;BIOMEDICINA;Bacharelado;A Distância;-;;-;;-;;-;;1000;Não iniciado;06/12/2022;Em Extinção;9;Saúde e bem-estar;91;Saúde;914;Tecnologia de diagnóstico e tratamento médico;0914B01;Biomedicina
4969;Centro Universitário Itop;UNITOP;Privada com fins lucrativos;1709040;BIOMEDICINA;Bacharelado;Semipresencial;-;;-;;-;;-;;8000;Não iniciado;25/09/2025;Em Atividade;9;Saúde e bem-estar;91;Saúde;914;Tecnologia de diagnóstico e tratamento médico;0914B01;Biomedicina
5036;INSTITUTO FEDERAL DE EDUCAÇÃO, CIÊNCIA E TECNOLOGIA CATARINENSE;IF Catarinense;Pública Federal;1102792;MEDICINA VETERINÁRIA;Bacharelado;Presencial;3;2014;5;2023;5;2023;3;2019;40;01/03/2010;25/08/2009;Em Atividade;8;Agricultura, silvicultura, pesca e veterinária;84;Veterinária;841;Veterinária;0841M01;Medicina veterinária
5036;INSTITUTO FEDERAL DE EDUCAÇÃO, CIÊNCIA E TECNOLOGIA CATARINENSE;IF Catarinense;Pública Federal;1103036;MEDICINA VETERINÁRIA;Bacharelado;Presencial;4;2014;4;2023;5;2023;3;2019;40;01/03/2010;25/08/2009;Em Atividade;8;Agricultura, silvicultura, pesca e veterinária;84;Veterinária;841;Veterinária;0841M01;Medicina veterinária
5077;UNIVERSIDADE ESTADUAL DE RORAIMA;UERR;Pública Estadual;1457006;MEDICINA;Bacharelado;Presencial;-;;3;2023;2;2025;-;;30;19/02/2018;06/12/2017;Em Atividade;9;Saúde e bem-estar;91;Saúde;912;Medicina;0912M01;Medicina
5105;Centro Universitário Internacional Signorelli;UNISIGNORELLI;Privada com fins lucrativos;1664955;BIOMEDICINA;Bacharelado;A Distância;-;;-;;-;;-;;1500;05/02/2024;21/12/2023;Em Extinção;9;Saúde e bem-estar;91;Saúde;914;Tecnologia de diagnóstico e tratamento médico;0914B01;Biomedicina
5105;Centro Universitário Internacional Signorelli;UNISIGNORELLI;Privada com fins lucrativos;1711225;BIOMEDICINA;Bacharelado;Semipresencial;-;;-;;-;;-;;1500;Não iniciado;25/09/2025;Em Atividade;9;Saúde e bem-estar;91;Saúde;914;Tecnologia de diagnóstico e tratamento médico;0914B01;Biomedicina
5215;CENTRO UNIVERSITÁRIO PADRE ALBINO;-;Privada sem fins lucrativos;10222;MEDICINA;Bacharelado;Presencial;4;2019;4;2023;5;2025;4;2019;100;09/03/1970;10/06/1969;Em Atividade;9;Saúde e bem-estar;91;Saúde;912;Medicina;0912M01;Medicina
5215;CENTRO UNIVERSITÁRIO PADRE ALBINO;-;Privada sem fins lucrativos;1120240;BIOMEDICINA;Bacharelado;Presencial;4;2018;4;2023;3;2023;3;2019;100;07/02/2011;11/11/2010;Em Atividade;9;Saúde e bem-estar;91;Saúde;914;Tecnologia de diagnóstico e tratamento médico;0914B01;Biomedicina
5288;FACULDADE ANHANGÜERA DE RIBEIRÃO PRETO;-;Privada com fins lucrativos;1364252;BIOMEDICINA;Bacharelado;Presencial;-;;-;;-;;-;;95;Não iniciado;22/12/2017;Extinto;9;Saúde e bem-estar;91;Saúde;914;Tecnologia de diagnóstico e tratamento médico;0914B01;Biomedicina
5290;FACULDADE ANHANGUERA DE CIÊNCIAS E TECNOLOGIA DE BRASÍLIA;-;Privada com fins lucrativos;1453649;BIOMEDICINA;Bacharelado;Presencial;4;2023;4;2023;3;2023;4;2023;90;17/02/2020;11/12/2018;Em Atividade;9;Saúde e bem-estar;91;Saúde;914;Tecnologia de diagnóstico e tratamento médico;0914B01;Biomedicina
5303;FACULDADE ANHANGÜERA DE DOURADOS;-;Privada com fins lucrativos;65116;MEDICINA VETERINÁRIA;Bacharelado;Presencial;4;2023;3;2023;1;2023;2;2019;180;03/02/2004;07/07/2003;Em Atividade;8;Agricultura, silvicultura, pesca e veterinária;84;Veterinária;841;Veterinária;0841M01;Medicina veterinária
5312;Centro Universitário UNIFAAT;UNIFAAT;Privada com fins lucrativos;1670020;BIOMEDICINA;Bacharelado;Presencial;-;;-;;-;;-;;60;19/02/2024;02/04/2024;Em Atividade;9;Saúde e bem-estar;91;Saúde;914;Tecnologia de diagnóstico e tratamento médico;0914B01;Biomedicina
5322;FUNDAÇÃO UNIVERSIDADE FEDERAL DO PAMPA - UNIPAMPA;UNIPAMPA;Pública Federal;120215;MEDICINA VETERINÁRIA;Bacharelado;Presencial;4;2013;4;2023;4;2023;3;2019;80;09/03/2009;29/10/2008;Em Atividade;8;Agricultura, silvicultura, pesca e veterinária;84;Veterinária;841;Veterinária;0841M01;Medicina veterinária
5322;FUNDAÇÃO UNIVERSIDADE FEDERAL DO PAMPA - UNIPAMPA;UNIPAMPA;Pública Federal;1342449;MEDICINA;Bacharelado;Presencial;5;2022;3;2023;3;2025;-;;60;03/03/2016;03/12/2015;Em Atividade;9;Saúde e bem-estar;91;Saúde;912;Medicina;0912M01;Medicina
5362;Faculdade UNIRB - ARACAJU;F. UNIRB;Privada com fins lucrativos;1258975;BIOMEDICINA;Bacharelado;Presencial;4;2019;-;;-;;-;;200;22/07/2015;22/07/2015;Em Atividade;9;Saúde e bem-estar;91;Saúde;914;Tecnologia de diagnóstico e tratamento médico;0914B01;Biomedicina
5370;Centro Universitário Doctum de Teófilo Otoni;UNIDOCTUM;Privada sem fins lucrativos;1365551;MEDICINA VETERINÁRIA;Bacharelado;Presencial;4;2022;3;2023;3;2023;-;;100;22/05/2018;29/01/2018;Em Atividade;8;Agricultura, silvicultura, pesca e veterinária;84;Veterinária;841;Veterinária;0841M01;Medicina veterinária
5370;Centro Universitário Doctum de Teófilo Otoni;UNIDOCTUM;Privada sem fins lucrativos;1525896;BIOMEDICINA;Bacharelado;A Distância;3;2024;3;2023;2;2023;-;;400;16/03/2020;10/03/2020;Em Extinção;9;Saúde e bem-estar;91;Saúde;914;Tecnologia de diagnóstico e tratamento médico;0914B01;Biomedicina
5370;Centro Universitário Doctum de Teófilo Otoni;UNIDOCTUM;Privada sem fins lucrativos;1702107;BIOMEDICINA;Bacharelado;Semipresencial;-;;-;;-;;-;;350;15/09/2025;25/09/2025;Em Atividade;9;Saúde e bem-estar;91;Saúde;914;Tecnologia de diagnóstico e tratamento médico;0914B01;Biomedicina
5403;CENTRO UNIVERSITÁRIO OPET;Uniopet;Privada com fins lucrativos;1505922;BIOMEDICINA;Bacharelado;Presencial;4;2023;2;2023;1;2023;-;;180;17/02/2020;05/09/2019;Em Atividade;9;Saúde e bem-estar;91;Saúde;914;Tecnologia de diagnóstico e tratamento médico;0914B01;Biomedicina
5403;CENTRO UNIVERSITÁRIO OPET;Uniopet;Privada com fins lucrativos;1546185;MEDICINA VETERINÁRIA;Bacharelado;Presencial;4;2025;-;;-;;-;;120;15/02/2021;09/09/2020;Em Atividade;8;Agricultura, silvicultura, pesca e veterinária;84;Veterinária;841;Veterinária;0841M01;Medicina veterinária
5403;CENTRO UNIVERSITÁRIO OPET;Uniopet;Privada com fins lucrativos;1618813;BIOMEDICINA;Bacharelado;Presencial;-;;-;;-;;-;;180;Não iniciado;25/11/2022;Em Atividade;9;Saúde e bem-estar;91;Saúde;914;Tecnologia de diagnóstico e tratamento médico;0914B01;Biomedicina
5403;CENTRO UNIVERSITÁRIO OPET;Uniopet;;1714122;BIOMEDICINA;Bacharelado;Semipresencial;-;;-;;-;;-;;120;Não iniciado;-;Em Atividade;;;;;;;;
5439;CENTRO UNIVERSITÁRIO DO PLANALTO CENTRAL APPARECIDO DOS SANTOS;UNICEPLAC;Privada com fins lucrativos;18188;MEDICINA VETERINÁRIA;Bacharelado;Presencial;5;2019;4;2023;3;2023;3;2019;200;02/03/1998;21/11/1997;Em Atividade;8;Agricultura, silvicultura, pesca e veterinária;84;Veterinária;841;Veterinária;0841M01;Medicina veterinária
5439;CENTRO UNIVERSITÁRIO DO PLANALTO CENTRAL APPARECIDO DOS SANTOS;UNICEPLAC;Privada com fins lucrativos;51835;MEDICINA;Bacharelado;Presencial;5;2025;3;2023;3;2025;1;2019;120;02/04/2002;18/01/2002;Em Atividade;9;Saúde e bem-estar;91;Saúde;912;Medicina;0912M01;Medicina
5439;CENTRO UNIVERSITÁRIO DO PLANALTO CENTRAL APPARECIDO DOS SANTOS;UNICEPLAC;Privada com fins lucrativos;1599394;BIOMEDICINA;Bacharelado;A Distância;-;;-;;-;;-;;200;03/03/2022;14/02/2022;Em Extinção;9;Saúde e bem-estar;91;Saúde;914;Tecnologia de diagnóstico e tratamento médico;0914B01;Biomedicina
5439;CENTRO UNIVERSITÁRIO DO PLANALTO CENTRAL APPARECIDO DOS SANTOS;UNICEPLAC;Privada com fins lucrativos;1681312;BIOMEDICINA;Bacharelado;Presencial;-;;-;;-;;-;;200;05/08/2024;12/08/2024;Em Atividade;9;Saúde e bem-estar;91;Saúde;914;Tecnologia de diagnóstico e tratamento médico;0914B01;Biomedicina
5439;CENTRO UNIVERSITÁRIO DO PLANALTO CENTRAL APPARECIDO DOS SANTOS;UNICEPLAC;Privada com fins lucrativos;1702111;BIOMEDICINA;Bacharelado;Semipresencial;-;;-;;-;;-;;200;Não iniciado;25/09/2025;Em Atividade;9;Saúde e bem-estar;91;Saúde;914;Tecnologia de diagnóstico e tratamento médico;0914B01;Biomedicina
5451;FACULDADE ANHANGÜERA DE BAURU;-;Privada com fins lucrativos;1364124;BIOMEDICINA;Bacharelado;Presencial;4;2022;-;;-;;-;;100;09/08/2017;31/03/2017;Em Extinção;9;Saúde e bem-estar;91;Saúde;914;Tecnologia de diagnóstico e tratamento médico;0914B01;Biomedicina
5511;CENTRO UNIVERSITÁRIO CAMPO REAL;-;Privada com fins lucrativos;120132;BIOMEDICINA;Bacharelado;Presencial;4;2013;4;2023;3;2023;3;2019;80;20/07/2009;25/03/2009;Em Atividade;9;Saúde e bem-estar;91;Saúde;914;Tecnologia de diagnóstico e tratamento médico;0914B01;Biomedicina
5511;CENTRO UNIVERSITÁRIO CAMPO REAL;-;Privada com fins lucrativos;1188149;MEDICINA VETERINÁRIA;Bacharelado;Presencial;4;2019;4;2023;3;2023;4;2019;100;03/02/2014;29/11/2013;Em Atividade;8;Agricultura, silvicultura, pesca e veterinária;84;Veterinária;841;Veterinária;0841M01;Medicina veterinária
5511;CENTRO UNIVERSITÁRIO CAMPO REAL;-;Privada com fins lucrativos;1399484;MEDICINA;Bacharelado;Presencial;4;2024;4;2023;4;2025;-;;92;08/12/2017;29/11/2017;Em Atividade;9;Saúde e bem-estar;91;Saúde;912;Medicina;0912M01;Medicina
5511;CENTRO UNIVERSITÁRIO CAMPO REAL;-;Privada com fins lucrativos;1527679;BIOMEDICINA;Bacharelado;Presencial;-;;-;;-;;-;;60;Não iniciado;23/11/2023;Em Atividade;9;Saúde e bem-estar;91;Saúde;914;Tecnologia de diagnóstico e tratamento médico;0914B01;Biomedicina
5511;CENTRO UNIVERSITÁRIO CAMPO REAL;-;Privada com fins lucrativos;1548310;MEDICINA VETERINÁRIA;Bacharelado;Presencial;-;;-;;-;;-;;60;Não iniciado;16/09/2024;Em Atividade;8;Agricultura, silvicultura, pesca e veterinária;84;Veterinária;841;Veterinária;0841M01;Medicina veterinária
5511;CENTRO UNIVERSITÁRIO CAMPO REAL;-;Privada com fins lucrativos;1597224;BIOMEDICINA;Bacharelado;A Distância;-;;-;;-;;-;;1000;06/02/2023;07/11/2021;Em Extinção;9;Saúde e bem-estar;91;Saúde;914;Tecnologia de diagnóstico e tratamento médico;0914B01;Biomedicina
5511;CENTRO UNIVERSITÁRIO CAMPO REAL;-;Privada com fins lucrativos;1620776;MEDICINA VETERINÁRIA;Bacharelado;A Distância;-;;-;;-;;-;;1000;06/02/2023;15/12/2022;Em Extinção;8;Agricultura, silvicultura, pesca e veterinária;84;Veterinária;841;Veterinária;0841M01;Medicina veterinária
5511;CENTRO UNIVERSITÁRIO CAMPO REAL;-;Privada com fins lucrativos;1709047;BIOMEDICINA;Bacharelado;Semipresencial;-;;-;;-;;-;;8000;Não iniciado;25/09/2025;Em Atividade;9;Saúde e bem-estar;91;Saúde;914;Tecnologia de diagnóstico e tratamento médico;0914B01;Biomedicina
5511;CENTRO UNIVERSITÁRIO CAMPO REAL;-;Privada com fins lucrativos;1709584;MEDICINA VETERINÁRIA;Bacharelado;Semipresencial;-;;-;;-;;-;;10000;Não iniciado;25/09/2025;Em Atividade;8;Agricultura, silvicultura, pesca e veterinária;84;Veterinária;841;Veterinária;0841M01;Medicina veterinária
5518;FACULDADE GUARAPUAVA;FG;Privada com fins lucrativos;1332630;MEDICINA VETERINÁRIA;Bacharelado;Presencial;4;2023;3;2023;3;2023;-;;100;17/07/2017;02/05/2017;Em Atividade;8;Agricultura, silvicultura, pesca e veterinária;84;Veterinária;841;Veterinária;0841M01;Medicina veterinária
5520;FACULDADE CATHEDRAL;FACES;Privada com fins lucrativos;1618713;MEDICINA;Bacharelado;Presencial;4;2024;-;;-;;-;;60;08/10/2024;19/08/2024;Em Atividade;;;;;;;;
5544;FACULDADE PRESIDENTE ANTÔNIO CARLOS;FAPAC;Privada com fins lucrativos;72767;MEDICINA;Bacharelado;Presencial;4;2024;3;2023;2;2025;3;2019;120;14/06/2004;31/05/2004;Em Atividade;9;Saúde e bem-estar;91;Saúde;912;Medicina;0912M01;Medicina
5550;FACULDADE ANHANGUERA DE ANÁPOLIS;-;Privada com fins lucrativos;69058;MEDICINA VETERINÁRIA;Bacharelado;Presencial;3;2023;3;2023;2;2023;2;2019;200;16/02/2004;16/01/2004;Em Atividade;8;Agricultura, silvicultura, pesca e veterinária;84;Veterinária;841;Veterinária;0841M01;Medicina veterinária
5550;FACULDADE ANHANGUERA DE ANÁPOLIS;-;Privada com fins lucrativos;95545;BIOMEDICINA;Bacharelado;Presencial;4;2019;3;2023;3;2023;4;2019;120;14/08/2006;21/06/2006;Em Atividade;9;Saúde e bem-estar;91;Saúde;914;Tecnologia de diagnóstico e tratamento médico;0914B01;Biomedicina
5580;FACULDADE DE MEDICINA DE GARANHUNS (Sub Judice);-;Privada com fins lucrativos;115956;MEDICINA;Bacharelado;Presencial;-;;-;;-;;-;;120;14/12/2021;03/06/2008;Em Atividade;9;Saúde e bem-estar;91;Saúde;912;Medicina;0912M01;Medicina
5592;Centro Universitário Funorte;UNIFUNORTE;Privada com fins lucrativos;107084;BIOMEDICINA;Bacharelado;Presencial;-;;-;;-;;-;;200;01/02/2008;18/10/2007;Em Atividade;9;Saúde e bem-estar;91;Saúde;914;Tecnologia de diagnóstico e tratamento médico;0914B01;Biomedicina
5592;Centro Universitário Funorte;UNIFUNORTE;Privada com fins lucrativos;117278;MEDICINA VETERINÁRIA;Bacharelado;Presencial;4;2012;4;2023;3;2023;3;2019;100;01/02/2009;09/12/2008;Em Atividade;8;Agricultura, silvicultura, pesca e veterinária;84;Veterinária;841;Veterinária;0841M01;Medicina veterinária
5668;FACULDADE ANHANGUERA DE JOINVILLE;-;Privada com fins lucrativos;1330844;BIOMEDICINA;Bacharelado;Presencial;4;2022;3;2023;1;2023;-;;160;20/02/2017;02/12/2016;Em Atividade;9;Saúde e bem-estar;91;Saúde;914;Tecnologia de diagnóstico e tratamento médico;0914B01;Biomedicina
5668;FACULDADE ANHANGUERA DE JOINVILLE;-;Privada com fins lucrativos;1364380;MEDICINA VETERINÁRIA;Bacharelado;Presencial;3;2023;-;;-;;-;;140;26/02/2018;28/09/2017;Em Atividade;8;Agricultura, silvicultura, pesca e veterinária;84;Veterinária;841;Veterinária;0841M01;Medicina veterinária
5669;CENTRO UNIVERSITÁRIO ETEP;-;Privada com fins lucrativos;1485892;BIOMEDICINA;Bacharelado;Presencial;-;;-;;-;;-;;80;01/04/2021;02/05/2019;Em Atividade;9;Saúde e bem-estar;91;Saúde;914;Tecnologia de diagnóstico e tratamento médico;0914B01;Biomedicina
5669;CENTRO UNIVERSITÁRIO ETEP;-;Privada com fins lucrativos;1575174;BIOMEDICINA;Bacharelado;A Distância;4;2024;-;;-;;-;;500;24/05/2021;27/04/2021;Em Extinção;9;Saúde e bem-estar;91;Saúde;914;Tecnologia de diagnóstico e tratamento médico;0914B01;Biomedicina
5669;CENTRO UNIVERSITÁRIO ETEP;-;Privada com fins lucrativos;1702116;BIOMEDICINA;Bacharelado;Semipresencial;-;;-;;-;;-;;500;24/11/2025;25/09/2025;Em Atividade;9;Saúde e bem-estar;91;Saúde;914;Tecnologia de diagnóstico e tratamento médico;0914B01;Biomedicina
5670;CENTRO UNIVERSITÁRIO DO VALE DO ARAGUAIA;UNIVAR;Privada com fins lucrativos;1132433;MEDICINA VETERINÁRIA;Bacharelado;Presencial;3;2015;3;2023;2;2023;3;2019;80;21/03/2011;09/02/2011;Em Atividade;8;Agricultura, silvicultura, pesca e veterinária;84;Veterinária;841;Veterinária;0841M01;Medicina veterinária
5670;CENTRO UNIVERSITÁRIO DO VALE DO ARAGUAIA;UNIVAR;Privada com fins lucrativos;1613843;BIOMEDICINA;Bacharelado;Presencial;-;;-;;-;;-;;70;01/02/2023;30/09/2022;Em Atividade;9;Saúde e bem-estar;91;Saúde;914;Tecnologia de diagnóstico e tratamento médico;0914B01;Biomedicina
5671;CENTRO UNIVERSITÁRIO SÃO JOSÉ DE ITAPERUNA;-;Privada sem fins lucrativos;1295495;BIOMEDICINA;Bacharelado;Presencial;3;2018;4;2023;4;2023;3;2019;60;04/02/2015;18/04/2011;Em Atividade;9;Saúde e bem-estar;91;Saúde;914;Tecnologia de diagnóstico e tratamento médico;0914B01;Biomedicina
10058;FACULDADE DA FRATERNIDADE DE VALENÇA;FFV;Privada com fins lucrativos;1261209;BIOMEDICINA;Bacharelado;Presencial;3;2015;2;2019;1;2019;2;2019;100;15/12/2015;04/12/2015;Em Atividade;9;Saúde e bem-estar;91;Saúde;914;Tecnologia de diagnóstico e tratamento médico;0914B01;Biomedicina
10588;FACULDADE UNINABUCO SÃO LOURENÇO DA MATA;-;Privada sem fins lucrativos;1322743;BIOMEDICINA;Bacharelado;Presencial;-;;-;;-;;-;;240;06/06/2016;06/06/2016;Extinto;9;Saúde e bem-estar;91;Saúde;914;Tecnologia de diagnóstico e tratamento médico;0914B01;Biomedicina
10685;Faculdade Multivix São Mateus;MULTIVIX SÃO MATEUS;Privada com fins lucrativos;1386703;BIOMEDICINA;Bacharelado;Presencial;5;2023;SC;2023;SC;2023;-;;100;26/02/2018;03/10/2017;Em Atividade;9;Saúde e bem-estar;91;Saúde;914;Tecnologia de diagnóstico e tratamento médico;0914B01;Biomedicina
10685;Faculdade Multivix São Mateus;MULTIVIX SÃO MATEUS;Privada com fins lucrativos;1576328;MEDICINA;Bacharelado;Presencial;4;2022;-;;-;;-;;60;22/07/2024;05/07/2024;Em Atividade;9;Saúde e bem-estar;91;Saúde;912;Medicina;0912M01;Medicina
10836;FACULDADE UNIÃO ARARUAMA DE ENSINO S/S Ltda.;FAC-UNILAGOS;Privada com fins lucrativos;1545525;BIOMEDICINA;Bacharelado;Presencial;-;;-;;-;;-;;160;Não iniciado;18/12/2020;Em Atividade;9;Saúde e bem-estar;91;Saúde;914;Tecnologia de diagnóstico e tratamento médico;0914B01;Biomedicina
10836;FACULDADE UNIÃO ARARUAMA DE ENSINO S/S Ltda.;FAC-UNILAGOS;Privada com fins lucrativos;1595803;MEDICINA;Bacharelado;Presencial;4;2022;-;;-;;-;;120;04/07/2023;25/04/2023;Em Atividade;9;Saúde e bem-estar;91;Saúde;912;Medicina;0912M01;Medicina
11429;FACULDADE ESPECIALIZADA NA ÁREA DE SAÚDE DO RIO GRANDE DO SUL;FASURGS;Privada com fins lucrativos;1284180;BIOMEDICINA;Bacharelado;Presencial;5;2022;4;2023;4;2023;3;2019;100;22/02/2016;22/07/2015;Em Atividade;9;Saúde e bem-estar;91;Saúde;914;Tecnologia de diagnóstico e tratamento médico;0914B01;Biomedicina
11544;FACULDADE METROPOLITANA DE ANÁPOLIS;FAMA;Privada com fins lucrativos;1260098;MEDICINA VETERINÁRIA;Bacharelado;Presencial;4;2025;3;2023;3;2023;2;2019;120;05/03/2015;06/03/2015;Em Atividade;8;Agricultura, silvicultura, pesca e veterinária;84;Veterinária;841;Veterinária;0841M01;Medicina veterinária
11544;FACULDADE METROPOLITANA DE ANÁPOLIS;FAMA;Privada com fins lucrativos;1383496;BIOMEDICINA;Bacharelado;Presencial;4;2025;2;2023;1;2023;-;;120;23/01/2018;20/09/2017;Em Atividade;9;Saúde e bem-estar;91;Saúde;914;Tecnologia de diagnóstico e tratamento médico;0914B01;Biomedicina
11645;FACULDADE DE EDUCAÇÃO E CULTURA DE VILHENA;FAEV;Privada com fins lucrativos;1013900;BIOMEDICINA;Bacharelado;Presencial;4;2023;3;2023;2;2023;2;2019;40;01/03/2010;04/02/2010;Em Atividade;9;Saúde e bem-estar;91;Saúde;914;Tecnologia de diagnóstico e tratamento médico;0914B01;Biomedicina
11645;FACULDADE DE EDUCAÇÃO E CULTURA DE VILHENA;FAEV;Privada com fins lucrativos;1427420;MEDICINA;Bacharelado;Presencial;4;2024;3;2023;2;2025;-;;98;08/08/2018;14/05/2018;Em Atividade;9;Saúde e bem-estar;91;Saúde;912;Medicina;0912M01;Medicina
11645;FACULDADE UNINASSAU VILHENA;-;Privada com fins lucrativos;1571524;MEDICINA VETERINÁRIA;Bacharelado;Presencial;4;2022;-;;-;;-;;180;10/02/2023;12/09/2022;Em Atividade;8;Agricultura, silvicultura, pesca e veterinária;84;Veterinária;841;Veterinária;0841M01;Medicina veterinária
11818;Faculdade Inspirar;Inspirar;Privada com fins lucrativos;1547603;BIOMEDICINA;Bacharelado;Presencial;5;2025;-;;-;;-;;120;04/04/2022;13/12/2021;Em Atividade;9;Saúde e bem-estar;91;Saúde;914;Tecnologia de diagnóstico e tratamento médico;0914B01;Biomedicina
11860;INSTITUTO NACIONAL DE ENSINO SUPERIOR E PÓS-GRADUAÇÃO PADRE GERVÁSIO;INAPÓS;Privada com fins lucrativos;1349601;BIOMEDICINA;Bacharelado;Presencial;-;;-;;-;;-;;60;Não iniciado;28/09/2017;Extinto;9;Saúde e bem-estar;91;Saúde;914;Tecnologia de diagnóstico e tratamento médico;0914B01;Biomedicina
11860;INSTITUTO NACIONAL DE ENSINO SUPERIOR E PÓS-GRADUAÇÃO PADRE GERVÁSIO;INAPÓS;Privada com fins lucrativos;1546833;MEDICINA;Bacharelado;Presencial;5;2021;-;;-;;-;;49;22/08/2022;29/06/2022;Em Atividade;9;Saúde e bem-estar;91;Saúde;912;Medicina;0912M01;Medicina
12430;FACULDADE METROPOLITANA SÃO CARLOS BJI;FAMESC-BJI;Privada com fins lucrativos;1166567;MEDICINA;Bacharelado;Presencial;5;2022;3;2023;2;2025;-;;20;21/08/2017;16/06/2017;Em Atividade;9;Saúde e bem-estar;91;Saúde;912;Medicina;0912M01;Medicina
12620;FACULDADE SETE LAGOAS;FACSETE;Privada com fins lucrativos;1498342;BIOMEDICINA;Bacharelado;A Distância;4;2022;-;;-;;-;;250;01/02/2023;07/11/2022;Em Extinção;9;Saúde e bem-estar;91;Saúde;914;Tecnologia de diagnóstico e tratamento médico;0914B01;Biomedicina
12620;FACULDADE SETE LAGOAS;FACSETE;Privada com fins lucrativos;1709055;BIOMEDICINA;Bacharelado;Semipresencial;-;;-;;-;;-;;2000;Não iniciado;25/09/2025;Em Atividade;9;Saúde e bem-estar;91;Saúde;914;Tecnologia de diagnóstico e tratamento médico;0914B01;Biomedicina
12723;FACULDADE FINACI;FINACI;Privada com fins lucrativos;1365253;BIOMEDICINA;Bacharelado;Presencial;4;2023;2;2023;1;2023;-;;80;17/01/2018;22/12/2017;Em Atividade;9;Saúde e bem-estar;91;Saúde;914;Tecnologia de diagnóstico e tratamento médico;0914B01;Biomedicina
12723;FACULDADE FINACI;FINACI;Privada com fins lucrativos;1587248;BIOMEDICINA;Bacharelado;A Distância;5;2022;-;;-;;-;;500;13/11/2023;28/03/2023;Em Extinção;9;Saúde e bem-estar;91;Saúde;914;Tecnologia de diagnóstico e tratamento médico;0914B01;Biomedicina
12723;FACULDADE FINACI;FINACI;Privada com fins lucrativos;1709058;BIOMEDICINA;Bacharelado;Semipresencial;-;;-;;-;;-;;4000;08/12/2025;25/09/2025;Em Atividade;9;Saúde e bem-estar;91;Saúde;914;Tecnologia de diagnóstico e tratamento médico;0914B01;Biomedicina
12749;FACULDADES UNIDAS DE PESQUISA, CIÊNCIAS E SAÚDE LTDA;FAPEC;Privada com fins lucrativos;1046782;BIOMEDICINA;Bacharelado;Presencial;-;;-;;-;;-;;100;01/07/2010;28/01/2010;Extinto;9;Saúde e bem-estar;91;Saúde;914;Tecnologia de diagnóstico e tratamento médico;0914B01;Biomedicina
12928;FACULDADE CGESP GOIANIA;FAC CGESP;Privada com fins lucrativos;1570737;BIOMEDICINA;Bacharelado;A Distância;4;2021;-;;-;;-;;500;07/08/2025;25/07/2022;Em Extinção;9;Saúde e bem-estar;91;Saúde;914;Tecnologia de diagnóstico e tratamento médico;0914B01;Biomedicina
12928;FACULDADE CGESP GOIANIA;FAC CGESP;Privada com fins lucrativos;1711275;BIOMEDICINA;Bacharelado;Semipresencial;-;;-;;-;;-;;500;08/10/2025;25/09/2025;Em Atividade;9;Saúde e bem-estar;91;Saúde;914;Tecnologia de diagnóstico e tratamento médico;0914B01;Biomedicina
13040;FACULDADE DE CIÊNCIAS MÉDICAS DO PARÁ;FACIMPA;Privada com fins lucrativos;1050663;MEDICINA;Bacharelado;Presencial;5;2024;-;;2;2025;-;;120;26/09/2019;25/06/2019;Em Atividade;9;Saúde e bem-estar;91;Saúde;912;Medicina;0912M01;Medicina
13359;FACULDADE IDEAU DE BAGÉ;IDEAU;Privada com fins lucrativos;1193763;MEDICINA VETERINÁRIA;Bacharelado;Presencial;2;2024;3;2023;2;2023;3;2023;50;15/09/2015;08/09/2015;Em Atividade;8;Agricultura, silvicultura, pesca e veterinária;84;Veterinária;841;Veterinária;0841M01;Medicina veterinária
13488;FACULDADE SEQÜENCIAL;-;Privada sem fins lucrativos;1404302;BIOMEDICINA;Bacharelado;Presencial;4;2023;2;2023;2;2023;3;2023;200;05/08/2019;23/03/2018;Em Atividade;9;Saúde e bem-estar;91;Saúde;914;Tecnologia de diagnóstico e tratamento médico;0914B01;Biomedicina
13625;FACULDADE DE TECNOLOGIA NOVA PALHOÇA;FATENP;Privada com fins lucrativos;1383147;BIOMEDICINA;Bacharelado;Presencial;-;;-;;-;;-;;200;13/05/2019;01/10/2018;Extinto;9;Saúde e bem-estar;91;Saúde;914;Tecnologia de diagnóstico e tratamento médico;0914B01;Biomedicina
13625;FACULDADE DE TECNOLOGIA NOVA PALHOÇA;FATENP;Privada com fins lucrativos;1383152;MEDICINA VETERINÁRIA;Bacharelado;Presencial;-;;-;;-;;-;;110;06/08/2018;13/04/2018;Extinto;8;Agricultura, silvicultura, pesca e veterinária;84;Veterinária;841;Veterinária;0841M01;Medicina veterinária
13684;FACULDADE PITÁGORAS DE CONTAGEM;PIT Contagem;Privada com fins lucrativos;1404819;BIOMEDICINA;Bacharelado;Presencial;-;;-;;-;;-;;90;17/02/2020;24/04/2019;Extinto;9;Saúde e bem-estar;91;Saúde;914;Tecnologia de diagnóstico e tratamento médico;0914B01;Biomedicina
13743;FACULDADE PITÁGORAS DE GOVERNADOR VALADARES;PIT GV;Privada com fins lucrativos;1404525;BIOMEDICINA;Bacharelado;Presencial;-;;-;;-;;-;;120;Não iniciado;31/05/2019;Extinto;9;Saúde e bem-estar;91;Saúde;914;Tecnologia de diagnóstico e tratamento médico;0914B01;Biomedicina
13752;FACULDADE DOM RICARDO;FDR;Privada com fins lucrativos;1570723;BIOMEDICINA;Bacharelado;Presencial;4;2022;-;;-;;-;;80;Não iniciado;12/09/2022;Em Atividade;9;Saúde e bem-estar;91;Saúde;914;Tecnologia de diagnóstico e tratamento médico;0914B01;Biomedicina
13783;FACULDADE ESTÁCIO DE FEIRA DE SANTANA;ESTÁCIO FEIRA DE SAN;Privada com fins lucrativos;1113410;BIOMEDICINA;Bacharelado;Presencial;4;2023;2;2019;1;2019;2;2019;150;04/03/2013;14/01/2013;Em Atividade;9;Saúde e bem-estar;91;Saúde;914;Tecnologia de diagnóstico e tratamento médico;0914B01;Biomedicina
13792;INSTITUIÇÃO DE ENSINO SUPERIOR DE CACOAL;FANORTE CACOAL;Privada com fins lucrativos;1121144;BIOMEDICINA;Bacharelado;Presencial;4;2023;2;2023;2;2023;2;2023;50;27/01/2014;18/03/2013;Em Atividade;9;Saúde e bem-estar;91;Saúde;914;Tecnologia de diagnóstico e tratamento médico;0914B01;Biomedicina
13883;FACULDADE MURIALDO;FAMUR;Privada sem fins lucrativos;1183786;MEDICINA VETERINÁRIA;Bacharelado;Presencial;5;2025;4;2019;3;2019;5;2019;80;01/08/2014;25/02/2014;Em Atividade;8;Agricultura, silvicultura, pesca e veterinária;84;Veterinária;841;Veterinária;0841M01;Medicina veterinária
13982;FACULDADE UNINASSAU BELÉM;NASSAU BELÉM;Privada com fins lucrativos;1332656;BIOMEDICINA;Bacharelado;Presencial;3;2017;-;;-;;-;;240;Não iniciado;14/01/2019;Em Extinção;9;Saúde e bem-estar;91;Saúde;914;Tecnologia de diagnóstico e tratamento médico;0914B01;Biomedicina
14028;Centro Universitário UNA de Betim;-;Privada com fins lucrativos;1523122;BIOMEDICINA;Bacharelado;Presencial;4;2024;3;2023;2;2023;2;2023;200;17/02/2020;10/02/2020;Em Atividade;9;Saúde e bem-estar;91;Saúde;914;Tecnologia de diagnóstico e tratamento médico;0914B01;Biomedicina
14028;Centro Universitário UNA de Betim;-;Privada com fins lucrativos;1550545;MEDICINA VETERINÁRIA;Bacharelado;Presencial;3;2025;-;;-;;-;;150;05/04/2021;25/11/2020;Em Atividade;8;Agricultura, silvicultura, pesca e veterinária;84;Veterinária;841;Veterinária;0841M01;Medicina veterinária
14115;Faculdade Presidente Antônio Carlos de Ponte Nova;-;Privada sem fins lucrativos;1469207;BIOMEDICINA;Bacharelado;Presencial;4;2024;-;;-;;-;;60;22/02/2021;02/04/2020;Em Atividade;9;Saúde e bem-estar;91;Saúde;914;Tecnologia de diagnóstico e tratamento médico;0914B01;Biomedicina
14156;Faculdade Presidente Antônio Carlos de Teófilo Otoni;-;Privada com fins lucrativos;91961;BIOMEDICINA;Bacharelado;Presencial;-;;-;;-;;-;;120;13/02/2006;10/01/2004;Extinto;9;Saúde e bem-estar;91;Saúde;914;Tecnologia de diagnóstico e tratamento médico;0914B01;Biomedicina
14161;Faculdade Única de Contagem;FUNIC;Privada com fins lucrativos;1469804;BIOMEDICINA;Bacharelado;Presencial;-;;-;;-;;-;;80;Não iniciado;31/05/2019;Em Extinção;9;Saúde e bem-estar;91;Saúde;914;Tecnologia de diagnóstico e tratamento médico;0914B01;Biomedicina
14161;Faculdade Única de Contagem;FUNIC;Privada com fins lucrativos;1610542;MEDICINA;Bacharelado;Presencial;5;2023;-;;-;;-;;60;04/08/2025;19/07/2024;Em Atividade;;;;;;;;
14162;Faculdade Presidente Antônio Carlos de Governador Valadares;FAPAC - GV;Privada sem fins lucrativos;1634260;BIOMEDICINA;Bacharelado;Presencial;-;;-;;-;;-;;80;10/02/2025;14/08/2024;Em Atividade;9;Saúde e bem-estar;91;Saúde;914;Tecnologia de diagnóstico e tratamento médico;0914B01;Biomedicina
14248;Faculdade Presidente Antônio Carlos de Uberlândia;-;Privada sem fins lucrativos;79868;BIOMEDICINA;Bacharelado;Presencial;3;2012;3;2023;2;2023;2;2023;100;03/03/2004;10/01/2004;Em Atividade;9;Saúde e bem-estar;91;Saúde;914;Tecnologia de diagnóstico e tratamento médico;0914B01;Biomedicina
14248;Faculdade Presidente Antônio Carlos de Uberlândia;-;Privada sem fins lucrativos;79870;MEDICINA VETERINÁRIA;Bacharelado;Presencial;4;2023;3;2023;3;2023;3;2023;120;02/08/2004;10/01/2004;Em Atividade;8;Agricultura, silvicultura, pesca e veterinária;84;Veterinária;841;Veterinária;0841M01;Medicina veterinária
14297;Faculdade Unirb - Parnaíba;F. UNIRB;Privada com fins lucrativos;1349315;BIOMEDICINA;Bacharelado;Presencial;3;2017;-;;-;;-;;140;29/11/2017;03/10/2017;Em Atividade;9;Saúde e bem-estar;91;Saúde;914;Tecnologia de diagnóstico e tratamento médico;0914B01;Biomedicina
14297;Faculdade Unirb - Parnaíba;F. UNIRB;Privada com fins lucrativos;1404449;MEDICINA VETERINÁRIA;Bacharelado;Presencial;3;2019;-;;-;;-;;200;17/11/2020;-;Em Atividade;8;Agricultura, silvicultura, pesca e veterinária;84;Veterinária;841;Veterinária;0841M01;Medicina veterinária
14321;CENTRO UNIVERSITÁRIO MAURÍCIO DE NASSAU DE FORTALEZA;UNINASSAU FORTALEZA;Privada com fins lucrativos;1105938;BIOMEDICINA;Bacharelado;Presencial;3;2015;4;2023;4;2023;3;2023;240;27/02/2012;30/11/2011;Em Atividade;9;Saúde e bem-estar;91;Saúde;914;Tecnologia de diagnóstico e tratamento médico;0914B01;Biomedicina
14321;CENTRO UNIVERSITÁRIO MAURÍCIO DE NASSAU DE FORTALEZA;UNINASSAU FORTALEZA;Privada com fins lucrativos;1184220;BIOMEDICINA;Bacharelado;Presencial;4;2023;-;;-;;-;;100;10/08/2015;03/06/2015;Em Atividade;9;Saúde e bem-estar;91;Saúde;914;Tecnologia de diagnóstico e tratamento médico;0914B01;Biomedicina
14321;CENTRO UNIVERSITÁRIO MAURÍCIO DE NASSAU DE FORTALEZA;UNINASSAU FORTALEZA;Privada com fins lucrativos;1351565;MEDICINA VETERINÁRIA;Bacharelado;Presencial;3;2022;3;2023;3;2023;3;2023;120;01/02/2018;03/10/2017;Em Atividade;8;Agricultura, silvicultura, pesca e veterinária;84;Veterinária;841;Veterinária;0841M01;Medicina veterinária
14321;CENTRO UNIVERSITÁRIO MAURÍCIO DE NASSAU DE FORTALEZA;UNINASSAU FORTALEZA;Privada com fins lucrativos;1404721;BIOMEDICINA;Bacharelado;Presencial;4;2023;-;;-;;-;;240;01/02/2019;26/12/2018;Em Atividade;9;Saúde e bem-estar;91;Saúde;914;Tecnologia de diagnóstico e tratamento médico;0914B01;Biomedicina
14321;CENTRO UNIVERSITÁRIO MAURÍCIO DE NASSAU DE FORTALEZA;UNINASSAU FORTALEZA;;1722752;MEDICINA VETERINÁRIA;Bacharelado;Presencial;-;;-;;-;;-;;240;Não iniciado;-;Em Atividade;;;;;;;;
14403;CENTRO UNIVERSITÁRIO DO PARANÁ;UNIPA;Privada com fins lucrativos;1660876;BIOMEDICINA;Bacharelado;A Distância;-;;-;;-;;-;;9999;02/06/2025;06/11/2023;Em Extinção;9;Saúde e bem-estar;91;Saúde;914;Tecnologia de diagnóstico e tratamento médico;0914B01;Biomedicina
14403;CENTRO UNIVERSITÁRIO DO PARANÁ;UNIPA;Privada com fins lucrativos;1709064;BIOMEDICINA;Bacharelado;Semipresencial;-;;-;;-;;-;;9999;Não iniciado;25/09/2025;Em Atividade;9;Saúde e bem-estar;91;Saúde;914;Tecnologia de diagnóstico e tratamento médico;0914B01;Biomedicina
14403;FACULDADE CESUMAR;CESUMAR;Privada com fins lucrativos;1332626;MEDICINA VETERINÁRIA;Bacharelado;Presencial;4;2022;4;2023;4;2023;4;2023;100;05/12/2016;02/12/2016;Em Atividade;8;Agricultura, silvicultura, pesca e veterinária;84;Veterinária;841;Veterinária;0841M01;Medicina veterinária
14429;FACULDADE PITÁGORAS DE MACEIÓ;-;Privada com fins lucrativos;1405327;BIOMEDICINA;Bacharelado;Presencial;-;;-;;-;;-;;100;Não iniciado;30/04/2019;Extinto;9;Saúde e bem-estar;91;Saúde;914;Tecnologia de diagnóstico e tratamento médico;0914B01;Biomedicina
14715;Centro Universitário Piaget;UniPiaget;Privada sem fins lucrativos;1629520;BIOMEDICINA;Bacharelado;Presencial;-;;-;;-;;-;;120;13/02/2023;20/01/2023;Em Atividade;9;Saúde e bem-estar;91;Saúde;914;Tecnologia de diagnóstico e tratamento médico;0914B01;Biomedicina
14717;Centro Universitário Maurício de Nassau de Caruaru;Uninassau Caruaru;Privada com fins lucrativos;1204143;BIOMEDICINA;Bacharelado;Presencial;3;2017;3;2023;2;2023;3;2023;240;26/08/2014;26/08/2014;Em Atividade;9;Saúde e bem-estar;91;Saúde;914;Tecnologia de diagnóstico e tratamento médico;0914B01;Biomedicina
14717;Centro Universitário Maurício de Nassau de Caruaru;Uninassau Caruaru;Privada com fins lucrativos;1599537;MEDICINA VETERINÁRIA;Bacharelado;Presencial;-;;-;;-;;-;;240;21/03/2022;21/03/2022;Em Atividade;8;Agricultura, silvicultura, pesca e veterinária;84;Veterinária;841;Veterinária;0841M01;Medicina veterinária
14717;Centro Universitário Maurício de Nassau de Caruaru;Uninassau Caruaru;Privada com fins lucrativos;1607366;MEDICINA;Bacharelado;Presencial;5;2023;-;;-;;-;;60;12/08/2024;12/07/2024;Em Atividade;;;;;;;;
14892;FACULDADE DE CIÊNCIAS DA SAÚDE DE BARRETOS DR. PAULO PRATA;FCSB;Privada com fins lucrativos;1108820;BIOMEDICINA;Bacharelado;Presencial;-;;-;;-;;-;;200;Não iniciado;24/11/2011;Extinto;9;Saúde e bem-estar;91;Saúde;914;Tecnologia de diagnóstico e tratamento médico;0914B01;Biomedicina
14892;FACULDADE DE CIÊNCIAS DA SAÚDE DE BARRETOS DR. PAULO PRATA;FCSB;Privada com fins lucrativos;1109361;MEDICINA;Bacharelado;Presencial;5;2025;4;2023;5;2025;4;2023;90;06/02/2012;18/11/2011;Em Atividade;9;Saúde e bem-estar;91;Saúde;912;Medicina;0912M01;Medicina
14901;FACULDADE INTEGRADA CARAJÁS;FIC;Privada com fins lucrativos;1365367;MEDICINA VETERINÁRIA;Bacharelado;Presencial;4;2023;2;2023;1;2023;1;2023;112;26/04/2019;12/11/2018;Em Atividade;8;Agricultura, silvicultura, pesca e veterinária;84;Veterinária;841;Veterinária;0841M01;Medicina veterinária
14947;FACULDADE DE CIÊNCIAS DO TOCANTINS;FACIT;Privada com fins lucrativos;1364873;MEDICINA VETERINÁRIA;Bacharelado;Presencial;5;2023;3;2023;2;2023;3;2023;120;13/05/2019;22/03/2019;Em Atividade;8;Agricultura, silvicultura, pesca e veterinária;84;Veterinária;841;Veterinária;0841M01;Medicina veterinária
14996;FACULDADE DE GESTAO E NEGOCIOS DE SALVADOR;FGN;Privada com fins lucrativos;1349409;BIOMEDICINA;Bacharelado;Presencial;3;2022;SC;2023;SC;2023;SC;2023;200;05/02/2018;03/10/2017;Em Atividade;9;Saúde e bem-estar;91;Saúde;914;Tecnologia de diagnóstico e tratamento médico;0914B01;Biomedicina
15001;UNIVERSIDADE FEDERAL DA INTEGRAÇÃO LATINO-AMERICANA;UNILA;Pública Federal;1292726;MEDICINA;Bacharelado;Presencial;4;2023;3;2023;2;2025;3;2023;60;18/08/2014;14/05/2014;Em Atividade;9;Saúde e bem-estar;91;Saúde;912;Medicina;0912M01;Medicina
15015;Universidade Estadual do Norte do Paraná;UENP;Pública Estadual;54396;MEDICINA VETERINÁRIA;Bacharelado;Presencial;-;;4;2023;5;2023;4;2023;50;12/05/1999;12/05/1999;Em Atividade;8;Agricultura, silvicultura, pesca e veterinária;84;Veterinária;841;Veterinária;0841M01;Medicina veterinária
15032;UNIVERSIDADE ALTO VALE DO RIO DO PEIXE;UNIARP;Privada sem fins lucrativos;1427370;MEDICINA;Bacharelado;Presencial;5;2024;-;;3;2025;-;;120;12/12/2018;28/12/2017;Em Atividade;9;Saúde e bem-estar;91;Saúde;912;Medicina;0912M01;Medicina
15032;UNIVERSIDADE ALTO VALE DO RIO DO PEIXE;UNIARP;Privada sem fins lucrativos;1551659;BIOMEDICINA;Bacharelado;Presencial;5;2025;-;;-;;-;;80;17/02/2021;16/12/2020;Em Atividade;9;Saúde e bem-estar;91;Saúde;914;Tecnologia de diagnóstico e tratamento médico;0914B01;Biomedicina
15032;UNIVERSIDADE ALTO VALE DO RIO DO PEIXE;UNIARP;Privada sem fins lucrativos;1617870;MEDICINA VETERINÁRIA;Bacharelado;Presencial;-;;-;;-;;-;;100;13/02/2023;14/11/2022;Em Atividade;8;Agricultura, silvicultura, pesca e veterinária;84;Veterinária;841;Veterinária;0841M01;Medicina veterinária
15053;CENTRO UNIVERSITÁRIO UNIVERSO GOIÂNIA;-;Privada sem fins lucrativos;109006;MEDICINA VETERINÁRIA;Bacharelado;Presencial;4;2023;2;2023;2;2023;1;2023;400;02/02/2011;03/05/2001;Em Atividade;8;Agricultura, silvicultura, pesca e veterinária;84;Veterinária;841;Veterinária;0841M01;Medicina veterinária
15054;CENTRO UNIVERSITÁRIO UNIVERSO RECIFE;-;Privada sem fins lucrativos;108964;MEDICINA VETERINÁRIA;Bacharelado;Presencial;-;;-;;-;;-;;400;02/02/2011;03/05/2001;Em Atividade;8;Agricultura, silvicultura, pesca e veterinária;84;Veterinária;841;Veterinária;0841M01;Medicina veterinária
15055;CENTRO UNIVERSITARIO UNIVERSO BELO HORIZONTE;-;Privada sem fins lucrativos;109194;MEDICINA VETERINÁRIA;Bacharelado;Presencial;4;2023;3;2023;3;2023;2;2023;400;02/02/2011;03/05/2001;Em Atividade;8;Agricultura, silvicultura, pesca e veterinária;84;Veterinária;841;Veterinária;0841M01;Medicina veterinária
15056;CENTRO UNIVERSITÁRIO UNIVERSO SALVADOR;-;Privada sem fins lucrativos;109070;MEDICINA VETERINÁRIA;Bacharelado;Presencial;-;;-;;-;;-;;400;02/02/2011;03/05/2001;Em Atividade;8;Agricultura, silvicultura, pesca e veterinária;84;Veterinária;841;Veterinária;0841M01;Medicina veterinária
15057;CENTRO UNIVERSITÁRIO UNIVERSO JUIZ DE FORA;-;Privada sem fins lucrativos;109136;MEDICINA VETERINÁRIA;Bacharelado;Presencial;3;2024;3;2023;2;2023;2;2023;400;02/02/2011;03/05/2001;Em Atividade;8;Agricultura, silvicultura, pesca e veterinária;84;Veterinária;841;Veterinária;0841M01;Medicina veterinária
15079;FACULDADE MASTER DE PARAUAPEBAS - FAMAP;FAMAP;Privada com fins lucrativos;1406516;BIOMEDICINA;Bacharelado;A Distância;4;2019;-;;-;;-;;200;16/08/2021;22/06/2020;Em Extinção;9;Saúde e bem-estar;91;Saúde;914;Tecnologia de diagnóstico e tratamento médico;0914B01;Biomedicina
15079;FACULDADE MASTER DE PARAUAPEBAS - FAMAP;FAMAP;Privada com fins lucrativos;1702126;BIOMEDICINA;Bacharelado;Semipresencial;-;;-;;-;;-;;200;Não iniciado;25/09/2025;Em Atividade;9;Saúde e bem-estar;91;Saúde;914;Tecnologia de diagnóstico e tratamento médico;0914B01;Biomedicina
15121;UNIVERSIDADE FEDERAL DA FRONTEIRA SUL;UFFS;Pública Federal;1193759;MEDICINA;Bacharelado;Presencial;5;2022;SC;2023;3;2025;SC;2023;40;29/07/2015;19/05/2015;Em Atividade;9;Saúde e bem-estar;91;Saúde;912;Medicina;0912M01;Medicina
15121;UNIVERSIDADE FEDERAL DA FRONTEIRA SUL;UFFS;Pública Federal;5000409;MEDICINA VETERINÁRIA;Bacharelado;Presencial;4;2014;5;2023;5;2023;4;2023;50;29/03/2010;24/11/2009;Em Atividade;8;Agricultura, silvicultura, pesca e veterinária;84;Veterinária;841;Veterinária;0841M01;Medicina veterinária
15121;UNIVERSIDADE FEDERAL DA FRONTEIRA SUL;UFFS;Pública Federal;5001101;MEDICINA;Bacharelado;Presencial;5;2022;4;2023;4;2025;4;2023;62;16/09/2013;24/07/2013;Em Atividade;9;Saúde e bem-estar;91;Saúde;912;Medicina;0912M01;Medicina
15357;Faculdade Presidente Antônio Carlos de Ubá;-;Privada sem fins lucrativos;1454060;BIOMEDICINA;Bacharelado;Presencial;4;2023;3;2023;3;2023;3;2023;60;03/08/2020;26/12/2018;Em Atividade;9;Saúde e bem-estar;91;Saúde;914;Tecnologia de diagnóstico e tratamento médico;0914B01;Biomedicina
15382;FACULDADE AJES;AJES;Privada com fins lucrativos;1584450;MEDICINA VETERINÁRIA;Bacharelado;A Distância;4;2023;-;;-;;-;;700;20/05/2024;21/12/2023;Em Extinção;8;Agricultura, silvicultura, pesca e veterinária;84;Veterinária;841;Veterinária;0841M01;Medicina veterinária
15382;FACULDADE AJES;AJES;Privada com fins lucrativos;1591298;BIOMEDICINA;Bacharelado;A Distância;3;2022;-;;-;;-;;1000;17/04/2023;20/03/2023;Em Extinção;9;Saúde e bem-estar;91;Saúde;914;Tecnologia de diagnóstico e tratamento médico;0914B01;Biomedicina
15382;FACULDADE AJES;AJES;Privada com fins lucrativos;1711295;BIOMEDICINA;Bacharelado;Semipresencial;-;;-;;-;;-;;1000;Não iniciado;25/09/2025;Em Atividade;9;Saúde e bem-estar;91;Saúde;914;Tecnologia de diagnóstico e tratamento médico;0914B01;Biomedicina
15382;FACULDADE AJES;AJES;Privada com fins lucrativos;1711830;MEDICINA VETERINÁRIA;Bacharelado;Semipresencial;-;;-;;-;;-;;700;Não iniciado;25/09/2025;Em Atividade;8;Agricultura, silvicultura, pesca e veterinária;84;Veterinária;841;Veterinária;0841M01;Medicina veterinária
15428;Faculdade UNIRB - NATAL;F. UNIRB;Privada sem fins lucrativos;1364420;BIOMEDICINA;Bacharelado;Presencial;3;2017;-;;-;;-;;200;02/12/2019;29/11/2019;Em Atividade;9;Saúde e bem-estar;91;Saúde;914;Tecnologia de diagnóstico e tratamento médico;0914B01;Biomedicina
15450;Faculdade Única de Ipatinga;FUNIP;Privada com fins lucrativos;71431;BIOMEDICINA;Bacharelado;Presencial;4;2023;2;2023;3;2023;2;2023;80;09/02/2004;11/07/2003;Em Atividade;9;Saúde e bem-estar;91;Saúde;914;Tecnologia de diagnóstico e tratamento médico;0914B01;Biomedicina
15451;Faculdade de Direito de Ipatinga;FADIPA;Privada sem fins lucrativos;1588244;BIOMEDICINA;Bacharelado;Presencial;4;2022;-;;-;;-;;100;Não iniciado;14/03/2024;Em Atividade;9;Saúde e bem-estar;91;Saúde;914;Tecnologia de diagnóstico e tratamento médico;0914B01;Biomedicina
15452;CENTRO UNIVERSITÁRIO UNA DE BOM DESPACHO;UNA;Privada com fins lucrativos;71451;BIOMEDICINA;Bacharelado;Presencial;3;2016;3;2023;2;2023;3;2023;240;02/02/2004;11/07/2003;Em Atividade;9;Saúde e bem-estar;91;Saúde;914;Tecnologia de diagnóstico e tratamento médico;0914B01;Biomedicina
15452;CENTRO UNIVERSITÁRIO UNA DE BOM DESPACHO;UNA;Privada com fins lucrativos;84751;MEDICINA VETERINÁRIA;Bacharelado;Presencial;3;2011;2;2023;2;2023;2;2023;200;02/02/2005;24/08/2004;Em Atividade;8;Agricultura, silvicultura, pesca e veterinária;84;Veterinária;841;Veterinária;0841M01;Medicina veterinária
15452;CENTRO UNIVERSITÁRIO UNA DE BOM DESPACHO;UNA;Privada com fins lucrativos;1191600;MEDICINA VETERINÁRIA;Bacharelado;Presencial;-;;-;;-;;-;;60;30/12/2015;23/12/2015;Extinto;8;Agricultura, silvicultura, pesca e veterinária;84;Veterinária;841;Veterinária;0841M01;Medicina veterinária
15452;CENTRO UNIVERSITÁRIO UNA DE BOM DESPACHO;UNA;Privada com fins lucrativos;1406950;BIOMEDICINA;Bacharelado;A Distância;-;;-;;-;;-;;120;01/08/2017;13/07/2017;Extinto;9;Saúde e bem-estar;91;Saúde;914;Tecnologia de diagnóstico e tratamento médico;0914B01;Biomedicina
15452;CENTRO UNIVERSITÁRIO UNA DE BOM DESPACHO;UNA;Privada com fins lucrativos;1438490;MEDICINA VETERINÁRIA;Bacharelado;A Distância;-;;-;;-;;-;;120;01/02/2018;16/08/2017;Em Extinção;8;Agricultura, silvicultura, pesca e veterinária;84;Veterinária;841;Veterinária;0841M01;Medicina veterinária
15452;CENTRO UNIVERSITÁRIO UNA DE BOM DESPACHO;UNA;Privada com fins lucrativos;1676116;BIOMEDICINA;Bacharelado;A Distância;-;;-;;-;;-;;120;Não iniciado;08/06/2024;Em Extinção;9;Saúde e bem-estar;91;Saúde;914;Tecnologia de diagnóstico e tratamento médico;0914B01;Biomedicina
15452;CENTRO UNIVERSITÁRIO UNA DE BOM DESPACHO;UNA;Privada com fins lucrativos;1709086;BIOMEDICINA;Bacharelado;Semipresencial;-;;-;;-;;-;;960;06/10/2025;25/09/2025;Em Atividade;9;Saúde e bem-estar;91;Saúde;914;Tecnologia de diagnóstico e tratamento médico;0914B01;Biomedicina
15453;Faculdade Presidente Antônio Carlos de Conselheiro Lafaiete;-;Privada sem fins lucrativos;84659;MEDICINA VETERINÁRIA;Bacharelado;Presencial;4;2023;3;2023;3;2023;4;2023;120;02/02/2005;24/09/2004;Em Atividade;8;Agricultura, silvicultura, pesca e veterinária;84;Veterinária;841;Veterinária;0841M01;Medicina veterinária
15468;Faculdade Presidente Antônio Carlos de Leopoldina;-;Privada sem fins lucrativos;105416;BIOMEDICINA;Bacharelado;Presencial;4;2023;2;2019;2;2019;2;2019;120;02/02/2007;18/10/2005;Em Atividade;9;Saúde e bem-estar;91;Saúde;914;Tecnologia de diagnóstico e tratamento médico;0914B01;Biomedicina
15497;UNIVERSIDADE DA INTEGRAÇÃO INTERNACIONAL DA LUSOFONIA AFRO-BRASILEIRA;UNILAB;Pública Federal;1660448;MEDICINA;Bacharelado;Presencial;-;;-;;-;;-;;43;30/08/2024;24/05/2024;Em Atividade;9;Saúde e bem-estar;91;Saúde;912;Medicina;0912M01;Medicina
15504;FACULDADE IRECÊ;FAI;Privada com fins lucrativos;1366809;MEDICINA VETERINÁRIA;Bacharelado;Presencial;5;2022;2;2023;2;2023;2;2023;100;20/11/2017;28/09/2017;Em Atividade;8;Agricultura, silvicultura, pesca e veterinária;84;Veterinária;841;Veterinária;0841M01;Medicina veterinária
15522;INSTITUTO FEDERAL DE EDUCAÇÃO, CIÊNCIA E TECNOLOGIA DO AMAPÁ;IFAP;Pública Federal;1515046;MEDICINA VETERINÁRIA;Bacharelado;Presencial;4;2024;-;;-;;-;;30;08/03/2021;13/11/2019;Em Atividade;8;Agricultura, silvicultura, pesca e veterinária;84;Veterinária;841;Veterinária;0841M01;Medicina veterinária
15839;FACULDADE PITÁGORAS UNOPAR DE JOÃO PESSOA;-;Privada com fins lucrativos;1350007;BIOMEDICINA;Bacharelado;Presencial;-;;-;;-;;-;;100;29/11/2017;27/11/2017;Extinto;9;Saúde e bem-estar;91;Saúde;914;Tecnologia de diagnóstico e tratamento médico;0914B01;Biomedicina
16728;INSTITUTO TOCANTINENSE PRESIDENTE ANTONIO CARLOS;ITPAC;Privada com fins lucrativos;5000812;MEDICINA;Bacharelado;Presencial;5;2024;3;2023;3;2025;3;2023;120;09/08/1999;19/05/1999;Em Atividade;9;Saúde e bem-estar;91;Saúde;912;Medicina;0912M01;Medicina
16879;Faculdade de Medicina de Olinda;FMO;Privada com fins lucrativos;1168313;MEDICINA;Bacharelado;Presencial;4;2022;3;2023;2;2025;2;2023;200;21/10/2015;21/10/2015;Em Atividade;9;Saúde e bem-estar;91;Saúde;912;Medicina;0912M01;Medicina
17115;FACULDADE TRÊS MARIAS;FTM;Privada com fins lucrativos;1591021;BIOMEDICINA;Bacharelado;A Distância;-;;-;;-;;-;;1000;28/02/2023;21/12/2022;Em Extinção;9;Saúde e bem-estar;91;Saúde;914;Tecnologia de diagnóstico e tratamento médico;0914B01;Biomedicina
17115;FACULDADE TRÊS MARIAS;FTM;Privada com fins lucrativos;1711151;BIOMEDICINA;Bacharelado;Semipresencial;-;;-;;-;;-;;1000;03/12/2025;25/09/2025;Em Atividade;9;Saúde e bem-estar;91;Saúde;914;Tecnologia de diagnóstico e tratamento médico;0914B01;Biomedicina
17118;Faculdade do Norte de Mato Grosso;AJES;Privada com fins lucrativos;1404464;BIOMEDICINA;Bacharelado;Presencial;4;2023;4;2023;4;2023;4;2023;100;17/05/2019;18/04/2019;Em Atividade;9;Saúde e bem-estar;91;Saúde;914;Tecnologia de diagnóstico e tratamento médico;0914B01;Biomedicina
17138;Centro Universitário - Católica de Santa Catarina em Joinville;Católica em Joinvile;Privada sem fins lucrativos;1152852;BIOMEDICINA;Bacharelado;Presencial;4;2014;4;2023;4;2023;4;2023;80;01/02/2012;20/04/2011;Em Atividade;9;Saúde e bem-estar;91;Saúde;914;Tecnologia de diagnóstico e tratamento médico;0914B01;Biomedicina
17284;CENTRO UNIVERSITÁRIO MAURÍCIO DE NASSAU DE SÃO LUÍS;UNINASSAU;Privada sem fins lucrativos;1599471;MEDICINA;Bacharelado;Presencial;5;2022;-;;-;;-;;60;12/09/2024;12/09/2024;Em Atividade;9;Saúde e bem-estar;91;Saúde;912;Medicina;0912M01;Medicina
17284;FACULDADE UNINASSAU SÃO LUÍS;-;Privada sem fins lucrativos;1202874;BIOMEDICINA;Bacharelado;Presencial;4;2023;3;2019;3;2019;3;2019;240;06/03/2015;06/03/2015;Em Atividade;9;Saúde e bem-estar;91;Saúde;914;Tecnologia de diagnóstico e tratamento médico;0914B01;Biomedicina
17284;FACULDADE UNINASSAU SÃO LUÍS;-;Privada sem fins lucrativos;1350895;MEDICINA VETERINÁRIA;Bacharelado;Presencial;4;2023;1;2023;1;2023;1;2023;240;01/02/2019;03/10/2017;Em Atividade;8;Agricultura, silvicultura, pesca e veterinária;84;Veterinária;841;Veterinária;0841M01;Medicina veterinária
17348;Faculdade Alis de Itabirito;-;Privada sem fins lucrativos;1532917;BIOMEDICINA;Bacharelado;A Distância;4;2021;-;;-;;-;;750;01/02/2023;26/11/2021;Em Extinção;9;Saúde e bem-estar;91;Saúde;914;Tecnologia de diagnóstico e tratamento médico;0914B01;Biomedicina
17348;Faculdade Alis de Itabirito;-;Privada sem fins lucrativos;1702135;BIOMEDICINA;Bacharelado;Semipresencial;-;;-;;-;;-;;750;Não iniciado;25/09/2025;Em Atividade;9;Saúde e bem-estar;91;Saúde;914;Tecnologia de diagnóstico e tratamento médico;0914B01;Biomedicina
17403;FACULDADE ARI DE SÁ;FAS;Privada com fins lucrativos;1570496;BIOMEDICINA;Bacharelado;Presencial;4;2022;-;;-;;-;;80;13/01/2023;04/07/2022;Em Atividade;9;Saúde e bem-estar;91;Saúde;914;Tecnologia de diagnóstico e tratamento médico;0914B01;Biomedicina
17420;FACULDADE CESUMAR DE PONTA GROSSA;FAC-CESUMAR;Privada com fins lucrativos;1263775;BIOMEDICINA;Bacharelado;Presencial;5;2022;4;2023;3;2023;3;2023;120;06/03/2017;17/02/2017;Em Atividade;9;Saúde e bem-estar;91;Saúde;914;Tecnologia de diagnóstico e tratamento médico;0914B01;Biomedicina
17420;FACULDADE CESUMAR DE PONTA GROSSA;FAC-CESUMAR;Privada com fins lucrativos;1365481;MEDICINA VETERINÁRIA;Bacharelado;Presencial;4;2023;-;;-;;-;;100;04/11/2019;22/12/2017;Em Atividade;8;Agricultura, silvicultura, pesca e veterinária;84;Veterinária;841;Veterinária;0841M01;Medicina veterinária
17498;FACULDADE DE SAÚDE SANTO AGOSTINHO DE VITÓRIA DA CONQUISTA;FASA;Privada com fins lucrativos;1179189;MEDICINA;Bacharelado;Presencial;4;2019;4;2023;2;2025;3;2023;100;20/02/2015;12/12/2014;Em Atividade;9;Saúde e bem-estar;91;Saúde;912;Medicina;0912M01;Medicina
17565;FACULDADE DE CIÊNCIAS HUMANAS,EXATAS E DA SAÚDE DO PIAUÍ;FAHESP;Privada com fins lucrativos;1180318;MEDICINA;Bacharelado;Presencial;4;2023;4;2023;2;2025;4;2023;80;30/12/2015;14/12/2015;Em Atividade;9;Saúde e bem-estar;91;Saúde;912;Medicina;0912M01;Medicina
17608;Centro Universitário Faep;-;Privada sem fins lucrativos;1681639;BIOMEDICINA;Bacharelado;A Distância;-;;-;;-;;-;;1000;20/08/2024;19/08/2024;Em Extinção;9;Saúde e bem-estar;91;Saúde;914;Tecnologia de diagnóstico e tratamento médico;0914B01;Biomedicina
17608;Centro Universitário Faep;-;Privada sem fins lucrativos;1702139;BIOMEDICINA;Bacharelado;Semipresencial;-;;-;;-;;-;;1000;Não iniciado;25/09/2025;Em Atividade;9;Saúde e bem-estar;91;Saúde;914;Tecnologia de diagnóstico e tratamento médico;0914B01;Biomedicina
17628;Centro Universitário do Maciço de Baturité;-;;1728193;BIOMEDICINA;Bacharelado;Semipresencial;-;;-;;-;;-;;200;Não iniciado;-;Em Atividade;;;;;;;;
17632;Faculdade CESUMAR de Londrina;FAC-CESUMAR;Privada com fins lucrativos;1263812;BIOMEDICINA;Bacharelado;Presencial;4;2025;3;2023;3;2023;2;2023;80;01/11/2018;30/12/2016;Em Atividade;9;Saúde e bem-estar;91;Saúde;914;Tecnologia de diagnóstico e tratamento médico;0914B01;Biomedicina
17632;Faculdade CESUMAR de Londrina;FAC-CESUMAR;Privada com fins lucrativos;1364656;MEDICINA VETERINÁRIA;Bacharelado;Presencial;-;;-;;-;;-;;100;Não iniciado;22/06/2018;Extinto;8;Agricultura, silvicultura, pesca e veterinária;84;Veterinária;841;Veterinária;0841M01;Medicina veterinária
17662;Faculdade Galileu;FG;Privada com fins lucrativos;1441048;BIOMEDICINA;Bacharelado;Presencial;5;2023;4;2023;4;2023;3;2023;60;05/08/2019;12/06/2019;Em Atividade;9;Saúde e bem-estar;91;Saúde;914;Tecnologia de diagnóstico e tratamento médico;0914B01;Biomedicina
17662;Faculdade Galileu;FG;Privada com fins lucrativos;1466140;MEDICINA VETERINÁRIA;Bacharelado;Presencial;4;2025;-;;-;;-;;25;09/08/2021;09/04/2021;Em Atividade;8;Agricultura, silvicultura, pesca e veterinária;84;Veterinária;841;Veterinária;0841M01;Medicina veterinária
17775;Faculdade de Ciências da Saúde de Serra Talhada;FACISST;Especial;1683125;MEDICINA;Bacharelado;Presencial;-;;-;;-;;-;;100;12/08/2024;02/09/2024;Em Atividade;9;Saúde e bem-estar;91;Saúde;912;Medicina;0912M01;Medicina
17816;FACULDADE UNINASSAU FEIRA DE SANTANA;-;Privada com fins lucrativos;1352858;BIOMEDICINA;Bacharelado;Presencial;-;;-;;-;;-;;240;Não iniciado;11/12/2017;Extinto;9;Saúde e bem-estar;91;Saúde;914;Tecnologia de diagnóstico e tratamento médico;0914B01;Biomedicina
17854;Centro Universitário Unifecaf;-;Privada com fins lucrativos;1527829;BIOMEDICINA;Bacharelado;A Distância;4;2021;-;;-;;-;;6500;10/03/2022;19/11/2021;Em Extinção;9;Saúde e bem-estar;91;Saúde;914;Tecnologia de diagnóstico e tratamento médico;0914B01;Biomedicina
17854;Centro Universitário UniFECAF;UniFECAF;Privada com fins lucrativos;1702145;BIOMEDICINA;Bacharelado;Semipresencial;-;;-;;-;;-;;6500;Não iniciado;25/09/2025;Em Atividade;9;Saúde e bem-estar;91;Saúde;914;Tecnologia de diagnóstico e tratamento médico;0914B01;Biomedicina
17854;FACULDADE CAPITAL FEDERAL;FECAF;Privada com fins lucrativos;1263633;BIOMEDICINA;Bacharelado;Presencial;5;2022;4;2023;2;2023;3;2023;200;05/01/2017;-;Em Atividade;9;Saúde e bem-estar;91;Saúde;914;Tecnologia de diagnóstico e tratamento médico;0914B01;Biomedicina
17887;Faculdade de Ciências Médicas de São José dos Campos;-;Privada com fins lucrativos;1363536;MEDICINA;Bacharelado;Presencial;5;2024;4;2023;4;2025;3;2023;120;31/07/2017;08/05/2017;Em Atividade;9;Saúde e bem-estar;91;Saúde;912;Medicina;0912M01;Medicina
17896;FACULDADE BRASILEIRA DE TECNOLOGIA;FBT;Privada com fins lucrativos;1364389;MEDICINA VETERINÁRIA;Bacharelado;Presencial;3;2017;-;;-;;-;;150;19/06/2020;22/02/2018;Em Atividade;8;Agricultura, silvicultura, pesca e veterinária;84;Veterinária;841;Veterinária;0841M01;Medicina veterinária
18023;FACULDADE UNINASSAU PETROLINA;-;Privada com fins lucrativos;1350546;BIOMEDICINA;Bacharelado;Presencial;4;2022;3;2023;2;2023;3;2023;180;01/02/2018;03/10/2017;Em Atividade;9;Saúde e bem-estar;91;Saúde;914;Tecnologia de diagnóstico e tratamento médico;0914B01;Biomedicina
18034;Centro de Ensino Superior Riograndense;CESURG;Privada com fins lucrativos;1284219;MEDICINA VETERINÁRIA;Bacharelado;Presencial;4;2022;3;2023;3;2023;3;2023;100;01/08/2016;-;Em Atividade;8;Agricultura, silvicultura, pesca e veterinária;84;Veterinária;841;Veterinária;0841M01;Medicina veterinária
18062;Faculdade Marechal Rondon;-;Privada sem fins lucrativos;1210856;MEDICINA VETERINÁRIA;Bacharelado;Presencial;4;2023;3;2023;3;2023;3;2023;100;18/07/2016;-;Em Atividade;8;Agricultura, silvicultura, pesca e veterinária;84;Veterinária;841;Veterinária;0841M01;Medicina veterinária
18065;CISNE - FACULDADE DE QUIXADÁ;CFQ;Privada com fins lucrativos;1208187;MEDICINA VETERINÁRIA;Bacharelado;Presencial;3;2022;3;2019;3;2019;3;2019;100;09/02/2015;09/01/2015;Em Atividade;8;Agricultura, silvicultura, pesca e veterinária;84;Veterinária;841;Veterinária;0841M01;Medicina veterinária
18075;FACULDADE UNINASSAU JABOATÃO DOS GUARARAPES;UNINASSAU;Privada com fins lucrativos;1351349;BIOMEDICINA;Bacharelado;Presencial;-;;-;;-;;-;;210;Não iniciado;30/05/2017;Extinto;9;Saúde e bem-estar;91;Saúde;914;Tecnologia de diagnóstico e tratamento médico;0914B01;Biomedicina
18077;Faculdade Cosmopolita;-;Privada com fins lucrativos;1208500;BIOMEDICINA;Bacharelado;Presencial;3;2021;3;2023;2;2023;2;2023;150;01/02/2016;14/12/2015;Em Atividade;9;Saúde e bem-estar;91;Saúde;914;Tecnologia de diagnóstico e tratamento médico;0914B01;Biomedicina
18114;Faculdade Fasipe Mato Grosso;FFMT;Privada com fins lucrativos;1207554;BIOMEDICINA;Bacharelado;Presencial;4;2024;2;2023;1;2023;2;2023;150;11/12/2015;14/12/2015;Em Atividade;9;Saúde e bem-estar;91;Saúde;914;Tecnologia de diagnóstico e tratamento médico;0914B01;Biomedicina
18133;Centro Universitário Facunicamps Goiânia;FACUNICAMPS GOIÂNIA;Privada com fins lucrativos;1675929;BIOMEDICINA;Bacharelado;A Distância;-;;-;;-;;-;;500;23/06/2025;05/06/2024;Em Extinção;9;Saúde e bem-estar;91;Saúde;914;Tecnologia de diagnóstico e tratamento médico;0914B01;Biomedicina
18133;Centro Universitário Facunicamps Goiânia;FACUNICAMPS GOIÂNIA;Privada com fins lucrativos;1711525;BIOMEDICINA;Bacharelado;Semipresencial;-;;-;;-;;-;;500;Não iniciado;25/09/2025;Em Atividade;9;Saúde e bem-estar;91;Saúde;914;Tecnologia de diagnóstico e tratamento médico;0914B01;Biomedicina
18211;FACULDADE UNINASSAU CABO;-;Privada com fins lucrativos;1364819;BIOMEDICINA;Bacharelado;Presencial;-;;-;;-;;-;;240;Não iniciado;23/03/2018;Extinto;9;Saúde e bem-estar;91;Saúde;914;Tecnologia de diagnóstico e tratamento médico;0914B01;Biomedicina
18253;FACULDADE VALE DO AÇO;FAVALE;Privada com fins lucrativos;1210291;MEDICINA VETERINÁRIA;Bacharelado;Presencial;4;2024;SC;2023;SC;2023;SC;2023;100;25/07/2016;-;Em Atividade;8;Agricultura, silvicultura, pesca e veterinária;84;Veterinária;841;Veterinária;0841M01;Medicina veterinária
18440;UNIVERSIDADE FEDERAL DO SUL E SUDESTE DO PARÁ;UNIFESSPA;Pública Federal;1276152;MEDICINA VETERINÁRIA;Bacharelado;Presencial;3;2022;5;2023;4;2023;5;2023;80;13/08/2018;27/12/2013;Em Atividade;8;Agricultura, silvicultura, pesca e veterinária;84;Veterinária;841;Veterinária;0841M01;Medicina veterinária
18454;Faculdade Una de Sete Lagoas;Unaset;Privada com fins lucrativos;1508071;MEDICINA VETERINÁRIA;Bacharelado;Presencial;5;2021;-;;-;;-;;120;21/02/2022;03/12/2021;Em Atividade;;;;;;;;
18506;UNIVERSIDADE FEDERAL DO OESTE DA BAHIA;UFOB;Pública Federal;1276404;MEDICINA VETERINÁRIA;Bacharelado;Presencial;4;2019;4;2023;3;2023;4;2023;45;08/09/2014;13/11/2013;Em Atividade;8;Agricultura, silvicultura, pesca e veterinária;84;Veterinária;841;Veterinária;0841M01;Medicina veterinária
18506;UNIVERSIDADE FEDERAL DO OESTE DA BAHIA;UFOB;Pública Federal;1292725;MEDICINA;Bacharelado;Presencial;4;2022;3;2023;4;2025;3;2023;80;08/09/2014;13/05/2014;Em Atividade;9;Saúde e bem-estar;91;Saúde;912;Medicina;0912M01;Medicina
18636;Faculdade da Região Sisaleira;FARESI;Privada com fins lucrativos;1439450;BIOMEDICINA;Bacharelado;Presencial;4;2023;2;2023;2;2023;2;2023;120;14/05/2019;14/05/2019;Em Atividade;9;Saúde e bem-estar;91;Saúde;914;Tecnologia de diagnóstico e tratamento médico;0914B01;Biomedicina
18636;Faculdade da Região Sisaleira;FARESI;Privada com fins lucrativos;1596114;MEDICINA;Bacharelado;Presencial;5;2022;-;;-;;-;;60;01/08/2023;14/03/2023;Em Atividade;9;Saúde e bem-estar;91;Saúde;912;Medicina;0912M01;Medicina
18639;Faculdade Pitágoras de Bacabal;-;Privada com fins lucrativos;1537807;MEDICINA;Bacharelado;Presencial;-;;-;;-;;-;;50;28/03/2022;15/02/2022;Em Atividade;9;Saúde e bem-estar;91;Saúde;912;Medicina;0912M01;Medicina
18643;FACULDADE UNINASSAU MARACANAÚ;-;Privada com fins lucrativos;1467590;MEDICINA VETERINÁRIA;Bacharelado;Presencial;4;2021;-;;-;;-;;180;Não iniciado;28/06/2022;Em Atividade;;;;;;;;
18648;Faculdade Uninassau Arapiraca;-;Privada com fins lucrativos;1467081;MEDICINA VETERINÁRIA;Bacharelado;Presencial;3;2021;-;;-;;-;;180;01/02/2022;07/06/2021;Em Atividade;8;Agricultura, silvicultura, pesca e veterinária;84;Veterinária;841;Veterinária;0841M01;Medicina veterinária
18649;FACULDADE UNINASSAU MOSSORÓ;-;Privada com fins lucrativos;1467693;MEDICINA VETERINÁRIA;Bacharelado;Presencial;3;2022;-;;-;;-;;360;Não iniciado;27/10/2023;Em Atividade;8;Agricultura, silvicultura, pesca e veterinária;84;Veterinária;841;Veterinária;0841M01;Medicina veterinária
18651;Unama Faculdade da Amazônia de Boa Vista;UNAMA;Privada com fins lucrativos;1389031;BIOMEDICINA;Bacharelado;Presencial;3;2023;2;2023;2;2023;3;2023;240;02/08/2019;25/02/2019;Em Atividade;9;Saúde e bem-estar;91;Saúde;914;Tecnologia de diagnóstico e tratamento médico;0914B01;Biomedicina
18651;Unama Faculdade da Amazônia de Boa Vista;UNAMA;Privada com fins lucrativos;1546633;MEDICINA VETERINÁRIA;Bacharelado;Presencial;4;2021;-;;-;;-;;180;01/02/2022;31/12/2021;Em Atividade;8;Agricultura, silvicultura, pesca e veterinária;84;Veterinária;841;Veterinária;0841M01;Medicina veterinária
18653;Faculdade Uninassau Garanhuns;Nassau Garanhuns;Privada com fins lucrativos;1467344;MEDICINA VETERINÁRIA;Bacharelado;Presencial;4;2021;-;;-;;-;;240;01/02/2022;22/10/2021;Em Atividade;;;;;;;;
18671;FACULDADE DA AMAZÔNIA DE PORTO VELHO;-;Privada com fins lucrativos;1404310;BIOMEDICINA;Bacharelado;Presencial;4;2023;2;2023;2;2023;2;2023;120;04/03/2019;25/02/2019;Em Atividade;9;Saúde e bem-estar;91;Saúde;914;Tecnologia de diagnóstico e tratamento médico;0914B01;Biomedicina
18671;FACULDADE DA AMAZÔNIA DE PORTO VELHO;-;Privada com fins lucrativos;1546518;MEDICINA VETERINÁRIA;Bacharelado;Presencial;4;2022;-;;-;;-;;180;Não iniciado;29/11/2022;Em Atividade;8;Agricultura, silvicultura, pesca e veterinária;84;Veterinária;841;Veterinária;0841M01;Medicina veterinária
18672;Unama Faculdade da Amazônia de Macapá;-;Privada com fins lucrativos;1590729;MEDICINA VETERINÁRIA;Bacharelado;Presencial;4;2022;-;;-;;-;;180;Não iniciado;27/10/2023;Em Atividade;8;Agricultura, silvicultura, pesca e veterinária;84;Veterinária;841;Veterinária;0841M01;Medicina veterinária
18675;Faculdade Univeritas Universus Veritas de Campo Grande;-;Privada com fins lucrativos;1404312;BIOMEDICINA;Bacharelado;Presencial;-;;-;;-;;-;;240;02/02/2021;18/04/2019;Extinto;9;Saúde e bem-estar;91;Saúde;914;Tecnologia de diagnóstico e tratamento médico;0914B01;Biomedicina
18676;Faculdade Uninassau Palmas;Nassau Palmas;Privada com fins lucrativos;1504704;MEDICINA VETERINÁRIA;Bacharelado;Presencial;4;2025;-;;-;;-;;180;02/02/2022;22/10/2021;Em Atividade;;;;;;;;
18684;Faculdade Santa Teresa;-;Privada com fins lucrativos;1453870;BIOMEDICINA;Bacharelado;Presencial;4;2019;-;;-;;-;;240;07/02/2023;28/05/2021;Em Atividade;9;Saúde e bem-estar;91;Saúde;914;Tecnologia de diagnóstico e tratamento médico;0914B01;Biomedicina
18684;Faculdade Santa Teresa;-;Privada com fins lucrativos;1595429;MEDICINA;Bacharelado;Presencial;5;2023;-;;-;;-;;60;05/08/2024;05/07/2024;Em Atividade;9;Saúde e bem-estar;91;Saúde;912;Medicina;0912M01;Medicina
18708;Faculdade AGES de Senhor do Bonfim;Faculdade AGES;Privada com fins lucrativos;1501444;MEDICINA VETERINÁRIA;Bacharelado;Presencial;-;;-;;-;;-;;120;Não iniciado;18/01/2022;Extinto;;;;;;;;
18708;Faculdade AGES de Senhor do Bonfim;Faculdade AGES;Privada com fins lucrativos;1591598;BIOMEDICINA;Bacharelado;Presencial;-;;-;;-;;-;;100;Não iniciado;10/04/2023;Extinto;9;Saúde e bem-estar;91;Saúde;914;Tecnologia de diagnóstico e tratamento médico;0914B01;Biomedicina
18711;FACULDADE INOVA MAIS DE SÃO PAULO;FIMSP;Privada sem fins lucrativos;1441497;BIOMEDICINA;Bacharelado;Presencial;3;2023;-;;-;;-;;100;16/08/2020;-;Em Atividade;9;Saúde e bem-estar;91;Saúde;914;Tecnologia de diagnóstico e tratamento médico;0914B01;Biomedicina
18735;Faculdade AGES de Lagarto;Faculdade AGES;Privada com fins lucrativos;1527334;BIOMEDICINA;Bacharelado;Presencial;-;;-;;-;;-;;120;Não iniciado;18/01/2022;Extinto;9;Saúde e bem-estar;91;Saúde;914;Tecnologia de diagnóstico e tratamento médico;0914B01;Biomedicina
18759;UNIVERSIDADE FEDERAL DO CARIRI;UFCA;Pública Federal;54494;MEDICINA;Bacharelado;Presencial;5;2025;3;2023;4;2025;1;2023;80;01/03/2001;02/06/2000;Em Atividade;9;Saúde e bem-estar;91;Saúde;912;Medicina;0912M01;Medicina
18759;UNIVERSIDADE FEDERAL DO CARIRI;UFCA;Pública Federal;1453818;MEDICINA VETERINÁRIA;Bacharelado;Presencial;4;2024;-;;-;;-;;50;28/02/2020;31/05/2019;Em Atividade;8;Agricultura, silvicultura, pesca e veterinária;84;Veterinária;841;Veterinária;0841M01;Medicina veterinária
18812;UNIVERSIDADE FEDERAL DO SUL DA BAHIA;UFSB;Pública Federal;1292917;MEDICINA;Bacharelado;Presencial;4;2024;3;2023;2;2025;3;2023;80;17/02/2018;13/05/2014;Em Atividade;9;Saúde e bem-estar;91;Saúde;912;Medicina;0912M01;Medicina
18812;UNIVERSIDADE FEDERAL DO SUL DA BAHIA;UFSB;Pública Federal;1563305;BIOMEDICINA;Bacharelado;Presencial;4;2024;-;;-;;-;;30;31/05/2021;18/02/2021;Em Atividade;9;Saúde e bem-estar;91;Saúde;914;Tecnologia de diagnóstico e tratamento médico;0914B01;Biomedicina
18978;Faculdade Rebouças de Campina Grande;FRCG;Privada com fins lucrativos;1383209;MEDICINA VETERINÁRIA;Bacharelado;Presencial;4;2023;2;2023;2;2023;1;2023;160;04/03/2019;01/10/2018;Em Atividade;8;Agricultura, silvicultura, pesca e veterinária;84;Veterinária;841;Veterinária;0841M01;Medicina veterinária
18979;Faculdade Multivix Vila Velha;MULTIVIX VILA V;Privada com fins lucrativos;1396682;BIOMEDICINA;Bacharelado;Presencial;5;2023;5;2023;5;2023;5;2023;100;05/11/2018;01/10/2018;Em Atividade;9;Saúde e bem-estar;91;Saúde;914;Tecnologia de diagnóstico e tratamento médico;0914B01;Biomedicina
18979;Faculdade Multivix Vila Velha;MULTIVIX VILA V;Privada com fins lucrativos;1498726;MEDICINA VETERINÁRIA;Bacharelado;Presencial;5;2025;-;;-;;-;;120;07/03/2022;29/11/2021;Em Atividade;;;;;;;;
19172;Faculdades Integradas Aparício Carvalho Vilhena;FIMCAVILHENA;Privada com fins lucrativos;1537256;MEDICINA VETERINÁRIA;Bacharelado;Presencial;4;2021;-;;-;;-;;150;20/06/2022;01/02/2022;Em Atividade;8;Agricultura, silvicultura, pesca e veterinária;84;Veterinária;841;Veterinária;0841M01;Medicina veterinária
19173;FACULDADES INTEGRADAS DO CEARÁ - UniFIC;FACULDADE UniFIC;Privada com fins lucrativos;1536061;MEDICINA VETERINÁRIA;Bacharelado;Presencial;4;2025;-;;-;;-;;150;10/01/2022;31/12/2021;Em Atividade;8;Agricultura, silvicultura, pesca e veterinária;84;Veterinária;841;Veterinária;0841M01;Medicina veterinária
19257;Faculdade UNA de Divinópolis;Una Divinopolis;Privada com fins lucrativos;1501742;MEDICINA VETERINÁRIA;Bacharelado;Presencial;5;2022;-;;-;;-;;120;13/03/2023;19/08/2022;Em Atividade;8;Agricultura, silvicultura, pesca e veterinária;84;Veterinária;841;Veterinária;0841M01;Medicina veterinária
19334;Faculdade Uninassau Brasília;Nassau Brasília;Privada com fins lucrativos;1499783;MEDICINA VETERINÁRIA;Bacharelado;Presencial;5;2021;-;;-;;-;;240;01/02/2022;10/12/2021;Em Atividade;;;;;;;;
19404;FACULDADE INTEGRADA CESUMAR DE CURITIBA;CESUMAR;Privada com fins lucrativos;1264020;BIOMEDICINA;Bacharelado;Presencial;4;2022;-;;-;;-;;150;09/11/2017;17/02/2017;Em Atividade;9;Saúde e bem-estar;91;Saúde;914;Tecnologia de diagnóstico e tratamento médico;0914B01;Biomedicina
19408;Faculdade AGES de Jacobina;Faculdade AGES;Privada com fins lucrativos;1502341;MEDICINA VETERINÁRIA;Bacharelado;Presencial;4;2021;-;;-;;-;;120;13/03/2023;11/08/2022;Em Atividade;8;Agricultura, silvicultura, pesca e veterinária;84;Veterinária;841;Veterinária;0841M01;Medicina veterinária
19512;Centro Universitário Imepac - Araguari;-;Privada com fins lucrativos;84352;MEDICINA;Bacharelado;Presencial;5;2024;4;2023;4;2025;3;2023;120;14/02/2005;16/04/2004;Em Atividade;9;Saúde e bem-estar;91;Saúde;912;Medicina;0912M01;Medicina
19512;Centro Universitário Imepac - Araguari;-;Privada com fins lucrativos;1284733;MEDICINA VETERINÁRIA;Bacharelado;Presencial;4;2019;4;2023;4;2023;3;2023;120;30/10/2014;30/10/2014;Em Atividade;8;Agricultura, silvicultura, pesca e veterinária;84;Veterinária;841;Veterinária;0841M01;Medicina veterinária
19512;Centro Universitário Imepac - Araguari;-;Privada com fins lucrativos;1666338;BIOMEDICINA;Bacharelado;Presencial;-;;-;;-;;-;;120;15/02/2024;16/02/2024;Em Atividade;9;Saúde e bem-estar;91;Saúde;914;Tecnologia de diagnóstico e tratamento médico;0914B01;Biomedicina
19670;Faculdade de Ciências da Saúde Moinhos de Vento;FACSMV;Privada sem fins lucrativos;1669216;BIOMEDICINA;Bacharelado;Presencial;-;;-;;-;;-;;100;01/08/2024;20/06/2024;Em Atividade;9;Saúde e bem-estar;91;Saúde;914;Tecnologia de diagnóstico e tratamento médico;0914B01;Biomedicina
19736;FACULDADE RENOVAÇÃO DE ARAPONGAS;RENOVAÇÃO;Privada com fins lucrativos;1306444;BIOMEDICINA;Bacharelado;Presencial;-;;-;;-;;-;;120;Não iniciado;22/01/2018;Extinto;9;Saúde e bem-estar;91;Saúde;914;Tecnologia de diagnóstico e tratamento médico;0914B01;Biomedicina
19865;Faculdade Una de Pouso Alegre;Una PousoAlegre;Privada com fins lucrativos;1388555;BIOMEDICINA;Bacharelado;Presencial;5;2023;3;2023;2;2023;2;2023;100;28/09/2018;28/09/2018;Em Atividade;9;Saúde e bem-estar;91;Saúde;914;Tecnologia de diagnóstico e tratamento médico;0914B01;Biomedicina
19865;Faculdade Una de Pouso Alegre;Una PousoAlegre;Privada com fins lucrativos;1442196;MEDICINA VETERINÁRIA;Bacharelado;Presencial;4;2023;3;2023;2;2023;2;2023;114;04/06/2020;02/04/2020;Em Atividade;8;Agricultura, silvicultura, pesca e veterinária;84;Veterinária;841;Veterinária;0841M01;Medicina veterinária
19866;Faculdade EduCareMT;EDUCARE;Privada com fins lucrativos;1474225;BIOMEDICINA;Bacharelado;Presencial;4;2021;-;;-;;-;;100;09/05/2022;09/07/2021;Em Atividade;9;Saúde e bem-estar;91;Saúde;914;Tecnologia de diagnóstico e tratamento médico;0914B01;Biomedicina
19879;Faculdade IPESSP;IPESSP;Privada com fins lucrativos;1609324;BIOMEDICINA;Bacharelado;Presencial;4;2023;-;;-;;-;;80;Não iniciado;16/10/2023;Em Atividade;9;Saúde e bem-estar;91;Saúde;914;Tecnologia de diagnóstico e tratamento médico;0914B01;Biomedicina
20105;Faculdade de Ciências e Saúde Edufor;EDUFOR;Privada com fins lucrativos;1571480;BIOMEDICINA;Bacharelado;Presencial;4;2022;-;;-;;-;;200;19/05/2023;12/09/2022;Em Atividade;9;Saúde e bem-estar;91;Saúde;914;Tecnologia de diagnóstico e tratamento médico;0914B01;Biomedicina
20105;Faculdade de Ciências e Saúde Edufor;EDUFOR;Privada com fins lucrativos;1595701;MEDICINA;Bacharelado;Presencial;4;2023;-;;-;;-;;58;14/08/2023;03/07/2023;Em Atividade;9;Saúde e bem-estar;91;Saúde;912;Medicina;0912M01;Medicina
20110;Faculdade de Tecnologia e Administração Edufor;EDUFOR;Privada com fins lucrativos;1613802;MEDICINA;Bacharelado;Presencial;5;2023;-;;-;;-;;60;02/09/2024;30/08/2024;Em Atividade;;;;;;;;
20340;FACULDADE PAULISTA DE CIÊNCIAS DA SAÚDE;FPCS;Privada sem fins lucrativos;1534712;BIOMEDICINA;Bacharelado;Presencial;4;2024;-;;-;;-;;100;07/02/2022;10/12/2021;Em Atividade;9;Saúde e bem-estar;91;Saúde;914;Tecnologia de diagnóstico e tratamento médico;0914B01;Biomedicina
20406;Faculdade Jaguar Indaiá;FJI;Privada com fins lucrativos;1325493;BIOMEDICINA;Bacharelado;Presencial;-;;-;;-;;-;;80;19/02/2018;22/05/2017;Extinto;9;Saúde e bem-estar;91;Saúde;914;Tecnologia de diagnóstico e tratamento médico;0914B01;Biomedicina
20476;Faculdade ANCLIVEPA;ANCLIVEPA;Privada com fins lucrativos;1324814;MEDICINA VETERINÁRIA;Bacharelado;Presencial;4;2022;3;2023;3;2023;2;2023;100;20/02/2017;23/03/2017;Em Atividade;8;Agricultura, silvicultura, pesca e veterinária;84;Veterinária;841;Veterinária;0841M01;Medicina veterinária
20499;Faculdade da Polícia Militar;FPM;Privada sem fins lucrativos;1323267;BIOMEDICINA;Bacharelado;Presencial;4;2022;3;2023;2;2023;2;2023;160;07/06/2018;-;Em Atividade;9;Saúde e bem-estar;91;Saúde;914;Tecnologia de diagnóstico e tratamento médico;0914B01;Biomedicina
20530;Faculdade Marquês de Olinda;FMO;Privada sem fins lucrativos;1496507;BIOMEDICINA;Bacharelado;Presencial;3;2025;-;;-;;-;;50;07/02/2022;04/10/2021;Em Atividade;;;;;;;;
20548;FACULDADE UNINTA TIANGUA;-;Privada sem fins lucrativos;1620733;MEDICINA;Bacharelado;Presencial;5;2023;-;;-;;-;;60;16/09/2024;12/07/2024;Em Atividade;;;;;;;;
20561;Faculdade Sulamérica Brasília;-;Privada com fins lucrativos;1324135;BIOMEDICINA;Bacharelado;Presencial;-;;-;;-;;-;;150;Não iniciado;-;Extinto;9;Saúde e bem-estar;91;Saúde;914;Tecnologia de diagnóstico e tratamento médico;0914B01;Biomedicina
20586;Faculdade Van Gogh;FVG;Privada com fins lucrativos;1570708;BIOMEDICINA;Bacharelado;Presencial;4;2022;-;;-;;-;;80;17/03/2025;02/05/2022;Em Atividade;9;Saúde e bem-estar;91;Saúde;914;Tecnologia de diagnóstico e tratamento médico;0914B01;Biomedicina
20605;Faculdades Sulamérica Bahia;-;Privada com fins lucrativos;1324991;BIOMEDICINA;Bacharelado;Presencial;4;2022;2;2023;1;2023;2;2023;150;27/11/2017;-;Em Atividade;9;Saúde e bem-estar;91;Saúde;914;Tecnologia de diagnóstico e tratamento médico;0914B01;Biomedicina
20606;Faculdade de Tecnologia e Ciências;FTC Juazeiro;Privada com fins lucrativos;1441882;BIOMEDICINA;Bacharelado;Presencial;-;;-;;-;;-;;200;15/03/2021;22/08/2019;Extinto;9;Saúde e bem-estar;91;Saúde;914;Tecnologia de diagnóstico e tratamento médico;0914B01;Biomedicina
21204;FACULDADE UNITERP;FACTERP;Privada com fins lucrativos;1333719;BIOMEDICINA;Bacharelado;Presencial;4;2022;3;2023;3;2023;SC;2023;100;06/08/2018;03/10/2017;Em Atividade;9;Saúde e bem-estar;91;Saúde;914;Tecnologia de diagnóstico e tratamento médico;0914B01;Biomedicina
21240;FACULDADE UNIRB - PIAUÍ;F. UNIRB;Privada com fins lucrativos;1404276;BIOMEDICINA;Bacharelado;Presencial;3;2018;-;;-;;-;;150;17/12/2018;17/12/2018;Em Atividade;9;Saúde e bem-estar;91;Saúde;914;Tecnologia de diagnóstico e tratamento médico;0914B01;Biomedicina
21240;FACULDADE UNIRB - PIAUÍ;F. UNIRB;Privada com fins lucrativos;1467836;MEDICINA VETERINÁRIA;Bacharelado;Presencial;4;2021;-;;-;;-;;200;07/07/2022;08/02/2022;Em Atividade;;;;;;;;
21268;FACULDADE ESTÁCIO DE ANANINDEUA;-;Privada com fins lucrativos;1617793;BIOMEDICINA;Bacharelado;Presencial;4;2023;-;;-;;-;;150;04/03/2024;04/12/2023;Em Atividade;9;Saúde e bem-estar;91;Saúde;914;Tecnologia de diagnóstico e tratamento médico;0914B01;Biomedicina
21446;Instituto Superior da Convenção Nac. das Assembleias de Deus;ISCON;Privada sem fins lucrativos;1337909;BIOMEDICINA;Bacharelado;Presencial;4;2024;-;;-;;-;;100;07/08/2018;09/10/2017;Em Atividade;9;Saúde e bem-estar;91;Saúde;914;Tecnologia de diagnóstico e tratamento médico;0914B01;Biomedicina
21494;FACULDADES INTEGRADAS DE PATOS;FIP;Privada com fins lucrativos;1468173;MEDICINA VETERINÁRIA;Bacharelado;Presencial;4;2021;-;;-;;-;;80;01/02/2022;19/08/2021;Em Atividade;8;Agricultura, silvicultura, pesca e veterinária;84;Veterinária;841;Veterinária;0841M01;Medicina veterinária
21537;Faculdade de Santo Ângelo;FASA;Privada com fins lucrativos;1349528;MEDICINA VETERINÁRIA;Bacharelado;Presencial;3;2023;2;2023;2;2023;1;2023;200;08/03/2019;27/08/2018;Em Atividade;8;Agricultura, silvicultura, pesca e veterinária;84;Veterinária;841;Veterinária;0841M01;Medicina veterinária
21906;Faculdade Metropolitana do Ceará;FAMEC;Privada com fins lucrativos;1571485;BIOMEDICINA;Bacharelado;Presencial;4;2022;-;;-;;-;;200;12/02/2024;20/09/2023;Em Atividade;9;Saúde e bem-estar;91;Saúde;914;Tecnologia de diagnóstico e tratamento médico;0914B01;Biomedicina
21928;FACULDADE GRAU S ENSINO SUPERIOR;GRAU;Privada com fins lucrativos;1711112;BIOMEDICINA;Bacharelado;Semipresencial;-;;-;;-;;-;;1000;Não iniciado;25/09/2025;Em Atividade;9;Saúde e bem-estar;91;Saúde;914;Tecnologia de diagnóstico e tratamento médico;0914B01;Biomedicina
21931;Faculdade Una de Jataí;Una;Privada com fins lucrativos;1368081;MEDICINA VETERINÁRIA;Bacharelado;Presencial;3;2023;3;2023;2;2023;3;2023;114;24/05/2019;22/03/2019;Em Atividade;8;Agricultura, silvicultura, pesca e veterinária;84;Veterinária;841;Veterinária;0841M01;Medicina veterinária
21931;Faculdade Una de Jataí;Una;Privada com fins lucrativos;1619306;BIOMEDICINA;Bacharelado;Presencial;4;2023;-;;-;;-;;100;17/02/2025;11/12/2023;Em Atividade;9;Saúde e bem-estar;91;Saúde;914;Tecnologia de diagnóstico e tratamento médico;0914B01;Biomedicina
21937;FACULDADE INTEGRADA DE CAMPO GRANDE;INTEGRADA;Privada com fins lucrativos;1368644;MEDICINA VETERINÁRIA;Bacharelado;Presencial;-;;-;;-;;-;;100;Não iniciado;27/08/2018;Extinto;8;Agricultura, silvicultura, pesca e veterinária;84;Veterinária;841;Veterinária;0841M01;Medicina veterinária
21978;Faculdade Edufor de Salvador;EDUFOR;Privada com fins lucrativos;1594799;BIOMEDICINA;Bacharelado;Presencial;4;2023;-;;-;;-;;200;01/12/2023;26/07/2023;Em Atividade;9;Saúde e bem-estar;91;Saúde;914;Tecnologia de diagnóstico e tratamento médico;0914B01;Biomedicina
22028;Faculdade CTA;CTA;Privada com fins lucrativos;1602030;BIOMEDICINA;Bacharelado;Presencial;4;2023;-;;-;;-;;100;25/03/2024;14/03/2024;Em Atividade;9;Saúde e bem-estar;91;Saúde;914;Tecnologia de diagnóstico e tratamento médico;0914B01;Biomedicina
22059;Faculdade Pitágoras de Medicina de Eunápolis;-;Privada com fins lucrativos;1399619;MEDICINA;Bacharelado;Presencial;4;2022;3;2023;2;2025;3;2023;55;17/09/2018;16/07/2018;Em Atividade;9;Saúde e bem-estar;91;Saúde;912;Medicina;0912M01;Medicina
22075;FACULDADE VALE DO PAJEU;FVP;Privada com fins lucrativos;1507195;MEDICINA VETERINÁRIA;Bacharelado;Presencial;3;2021;-;;-;;-;;90;14/02/2022;03/12/2021;Em Atividade;;;;;;;;
22076;Faculdade Estácio de Alagoinhas;-;Privada com fins lucrativos;1399614;MEDICINA;Bacharelado;Presencial;5;2024;3;2023;2;2025;2;2023;65;09/04/2018;28/03/2018;Em Atividade;9;Saúde e bem-estar;91;Saúde;912;Medicina;0912M01;Medicina
22088;FACULDADE SANTO AGOSTINHO DE ITABUNA;FASAI;Privada com fins lucrativos;1399616;MEDICINA;Bacharelado;Presencial;5;2024;3;2023;2;2025;3;2023;85;24/08/2018;25/05/2018;Em Atividade;9;Saúde e bem-estar;91;Saúde;912;Medicina;0912M01;Medicina
22093;Faculdade AGES de Medicina;Faculdade AGES;Privada com fins lucrativos;1399615;MEDICINA;Bacharelado;Presencial;5;2024;3;2023;2;2025;2;2023;85;30/11/2017;03/10/2017;Em Atividade;9;Saúde e bem-estar;91;Saúde;912;Medicina;0912M01;Medicina
22096;FACULDADE SÃO LEOPOLDO MANDIC DE ARARAS;SLMANDIC-ARARAS;Privada com fins lucrativos;1390311;MEDICINA;Bacharelado;Presencial;5;2022;3;2023;1;2025;2;2023;153;21/08/2017;02/08/2017;Em Atividade;9;Saúde e bem-estar;91;Saúde;912;Medicina;0912M01;Medicina
22097;FACULDADE POLITÉCNICA DE CAMPO GRANDE;POLITÉCNICA;Privada com fins lucrativos;1385174;BIOMEDICINA;Bacharelado;Presencial;-;;-;;-;;-;;200;Não iniciado;15/07/2019;Extinto;9;Saúde e bem-estar;91;Saúde;914;Tecnologia de diagnóstico e tratamento médico;0914B01;Biomedicina
22104;Faculdades Integradas Padrão;FIP GUANAMBI;Privada com fins lucrativos;1408509;MEDICINA;Bacharelado;Presencial;5;2024;4;2023;3;2025;3;2023;60;22/08/2018;03/08/2018;Em Atividade;9;Saúde e bem-estar;91;Saúde;912;Medicina;0912M01;Medicina
22121;Faculdade de Ciências Médicas de Três Rios;FCM/TR;Privada com fins lucrativos;1408504;MEDICINA;Bacharelado;Presencial;5;2024;4;2023;3;2025;4;2023;50;27/08/2018;18/07/2018;Em Atividade;9;Saúde e bem-estar;91;Saúde;912;Medicina;0912M01;Medicina
22191;Faculdade Estácio de Jaraguá do Sul;Estácio Jaraguá;Privada com fins lucrativos;1408508;MEDICINA;Bacharelado;Presencial;5;2024;3;2023;1;2025;3;2023;150;29/03/2018;09/03/2018;Em Atividade;9;Saúde e bem-estar;91;Saúde;912;Medicina;0912M01;Medicina
22194;FACULDADE ATENAS SETE LAGOAS;-;Privada com fins lucrativos;1399617;MEDICINA;Bacharelado;Presencial;5;2024;4;2023;2;2025;4;2023;79;05/03/2018;03/01/2018;Em Atividade;9;Saúde e bem-estar;91;Saúde;912;Medicina;0912M01;Medicina
22197;FACULDADE ATENAS PASSOS;-;Privada com fins lucrativos;1408507;MEDICINA;Bacharelado;Presencial;4;2024;4;2023;2;2025;3;2023;118;16/04/2018;11/04/2018;Em Atividade;9;Saúde e bem-estar;91;Saúde;912;Medicina;0912M01;Medicina
22202;Faculdade Estácio de Juazeiro;EstácioJuazeiro;Privada com fins lucrativos;1399618;MEDICINA;Bacharelado;Presencial;5;2024;4;2023;2;2025;4;2023;155;09/04/2018;28/03/2018;Em Atividade;9;Saúde e bem-estar;91;Saúde;912;Medicina;0912M01;Medicina
22210;FACULDADE MAURÍCIO DE NASSAU SERRA TALHADA;FMN SERRA;Privada com fins lucrativos;1546458;MEDICINA VETERINÁRIA;Bacharelado;Presencial;4;2021;-;;-;;-;;180;01/02/2022;13/12/2021;Em Atividade;8;Agricultura, silvicultura, pesca e veterinária;84;Veterinária;841;Veterinária;0841M01;Medicina veterinária
22246;Faculdade do Amazonas de Ensino, Pesquisa e Inovação;FAMEPI;Privada com fins lucrativos;1527674;BIOMEDICINA;Bacharelado;Presencial;4;2021;-;;-;;-;;150;13/02/2023;31/12/2021;Em Atividade;9;Saúde e bem-estar;91;Saúde;914;Tecnologia de diagnóstico e tratamento médico;0914B01;Biomedicina
22252;FACULDADE UNIBRAS DO PARÁ;FACBRAS;Privada sem fins lucrativos;1396084;MEDICINA VETERINÁRIA;Bacharelado;Presencial;-;;-;;-;;-;;50;08/03/2021;28/04/2020;Extinto;8;Agricultura, silvicultura, pesca e veterinária;84;Veterinária;841;Veterinária;0841M01;Medicina veterinária
22262;Faculdade de Palmeiras de Goiás - FacMais;FacMais;Privada com fins lucrativos;1512530;MEDICINA VETERINÁRIA;Bacharelado;Presencial;5;2021;-;;-;;-;;120;07/02/2022;01/12/2021;Em Atividade;;;;;;;;
22267;Faculdade HONPAR;-;Privada sem fins lucrativos;1610420;MEDICINA;Bacharelado;Presencial;4;2023;-;;-;;-;;60;21/10/2024;30/08/2024;Em Atividade;;;;;;;;
22312;FACULDADE NOVE DE JULHO DE OSASCO;NOVE-OSASCO;Privada sem fins lucrativos;1470957;MEDICINA VETERINÁRIA;Bacharelado;Presencial;4;2020;-;;-;;-;;113;Não iniciado;09/10/2020;Em Atividade;8;Agricultura, silvicultura, pesca e veterinária;84;Veterinária;841;Veterinária;0841M01;Medicina veterinária
22316;FACULDADE NOVE DE JULHO MAUÁ;NOVE_MAUÁ;Privada sem fins lucrativos;1470940;BIOMEDICINA;Bacharelado;Presencial;5;2021;-;;-;;-;;150;Não iniciado;27/08/2021;Em Atividade;9;Saúde e bem-estar;91;Saúde;914;Tecnologia de diagnóstico e tratamento médico;0914B01;Biomedicina
22317;Escola Superior da Amazônia de Abaetetuba;ESAMAZ;Privada com fins lucrativos;1605903;MEDICINA;Bacharelado;Presencial;5;2023;-;;-;;-;;60;27/11/2024;18/10/2024;Em Atividade;9;Saúde e bem-estar;91;Saúde;912;Medicina;0912M01;Medicina
22325;Faculdade Christus;Christus Eusébio;Privada com fins lucrativos;1500676;BIOMEDICINA;Bacharelado;Presencial;5;2021;-;;-;;-;;100;28/02/2023;18/10/2021;Em Atividade;;;;;;;;
22329;FACULDADE UNINTA FORTALEZA;-;Privada sem fins lucrativos;1397313;MEDICINA VETERINÁRIA;Bacharelado;Presencial;5;2024;-;;-;;-;;113;06/10/2021;13/12/2019;Em Atividade;8;Agricultura, silvicultura, pesca e veterinária;84;Veterinária;841;Veterinária;0841M01;Medicina veterinária
22329;FACULDADE UNINTA FORTALEZA;-;Privada sem fins lucrativos;1593160;BIOMEDICINA;Bacharelado;Presencial;5;2022;-;;-;;-;;150;01/12/2022;29/11/2022;Em Atividade;9;Saúde e bem-estar;91;Saúde;914;Tecnologia de diagnóstico e tratamento médico;0914B01;Biomedicina
22463;Faculdade Impacto de Porangatu;FIP;Privada com fins lucrativos;1498923;BIOMEDICINA;Bacharelado;Presencial;4;2025;-;;-;;-;;100;14/02/2022;04/10/2021;Em Atividade;;;;;;;;
22463;Faculdade Impacto de Porangatu;FIP;Privada com fins lucrativos;1498925;MEDICINA VETERINÁRIA;Bacharelado;Presencial;4;2021;-;;-;;-;;75;14/02/2022;10/12/2021;Em Atividade;;;;;;;;
22514;FACULDADE TIRADENTES DE JABOATÃO DOS GUARARAPES;-;Privada com fins lucrativos;1408505;MEDICINA;Bacharelado;Presencial;5;2024;3;2023;2;2025;2;2023;200;25/04/2018;09/02/2018;Em Atividade;9;Saúde e bem-estar;91;Saúde;912;Medicina;0912M01;Medicina
22578;FACULDADE CENSUPEG;-;Privada com fins lucrativos;1588548;BIOMEDICINA;Bacharelado;A Distância;4;2022;-;;-;;-;;200;Não iniciado;20/12/2022;Em Extinção;9;Saúde e bem-estar;91;Saúde;914;Tecnologia de diagnóstico e tratamento médico;0914B01;Biomedicina
22578;FACULDADE CENSUPEG;-;Privada com fins lucrativos;1711391;BIOMEDICINA;Bacharelado;Semipresencial;-;;-;;-;;-;;200;Não iniciado;25/09/2025;Em Atividade;9;Saúde e bem-estar;91;Saúde;914;Tecnologia de diagnóstico e tratamento médico;0914B01;Biomedicina
22592;FACULDADES INTEGRADAS DA AMÉRICA DO SUL;FAC INTEGRA;Privada com fins lucrativos;1505556;MEDICINA VETERINÁRIA;Bacharelado;Presencial;4;2024;-;;-;;-;;100;09/02/2022;01/02/2022;Em Atividade;;;;;;;;
22605;Faculdade Alvorada de Saúde;-;Privada com fins lucrativos;1412564;MEDICINA VETERINÁRIA;Bacharelado;Presencial;5;2023;3;2023;2;2023;2;2023;75;27/01/2020;04/11/2019;Em Atividade;8;Agricultura, silvicultura, pesca e veterinária;84;Veterinária;841;Veterinária;0841M01;Medicina veterinária
22628;CLARETIANO - FACULDADE DE BOA VISTA;CLARETIANOBV;Privada sem fins lucrativos;1413344;BIOMEDICINA;Bacharelado;Presencial;5;2023;2;2023;2;2023;2;2023;60;17/02/2020;03/09/2019;Em Atividade;9;Saúde e bem-estar;91;Saúde;914;Tecnologia de diagnóstico e tratamento médico;0914B01;Biomedicina
22634;FACULDADE FASIPE DE RONDONÓPOLIS;FFR;Privada com fins lucrativos;1516814;BIOMEDICINA;Bacharelado;Presencial;4;2025;-;;-;;-;;150;07/02/2022;06/10/2021;Em Atividade;;;;;;;;
22736;Faculdade UNISUL de Itajaí;-;Privada com fins lucrativos;1411118;MEDICINA VETERINÁRIA;Bacharelado;Presencial;4;2023;3;2023;3;2023;2;2023;86;23/09/2019;20/09/2019;Em Atividade;8;Agricultura, silvicultura, pesca e veterinária;84;Veterinária;841;Veterinária;0841M01;Medicina veterinária
22746;Faculdade Fleming de Osasco;A. Fleming;Privada com fins lucrativos;1411464;BIOMEDICINA;Bacharelado;Presencial;-;;-;;-;;-;;150;Não iniciado;03/04/2020;Extinto;9;Saúde e bem-estar;91;Saúde;914;Tecnologia de diagnóstico e tratamento médico;0914B01;Biomedicina
22758;Faculdade Una de Itabira;Una;Privada com fins lucrativos;1411792;MEDICINA VETERINÁRIA;Bacharelado;Presencial;4;2024;3;2023;2;2023;2;2023;114;04/06/2020;11/12/2019;Em Atividade;8;Agricultura, silvicultura, pesca e veterinária;84;Veterinária;841;Veterinária;0841M01;Medicina veterinária
22759;Instituto Una de Itabira;Una;Privada com fins lucrativos;1591507;BIOMEDICINA;Bacharelado;Presencial;4;2022;-;;-;;-;;100;Não iniciado;27/10/2023;Em Atividade;9;Saúde e bem-estar;91;Saúde;914;Tecnologia de diagnóstico e tratamento médico;0914B01;Biomedicina
22777;FACULDADE VALE DOS CARAJÁS;FVC;Privada com fins lucrativos;1547811;MEDICINA VETERINÁRIA;Bacharelado;Presencial;3;2021;-;;-;;-;;50;08/08/2022;13/12/2021;Em Atividade;8;Agricultura, silvicultura, pesca e veterinária;84;Veterinária;841;Veterinária;0841M01;Medicina veterinária
22917;FACULDADE DE CIÊNCIAS MÉDICAS DE MARICÁ;-;Privada sem fins lucrativos;1430021;MEDICINA VETERINÁRIA;Bacharelado;Presencial;5;2024;3;2023;3;2023;3;2023;120;16/12/2019;11/12/2019;Em Atividade;8;Agricultura, silvicultura, pesca e veterinária;84;Veterinária;841;Veterinária;0841M01;Medicina veterinária
23089;FACULDADE DE NOVA MUTUM;-;Privada com fins lucrativos;1601498;BIOMEDICINA;Bacharelado;Presencial;3;2023;-;;-;;-;;40;29/07/2024;21/12/2023;Em Atividade;9;Saúde e bem-estar;91;Saúde;914;Tecnologia de diagnóstico e tratamento médico;0914B01;Biomedicina
23130;Instituto de Desenvolvimento e Aprendizagem - IDEA São Luiz;IDEA São Luiz;Privada com fins lucrativos;1595706;MEDICINA;Bacharelado;Presencial;4;2023;-;;-;;-;;60;16/09/2024;19/07/2024;Em Atividade;9;Saúde e bem-estar;91;Saúde;912;Medicina;0912M01;Medicina
23130;Instituto de Desenvolvimento e Aprendizagem - IDEA São Luiz;IDEA São Luiz;Privada com fins lucrativos;1615058;MEDICINA VETERINÁRIA;Bacharelado;Presencial;4;2023;-;;-;;-;;120;Não iniciado;09/02/2024;Em Extinção;8;Agricultura, silvicultura, pesca e veterinária;84;Veterinária;841;Veterinária;0841M01;Medicina veterinária
23164;Centro de Ensino Superior de Divinópolis;-;Privada com fins lucrativos;1431839;BIOMEDICINA;Bacharelado;Presencial;4;2024;2;2023;2;2023;1;2023;86;08/02/2021;16/10/2020;Em Atividade;9;Saúde e bem-estar;91;Saúde;914;Tecnologia de diagnóstico e tratamento médico;0914B01;Biomedicina
23174;Centro de Ensino Superior de Nova Serrana;-;Privada com fins lucrativos;1431936;BIOMEDICINA;Bacharelado;Presencial;-;;-;;-;;-;;114;Não iniciado;-;Extinto;9;Saúde e bem-estar;91;Saúde;914;Tecnologia de diagnóstico e tratamento médico;0914B01;Biomedicina
23178;Centro de Ensino Superior de Sete Lagoas;-;Privada com fins lucrativos;1432920;BIOMEDICINA;Bacharelado;Presencial;4;2023;3;2023;2;2023;2;2023;114;24/09/2020;24/09/2020;Em Atividade;9;Saúde e bem-estar;91;Saúde;914;Tecnologia de diagnóstico e tratamento médico;0914B01;Biomedicina
23201;Instituto de Educação Superior UNISUL de Itajaí;-;Privada com fins lucrativos;1435031;BIOMEDICINA;Bacharelado;Presencial;5;2023;3;2023;3;2023;2;2023;114;01/09/2020;24/09/2020;Em Atividade;9;Saúde e bem-estar;91;Saúde;914;Tecnologia de diagnóstico e tratamento médico;0914B01;Biomedicina
23203;Centro de Ensino Superior SOCIESC de São Bento do Sul;-;Privada com fins lucrativos;1435048;BIOMEDICINA;Bacharelado;Presencial;-;;-;;-;;-;;114;Não iniciado;09/01/2023;Extinto;9;Saúde e bem-estar;91;Saúde;914;Tecnologia de diagnóstico e tratamento médico;0914B01;Biomedicina
23236;Escola Superior São Judas de Guarulhos;-;Privada com fins lucrativos;1601778;BIOMEDICINA;Bacharelado;Presencial;5;2022;-;;-;;-;;120;15/02/2024;28/03/2023;Em Atividade;9;Saúde e bem-estar;91;Saúde;914;Tecnologia de diagnóstico e tratamento médico;0914B01;Biomedicina
23244;Instituto Universitário UNA de Conselheiro Lafaiete;-;Privada com fins lucrativos;1606713;MEDICINA VETERINÁRIA;Bacharelado;Presencial;4;2023;-;;-;;-;;150;Não iniciado;09/02/2024;Em Atividade;8;Agricultura, silvicultura, pesca e veterinária;84;Veterinária;841;Veterinária;0841M01;Medicina veterinária
23252;Escola Superior UNA de Itumbiara;-;Privada com fins lucrativos;1586887;MEDICINA VETERINÁRIA;Bacharelado;Presencial;4;2022;-;;-;;-;;150;07/08/2023;20/03/2023;Em Atividade;8;Agricultura, silvicultura, pesca e veterinária;84;Veterinária;841;Veterinária;0841M01;Medicina veterinária
23261;Faculdade São Judas de São Bernardo do Campo;-;Privada com fins lucrativos;1437341;BIOMEDICINA;Bacharelado;Presencial;5;2023;-;;-;;-;;114;01/02/2020;07/10/2019;Em Atividade;9;Saúde e bem-estar;91;Saúde;914;Tecnologia de diagnóstico e tratamento médico;0914B01;Biomedicina
23264;Faculdade UNA de Conselheiro Lafaiete;-;Privada com fins lucrativos;1437363;BIOMEDICINA;Bacharelado;Presencial;5;2024;3;2023;1;2023;2;2023;86;28/10/2019;27/04/2022;Em Atividade;;;;;;;;
23273;Faculdade UNA de Itumbiara;-;Privada com fins lucrativos;1437426;BIOMEDICINA;Bacharelado;Presencial;3;2025;SC;2023;SC;2023;SC;2023;86;07/03/2022;19/01/2022;Em Atividade;;;;;;;;
23318;FACULDADE BRASILEIRA DE CACHOEIRO;-;Privada com fins lucrativos;1438629;MEDICINA;Bacharelado;Presencial;4;2024;-;;3;2025;-;;200;27/02/2019;31/12/2018;Em Atividade;9;Saúde e bem-estar;91;Saúde;912;Medicina;0912M01;Medicina
23389;FACULDADE UNIBRAS MARANHÃO;FACBRAS;Privada com fins lucrativos;1609242;MEDICINA VETERINÁRIA;Bacharelado;Presencial;4;2023;-;;-;;-;;120;08/04/2024;09/02/2024;Em Atividade;8;Agricultura, silvicultura, pesca e veterinária;84;Veterinária;841;Veterinária;0841M01;Medicina veterinária
23400;FACULDADE FASIPE DE SORRISO;FFS;Privada com fins lucrativos;1643923;BIOMEDICINA;Bacharelado;Presencial;4;2023;-;;-;;-;;150;17/02/2025;14/03/2024;Em Atividade;9;Saúde e bem-estar;91;Saúde;914;Tecnologia de diagnóstico e tratamento médico;0914B01;Biomedicina
23410;UNIVERSIDADE ESTADUAL DA REGIÃO TOCANTINA DO MARANHÃO;UEMASUL;Pública Estadual;69971;MEDICINA VETERINÁRIA;Bacharelado;Presencial;-;;4;2023;4;2023;4;2023;30;29/10/2003;18/10/1994;Em Atividade;8;Agricultura, silvicultura, pesca e veterinária;84;Veterinária;841;Veterinária;0841M01;Medicina veterinária
23410;UNIVERSIDADE ESTADUAL DA REGIÃO TOCANTINA DO MARANHÃO;UEMASUL;Pública Estadual;1447036;MEDICINA VETERINÁRIA;Bacharelado;Presencial;-;;-;;-;;-;;80;Não iniciado;10/07/2018;Extinto;8;Agricultura, silvicultura, pesca e veterinária;84;Veterinária;841;Veterinária;0841M01;Medicina veterinária
23410;UNIVERSIDADE ESTADUAL DA REGIÃO TOCANTINA DO MARANHÃO;UEMASUL;Pública Estadual;1486298;MEDICINA;Bacharelado;Presencial;-;;-;;3;2025;-;;80;04/01/2021;24/04/2019;Em Atividade;9;Saúde e bem-estar;91;Saúde;912;Medicina;0912M01;Medicina
23454;FACULDADE IMEPAC DE ITUMBIARA;IMEPAC ITUMBIAR;Privada com fins lucrativos;1465625;MEDICINA;Bacharelado;Presencial;5;2024;3;2023;1;2025;2;2023;120;24/05/2018;06/11/2020;Em Atividade;9;Saúde e bem-estar;91;Saúde;912;Medicina;0912M01;Medicina
23973;Centro de Ensino Superior de Altamira;-;Privada com fins lucrativos;1467443;MEDICINA VETERINÁRIA;Bacharelado;Presencial;2;2024;-;;-;;-;;60;10/12/2021;30/06/2021;Em Atividade;8;Agricultura, silvicultura, pesca e veterinária;84;Veterinária;841;Veterinária;0841M01;Medicina veterinária
24024;Centro de Ensino Superior de Lorena;-;Privada com fins lucrativos;1467654;MEDICINA VETERINÁRIA;Bacharelado;Presencial;3;2024;3;2023;2;2023;2;2023;60;28/09/2020;24/09/2020;Em Atividade;8;Agricultura, silvicultura, pesca e veterinária;84;Veterinária;841;Veterinária;0841M01;Medicina veterinária
24026;Instituto de Serra Dourada;-;Privada com fins lucrativos;1467660;BIOMEDICINA;Bacharelado;Presencial;4;2024;-;;-;;-;;60;10/12/2021;23/07/2021;Em Atividade;9;Saúde e bem-estar;91;Saúde;914;Tecnologia de diagnóstico e tratamento médico;0914B01;Biomedicina
24055;FACULDADE FASIPE DE PRIMAVERA;FFP;Privada com fins lucrativos;1643927;BIOMEDICINA;Bacharelado;Presencial;4;2023;-;;-;;-;;113;Não iniciado;14/03/2024;Em Atividade;9;Saúde e bem-estar;91;Saúde;914;Tecnologia de diagnóstico e tratamento médico;0914B01;Biomedicina
24223;Faculdade de Tecnologia da Amazônia;FATEC;Privada com fins lucrativos;1620920;BIOMEDICINA;Bacharelado;Presencial;4;2023;-;;-;;-;;240;12/02/2024;09/02/2024;Em Atividade;9;Saúde e bem-estar;91;Saúde;914;Tecnologia de diagnóstico e tratamento médico;0914B01;Biomedicina
24263;Faculdade Metropolitana do Pará;Fametro;Privada com fins lucrativos;1472178;BIOMEDICINA;Bacharelado;Presencial;4;2021;-;;-;;-;;200;Não iniciado;11/11/2022;Em Atividade;9;Saúde e bem-estar;91;Saúde;914;Tecnologia de diagnóstico e tratamento médico;0914B01;Biomedicina
24366;FACULDADE MARECHAL RONDON DE BAURU;FMR-BAURU;Privada sem fins lucrativos;1474890;MEDICINA VETERINÁRIA;Bacharelado;Presencial;5;2019;-;;-;;-;;280;Não iniciado;03/11/2022;Em Atividade;8;Agricultura, silvicultura, pesca e veterinária;84;Veterinária;841;Veterinária;0841M01;Medicina veterinária
24412;FACULDADE EDUFOR;EDUFOR;Privada com fins lucrativos;1610041;BIOMEDICINA;Bacharelado;A Distância;4;2023;-;;-;;-;;1500;Não iniciado;04/09/2024;Em Extinção;9;Saúde e bem-estar;91;Saúde;914;Tecnologia de diagnóstico e tratamento médico;0914B01;Biomedicina
24412;FACULDADE EDUFOR;EDUFOR;Privada com fins lucrativos;1711771;BIOMEDICINA;Bacharelado;Semipresencial;-;;-;;-;;-;;1500;Não iniciado;25/09/2025;Em Atividade;9;Saúde e bem-estar;91;Saúde;914;Tecnologia de diagnóstico e tratamento médico;0914B01;Biomedicina
24443;Faculdade AGES de Medicina de Irecê;Faculdade AGES;Privada com fins lucrativos;1483759;MEDICINA;Bacharelado;Presencial;5;2024;-;;2;2025;-;;50;04/06/2020;10/03/2020;Em Atividade;9;Saúde e bem-estar;91;Saúde;912;Medicina;0912M01;Medicina
24443;Faculdade AGES de Medicina de Irecê;Faculdade AGES;Privada com fins lucrativos;1547450;BIOMEDICINA;Bacharelado;Presencial;4;2021;-;;-;;-;;75;15/02/2024;31/01/2022;Em Atividade;9;Saúde e bem-estar;91;Saúde;914;Tecnologia de diagnóstico e tratamento médico;0914B01;Biomedicina
24446;Faculdade de Medicina de Açailândia;-;Privada com fins lucrativos;1483765;MEDICINA;Bacharelado;Presencial;5;2025;-;;-;;-;;50;05/04/2021;05/03/2021;Em Atividade;9;Saúde e bem-estar;91;Saúde;912;Medicina;0912M01;Medicina
24457;Faculdade Paraíso Araripina;FAP;Privada com fins lucrativos;1516731;MEDICINA;Bacharelado;Presencial;5;2025;-;;-;;-;;50;12/04/2021;25/01/2021;Em Atividade;9;Saúde e bem-estar;91;Saúde;912;Medicina;0912M01;Medicina
24459;Faculdade Tiradentes de Goiana;FITS;Privada com fins lucrativos;1483803;MEDICINA;Bacharelado;Presencial;5;2025;-;;-;;-;;50;05/07/2021;12/05/2021;Em Atividade;9;Saúde e bem-estar;91;Saúde;912;Medicina;0912M01;Medicina
24464;Faculdade de Ciências da Saúde Pitágoras de Codó;-;Privada com fins lucrativos;1537684;MEDICINA;Bacharelado;Presencial;-;;-;;-;;-;;50;27/12/2021;16/12/2021;Em Atividade;9;Saúde e bem-estar;91;Saúde;912;Medicina;0912M01;Medicina
24470;Faculdade de Medicina do Sertão;FMS;Privada com fins lucrativos;1483805;MEDICINA;Bacharelado;Presencial;5;2024;-;;3;2025;-;;50;03/08/2020;08/06/2020;Em Atividade;9;Saúde e bem-estar;91;Saúde;912;Medicina;0912M01;Medicina
24471;FACULDADE ATENAS VALENÇA;-;Privada com fins lucrativos;1484883;MEDICINA;Bacharelado;Presencial;-;;-;;-;;-;;50;14/06/2021;30/04/2021;Em Atividade;9;Saúde e bem-estar;91;Saúde;912;Medicina;0912M01;Medicina
24488;Faculdade UNICESUMAR de Corumbá;-;Privada com fins lucrativos;1485621;MEDICINA;Bacharelado;Presencial;5;2024;-;;2;2025;-;;50;01/09/2020;08/06/2020;Em Atividade;9;Saúde e bem-estar;91;Saúde;912;Medicina;0912M01;Medicina
24488;Faculdade UNICESUMAR de Corumbá;-;Privada com fins lucrativos;1535234;BIOMEDICINA;Bacharelado;Presencial;-;;-;;-;;-;;200;Não iniciado;19/11/2021;Extinto;9;Saúde e bem-estar;91;Saúde;914;Tecnologia de diagnóstico e tratamento médico;0914B01;Biomedicina
24509;FACULDADE ESTÁCIO DE CANINDÉ;ESTÁCIO CANINDÉ;Privada com fins lucrativos;1486822;MEDICINA;Bacharelado;Presencial;5;2025;-;;2;2025;-;;50;16/09/2020;15/09/2020;Em Atividade;9;Saúde e bem-estar;91;Saúde;912;Medicina;0912M01;Medicina
24547;ITPAC CRUZEIRO DO SUL;ITPAC - CZ;Privada com fins lucrativos;1487391;MEDICINA;Bacharelado;Presencial;-;;-;;-;;-;;50;01/03/2021;31/12/2020;Em Atividade;9;Saúde e bem-estar;91;Saúde;912;Medicina;0912M01;Medicina
24548;ITPAC ITACOATIARA;ITPAC ITA;Privada com fins lucrativos;1487767;MEDICINA;Bacharelado;Presencial;-;;-;;-;;-;;50;08/06/2022;23/02/2022;Em Atividade;;;;;;;;
24550;FACULDADE ITPAC SANTA INES;ITPAC SANTA INÊS;Privada com fins lucrativos;1487290;MEDICINA;Bacharelado;Presencial;5;2024;-;;2;2025;-;;50;26/10/2020;02/10/2020;Em Atividade;9;Saúde e bem-estar;91;Saúde;912;Medicina;0912M01;Medicina
24551;ITPAC MANACAPURU;ITPAC MANACA;Privada com fins lucrativos;1487766;MEDICINA;Bacharelado;Presencial;-;;-;;-;;-;;50;08/06/2022;16/03/2022;Em Atividade;;;;;;;;
24676;Faculdade de Medicina de Ji-Paraná;-;Privada com fins lucrativos;1494888;MEDICINA;Bacharelado;Presencial;-;;-;;-;;-;;50;28/03/2022;07/03/2022;Em Atividade;9;Saúde e bem-estar;91;Saúde;912;Medicina;0912M01;Medicina
24687;FACULDADE DE MEDICINA ESTÁCIO DE CASTANHAL;ESTÁCIO FMEC;Privada com fins lucrativos;1497536;MEDICINA;Bacharelado;Presencial;-;;-;;-;;-;;50;05/04/2021;05/03/2021;Em Atividade;9;Saúde e bem-estar;91;Saúde;912;Medicina;0912M01;Medicina
24966;Faculdade Uniavan Rio do Sul;Uniavan;Privada com fins lucrativos;1503403;MEDICINA VETERINÁRIA;Bacharelado;Presencial;4;2021;-;;-;;-;;100;22/02/2023;20/12/2022;Em Atividade;8;Agricultura, silvicultura, pesca e veterinária;84;Veterinária;841;Veterinária;0841M01;Medicina veterinária
24996;Faculdade Life Unic Education;LI;Privada com fins lucrativos;1505832;MEDICINA VETERINÁRIA;Bacharelado;Presencial;4;2021;-;;-;;-;;50;22/02/2023;11/08/2022;Em Atividade;8;Agricultura, silvicultura, pesca e veterinária;84;Veterinária;841;Veterinária;0841M01;Medicina veterinária
25222;FACULDADE ATENAS PORTO SEGURO;-;Privada com fins lucrativos;1536154;MEDICINA;Bacharelado;Presencial;-;;-;;-;;-;;50;05/09/2022;25/07/2022;Em Atividade;9;Saúde e bem-estar;91;Saúde;912;Medicina;0912M01;Medicina
25223;FACULDADE ATENAS SORRISO;-;Privada com fins lucrativos;1536149;MEDICINA;Bacharelado;Presencial;-;;-;;-;;-;;50;20/06/2022;11/02/2022;Em Atividade;9;Saúde e bem-estar;91;Saúde;912;Medicina;0912M01;Medicina
25261;FACULDADE ITPAC BRAGANÇA;ITPAC BRAGANÇA;Privada com fins lucrativos;1536132;MEDICINA;Bacharelado;Presencial;-;;-;;-;;-;;50;08/06/2022;16/03/2022;Em Atividade;;;;;;;;
25274;UNIVERSIDADE FEDERAL DE CATALÃO;UFCAT;Pública Federal;1406536;MEDICINA;Bacharelado;Presencial;4;2024;-;;4;2025;-;;50;13/03/2019;04/09/2017;Em Atividade;9;Saúde e bem-estar;91;Saúde;912;Medicina;0912M01;Medicina
25275;UNIVERSIDADE FEDERAL DO AGRESTE DE PERNAMBUCO;UFAPE;Pública Federal;91561;MEDICINA VETERINÁRIA;Bacharelado;Presencial;4;2014;5;2023;5;2023;5;2023;80;03/08/2005;-;Em Atividade;8;Agricultura, silvicultura, pesca e veterinária;84;Veterinária;841;Veterinária;0841M01;Medicina veterinária
25277;UNIVERSIDADE FEDERAL DO DELTA DO PARNAIBA;UFDPAR;Pública Federal;102566;BIOMEDICINA;Bacharelado;Presencial;4;2010;4;2023;4;2023;3;2023;100;09/04/2007;24/10/2006;Em Atividade;9;Saúde e bem-estar;91;Saúde;914;Tecnologia de diagnóstico e tratamento médico;0914B01;Biomedicina
25277;UNIVERSIDADE FEDERAL DO DELTA DO PARNAIBA;UFDPAR;Pública Federal;1202553;MEDICINA;Bacharelado;Presencial;3;2020;3;2023;4;2025;2;2023;80;10/09/2014;13/05/2014;Em Atividade;9;Saúde e bem-estar;91;Saúde;912;Medicina;0912M01;Medicina
25282;UNIVERSIDADE FEDERAL DE JATAÍ;UFJ;Pública Federal;18364;MEDICINA VETERINÁRIA;Bacharelado;Presencial;4;2023;4;2023;4;2023;3;2023;60;12/03/1997;30/12/1996;Em Atividade;8;Agricultura, silvicultura, pesca e veterinária;84;Veterinária;841;Veterinária;0841M01;Medicina veterinária
25282;UNIVERSIDADE FEDERAL DE JATAÍ;UFJ;Pública Federal;105526;BIOMEDICINA;Bacharelado;Presencial;4;2023;4;2023;4;2023;3;2023;40;10/02/2006;25/08/2006;Em Atividade;9;Saúde e bem-estar;91;Saúde;914;Tecnologia de diagnóstico e tratamento médico;0914B01;Biomedicina
25282;UNIVERSIDADE FEDERAL DE JATAÍ;UFJ;Pública Federal;1084204;MEDICINA VETERINÁRIA;Bacharelado;Presencial;-;;-;;-;;-;;1;06/03/1998;-;Extinto;8;Agricultura, silvicultura, pesca e veterinária;84;Veterinária;841;Veterinária;0841M01;Medicina veterinária
25282;UNIVERSIDADE FEDERAL DE JATAÍ;UFJ;Pública Federal;1084263;BIOMEDICINA;Bacharelado;Presencial;-;;-;;-;;-;;40;01/01/2009;-;Extinto;9;Saúde e bem-estar;91;Saúde;914;Tecnologia de diagnóstico e tratamento médico;0914B01;Biomedicina
25282;UNIVERSIDADE FEDERAL DE JATAÍ;UFJ;Pública Federal;1292869;MEDICINA;Bacharelado;Presencial;5;2022;3;2023;4;2025;2;2023;60;16/07/2014;13/05/2014;Em Atividade;9;Saúde e bem-estar;91;Saúde;912;Medicina;0912M01;Medicina
25307;FACULDADE ITPAC ABAETETUBA;ITPAC ABAET;Privada com fins lucrativos;1536131;MEDICINA;Bacharelado;Presencial;-;;-;;-;;-;;50;08/06/2022;23/02/2022;Em Atividade;;;;;;;;
25352;Universidade Federal de Rondonópolis;UFR;Pública Federal;1261971;MEDICINA;Bacharelado;Presencial;4;2025;4;2023;4;2025;4;2023;40;04/04/2014;12/12/2013;Em Atividade;9;Saúde e bem-estar;91;Saúde;912;Medicina;0912M01;Medicina
25352;Universidade Federal de Rondonópolis;UFR;;1723629;MEDICINA VETERINÁRIA;Bacharelado;Presencial;-;;-;;-;;-;;50;Não iniciado;-;Em Atividade;;;;;;;;
25450;Faculdades Integradas do Sul de Minas - FISMINAS;-;Privada sem fins lucrativos;1533041;BIOMEDICINA;Bacharelado;Presencial;3;2021;-;;-;;-;;60;Não iniciado;08/08/2022;Em Atividade;9;Saúde e bem-estar;91;Saúde;914;Tecnologia de diagnóstico e tratamento médico;0914B01;Biomedicina
25478;Escola Superior do Sul de Santa Catarina;-;Privada com fins lucrativos;1534820;MEDICINA VETERINÁRIA;Bacharelado;Presencial;4;2022;-;;-;;-;;120;13/03/2023;14/12/2022;Em Atividade;8;Agricultura, silvicultura, pesca e veterinária;84;Veterinária;841;Veterinária;0841M01;Medicina veterinária
25525;FACULDADE SANTA BÁRBARA;-;Privada com fins lucrativos;1536045;BIOMEDICINA;Bacharelado;Presencial;4;2021;-;;-;;-;;100;02/10/2023;29/08/2023;Em Atividade;9;Saúde e bem-estar;91;Saúde;914;Tecnologia de diagnóstico e tratamento médico;0914B01;Biomedicina
25772;FACULDADE ANCLIVEPA DE BELO HORIZONTE;-;Privada com fins lucrativos;1620358;MEDICINA VETERINÁRIA;Bacharelado;Presencial;5;2023;-;;-;;-;;150;Não iniciado;19/08/2024;Em Atividade;8;Agricultura, silvicultura, pesca e veterinária;84;Veterinária;841;Veterinária;0841M01;Medicina veterinária
25774;FACULDADE ANCLIVEPA BRASÍLIA;-;Privada com fins lucrativos;1547978;MEDICINA VETERINÁRIA;Bacharelado;Presencial;5;2021;-;;-;;-;;150;Não iniciado;18/11/2022;Em Atividade;8;Agricultura, silvicultura, pesca e veterinária;84;Veterinária;841;Veterinária;0841M01;Medicina veterinária
25806;FACULDADE ANCLIVEPA DE NATAL;-;Privada com fins lucrativos;1549515;MEDICINA VETERINÁRIA;Bacharelado;Presencial;3;2021;-;;-;;-;;113;19/02/2024;20/12/2022;Em Atividade;8;Agricultura, silvicultura, pesca e veterinária;84;Veterinária;841;Veterinária;0841M01;Medicina veterinária
26096;Faculdade AOL Lins;FAOL;Privada com fins lucrativos;1711657;BIOMEDICINA;Bacharelado;Semipresencial;-;;-;;-;;-;;500;Não iniciado;25/09/2025;Em Atividade;9;Saúde e bem-estar;91;Saúde;914;Tecnologia de diagnóstico e tratamento médico;0914B01;Biomedicina
26394;Faculdade Maximus;FAMAX;Privada com fins lucrativos;1710958;BIOMEDICINA;Bacharelado;Semipresencial;-;;-;;-;;-;;1000;Não iniciado;25/09/2025;Em Atividade;9;Saúde e bem-estar;91;Saúde;914;Tecnologia de diagnóstico e tratamento médico;0914B01;Biomedicina
26976;Faculdade Metropolitana de Belém;FAMETRO;Privada com fins lucrativos;1611402;MEDICINA;Bacharelado;Presencial;5;2023;-;;-;;-;;40;Não iniciado;23/09/2025;Em Atividade;9;Saúde e bem-estar;91;Saúde;912;Medicina;0912M01;Medicina
27029;Faculdade São Leopoldo Mandic de Limeira;SLM Limeira;Privada com fins lucrativos;1610383;MEDICINA;Bacharelado;Presencial;5;2022;-;;-;;-;;55;07/08/2023;24/05/2023;Em Atividade;9;Saúde e bem-estar;91;Saúde;912;Medicina;0912M01;Medicina
27057;Faculdade UNA de Tucuruí;UNATUCURUI;Privada com fins lucrativos;1636425;MEDICINA;Bacharelado;Presencial;5;2024;-;;-;;-;;50;11/09/2024;15/07/2024;Em Atividade;;;;;;;;
27103;UNIVERSIDADE DO DISTRITO FEDERAL;UnDF;Pública Estadual;58412;MEDICINA;Bacharelado;Presencial;-;;-;;5;2025;-;;80;10/08/2001;18/07/2001;Em Atividade;9;Saúde e bem-estar;91;Saúde;912;Medicina;0912M01;Medicina
28833;Escola de Ciências da Saúde Anhanguera de Ponta Porã;-;Privada com fins lucrativos;1638420;MEDICINA;Bacharelado;Presencial;5;2023;-;;-;;-;;50;05/08/2024;15/07/2024;Em Atividade;9;Saúde e bem-estar;91;Saúde;912;Medicina;0912M01;Medicina
29118;Universidade Federal do Norte do Tocantins;UFNT;Pública Federal;17147;MEDICINA VETERINÁRIA;Bacharelado;Presencial;3;2008;4;2019;3;2019;3;2019;80;01/03/1997;22/04/1993;Em Atividade;8;Agricultura, silvicultura, pesca e veterinária;84;Veterinária;841;Veterinária;0841M01;Medicina veterinária
29118;Universidade Federal do Norte do Tocantins;UFNT;Pública Federal;1327450;MEDICINA;Bacharelado;Presencial;4;2024;-;;4;2025;-;;60;11/03/2019;19/05/2015;Em Atividade;9;Saúde e bem-estar;91;Saúde;912;Medicina;0912M01;Medicina
