NU_ANO;CO_CURSO;ANO_FIM_EM;ANO_IN_GRAD;CO_TURNO_GRADUACAO
2025;1258021;;;
2025;1192188;1374;2019;3
2025;78256;1900;2020;3
2025;78256;1900;2020;3
2025;78256;1900;2020;3
2025;78256;1900;2020;3
2025;78256;1900;2020;3
2025;78256;1900;2020;3
2025;78256;1900;2021;3
2025;78256;1900;2020;3
2025;78256;1900;2020;3
2025;78256;1900;2020;3
2025;78256;1900;2020;3
2025;78256;1900;2020;3
2025;78256;1900;2021;3
2025;78256;1900;2020;3
2025;78256;1900;2020;3
2025;78256;1900;2023;3
2025;78256;1900;2020;3
2025;78256;1900;2020;3
2025;78256;1900;2020;3
2025;78256;1900;2019;3
2025;78256;1900;2020;3
2025;78256;1900;2020;3
2025;78256;1900;2020;3
2025;78256;1900;2020;3
2025;78256;1900;2020;3
2025;78256;1900;2025;3
2025;78256;1900;2022;3
2025;78256;1900;2020;3
2025;78256;1900;2020;3
2025;78256;1900;2020;3
2025;78256;1900;2023;3
2025;78256;1900;2021;3
2025;78256;1900;2020;3
2025;78256;1900;2020;3
2025;78256;1900;2020;3
2025;78256;1900;2020;3
2025;78256;1900;2020;3
2025;78256;1900;2020;3
2025;78256;1900;2024;3
2025;78256;1900;2020;3
2025;78256;1900;2020;3
2025;78256;1900;2020;3
2025;78256;1900;2020;3
2025;78256;1900;2018;3
2025;78256;1900;2020;3
2025;78256;1900;2020;3
2025;78256;1900;2020;3
2025;78256;1900;2020;3
2025;78256;1900;2020;3
2025;78256;1900;2022;3
2025;78256;1900;2020;3
2025;78256;1900;2020;3
2025;78256;1900;2020;3
2025;78256;1900;2020;3
2025;78256;1900;2020;3
2025;78256;1900;2019;3
2025;78256;1900;2020;3
2025;78256;1900;2024;3
2025;78256;1900;2020;3
2025;78256;1900;2020;3
2025;78256;1900;2020;3
2025;78256;1900;2020;3
2025;78256;1900;2019;3
2025;78256;1900;2019;3
2025;78256;1900;2020;3
2025;78256;1900;2020;3
2025;78256;1900;2021;3
2025;78256;1900;2020;3
2025;78256;1900;2019;3
2025;78256;1900;2020;3
2025;78256;1900;2020;3
2025;78256;1900;2020;3
2025;78256;1900;2020;3
2025;78256;1900;2023;3
2025;78256;1900;2020;3
2025;78256;1900;2020;3
2025;78256;1900;2020;3
2025;78256;1900;2022;3
2025;78256;1900;2020;3
2025;78256;1900;2020;3
2025;78256;1900;2024;3
2025;78256;1900;2020;3
2025;78256;1900;2023;3
2025;78256;1900;2020;3
2025;78256;1900;2020;3
2025;78256;1900;2020;3
2025;78256;1900;2020;3
2025;78256;1900;2021;3
2025;78256;1900;2020;3
2025;78256;1900;2020;3
2025;78256;1900;2020;3
2025;78256;1900;2020;3
2025;78256;1900;2020;3
2025;78256;1900;2020;3
2025;78256;1900;2020;3
2025;78256;1900;2020;3
2025;78256;1900;2020;3
2025;78256;1900;2020;3
2025;78256;1900;2019;3
2025;78256;1900;2020;3
2025;78256;1900;2018;3
2025;78256;1900;2019;3
2025;78256;1900;2020;3
2025;78256;1900;2025;3
2025;78256;1900;2020;3
2025;78256;1900;2019;3
2025;78256;1900;2020;3
2025;78256;1900;2020;3
2025;78256;1900;2020;3
2025;78256;1900;2020;3
2025;78256;1900;2020;3
2025;78256;1900;2020;3
2025;78256;1900;2019;3
2025;78256;1900;2020;3
2025;78256;1900;2020;3
2025;78256;1900;2020;3
2025;78256;1900;2020;3
2025;78256;1900;2020;3
2025;78256;1900;2020;3
2025;78256;1900;2020;3
2025;78256;1900;2020;3
2025;78256;1900;2020;3
2025;78256;1900;2020;3
2025;78256;1900;2020;3
2025;78256;1900;2023;3
2025;78256;1900;2020;3
2025;78256;1900;2020;3
2025;78256;1900;2020;3
2025;78256;1900;2020;3
2025;78256;1900;2020;3
2025;78256;1900;2020;3
2025;78256;1900;2020;3
2025;78256;1900;2020;3
2025;78256;1900;2020;3
2025;78256;1900;2020;3
2025;78256;1900;2020;3
2025;78256;1900;2020;3
2025;78256;1900;2020;3
2025;78256;1900;2020;3
2025;78256;1900;2020;3
2025;78256;1900;2020;3
2025;78256;1900;2020;3
2025;78256;1900;2020;3
2025;78256;1900;2020;3
2025;78256;1900;2020;3
2025;78256;1900;2020;3
2025;78256;1900;2020;3
2025;78256;1900;2018;3
2025;78256;1900;2020;3
2025;78256;1900;2020;3
2025;78256;1900;2020;3
2025;78256;1900;2020;3
2025;78256;1900;2020;3
2025;78256;1900;2020;3
2025;78256;1900;2020;3
2025;78256;1900;2020;3
2025;78256;1900;2020;3
2025;78256;1900;2020;3
2025;78256;1900;2021;3
2025;78256;1900;2021;3
2025;78256;1900;2024;3
2025;78256;1900;2020;3
2025;78256;1900;2020;3
2025;78256;1900;2023;3
2025;78256;1900;2020;3
2025;78256;1900;2018;3
2025;78256;1900;2020;3
2025;78256;1900;2020;3
2025;78256;1900;2020;3
2025;78256;1900;2020;3
2025;78256;1900;2023;3
2025;78256;1900;2020;3
2025;78256;1900;2016;3
2025;78256;1900;2020;3
2025;78256;1900;2021;3
2025;78256;1900;2020;3
2025;78256;1900;2020;3
2025;78256;1900;2020;3
2025;78256;1900;2020;3
2025;78256;1900;2020;3
2025;78256;1900;2020;3
2025;78256;1900;2020;3
2025;78256;1900;2020;3
2025;78256;1900;2020;3
2025;78256;1900;2020;3
2025;78256;1900;2020;3
2025;78256;1900;2020;3
2025;78256;1900;2020;3
2025;78256;1900;2020;3
2025;78256;1900;2020;3
2025;78256;1900;2020;3
2025;78256;1900;2020;3
2025;78256;1900;2020;3
2025;78256;1900;2019;3
2025;78256;1900;2020;3
2025;78256;1900;2022;3
2025;78256;1900;2024;3
2025;78256;1900;2021;3
2025;78256;1900;2021;3
2025;78256;1900;2021;3
2025;78256;1900;2020;3
2025;78256;1900;2020;3
2025;78256;1900;2020;3
2025;78256;1900;2024;3
2025;78256;1900;2020;3
2025;78256;1900;2020;3
2025;78256;1900;2020;3
2025;78256;1900;2020;3
2025;78256;1900;2020;3
2025;78256;1900;2023;3
2025;78256;1900;2020;3
2025;78256;1900;2020;3
2025;78256;1900;2020;3
2025;78256;1900;2020;3
2025;78256;1900;2020;3
2025;78256;1900;2020;3
2025;78256;1900;2020;3
2025;78256;1900;2020;3
2025;78256;1900;2022;3
2025;78256;1900;2021;3
2025;78256;1900;2021;3
2025;78256;1900;2019;3
2025;78256;1900;2020;3
2025;78256;1900;2023;3
2025;78256;1900;2020;3
2025;78256;1900;2020;3
2025;78256;1900;2020;3
2025;78256;1900;2020;3
2025;78256;1900;2020;3
2025;78256;1900;2021;3
2025;78256;1900;2020;3
2025;78256;1900;2020;3
2025;78256;1900;2020;3
2025;78256;1900;2022;3
2025;78256;1900;2020;3
2025;78256;1900;2022;3
2025;78256;1900;2020;3
2025;78256;1900;2020;3
2025;78256;1900;2020;3
2025;78256;1900;2020;3
2025;78256;1900;2020;3
2025;78256;1900;2020;3
2025;78256;1900;2023;3
2025;78256;1900;2020;3
2025;78256;1900;2020;3
2025;78256;1900;2020;3
2025;78256;1900;2023;3
2025;78256;1900;2020;3
2025;78256;1900;2020;3
2025;78256;1900;2020;3
2025;78256;1900;2020;3
2025;78256;1900;2020;3
2025;78256;1900;2020;3
2025;78256;1900;2020;3
2025;78256;1900;2020;3
2025;78256;1900;2020;3
2025;78256;1900;2020;3
2025;78256;1900;2020;3
2025;78256;1900;2020;3
2025;78256;1900;2020;3
2025;78256;1900;2022;3
2025;78256;1900;2020;3
2025;78256;1900;2020;3
2025;78256;1900;2020;3
2025;78256;1900;2021;3
2025;78256;1900;2021;3
2025;78256;1900;2020;3
2025;78256;1900;2020;3
2025;78256;1900;2023;3
2025;78256;1900;2021;3
2025;78256;1900;2020;3
2025;78256;1900;2020;3
2025;78256;1900;2020;3
2025;78256;1900;2020;3
2025;78256;1900;2021;3
2025;78256;1900;2020;3
2025;78256;1900;2021;3
2025;78256;1900;2020;3
2025;78256;1900;2020;3
2025;78256;1900;2020;3
2025;78256;1900;2020;3
2025;78256;1900;2019;3
2025;78256;1900;2020;3
2025;78256;1900;2020;3
2025;78256;1900;2020;3
2025;78256;1900;2020;3
2025;78256;1900;2020;3
2025;78256;1900;2022;3
2025;78256;1900;2020;3
2025;78256;1900;2021;3
2025;78256;1900;2020;3
2025;78256;1900;2023;3
2025;78256;1900;2020;3
2025;78256;1900;2020;3
2025;78256;1900;2020;3
2025;78256;1900;2020;3
2025;78256;1900;2020;3
2025;78256;1900;2020;3
2025;78256;1900;2022;3
2025;78256;1900;2020;3
2025;78256;1900;2020;3
2025;78256;1900;2020;3
2025;78256;1900;2022;3
2025;78256;1900;2020;3
2025;78256;1900;2020;3
2025;78256;1900;2020;3
2025;78256;1900;2020;3
2025;78256;1900;2020;3
2025;78256;1900;2020;3
2025;78256;1900;2020;3
2025;1397771;1968;2024;3
2025;1455021;1971;2018;3
2025;5001294;1976;2020;3
2025;64918;1976;2020;3
2025;15475;1977;2020;1
2025;1101742;1978;2020;3
2025;1390311;1979;2020;3
2025;1108786;1979;2018;3
2025;1202553;1979;2016;3
2025;1202547;1979;2017;3
2025;99476;1979;2021;3
2025;1257548;1979;2024;3
2025;7676;1980;2021;3
2025;84352;1981;2021;3
2025;18605;1981;2020;3
2025;2392;1981;2020;3
2025;1518;1981;2020;3
2025;5001183;1981;2020;4
2025;1408261;1981;2020;3
2025;15475;1981;2019;1
2025;85652;1981;2020;3
2025;72669;1982;2023;3
2025;72667;1982;2020;3
2025;1455021;1982;2020;3
2025;5001294;1983;2021;3
2025;101228;1983;2020;3
2025;1399483;1983;2020;3
2025;65114;1985;2021;3
2025;8698;1985;2020;3
2025;1408508;1985;2021;4
2025;6496;1985;2021;3
2025;72767;1985;2020;3
2025;5000978;1985;2020;3
2025;13424;1985;2019;3
2025;15475;1985;2021;1
2025;18605;1986;2021;3
2025;5000979;1986;2020;3
2025;2304;1986;2022;3
2025;1168313;1986;2022;3
2025;91219;1987;2020;3
2025;100688;1987;2020;3
2025;1399481;1987;2020;3
2025;1050663;1987;2019;3
2025;1399477;1987;2023;3
2025;79007;1987;2020;3
2025;1184432;1987;202;3
2025;5001183;1987;2020;4
2025;1180318;1987;2019;3
2025;1399616;1987;2018;3
2025;18594;1988;2019;4
2025;66361;1988;2022;3
2025;19206;1988;2020;4
2025;7414;1988;2020;3
2025;5000980;1988;2020;3
2025;1399479;1989;2020;3
2025;18605;1989;2021;3
2025;7676;1989;2021;3
2025;1408505;1989;2020;3
2025;53338;1989;2020;3
2025;1171609;1989;2019;3
2025;1399619;1989;2020;3
2025;66361;1989;2022;3
2025;85652;1989;2019;3
2025;13424;1989;2019;3
2025;7414;1989;2020;3
2025;85652;1989;2021;3
2025;13286;1989;2019;3
2025;84352;1990;2007;3
2025;18605;1990;2021;3
2025;7414;1990;2020;3
2025;49060;1990;2020;3
2025;19294;1990;2020;3
2025;72667;1990;2020;3
2025;13424;1990;2018;3
2025;57402;1990;2020;3
2025;7414;1990;2020;3
2025;15475;1990;2021;1
2025;1166567;1991;2021;3
2025;75821;1991;2021;3
2025;90084;1991;2021;3
2025;1261971;1991;2020;3
2025;19294;1991;2020;3
2025;1399479;1991;2020;3
2025;9805;1991;2023;3
2025;18605;1991;2019;3
2025;87537;1991;2022;3
2025;1171609;1991;2025;3
2025;1321864;1991;2020;3
2025;1399477;1991;2023;3
2025;1399480;1991;2021;3
2025;1258021;1991;2021;3
2025;75821;1991;2020;3
2025;72681;1991;2020;3
2025;18605;1991;2020;3
2025;7414;1991;2020;3
2025;1399619;1991;2019;3
2025;20058;1991;2020;3
2025;1193275;1991;2020;3
2025;1486822;1991;2022;3
2025;1193275;1991;2020;3
2025;65114;1992;2021;3
2025;1184060;1992;2019;3
2025;6496;1992;2022;3
2025;1190280;1992;2019;3
2025;4503;1992;2020;3
2025;1184325;1992;2021;3
2025;1349675;1992;2020;3
2025;7676;1992;2020;3
2025;1390311;1992;2020;3
2025;57402;1992;2020;3
2025;5000979;1992;2020;3
2025;1188900;1992;2020;3
2025;85652;1992;2021;3
2025;1453564;1992;2020;3
2025;1107;1992;2020;3
2025;1399616;1992;2017;3
2025;64918;1992;2020;3
2025;7414;1992;2020;3
2025;1173014;1992;2019;3
2025;74655;1992;2020;3
2025;1258021;1992;2020;3
2025;1487290;1992;2020;3
2025;1136509;1992;2020;3
2025;1390317;1992;2020;3
2025;4503;1992;2020;3
2025;1427370;1992;2020;3
2025;7676;1992;2021;3
2025;1453564;1992;2017;3
2025;140;1993;2020;3
2025;1487491;1993;2022;3
2025;1427419;1993;2021;3
2025;1518495;1993;2020;3
2025;97679;1993;2020;3
2025;1455021;1993;2021;3
2025;1184060;1993;2019;3
2025;1518495;1993;2020;3
2025;1258021;1993;2021;3
2025;1408262;1993;2022;3
2025;1349675;1993;2020;3
2025;1385538;1993;2017;3
2025;5000979;1993;2020;3
2025;1399479;1993;2020;3
2025;1455021;1993;2020;3
2025;1184060;1993;2019;3
2025;19206;1993;2020;4
2025;1390317;1993;2020;3
2025;1192047;1993;2020;3
2025;1029204;1993;2020;3
2025;1292726;1993;2020;3
2025;1399614;1993;2021;4
2025;1258021;1993;2021;3
2025;1399616;1993;2020;3
2025;20360;1993;2020;3
2025;1184325;1993;2020;3
2025;100688;1993;2020;3
2025;1385538;1993;2017;3
2025;14563;1993;2020;3
2025;1399616;1993;2020;3
2025;9805;1993;2020;3
2025;1421100;1993;2020;3
2025;65924;1993;2019;3
2025;1408505;1993;2020;3
2025;4503;1993;2020;3
2025;1321864;1993;2020;3
2025;1518495;1993;2020;3
2025;1108281;1993;2020;3
2025;57402;1993;2020;3
2025;1184325;1993;2020;3
2025;1322329;1994;2020;3
2025;39415;1994;2020;3
2025;1399617;1994;2020;3
2025;1421013;1994;2018;3
2025;72667;1994;2019;3
2025;1453564;1994;2017;3
2025;65114;1994;2022;3
2025;75821;1994;2020;3
2025;5000812;1994;2020;3
2025;1202553;1994;2019;3
2025;1485621;1994;2020;3
2025;72667;1994;2020;3
2025;1458090;1994;2019;3
2025;1439;1994;2020;3
2025;7676;1994;2020;3
2025;64918;1994;2020;3
2025;72767;1994;2020;3
2025;48854;1994;2022;3
2025;21542;1994;2017;3
2025;7837;1994;2014;3
2025;1184047;1994;2020;3
2025;1200712;1994;2020;3
2025;7676;1994;2021;3
2025;1184060;1994;2019;3
2025;37304;1994;2021;4
2025;1408262;1994;2021;3
2025;1188900;1994;2020;3
2025;98506;1994;2020;3
2025;1258023;1994;2020;3
2025;9805;1994;2021;3
2025;72667;1994;2022;3
2025;9988;1994;2020;3
2025;1427419;1994;2020;3
2025;18605;1994;2020;3
2025;1258021;1994;2020;3
2025;5001294;1994;2022;3
2025;20360;1994;2020;3
2025;71859;1994;2020;3
2025;1399482;1994;2021;3
2025;1385538;1994;2020;3
2025;1184325;1994;2020;3
2025;1192047;1994;2021;3
2025;57402;1994;2020;3
2025;1108281;1994;2020;3
2025;1192188;1994;2019;3
2025;1166567;1994;2021;3
2025;75821;1994;2021;3
2025;64918;1994;2020;3
2025;39415;1995;2020;3
2025;5000980;1995;2020;3
2025;1202553;1995;2019;3
2025;65114;1995;2022;3
2025;7414;1995;2020;3
2025;1166567;1995;2019;3
2025;72681;1995;2020;3
2025;72681;1995;2020;3
2025;5001294;1995;2020;3
2025;1399482;1995;2021;3
2025;1477973;1995;2020;3
2025;5001183;1995;2022;3
2025;1408261;1995;2020;3
2025;1104264;1995;2021;3
2025;85652;1995;2021;3
2025;1184060;1995;2019;3
2025;1419799;1995;2020;3
2025;6496;1995;2023;3
2025;1485621;1995;2023;3
2025;7414;1995;2020;3
2025;1399487;1995;2020;3
2025;1399615;1995;2021;3
2025;1180318;1995;2020;3
2025;1166567;1995;2020;3
2025;1421013;1995;2020;3
2025;65114;1995;2021;3
2025;57402;1995;2020;3
2025;19294;1995;2020;3
2025;1257548;1995;2024;3
2025;18605;1995;2020;3
2025;91219;1995;2021;3
2025;19086;1995;2019;3
2025;1406536;1995;2020;3
2025;1166567;1995;2021;3
2025;90084;1995;2020;3
2025;14975;1995;2018;3
2025;100956;1995;2019;3
2025;82224;1995;2020;3
2025;5001294;1995;2021;3
2025;1408504;1995;2019;3
2025;1408259;1995;2022;3
2025;1483773;1995;2020;3
2025;1487491;1995;2022;3
2025;1399482;1995;2021;3
2025;1188900;1995;2020;3
2025;1483773;1995;2020;3
2025;1050663;1995;2021;3
2025;1399477;1995;2020;3
2025;1200578;1995;2020;3
2025;1399615;1995;2019;3
2025;1487290;1995;2020;3
2025;72681;1995;2020;3
2025;98506;1995;2020;3
2025;72681;1995;2020;3
2025;1483805;1995;2020;3
2025;72681;1995;2022;3
2025;18594;1995;2021;4
2025;1518;1995;2019;3
2025;8698;1995;2021;3
2025;1483768;1995;2020;3
2025;1399477;1996;2020;3
2025;7414;1996;2020;3
2025;99476;1996;2020;3
2025;1178672;1996;2020;3
2025;1168313;1996;2022;3
2025;1399480;1996;2020;3
2025;1184060;1996;2020;3
2025;1108281;1996;2021;3
2025;57852;1996;2020;2
2025;1397772;1996;2020;3
2025;1179189;1996;2020;3
2025;12;1996;2019;3
2025;1190667;1996;2021;3
2025;1190667;1996;2020;3
2025;9996;1996;2020;3
2025;38071;1996;2020;3
2025;1108786;1996;2020;3
2025;64918;1996;2020;3
2025;1163738;1996;2020;3
2025;1399616;1996;2019;3
2025;85652;1996;2019;3
2025;1108281;1996;2021;3
2025;1455021;1996;2021;3
2025;7676;1996;2020;3
2025;5000931;1996;2020;3
2025;85652;1996;2021;3
2025;72667;1996;2020;3
2025;1168313;1996;2020;3
2025;1421100;1996;2020;3
2025;1397771;1996;2020;3
2025;1258021;1996;2020;3
2025;1188900;1996;2020;3
2025;1180318;1996;2020;3
2025;5345;1996;2020;3
2025;1321864;1996;2020;3
2025;18472;1996;2020;3
2025;1485621;1996;2021;3
2025;1108281;1996;2021;3
2025;1455021;1996;2020;3
2025;71859;1996;2020;3
2025;1108786;1996;2020;3
2025;1399488;1996;2021;3
2025;18605;1996;2020;3
2025;97679;1996;2020;3
2025;51835;1996;2020;3
2025;9772;1996;2021;3
2025;1292869;1996;2021;3
2025;5001294;1996;2021;3
2025;1190280;1996;2019;3
2025;1190280;1996;2019;3
2025;18605;1996;2021;3
2025;10289;1996;2020;3
2025;1193275;1996;2020;3
2025;71859;1996;2020;3
2025;1184060;1996;2019;3
2025;2304;1996;2022;3
2025;100688;1996;2020;3
2025;1399479;1996;2020;3
2025;1184047;1996;2020;3
2025;65114;1996;2022;3
2025;99476;1996;2020;3
2025;18472;1996;2017;3
2025;72669;1996;2020;3
2025;1399480;1996;2021;3
2025;1399615;1996;2020;3
2025;1349675;1996;2020;3
2025;1399616;1996;2020;3
2025;1163738;1996;2020;3
2025;13723;1996;2020;3
2025;5000930;1996;2023;1
2025;85652;1996;2020;3
2025;72667;1996;2024;3
2025;18605;1996;2021;3
2025;1192047;1996;2021;3
2025;74655;1996;2020;3
2025;1214209;1996;2020;3
2025;9988;1996;2020;3
2025;1399481;1996;2020;3
2025;1190280;1996;2019;3
2025;1184047;1996;2020;3
2025;58412;1996;2020;3
2025;85652;1996;2020;3
2025;65114;1996;2021;3
2025;1385538;1996;2020;3
2025;18605;1996;2021;3
2025;66361;1996;2020;3
2025;1322329;1997;2022;3
2025;1050663;1997;2020;3
2025;1190621;1997;2020;3
2025;90084;1997;2020;3
2025;1399482;1997;2020;3
2025;72669;1997;2019;3
2025;5000981;1997;2020;3
2025;1483773;1997;2020;3
2025;1486822;1997;2020;3
2025;9996;1997;2020;3
2025;12970;1997;2020;1
2025;98506;1997;2021;3
2025;1408259;1997;2021;3
2025;72667;1997;2020;3
2025;18594;1997;2021;4
2025;1408262;1997;2021;3
2025;7414;1997;2020;3
2025;1192047;1997;2019;3
2025;1322329;1997;2020;3
2025;79007;1997;2020;3
2025;6496;1997;2020;3
2025;2918;1997;2020;3
2025;1184325;1997;2020;3
2025;1487491;1997;2023;3
2025;9805;1997;2020;3
2025;1457503;1997;2020;3
2025;1190667;1997;2020;3
2025;7414;1997;2019;3
2025;1385538;1997;2017;3
2025;1408259;1997;2022;3
2025;1193275;1997;2020;3
2025;1334344;1997;2021;3
2025;1399287;1997;2019;3
2025;74655;1997;2020;3
2025;72767;1997;2020;3
2025;5001294;1997;2020;3
2025;57402;1997;2020;3
2025;1184325;1997;2020;3
2025;1457707;1997;2020;4
2025;1193275;1997;2020;3
2025;18605;1997;2021;3
2025;1108281;1997;2020;3
2025;1342505;1997;2019;3
2025;1421013;1997;2020;3
2025;1725;1997;2020;3
2025;5001294;1997;2020;3
2025;1487491;1997;2023;3
2025;18605;1997;2019;3
2025;7414;1997;2020;3
2025;1202547;1997;2014;3
2025;5001294;1997;2022;3
2025;100956;1997;2020;3
2025;93001;1997;2020;3
2025;72663;1997;2020;3
2025;72667;1997;2020;3
2025;65114;1997;2021;3
2025;100956;1997;2020;3
2025;65924;1997;2020;3
2025;7414;1997;2020;3
2025;1292726;1997;2018;3
2025;86288;1997;2022;3
2025;1427420;1997;2020;3
2025;49060;1997;2019;3
2025;1292917;1997;2020;3
2025;1408259;1997;2020;3
2025;57402;1997;2020;3
2025;65924;1997;2019;3
2025;1322329;1997;2020;3
2025;5000812;1997;2020;3
2025;1399614;1997;2020;4
2025;91219;1997;2021;3
2025;5001294;1997;2021;3
2025;65114;1997;2021;3
2025;91219;1997;2023;3
2025;1322329;1997;2021;3
2025;87537;1997;2020;3
2025;1168313;1997;2022;3
2025;72675;1997;2020;3
2025;1457707;1997;2020;4
2025;5001294;1997;2022;3
2025;5001294;1997;2020;3
2025;8698;1997;2023;3
2025;18605;1997;2019;3
2025;98409;1997;2021;3
2025;5000980;1997;2020;3
2025;65114;1997;2021;3
2025;85652;1997;2021;3
2025;1108281;1997;2021;3
2025;1399489;1997;2022;3
2025;13723;1997;2020;3
2025;1190667;1997;2020;3
2025;1178524;1997;2020;3
2025;74655;1997;2020;3
2025;18594;1997;2020;4
2025;5001294;1997;2020;3
2025;1163738;1997;2019;3
2025;5345;1997;2020;3
2025;71859;1997;2020;3
2025;1190667;1997;2020;3
2025;1108281;1997;2021;3
2025;5001033;1997;2020;3
2025;389;1997;2019;1
2025;5001183;1997;2020;4
2025;18605;1997;2019;3
2025;1190667;1997;2020;3
2025;90483;1997;1997;3
2025;12;1997;2017;3
2025;5345;1997;2020;3
2025;1363536;1998;2020;3
2025;85652;1998;2020;3
2025;1421013;1998;2020;3
2025;1190667;1998;2020;3
2025;1408508;1998;2020;4
2025;1166567;1998;2021;3
2025;1184060;1998;2019;3
2025;20360;1998;2020;3
2025;1487491;1998;2020;3
2025;1178524;1998;2020;3
2025;9988;1998;2025;1
2025;1427420;1998;2023;3
2025;1399489;1998;2021;3
2025;4503;1998;2021;3
2025;1390309;1998;2020;3
2025;91399;1998;2020;3
2025;107766;1998;2020;3
2025;1166567;1998;2021;3
2025;18605;1998;2021;3
2025;53338;1998;2021;3
2025;1408262;1998;2020;3
2025;72669;1998;2020;3
2025;12970;1998;2020;1
2025;1408507;1998;2021;3
2025;1457707;1998;2021;4
2025;1399614;1998;2021;4
2025;1399618;1998;2022;4
2025;10591;1998;2022;3
2025;90483;1998;1998;3
2025;1258023;1998;2021;3
2025;1108281;1998;2021;3
2025;5000979;1998;2022;3
2025;1258023;1998;2022;3
2025;1200578;1998;2019;3
2025;1193275;1998;2020;3
2025;10289;1998;2020;3
2025;18605;1998;2020;3
2025;100956;1998;2020;3
2025;1166567;1998;2021;3
2025;1168313;1998;2020;3
2025;7414;1998;2020;3
2025;1292917;1998;2020;3
2025;85652;1998;2019;3
2025;1399617;1998;2020;3
2025;5000979;1998;2020;3
2025;59414;1998;2020;3
2025;1399477;1998;2021;3
2025;9805;1998;2020;3
2025;66361;1998;2020;3
2025;1477973;1998;2020;3
2025;5000931;1998;2020;3
2025;1257524;1998;2021;4
2025;7105;1998;2021;3
2025;11233;1998;2020;3
2025;1185903;1998;2022;3
2025;57402;1998;2020;3
2025;1390317;1998;2020;3
2025;5000980;1998;2020;3
2025;1397773;1998;2020;3
2025;1192047;1998;2020;3
2025;72667;1998;2020;3
2025;57402;1998;2020;3
2025;1322329;1998;2020;3
2025;90483;1998;1998;3
2025;1390317;1998;2020;3
2025;1322329;1998;2022;3
2025;1202547;1998;2017;3
2025;5001183;1998;2020;4
2025;1486822;1998;2021;3
2025;51835;1998;2021;3
2025;1258023;1998;2022;3
2025;18472;1998;2020;3
2025;8698;1998;2021;3
2025;1168313;1998;2021;3
2025;5001183;1998;2020;3
2025;1399616;1998;2020;3
2025;84352;1998;2020;3
2025;1257524;1998;2020;4
2025;85652;1998;2021;3
2025;5001183;1998;2022;3
2025;1363536;1998;2020;3
2025;65114;1998;2021;3
2025;87537;1998;2019;3
2025;1399489;1998;2020;3
2025;98506;1998;2019;3
2025;53338;1998;2020;3
2025;5000979;1998;2020;3
2025;1108786;1998;2020;3
2025;18605;1998;2021;3
2025;86288;1998;2022;3
2025;1188849;1998;2023;3
2025;1487491;1998;2022;3
2025;86288;1998;2020;3
2025;1399618;1998;2020;4
2025;19850;1998;2022;3
2025;1166567;1998;2021;3
2025;1399616;1998;2014;3
2025;1399618;1998;2022;4
2025;1166567;1998;2021;3
2025;1483773;1998;2020;3
2025;1190280;1998;2019;3
2025;100956;1998;2021;3
2025;18605;1998;2020;3
2025;57402;1998;2020;3
2025;1292917;1998;2020;3
2025;1485621;1998;2021;3
2025;1163738;1998;2020;3
2025;1029204;1998;2020;3
2025;1342536;1998;2021;3
2025;18594;1998;2020;4
2025;7837;1998;2010;3
2025;5000979;1998;2022;3
2025;91219;1998;2020;3
2025;1258023;1998;2021;3
2025;1029204;1998;2019;3
2025;71859;1998;2020;3
2025;1193264;1998;2020;3
2025;66361;1998;2020;3
2025;18605;1998;2020;3
2025;75821;1998;2020;3
2025;57402;1998;2020;3
2025;1292917;1998;2020;3
2025;7414;1998;2020;3
2025;97679;1998;2020;3
2025;18605;1998;2020;3
2025;1190621;1998;2020;3
2025;20058;1998;2020;3
2025;107766;1998;2020;3
2025;5001167;1998;2019;3
2025;5000001;1998;2020;3
2025;75821;1998;2020;3
2025;87537;1998;2021;3
2025;5000980;1998;2020;3
2025;1321864;1998;2020;3
2025;65924;1998;2023;3
2025;1483805;1998;2020;3
2025;86288;1998;2022;3
2025;72667;1998;2020;3
2025;1108786;1998;2020;3
2025;1192047;1998;2021;3
2025;49060;1998;2020;3
2025;1399489;1999;2021;3
2025;1465625;1999;2020;3
2025;66361;1999;2020;3
2025;5000979;1999;2020;3
2025;1465625;1999;2021;3
2025;7837;1999;2020;3
2025;1342537;1999;2021;3
2025;85652;1999;2020;3
2025;1465625;1999;2020;3
2025;65114;1999;2022;3
2025;1465625;1999;2020;3
2025;1465625;1999;2021;3
2025;1342536;1999;2021;3
2025;1322329;1999;2020;3
2025;1465625;1999;2020;3
2025;1104264;1999;2020;3
2025;1438629;1999;2021;3
2025;66361;1999;2022;3
2025;7705;1999;2020;3
2025;1465625;1999;2020;3
2025;72681;1999;2020;3
2025;37304;1999;2021;4
2025;1419799;1999;2020;3
2025;1322329;1999;2020;3
2025;1477973;1999;2020;3
2025;1465625;1999;2021;3
2025;1399615;1999;2020;3
2025;1188849;1999;2024;3
2025;1184325;1999;2020;3
2025;1465625;1999;2020;3
2025;1465625;1999;2021;3
2025;1465625;1999;2020;3
2025;1192047;1999;2020;3
2025;1465625;1999;2020;3
2025;7105;1999;2021;3
2025;10591;1999;2020;3
2025;1385538;1999;2020;3
2025;6496;1999;2020;3
2025;15783;1999;2020;3
2025;1108281;1999;2020;3
2025;1193275;1999;2020;3
2025;1321864;1999;2020;3
2025;1322329;1999;2020;3
2025;1408505;1999;2024;3
2025;1465625;1999;2021;3
2025;1465625;1999;2020;3
2025;1178524;1999;2020;3
2025;1465625;1999;2020;3
2025;1193275;1999;2020;3
2025;1465625;1999;2021;3
2025;1180318;1999;2020;3
2025;65114;1999;2022;3
2025;1408509;1999;2020;3
2025;97679;1999;2019;3
2025;1465625;1999;2021;3
2025;72767;1999;2020;3
2025;1465625;1999;2020;3
2025;19206;1999;2021;4
2025;64706;1999;2021;3
2025;1485621;1999;2020;3
2025;1257524;1999;2019;4
2025;1465625;1999;2021;3
2025;1180318;1999;2020;3
2025;65114;1999;2021;3
2025;1465625;1999;2020;3
2025;1408505;1999;2018;3
2025;1465625;1999;2020;3
2025;1397772;1999;2020;3
2025;72667;1999;2020;3
2025;1465625;1999;2021;3
2025;72667;1999;2020;3
2025;1322329;1999;2022;3
2025;1029204;1999;2020;3
2025;1184325;1999;2020;3
2025;1180318;1999;2020;3
2025;85652;1999;2021;3
2025;1465625;1999;2020;3
2025;1168313;1999;2019;3
2025;1399614;1999;2021;4
2025;1465625;1999;2021;3
2025;1465625;1999;2021;3
2025;72681;1999;2020;3
2025;5000979;1999;2021;3
2025;1465625;1999;2021;3
2025;5000812;1999;2020;3
2025;1399479;1999;2024;3
2025;1465625;1999;2020;3
2025;1465625;1999;2021;3
2025;1421100;1999;2020;3
2025;86288;1999;2021;3
2025;1465625;1999;2021;3
2025;1465625;1999;2021;3
2025;57402;1999;2020;3
2025;1385538;1999;2019;3
2025;72675;1999;2021;3
2025;1487491;1999;2020;3
2025;60660;1999;2018;3
2025;100958;1999;2020;3
2025;57402;1999;2020;3
2025;10591;1999;2021;3
2025;1465625;1999;2021;3
2025;1184060;1999;2019;3
2025;1483805;1999;2020;3
2025;1465625;1999;2021;3
2025;1408259;1999;2020;3
2025;1168313;1999;2022;3
2025;1465625;1999;2021;3
2025;1483805;1999;2020;3
2025;1465625;1999;2021;3
2025;1108281;1999;2021;3
2025;1465625;1999;2021;3
2025;1184047;1999;2020;3
2025;1465625;1999;2021;3
2025;1180318;1999;2020;3
2025;1465625;1999;2020;3
2025;10591;1999;2022;3
2025;4720;1999;2020;3
2025;1465625;1999;2020;3
2025;1399618;1999;2020;4
2025;1465625;1999;2021;3
2025;1135207;1999;2020;3
2025;1465625;1999;2020;3
2025;1465625;1999;2020;3
2025;1465625;1999;2020;3
2025;1408259;1999;2021;3
2025;65114;1999;2022;3
2025;1292917;1999;2020;3
2025;57402;1999;2019;3
2025;65114;1999;2022;3
2025;1465625;1999;2021;3
2025;1465625;1999;2021;3
2025;1465625;1999;2021;3
2025;1465625;1999;2021;3
2025;1408262;1999;2021;3
2025;5000931;1999;2020;3
2025;1465625;1999;2020;3
2025;1483759;1999;2020;3
2025;1168313;1999;2020;3
2025;1465625;1999;2021;3
2025;1108786;1999;2022;3
2025;71859;1999;2020;3
2025;1487491;1999;2023;3
2025;1190280;1999;2019;3
2025;79007;1999;2021;3
2025;1421013;1999;2020;3
2025;6711;1999;2020;3
2025;64918;1999;2020;3
2025;1465625;1999;2020;3
2025;12015;1999;2018;3
2025;1465625;1999;2020;3
2025;80037;1999;2019;3
2025;1465625;1999;2021;3
2025;1193275;1999;2020;3
2025;1399615;1999;2020;3
2025;1322329;1999;2023;3
2025;1465625;1999;2021;3
2025;1465625;1999;2020;3
2025;9996;1999;2020;3
2025;91219;1999;2020;3
2025;1408508;1999;2021;4
2025;72669;1999;2021;3
2025;1102360;1999;2020;3
2025;71859;1999;2020;3
2025;1465625;1999;2020;3
2025;72667;1999;2020;3
2025;8698;1999;2023;3
2025;1191415;1999;2020;3
2025;65924;1999;2022;3
2025;1465625;1999;2021;3
2025;1465625;1999;2020;3
2025;1465625;1999;2021;3
2025;1465625;1999;2021;3
2025;1465625;1999;2020;3
2025;5000979;1999;2020;3
2025;65114;1999;2021;3
2025;18472;1999;2020;3
2025;65114;1999;2022;3
2025;1465625;1999;2021;3
2025;1465625;1999;2020;3
2025;1200712;1999;2021;3
2025;1180318;1999;2020;3
2025;1465625;1999;2021;3
2025;1465625;1999;2021;3
2025;1322329;1999;2020;3
2025;1465625;1999;2020;3
2025;65114;1999;2020;3
2025;1465625;1999;2020;3
2025;98506;1999;2020;3
2025;1465625;1999;2021;3
2025;1465625;1999;2020;3
2025;1465625;1999;2021;3
2025;107766;1999;2020;3
2025;65114;1999;2022;3
2025;1465625;1999;2020;3
2025;1465625;1999;2021;3
2025;1465625;1999;2021;3
2025;1465625;1999;2020;3
2025;1292713;1999;2019;3
2025;1178672;1999;2019;3
2025;1465625;1999;2020;3
2025;1185903;1999;2022;3
2025;37304;1999;2022;4
2025;1465625;1999;2021;3
2025;9996;1999;2020;3
2025;5000979;1999;2020;3
2025;1465625;1999;2021;3
2025;1193275;1999;2020;3
2025;1465625;1999;2021;3
2025;1397771;1999;2020;3
2025;91219;1999;2020;3
2025;1465625;1999;2020;3
2025;5000812;1999;2019;3
2025;1192047;1999;2020;3
2025;1465625;1999;2020;3
2025;1465625;1999;2021;3
2025;1465625;1999;2021;3
2025;1173014;1999;2020;3
2025;1465625;1999;2021;3
2025;7414;1999;2020;3
2025;7414;1999;2020;3
2025;1184325;1999;2020;3
2025;1465625;1999;2021;3
2025;5001314;1999;2019;3
2025;1445016;1999;2020;3
2025;1322329;1999;2023;3
2025;1193264;1999;2021;3
2025;72681;1999;2020;3
2025;91219;1999;2019;3
2025;57852;1999;2020;3
2025;1399618;1999;2021;4
2025;1322329;1999;2020;3
2025;1399615;1999;2020;3
2025;65114;1999;2020;3
2025;1465625;1999;2020;3
2025;65114;1999;2022;3
2025;1171609;1999;2020;3
2025;1465625;1999;2021;3
2025;72675;1999;2019;3
2025;1190667;1999;2020;3
2025;1465625;1999;2021;3
2025;1465625;1999;2021;3
2025;7414;1999;2020;3
2025;85652;1999;2020;3
2025;1465625;1999;2020;3
2025;1465625;1999;2021;3
2025;1465625;1999;2021;3
2025;1465625;1999;2021;3
2025;1465625;1999;2020;3
2025;7414;1999;2020;3
2025;1399616;1999;2016;3
2025;37304;1999;2022;4
2025;8698;1999;2021;3
2025;1465625;1999;2020;3
2025;1190280;1999;2019;3
2025;1465625;1999;2020;3
2025;1465625;1999;2020;3
2025;1465625;1999;2021;3
2025;1408261;1999;2020;3
2025;1029204;1999;2021;3
2025;1465625;1999;2020;3
2025;1408504;1999;2021;3
2025;1465625;1999;2020;3
2025;1465625;1999;2021;3
2025;1465625;1999;2021;3
2025;5000981;1999;2020;3
2025;1188849;1999;2019;3
2025;12970;1999;2020;1
2025;1465625;1999;2021;3
2025;1465625;1999;2020;3
2025;1465625;1999;2020;3
2025;1465625;1999;2020;3
2025;1427370;1999;2022;3
2025;1465625;1999;2021;3
2025;72681;1999;2023;3
2025;12692;1999;2019;3
2025;1191415;1999;2020;3
2025;1193275;1999;2020;3
2025;1108281;1999;2021;3
2025;1399616;1999;2022;3
2025;57852;1999;2020;3
2025;1190280;1999;2019;3
2025;1465625;1999;2020;3
2025;69464;1999;2020;3
2025;65924;1999;2020;3
2025;1465625;1999;2021;3
2025;1465625;1999;2020;3
2025;1465625;1999;2021;3
2025;1390311;1999;2020;3
2025;1322329;1999;2023;3
2025;1465625;1999;2021;3
2025;18594;1999;2019;4
2025;1465625;1999;2021;3
2025;1465625;1999;2021;3
2025;1399477;1999;2022;3
2025;87537;1999;2023;3
2025;1399614;1999;2021;4
2025;1465625;1999;2021;3
2025;1168313;1999;2020;3
2025;98409;1999;2020;3
2025;72675;1999;2019;3
2025;1465625;1999;2021;3
2025;1465625;1999;2020;3
2025;1399618;1999;2022;4
2025;1399481;1999;2020;3
2025;1408509;1999;2020;3
2025;72667;1999;2022;3
2025;1465625;1999;2021;3
2025;1465625;1999;2020;3
2025;1465625;1999;2020;3
2025;18605;1999;2020;3
2025;1465625;1999;2021;3
2025;1399619;1999;2020;3
2025;18605;1999;2021;3
2025;85652;1999;2020;3
2025;64918;1999;2018;3
2025;1050663;1999;2021;3
2025;1399481;1999;2020;3
2025;1399482;1999;2022;3
2025;65114;1999;2021;3
2025;1190667;1999;2020;3
2025;1166567;1999;2021;3
2025;1465625;1999;2020;3
2025;1408509;2000;2020;3
2025;1166567;2000;2021;3
2025;1184060;2000;2019;3
2025;87537;2000;2022;3
2025;90483;2000;2000;3
2025;1135207;2000;2020;3
2025;72681;2000;2020;3
2025;1455021;2000;2020;3
2025;18472;2000;2020;3
2025;1397771;2000;2020;3
2025;14359;2000;2020;3
2025;1399477;2000;2023;3
2025;1166567;2000;2021;3
2025;5001294;2000;2020;3
2025;65114;2000;2021;3
2025;57402;2000;2020;3
2025;90483;2000;2000;3
2025;1483805;2000;2020;3
2025;18605;2000;2021;3
2025;5000981;2000;2020;3
2025;1399614;2000;2021;4
2025;5000930;2000;2020;3
2025;75821;2000;2020;3
2025;1408261;2000;2020;3
2025;79007;2000;2021;3
2025;1486822;2000;2020;3
2025;1257548;2000;2025;3
2025;1183313;2000;2020;3
2025;1330031;2000;2018;3
2025;5001294;2000;2021;3
2025;1408508;2000;2021;4
2025;13200;2000;2019;3
2025;1455021;2000;2020;3
2025;1390311;2000;2020;3
2025;1184325;2000;2020;3
2025;1050663;2000;2020;3
2025;49060;2000;2021;3
2025;13286;2000;2012;3
2025;11114;2000;2021;3
2025;1178524;2000;2020;3
2025;1399488;2000;2020;3
2025;57852;2000;2019;3
2025;1108153;2000;2021;1
2025;1487491;2000;2022;3
2025;5000812;2000;2020;3
2025;65114;2000;2022;3
2025;85652;2000;2020;3
2025;1322329;2000;2022;3
2025;90084;2000;2021;3
2025;18594;2000;2020;4
2025;5001294;2000;2021;3
2025;1184432;2000;2021;3
2025;5000001;2000;2023;3
2025;1399477;2000;2020;3
2025;84352;2000;2020;3
2025;18605;2000;2020;3
2025;7414;2000;2019;3
2025;1292726;2000;2021;3
2025;98409;2000;2020;3
2025;140;2000;2020;3
2025;72667;2000;2020;3
2025;19434;2000;2020;3
2025;65114;2000;2022;3
2025;91219;2000;2020;3
2025;5001294;2000;2021;3
2025;6496;2000;2020;3
2025;12970;2000;2020;1
2025;1397773;2000;2020;3
2025;1184060;2000;2019;3
2025;74655;2000;2020;3
2025;65114;2000;2022;3
2025;1190667;2000;2020;3
2025;1408509;2000;2020;3
2025;5001294;2000;2020;3
2025;19294;2000;2020;3
2025;18605;2000;2020;3
2025;1190667;2000;2021;3
2025;1397772;2000;2023;3
2025;18605;2000;2019;3
2025;1399614;2000;2023;4
2025;4503;2000;2020;3
2025;1487491;2000;2022;3
2025;1179501;2000;2020;3
2025;1477973;2000;2020;3
2025;1399482;2000;2020;3
2025;72667;2000;2020;3
2025;1184060;2000;2019;3
2025;97679;2000;2020;3
2025;1408259;2000;2022;3
2025;1202588;2000;2019;3
2025;1191415;2000;2020;3
2025;1322329;2000;2020;3
2025;1397772;2000;2020;3
2025;14093;2000;2020;3
2025;100956;2000;2020;3
2025;5001183;2000;2020;4
2025;72681;2000;2019;3
2025;9772;2000;2022;3
2025;1050663;2000;2019;3
2025;1050663;2000;2019;3
2025;1485621;2000;2020;3
2025;90084;2000;2020;3
2025;1408262;2000;2021;3
2025;1390311;2000;2020;3
2025;90483;2000;2000;3
2025;1184047;2000;2020;3
2025;1518;2000;2019;3
2025;1166567;2000;2021;3
2025;99476;2000;2021;3
2025;1257777;2000;2021;3
2025;1385538;2000;2020;3
2025;1258023;2000;2023;3
2025;5000812;2000;2020;3
2025;1168313;2000;2020;3
2025;1399614;2000;2020;4
2025;72767;2000;2021;3
2025;65924;2000;2020;3
2025;74655;2000;2020;3
2025;1257548;2000;2020;3
2025;1408262;2000;2020;3
2025;4503;2000;2021;3
2025;1026;2000;2025;3
2025;1399614;2000;2020;4
2025;1322329;2000;2023;3
2025;99476;2000;2020;3
2025;1399615;2000;2020;3
2025;1477973;2000;2019;3
2025;1050663;2000;2019;3
2025;1258021;2000;2020;3
2025;1322329;2000;2022;3
2025;1399480;2000;2020;3
2025;5001033;2000;2020;3
2025;1189778;2000;2020;3
2025;85652;2000;2019;3
2025;1135207;2000;2020;3
2025;72767;2000;2021;3
2025;1168313;2000;2022;3
2025;65924;2000;2020;3
2025;5000930;2000;2022;1
2025;1202588;2000;2019;3
2025;91219;2000;2020;3
2025;1421100;2000;2020;3
2025;7414;2000;2020;3
2025;5000931;2000;2021;3
2025;72669;2000;2020;3
2025;1408507;2000;2020;3
2025;20360;2000;2020;3
2025;93001;2000;2020;3
2025;5001294;2000;2020;3
2025;72663;2000;2020;3
2025;72667;2000;2020;3
2025;15343;2000;2020;3
2025;7105;2000;2020;3
2025;1190280;2000;2019;3
2025;1292726;2000;2020;3
2025;18605;2000;2021;3
2025;9996;2000;2020;3
2025;1483805;2000;2020;3
2025;1390317;2000;2020;3
2025;100956;2000;2021;3
2025;98506;2000;2021;3
2025;39415;2000;2020;3
2025;1258021;2000;2020;3
2025;1421013;2000;2020;3
2025;1292917;2000;2020;3
2025;1399618;2000;2021;4
2025;18605;2000;2021;3
2025;16904;2000;2020;3
2025;91219;2000;2020;3
2025;5000930;2000;2020;3
2025;1166567;2000;2021;3
2025;1190280;2000;2019;3
2025;18594;2000;2020;4
2025;9326;2000;2020;1
2025;19850;2000;2020;3
2025;20360;2000;2020;3
2025;51699;2000;2020;3
2025;1399486;2000;2020;3
2025;7676;2000;2021;3
2025;11114;2000;2020;3
2025;18594;2000;2021;4
2025;13866;2000;2019;3
2025;97679;2000;2020;3
2025;65114;2000;2022;3
2025;20360;2000;2020;3
2025;18605;2000;2021;3
2025;72669;2000;2020;3
2025;65114;2000;2022;3
2025;1184060;2000;2019;3
2025;1408262;2000;2021;3
2025;1190667;2000;2020;3
2025;72767;2000;2021;3
2025;18605;2000;2020;3
2025;1202547;2000;2018;3
2025;64918;2000;2020;3
2025;1390317;2000;2020;3
2025;18605;2000;2021;3
2025;65114;2000;2021;3
2025;72681;2000;2020;3
2025;5001294;2000;2021;3
2025;1257777;2000;2020;3
2025;72667;2000;2021;3
2025;1192047;2000;2020;3
2025;5000979;2000;2020;3
2025;65114;2000;2021;3
2025;1166567;2000;2021;3
2025;1518495;2000;2020;3
2025;5000001;2000;2022;3
2025;14359;2000;2020;3
2025;1421013;2000;2020;3
2025;1427370;2000;2022;3
2025;1184060;2000;2019;3
2025;5000001;2000;2023;3
2025;72667;2000;2020;3
2025;1029204;2000;2020;3
2025;72681;2000;2020;3
2025;72681;2000;2022;3
2025;1408261;2000;2019;3
2025;1483768;2000;2020;3
2025;100956;2000;2020;3
2025;1050663;2000;2020;3
2025;37304;2000;2020;4
2025;91219;2000;2020;3
2025;1399616;2000;2017;3
2025;1399485;2000;2020;3
2025;1397771;2000;2020;3
2025;1399481;2000;2020;3
2025;18472;2000;2021;3
2025;59174;2000;2022;3
2025;20058;2000;2021;3
2025;1102360;2000;2020;3
2025;57852;2000;2020;3
2025;1188849;2000;2021;3
2025;1292917;2001;2020;3
2025;1322329;2001;2023;3
2025;19294;2001;2019;3
2025;1190667;2001;2020;3
2025;1397771;2001;2020;3
2025;1258023;2001;2021;3
2025;5001294;2001;2022;3
2025;1399618;2001;2022;4
2025;72669;2001;2020;3
2025;5001294;2001;2020;3
2025;79007;2001;2020;3
2025;5345;2001;2020;3
2025;1408508;2001;2021;4
2025;1399618;2001;2022;4
2025;1399618;2001;2022;4
2025;1399477;2001;2020;3
2025;37304;2001;2022;4
2025;1184047;2001;2020;3
2025;74655;2001;2020;3
2025;97679;2001;2020;3
2025;18594;2001;2018;4
2025;1397771;2001;2020;3
2025;1385538;2001;2018;3
2025;1453564;2001;2020;3
2025;72681;2001;2020;3
2025;484;2001;2019;3
2025;1163738;2001;2020;3
2025;5000980;2001;2020;3
2025;9988;2001;2020;1
2025;18594;2001;2022;4
2025;1166567;2001;2021;3
2025;14093;2001;2020;3
2025;71689;2001;2020;3
2025;1399618;2001;2022;4
2025;91219;2001;2021;3
2025;97679;2001;2020;3
2025;1050663;2001;2020;3
2025;7414;2001;2020;3
2025;1427370;2001;2021;3
2025;71859;2001;2020;3
2025;74594;2001;2020;3
2025;66361;2001;2020;3
2025;72675;2001;2019;3
2025;66361;2001;2020;3
2025;9805;2001;2021;3
2025;1477973;2001;2020;3
2025;65114;2001;2021;3
2025;1192047;2001;2021;3
2025;1026;2001;2020;3
2025;1419799;2001;2020;3
2025;1108786;2001;2019;3
2025;1193275;2001;2020;3
2025;13200;2001;2019;3
2025;1399481;2001;2021;3
2025;5000812;2001;2020;3
2025;18472;2001;2021;3
2025;5001294;2001;2020;3
2025;1408504;2001;2021;3
2025;1184060;2001;2019;3
2025;65114;2001;2022;3
2025;1190667;2001;2020;3
2025;15783;2001;2019;3
2025;1190280;2001;2019;3
2025;85652;2001;2020;3
2025;1322329;2001;2022;3
2025;1408259;2001;2020;3
2025;12;2001;2020;3
2025;1399615;2001;2020;3
2025;1399479;2001;2020;3
2025;18605;2001;2022;3
2025;75821;2001;2020;3
2025;85652;2001;2020;3
2025;100956;2001;2021;3
2025;1166567;2001;2021;3
2025;1397771;2001;2020;3
2025;87941;2001;2020;3
2025;1408508;2001;2022;3
2025;19294;2001;2020;3
2025;1190621;2001;2020;3
2025;91219;2001;2020;3
2025;1438629;2001;2021;3
2025;9805;2001;2023;2
2025;1192047;2001;2021;3
2025;1399484;2001;2020;3
2025;1408504;2001;2019;3
2025;72669;2001;2020;3
2025;1168313;2001;2020;3
2025;1399615;2001;2019;3
2025;1477973;2001;2020;3
2025;38071;2001;2020;3
2025;71859;2001;2020;3
2025;15343;2001;2020;3
2025;4503;2001;2020;3
2025;72767;2001;2021;3
2025;1190667;2001;2021;3
2025;65114;2001;2022;3
2025;1397771;2001;2020;3
2025;72681;2001;2020;3
2025;10289;2001;2020;3
2025;5000980;2001;2020;3
2025;12692;2001;2020;3
2025;1399616;2001;2020;3
2025;5001294;2001;2020;3
2025;5000980;2001;2020;3
2025;85652;2001;2021;3
2025;1192188;2001;2020;3
2025;1185903;2001;2020;3
2025;65114;2001;2021;3
2025;1188900;2001;2020;3
2025;1185903;2001;2021;3
2025;1192047;2001;2022;3
2025;1200712;2001;2020;3
2025;1178524;2001;2020;3
2025;1184325;2001;2021;3
2025;1399480;2001;2021;3
2025;1485621;2001;2023;3
2025;18594;2001;2020;4
2025;66361;2001;2020;3
2025;1168313;2001;2019;3
2025;6496;2001;2020;3
2025;7414;2001;2022;3
2025;5001294;2001;2021;3
2025;1184060;2001;2019;3
2025;1180318;2001;2020;3
2025;1427419;2001;2022;3
2025;13286;2001;2019;3
2025;5001183;2001;2020;4
2025;1399616;2001;2020;3
2025;1399479;2001;2020;3
2025;57402;2001;2020;3
2025;65114;2001;2022;3
2025;1399619;2001;2020;3
2025;5000812;2001;2020;3
2025;72667;2001;2020;3
2025;14975;2001;2017;3
2025;48854;2001;2022;3
2025;1477973;2001;2019;3
2025;65114;2001;2022;3
2025;90084;2001;2020;3
2025;1342449;2001;2019;3
2025;5000980;2001;2020;3
2025;18605;2001;2021;3
2025;1399478;2001;2020;3
2025;1192188;2001;2019;3
2025;1190280;2001;2019;3
2025;72667;2001;2020;3
2025;99476;2001;2021;3
2025;74594;2001;2020;3
2025;65114;2001;2021;3
2025;18605;2001;2021;3
2025;1108281;2001;2020;3
2025;1190621;2001;2019;3
2025;107766;2001;2020;3
2025;1485621;2001;2023;3
2025;65114;2001;2021;3
2025;49060;2001;2020;3
2025;1258023;2001;2021;3
2025;1168313;2001;2020;3
2025;18594;2001;2020;4
2025;1188849;2001;2020;3
2025;1190667;2001;2020;3
2025;1322329;2001;2020;3
2025;16904;2001;2018;3
2025;1399487;2001;2020;3
2025;72681;2001;2021;3
2025;1321864;2001;2020;3
2025;14615;2001;2020;3
2025;1180318;2001;2020;3
2025;2304;2001;2020;3
2025;59174;2001;2020;3
2025;1184060;2001;2019;3
2025;85652;2001;2020;3
2025;5000981;2001;2020;3
2025;58412;2001;2019;3
2025;90483;2001;2001;3
2025;5001294;2001;2021;3
2025;57402;2001;2020;3
2025;1399618;2001;2020;4
2025;1399480;2001;2021;3
2025;100956;2001;2021;3
2025;1108153;2001;2021;1
2025;18605;2001;2021;3
2025;5000930;2001;2020;3
2025;1185025;2001;2020;3
2025;1184432;2001;2020;3
2025;65114;2001;2022;3
2025;4503;2001;2020;3
2025;1190280;2001;2019;3
2025;1191415;2001;2020;3
2025;1029204;2001;2020;3
2025;7414;2001;2020;3
2025;72681;2001;2020;3
2025;1399484;2001;2020;3
2025;9996;2001;2020;3
2025;140;2001;2018;3
2025;75821;2001;2020;3
2025;7676;2001;2019;3
2025;39415;2001;2020;3
2025;1397772;2001;2020;3
2025;16904;2001;2020;3
2025;49060;2001;2020;3
2025;85652;2001;2020;3
2025;59174;2001;2019;3
2025;74655;2001;2020;3
2025;7676;2001;2021;3
2025;100956;2001;2022;3
2025;20058;2001;2021;3
2025;18447;2001;2020;3
2025;8698;2001;2021;3
2025;1399619;2001;2021;3
2025;140;2001;2020;3
2025;75821;2001;2020;3
2025;5001294;2001;2020;3
2025;65924;2001;2022;3
2025;1180318;2001;2019;3
2025;69464;2001;2020;3
2025;1399487;2001;2020;3
2025;1184060;2001;2019;3
2025;1399619;2001;2020;3
2025;1408259;2001;2022;3
2025;9996;2001;2020;3
2025;90483;2001;2001;3
2025;5001183;2001;2020;4
2025;1399480;2001;2021;3
2025;100956;2001;2020;3
2025;58412;2001;2020;3
2025;1292917;2001;2020;3
2025;15475;2001;2020;1
2025;1408508;2001;2021;4
2025;85652;2001;2021;3
2025;5000979;2001;2020;3
2025;1168313;2001;2020;3
2025;1108786;2001;2020;3
2025;1135207;2001;2020;3
2025;1029204;2001;2019;3
2025;1408508;2001;2023;4
2025;1190667;2001;2020;3
2025;10289;2001;2020;3
2025;100956;2001;2021;3
2025;20360;2001;2020;3
2025;1390311;2001;2021;3
2025;1166567;2001;2021;3
2025;74594;2001;2021;3
2025;9772;2001;2020;3
2025;7414;2001;2022;3
2025;75821;2001;2020;3
2025;65114;2001;2022;3
2025;85652;2001;2020;3
2025;14234;2001;2020;3
2025;1102360;2001;2020;3
2025;71859;2001;2020;3
2025;85652;2001;2020;3
2025;1292917;2001;2020;3
2025;2304;2001;2022;3
2025;1257524;2001;2019;4
2025;18605;2001;2020;3
2025;18594;2001;2021;4
2025;1108786;2001;2019;3
2025;9996;2001;2020;3
2025;1193275;2001;2020;3
2025;97679;2001;2020;3
2025;5001294;2001;2021;3
2025;66361;2001;2021;3
2025;85652;2001;2020;3
2025;1399481;2001;2020;3
2025;4503;2002;2021;3
2025;5000979;2002;2020;3
2025;93001;2002;2020;3
2025;107666;2002;2021;3
2025;1385538;2002;2019;3
2025;1193275;2002;2020;3
2025;1050663;2002;2020;3
2025;66361;2002;2020;3
2025;1408504;2002;2020;3
2025;72669;2002;2020;3
2025;86288;2002;2020;3
2025;99476;2002;2020;3
2025;1178524;2002;2020;3
2025;72663;2002;2020;3
2025;1327450;2002;2020;3
2025;1292917;2002;2020;3
2025;72675;2002;2019;3
2025;1399617;2002;2020;3
2025;5000001;2002;2022;3
2025;1180318;2002;2020;3
2025;1190280;2002;2019;3
2025;5001294;2002;2021;3
2025;1421100;2002;2021;3
2025;1399479;2002;2020;3
2025;5001294;2002;2020;3
2025;1050663;2002;2020;3
2025;14975;2002;2022;3
2025;1399478;2002;2020;3
2025;1322329;2002;2020;3
2025;98406;2002;2019;3
2025;1135207;2002;2020;3
2025;1342449;2002;2018;3
2025;80037;2002;2019;3
2025;5000978;2002;2020;3
2025;65114;2002;2022;3
2025;5000931;2002;2020;3
2025;1342536;2002;2020;3
2025;72767;2002;2020;3
2025;1191415;2002;2020;3
2025;72667;2002;2020;3
2025;9772;2002;2020;3
2025;1390309;2002;2020;3
2025;1487290;2002;2020;3
2025;1457707;2002;2023;4
2025;97679;2002;2020;3
2025;1485621;2002;2020;3
2025;5000980;2002;2020;3
2025;1171609;2002;2020;3
2025;1184060;2002;2019;3
2025;1185025;2002;2020;3
2025;11114;2002;2020;3
2025;1408259;2002;2020;3
2025;1184325;2002;2020;3
2025;72669;2002;2020;3
2025;57402;2002;2020;3
2025;1408505;2002;2020;3
2025;1399618;2002;2022;4
2025;1322329;2002;2022;3
2025;85652;2002;2020;3
2025;72669;2002;2020;3
2025;1363536;2002;2020;3
2025;1184047;2002;2020;3
2025;1184060;2002;2019;3
2025;7414;2002;2020;3
2025;1185076;2002;2019;3
2025;65114;2002;2022;3
2025;1202588;2002;2019;3
2025;3148;2002;2020;3
2025;1518495;2002;2020;3
2025;18605;2002;2020;3
2025;65114;2002;2022;3
2025;71859;2002;2020;3
2025;18605;2002;2021;3
2025;71859;2002;2019;3
2025;65114;2002;2021;3
2025;72669;2002;2020;3
2025;1135207;2002;2020;3
2025;1399487;2002;2020;3
2025;49060;2002;2020;3
2025;9326;2002;2020;1
2025;1427420;2002;2021;3
2025;18447;2002;2020;3
2025;1166567;2002;2020;3
2025;1179189;2002;2020;3
2025;20249;2002;2019;3
2025;1342449;2002;2022;3
2025;1178524;2002;2020;3
2025;18605;2002;2020;3
2025;1408261;2002;2020;3
2025;57852;2002;2020;3
2025;57402;2002;2020;3
2025;1192047;2002;2022;3
2025;1487491;2002;2022;3
2025;1184060;2002;2019;3
2025;5000001;2002;2020;3
2025;37304;2002;2023;4
2025;18605;2002;2020;3
2025;1200712;2002;2020;3
2025;1438629;2002;2020;3
2025;5000001;2002;2022;3
2025;1136509;2002;2020;3
2025;1136509;2002;2020;3
2025;100688;2002;2022;3
2025;1179189;2002;2020;3
2025;85652;2002;2020;3
2025;59174;2002;2020;3
2025;84352;2002;2019;3
2025;1184060;2002;2020;3
2025;1026;2002;2019;3
2025;5345;2002;2020;3
2025;1322329;2002;2020;3
2025;1399481;2002;2019;3
2025;5000001;2002;2022;3
2025;1487290;2002;2020;3
2025;1408505;2002;2018;3
2025;72681;2002;2020;3
2025;18472;2002;2020;3
2025;1385538;2002;2017;3
2025;1184060;2002;2020;3
2025;72675;2002;2019;3
2025;1399615;2002;2020;3
2025;1193275;2002;2020;3
2025;1171609;2002;2020;3
2025;5000980;2002;2020;3
2025;5001427;2002;2019;3
2025;85652;2002;2021;3
2025;1408505;2002;2020;3
2025;107666;2002;2021;3
2025;72767;2002;2021;3
2025;54494;2002;2020;3
2025;65114;2002;2022;3
2025;1187646;2002;2019;3
2025;1185903;2002;2023;3
2025;5000930;2002;2020;3
2025;1485621;2002;2020;3
2025;9996;2002;2020;3
2025;97679;2002;2019;3
2025;72669;2002;2021;3
2025;65114;2002;2022;3
2025;11316;2002;2020;3
2025;1192047;2002;2020;3
2025;1427370;2002;2023;3
2025;1108786;2002;2020;3
2025;1399480;2002;2020;3
2025;1334344;2002;2018;3
2025;99476;2002;2020;3
2025;12;2002;2019;3
2025;1292725;2002;2019;3
2025;5000931;2002;2020;3
2025;5000001;2002;2022;3
2025;1390309;2002;2020;3
2025;1193275;2002;2020;3
2025;59174;2002;2024;3
2025;5000812;2002;2019;3
2025;75821;2002;2020;3
2025;9988;2002;2020;1
2025;1399488;2002;2020;3
2025;4503;2002;2020;3
2025;1399477;2002;2022;3
2025;79007;2002;2020;3
2025;85652;2002;2020;3
2025;1427419;2002;2020;3
2025;1397773;2002;2020;3
2025;1168313;2002;2022;3
2025;1185025;2002;2019;3
2025;79007;2002;2021;3
2025;1399616;2002;2018;3
2025;5001294;2002;2021;3
2025;38071;2002;2020;3
2025;1397771;2002;2020;3
2025;87537;2002;2020;3
2025;1399489;2002;2021;3
2025;18472;2002;2021;3
2025;1483759;2002;2020;3
2025;19294;2002;2021;3
2025;1029204;2002;2020;3
2025;9326;2002;2020;1
2025;14359;2002;2019;3
2025;1399614;2002;2021;4
2025;14725;2002;2021;3
2025;37304;2002;2022;4
2025;5000812;2002;2020;3
2025;1518495;2002;2021;3
2025;49060;2002;2019;3
2025;1258021;2002;2020;3
2025;1408508;2002;2022;4
2025;65114;2002;2023;3
2025;1257777;2002;2020;3
2025;91219;2002;2020;3
2025;49910;2002;2015;3
2025;65924;2002;2019;3
2025;1399614;2002;2022;4
2025;3418;2002;2020;3
2025;1184060;2002;2019;3
2025;1399479;2002;2020;3
2025;1188900;2002;2020;3
2025;72667;2002;2023;3
2025;1108786;2002;2020;3
2025;1408259;2002;2021;3
2025;66361;2002;2020;3
2025;75821;2002;2021;3
2025;72667;2002;2020;3
2025;5001183;2002;2020;4
2025;12970;2002;2019;1
2025;1399287;2002;2023;3
2025;87537;2002;2020;3
2025;85652;2002;2020;3
2025;65114;2002;2023;3
2025;1190667;2002;2021;3
2025;1190280;2002;2019;3
2025;75821;2002;2021;3
2025;1408509;2002;2021;3
2025;86288;2002;2021;3
2025;1342537;2002;2021;3
2025;1421013;2002;2020;3
2025;20249;2002;2020;3
2025;5001294;2002;2021;3
2025;15783;2002;2020;3
2025;1193275;2002;2020;3
2025;1399614;2002;2021;4
2025;1190280;2002;2019;3
2025;5000979;2002;2021;3
2025;1258023;2002;2021;3
2025;1108786;2002;2020;3
2025;1192047;2002;2020;3
2025;1029204;2002;2020;3
2025;1408259;2002;2021;3
2025;1399616;2002;2020;3
2025;2392;2002;2019;3
2025;1408507;2002;2020;3
2025;15839;2002;2018;3
2025;65114;2002;2022;3
2025;13601;2002;2020;3
2025;1408504;2002;2021;3
2025;18605;2002;2019;3
2025;1399614;2002;2020;4
2025;1193264;2002;2021;3
2025;1029204;2002;2020;3
2025;65114;2002;2021;3
2025;79007;2002;2021;3
2025;1068548;2002;2018;3
2025;1421013;2002;2020;3
2025;1193275;2002;2020;3
2025;1439;2002;2019;3
2025;72669;2002;2020;3
2025;1427420;2002;2023;3
2025;1385538;2002;2017;3
2025;18605;2002;2020;3
2025;5001341;2002;2020;3
2025;5000812;2002;2020;3
2025;90084;2002;2019;3
2025;1190280;2002;2019;3
2025;1258021;2002;2020;3
2025;72681;2002;2020;3
2025;1258021;2002;2020;3
2025;79007;2002;2021;3
2025;1487491;2002;2022;3
2025;6496;2002;2020;3
2025;7414;2002;2020;3
2025;5000001;2002;2022;3
2025;9805;2002;2020;3
2025;13424;2002;2019;3
2025;1408261;2002;2020;3
2025;1173014;2002;2020;3
2025;5000979;2002;2020;3
2025;1184060;2002;2019;3
2025;1257777;2003;2020;3
2025;1397772;2003;2020;3
2025;72681;2003;2020;3
2025;66361;2003;2020;3
2025;1477973;2003;2020;3
2025;10591;2003;2020;3
2025;60660;2003;2018;3
2025;100956;2003;2022;3
2025;4503;2003;2020;3
2025;12970;2003;2020;1
2025;11316;2003;2020;3
2025;1068548;2003;2019;3
2025;49060;2003;2020;3
2025;5000979;2003;2020;3
2025;99476;2003;2021;3
2025;11446;2003;2012;3
2025;1427419;2003;2021;3
2025;4503;2003;2020;3
2025;1163738;2003;2019;3
2025;1101742;2003;2019;3
2025;75821;2003;2020;3
2025;1185903;2003;2021;3
2025;7414;2003;2020;3
2025;1397773;2003;2020;3
2025;1104264;2003;2020;3
2025;1166567;2003;2021;3
2025;57402;2003;2020;3
2025;91219;2003;2020;3
2025;72667;2003;2019;3
2025;1180318;2003;2021;3
2025;85652;2003;2020;3
2025;1190621;2003;2018;3
2025;1879;2003;2021;3
2025;1173014;2003;2020;3
2025;5000930;2003;2020;3
2025;13200;2003;2020;3
2025;1166567;2003;2021;3
2025;5000812;2003;2020;3
2025;108014;2003;2023;3
2025;39415;2003;2020;3
2025;5001294;2003;2020;3
2025;19850;2003;2022;3
2025;12813;2003;2020;3
2025;1408261;2003;2019;3
2025;1292725;2003;2022;3
2025;100688;2003;2020;3
2025;1399615;2003;2020;3
2025;5000001;2003;2022;3
2025;85652;2003;2020;3
2025;72667;2003;2020;3
2025;1487290;2003;2020;3
2025;1399618;2003;2022;4
2025;1399477;2003;2023;3
2025;1385538;2003;2019;3
2025;1385538;2003;2017;3
2025;1050663;2003;2020;3
2025;1184060;2003;2019;3
2025;90084;2003;2020;3
2025;1168313;2003;2022;3
2025;1421013;2003;2020;3
2025;1322329;2003;2020;3
2025;1342449;2003;2020;3
2025;37304;2003;2020;4
2025;98406;2003;2021;3
2025;1202539;2003;2020;3
2025;1399488;2003;2020;3
2025;98409;2003;2021;3
2025;1399482;2003;2021;3
2025;5001183;2003;2020;4
2025;1408507;2003;2020;3
2025;1258023;2003;2020;3
2025;51835;2003;2025;3
2025;5001294;2003;2021;3
2025;90084;2003;2021;3
2025;5000933;2003;2023;3
2025;19434;2003;2020;3
2025;51835;2003;2020;3
2025;1408509;2003;2020;3
2025;100688;2003;2020;3
2025;5000001;2003;2023;3
2025;66361;2003;2020;3
2025;1104264;2003;2020;3
2025;7414;2003;2020;3
2025;1192047;2003;2021;3
2025;1171609;2003;2020;3
2025;5001183;2003;2019;4
2025;91219;2003;2020;3
2025;18605;2003;2019;3
2025;91219;2003;2021;3
2025;1397773;2003;2020;3
2025;868;2003;2020;3
2025;11446;2003;2020;3
2025;5000812;2003;2020;3
2025;1192047;2003;2020;3
2025;65924;2003;2019;3
2025;4503;2003;2021;3
2025;1190667;2003;2021;3
2025;91219;2003;2020;3
2025;57402;2003;2020;3
2025;1188849;2003;2023;3
2025;91219;2003;2020;3
2025;7414;2003;2020;3
2025;74594;2003;2020;3
2025;18594;2003;2020;4
2025;72767;2003;2021;3
2025;1427370;2003;2021;3
2025;19294;2003;2020;3
2025;1184325;2003;2020;3
2025;5000812;2003;2020;3
2025;5000812;2003;2020;3
2025;1135207;2003;2020;3
2025;1879;2003;2020;3
2025;65114;2003;2022;3
2025;65114;2003;2021;3
2025;1363536;2003;2020;3
2025;19206;2003;2023;4
2025;100958;2003;2020;3
2025;1399616;2003;2020;3
2025;1399478;2003;2020;3
2025;1399617;2003;2020;3
2025;1193275;2003;2020;3
2025;1292917;2003;2020;3
2025;1104264;2003;2022;3
2025;14359;2003;2019;3
2025;1261972;2003;2020;3
2025;1184060;2003;2020;3
2025;100958;2003;2024;3
2025;1457503;2003;2020;3
2025;1184047;2003;2020;3
2025;1193275;2003;2020;3
2025;9326;2003;2020;1
2025;85652;2003;2020;3
2025;98506;2003;2020;3
2025;18605;2003;2021;3
2025;1399477;2003;2022;3
2025;1483773;2003;2020;3
2025;37304;2003;2021;4
2025;1399615;2003;2020;3
2025;1190280;2003;2019;3
2025;5000979;2003;2021;3
2025;86288;2003;2020;3
2025;1487290;2003;2020;3
2025;1267038;2003;2020;3
2025;72667;2003;2020;3
2025;90084;2003;2021;3
2025;1408259;2003;2020;3
2025;12813;2003;2020;3
2025;1349675;2003;2019;3
2025;66361;2003;2020;3
2025;65114;2003;2022;3
2025;91219;2003;2020;3
2025;1342536;2003;2020;3
2025;9996;2003;2021;3
2025;18472;2003;2020;3
2025;1363536;2003;2020;3
2025;1487491;2003;2020;3
2025;1193275;2003;2020;3
2025;18605;2003;2005;3
2025;1184047;2003;2020;3
2025;1179501;2003;2020;3
2025;10289;2003;2021;3
2025;1406536;2003;2020;3
2025;1193275;2003;2020;3
2025;85652;2003;2020;3
2025;1419799;2003;2021;3
2025;1408508;2003;2021;4
2025;389;2003;2020;1
2025;1477973;2003;2020;3
2025;1107;2003;2020;3
2025;1163738;2003;2020;3
2025;90084;2003;2020;3
2025;1104264;2003;2022;3
2025;1166567;2003;2021;3
2025;85652;2003;2020;3
2025;1292917;2003;2020;3
2025;65114;2003;2021;3
2025;8698;2003;2023;3
2025;18472;2003;2020;3
2025;1108786;2003;2020;3
2025;1421013;2003;2020;3
2025;4503;2003;2020;3
2025;14359;2003;2020;3
2025;5000001;2003;2022;3
2025;1184060;2003;2020;3
2025;1179189;2003;2020;3
2025;5001033;2003;2020;3
2025;1193275;2003;2020;3
2025;69624;2003;2020;3
2025;1059179;2003;2020;3
2025;18605;2003;2021;3
2025;1202553;2003;2019;3
2025;1487491;2003;2020;3
2025;1408509;2003;2020;3
2025;1427420;2003;2020;3
2025;9326;2003;2020;1
2025;1184060;2003;2019;3
2025;1168313;2003;2020;3
2025;1166567;2003;2021;3
2025;1390309;2003;2020;3
2025;1385538;2003;2017;3
2025;91219;2003;2021;3
2025;5000979;2003;2020;3
2025;1261972;2003;2020;3
2025;53338;2003;2020;3
2025;18605;2003;2019;3
2025;90483;2003;2003;3
2025;1408262;2003;2022;3
2025;1483805;2003;2020;3
2025;1184060;2003;2020;3
2025;1193275;2003;2020;3
2025;1408509;2003;2020;3
2025;1050663;2003;2020;3
2025;1399488;2003;2022;3
2025;1397772;2003;2020;3
2025;71859;2003;2019;3
2025;18472;2003;2020;3
2025;1179189;2003;2020;3
2025;85652;2003;2019;3
2025;1399486;2003;2020;3
2025;57402;2003;2020;3
2025;1295813;2003;2020;3
2025;1190621;2003;2020;4
2025;15475;2003;2021;1
2025;65114;2003;2022;3
2025;5000979;2003;2022;3
2025;13424;2003;2018;3
2025;91219;2003;2020;3
2025;5000930;2003;2020;1
2025;5000979;2003;2022;3
2025;1421100;2003;2020;3
2025;1193759;2003;2020;3
2025;18594;2003;2022;4
2025;1399480;2003;2021;3
2025;1321864;2003;2019;3
2025;1184432;2003;2020;3
2025;1258021;2003;2020;3
2025;1108281;2003;2021;3
2025;1399480;2003;2021;3
2025;1184060;2003;2020;3
2025;84352;2003;2021;3
2025;1184325;2003;2020;3
2025;1408261;2003;2019;3
2025;75821;2003;2020;3
2025;84352;2003;2021;3
2025;5000812;2003;2021;3
2025;85652;2003;2020;3
2025;6496;2003;2019;3
2025;1390317;2003;2020;3
2025;19206;2003;2022;4
2025;1184325;2003;2020;3
2025;3148;2003;2020;3
2025;1202546;2003;2020;3
2025;16904;2003;2020;3
2025;1322329;2003;2020;3
2025;65114;2003;2022;3
2025;1190280;2003;2019;3
2025;5001450;2003;2020;3
2025;1390311;2003;2020;3
2025;65924;2003;2020;3
2025;5001183;2003;2018;4
2025;99476;2003;2021;3
2025;39415;2003;2020;3
2025;1485621;2003;2023;3
2025;97679;2003;2020;3
2025;5000812;2003;2020;3
2025;1399618;2003;2020;4
2025;1408259;2003;2020;3
2025;18605;2003;2020;3
2025;1173014;2003;2020;3
2025;91219;2003;2021;3
2025;1487491;2003;2021;3
2025;1183313;2003;2021;3
2025;85652;2003;2019;3
2025;1184060;2003;2019;3
2025;66248;2003;2020;3
2025;1168313;2004;2021;3
2025;90084;2004;2020;3
2025;59174;2004;2020;3
2025;91219;2004;2021;3
2025;87941;2004;2019;3
2025;1487491;2004;2023;3
2025;85652;2004;2020;3
2025;1317634;2004;2020;3
2025;1322329;2004;2022;3
2025;1184060;2004;2020;3
2025;87941;2004;2020;3
2025;7414;2004;2020;3
2025;1399484;2004;2020;2
2025;1487491;2004;2020;3
2025;18605;2004;2019;3
2025;10289;2004;2020;3
2025;108882;2004;2020;3
2025;7676;2004;2020;3
2025;12569;2004;2020;3
2025;18594;2004;2020;4
2025;19294;2004;2020;3
2025;65114;2004;2021;3
2025;108014;2004;2020;3
2025;1342449;2004;2022;3
2025;64918;2004;2019;3
2025;1427370;2004;2020;3
2025;1399477;2004;2021;3
2025;1050663;2004;2020;3
2025;1168313;2004;2020;3
2025;65114;2004;2022;3
2025;1178524;2004;2020;3
2025;9996;2004;2020;3
2025;1483773;2004;2020;3
2025;1267038;2004;2019;3
2025;1518;2004;2019;3
2025;1327450;2004;2019;3
2025;74594;2004;2019;3
2025;85652;2004;2020;3
2025;1477973;2004;2020;3
2025;1399618;2004;2021;4
2025;69624;2004;2020;3
2025;5000001;2004;2021;3
2025;9805;2004;2022;3
2025;72667;2004;2020;3
2025;1190667;2004;2021;3
2025;90084;2004;2020;3
2025;59174;2004;2021;3
2025;8437;2004;2017;3
2025;1179189;2004;2020;3
2025;1427370;2004;2021;3
2025;66361;2004;2016;3
2025;65114;2004;2022;3
2025;1487491;2004;2020;3
2025;99476;2004;2020;3
2025;75821;2004;2021;3
2025;1171609;2004;2020;3
2025;20058;2004;2021;3
2025;1485621;2004;2023;3
2025;1184060;2004;2020;3
2025;19206;2004;2020;4
2025;72767;2004;2020;3
2025;85652;2004;2020;3
2025;5000930;2004;2020;3
2025;1518;2004;2019;3
2025;11114;2004;2020;3
2025;8698;2004;2023;3
2025;1190280;2004;2019;3
2025;1184060;2004;2020;3
2025;5000812;2004;2020;3
2025;8698;2004;2020;3
2025;100956;2004;2020;3
2025;13723;2004;2020;3
2025;1029204;2004;2019;3
2025;72669;2004;2020;3
2025;1399616;2004;2018;3
2025;90483;2004;2004;3
2025;1399482;2004;2022;3
2025;7414;2004;2020;3
2025;6711;2004;2020;3
2025;1166567;2004;2021;3
2025;72669;2004;2020;3
2025;1385538;2004;2017;3
2025;7676;2004;2021;3
2025;1390311;2004;2020;3
2025;1483805;2004;2020;3
2025;1448710;2004;2019;3
2025;65114;2004;2022;3
2025;1397771;2004;2020;3
2025;1385538;2004;2020;3
2025;99476;2004;2021;3
2025;1292917;2004;2018;3
2025;72767;2004;2020;3
2025;9988;2004;2020;3
2025;1202588;2004;2019;3
2025;11316;2004;2020;3
2025;1421013;2004;2020;3
2025;1188849;2004;2023;3
2025;14359;2004;2018;3
2025;1166567;2004;2021;3
2025;72417;2004;2019;3
2025;108884;2004;2020;3
2025;1257548;2004;2025;3
2025;1050663;2004;2020;3
2025;51835;2004;2021;3
2025;72767;2004;2019;3
2025;5001294;2004;2020;3
2025;18472;2004;2021;3
2025;1427419;2004;2020;3
2025;1399480;2004;2021;3
2025;5001341;2004;2020;3
2025;7105;2004;2020;3
2025;1029204;2004;2020;3
2025;1477973;2004;2020;3
2025;71859;2004;2020;3
2025;72681;2004;2020;3
2025;5001183;2004;2020;4
2025;1342536;2004;2020;3
2025;65114;2004;2021;3
2025;13424;2004;2017;3
2025;14975;2004;2021;3
2025;1419799;2004;2020;3
2025;18605;2004;2019;3
2025;11114;2004;2020;3
2025;1399482;2004;2022;3
2025;1192237;2004;2021;3
2025;98406;2004;2020;3
2025;1178524;2004;2022;3
2025;19294;2004;2020;3
2025;8698;2004;2021;3
2025;16904;2004;2020;3
2025;1385538;2004;2017;3
2025;2392;2004;2019;3
2025;75821;2004;2020;3
2025;65114;2004;2022;3
2025;1180318;2004;2020;3
2025;57852;2004;2020;3
2025;1050663;2004;2020;3
2025;5000980;2004;2020;3
2025;13424;2004;2016;3
2025;64918;2004;2020;3
2025;1184325;2004;2021;3
2025;1258023;2004;2021;3
2025;75821;2004;2021;3
2025;1483759;2004;2020;3
2025;1029204;2004;2020;3
2025;5000979;2004;2020;3
2025;1184060;2004;2019;3
2025;7414;2004;2021;3
2025;1185903;2004;2023;3
2025;18605;2004;2020;3
2025;1202553;2004;2020;3
2025;13453;2004;2020;3
2025;1184325;2004;2020;3
2025;5000001;2004;2022;3
2025;57402;2004;2020;3
2025;72667;2004;2022;3
2025;1200578;2004;2020;3
2025;1518;2004;2019;3
2025;65114;2004;2022;3
2025;1190621;2004;2020;3
2025;1399482;2004;2021;3
2025;1408262;2004;2021;3
2025;66361;2004;2022;3
2025;100958;2004;2023;3
2025;9996;2004;2017;3
2025;1185903;2004;2020;3
2025;91219;2004;2020;3
2025;72767;2004;2021;3
2025;1179189;2004;2020;3
2025;1363536;2004;2020;3
2025;79007;2004;2020;3
2025;71859;2004;2020;3
2025;1192047;2004;2022;3
2025;85652;2004;2020;3
2025;1399487;2004;2020;3
2025;1202553;2004;2020;3
2025;8698;2004;2023;3
2025;1108281;2004;2021;3
2025;1457707;2004;2022;4
2025;11316;2004;2020;3
2025;85652;2004;2020;3
2025;1108786;2004;2020;3
2025;65114;2004;2021;3
2025;1487491;2004;2022;3
2025;1483759;2004;2020;3
2025;65114;2004;2021;3
2025;5000979;2004;2020;3
2025;1408261;2004;2020;3
2025;1399618;2004;2022;4
2025;11233;2004;2018;3
2025;12970;2004;2018;1
2025;72663;2004;2021;3
2025;85652;2004;2020;3
2025;1184432;2004;2020;3
2025;59174;2004;2019;3
2025;91219;2004;2020;3
2025;49060;2004;2020;3
2025;65114;2004;2022;3
2025;7676;2004;2020;3
2025;1390311;2004;2020;3
2025;5000978;2004;2020;3
2025;1192188;2004;2020;3
2025;91219;2004;2020;3
2025;1321864;2004;2020;3
2025;1192188;2004;2020;3
2025;1202547;2004;2017;3
2025;1342537;2004;2020;3
2025;20360;2004;2020;3
2025;1185903;2004;2020;3
2025;1322329;2004;2023;3
2025;65114;2004;2021;3
2025;100956;2004;2020;3
2025;9326;2004;2020;1
2025;18605;2004;2020;3
2025;1173014;2004;2020;3
2025;1419799;2004;2020;3
2025;1342449;2004;2019;3
2025;5000812;2004;2020;3
2025;1487290;2004;2020;3
2025;1184060;2004;2019;3
2025;5909;2004;2020;3
2025;1445016;2004;2019;3
2025;1258023;2004;2020;3
2025;5000812;2004;2020;3
2025;5001294;2004;2020;3
2025;7414;2004;2023;3
2025;91219;2004;2020;3
2025;1171609;2004;2021;3
2025;5001300;2004;2022;3
2025;1192188;2004;2019;3
2025;1184047;2004;2020;3
2025;18594;2004;2020;4
2025;7705;2004;2020;3
2025;1190280;2004;2019;3
2025;107766;2004;2020;3
2025;1427370;2004;2021;3
2025;1188900;2004;2020;3
2025;84408;2004;2020;3
2025;1483768;2004;2021;3
2025;1487290;2004;2020;3
2025;72667;2004;2020;3
2025;1399616;2004;2020;3
2025;18605;2004;2019;3
2025;72675;2004;2023;3
2025;5000979;2004;2021;3
2025;65114;2004;2022;3
2025;1330031;2004;2018;3
2025;99476;2004;2021;3
2025;1258023;2004;2020;3
2025;1485621;2004;2021;3
2025;64918;2004;2020;3
2025;1191415;2004;2020;3
2025;14359;2004;2020;3
2025;1166567;2004;2021;3
2025;1193264;2004;2020;3
2025;72667;2004;2020;3
2025;1184060;2004;2019;3
2025;9805;2004;2021;3
2025;1408508;2004;2021;4
2025;90483;2004;2004;3
2025;18594;2004;2022;4
2025;5000841;2004;2019;3
2025;1257548;2004;2024;3
2025;1108281;2004;2021;3
2025;71859;2004;2022;3
2025;19086;2004;2019;3
2025;1477973;2004;2020;3
2025;107666;2004;2020;3
2025;1408261;2004;2021;3
2025;1108786;2004;2020;3
2025;1192188;2004;2021;3
2025;64918;2004;2020;3
2025;1168313;2004;2022;3
2025;1184060;2004;2019;3
2025;65114;2004;2020;3
2025;13286;2004;2018;3
2025;1487290;2004;2020;3
2025;1192047;2004;2020;3
2025;97679;2004;2020;3
2025;1190667;2004;2020;3
2025;1190280;2004;2019;3
2025;18605;2004;2020;3
2025;9326;2004;2020;1
2025;4503;2004;2020;3
2025;1185076;2004;2019;3
2025;1322329;2004;2020;3
2025;1059179;2004;2021;3
2025;5000001;2004;2021;3
2025;1184325;2004;2020;3
2025;5000812;2004;2020;3
2025;1399616;2004;2017;3
2025;1193264;2004;2020;3
2025;86288;2004;2020;3
2025;5000979;2004;2022;3
2025;1408509;2004;2020;3
2025;91219;2004;2020;3
2025;1349675;2004;2020;3
2025;7705;2004;2020;3
2025;1421013;2004;2019;3
2025;49060;2004;2021;3
2025;1399615;2004;2023;3
2025;1214209;2004;2021;3
2025;7676;2004;2020;3
2025;1399477;2004;2021;3
2025;59414;2004;2020;3
2025;1261971;2004;2019;3
2025;1278877;2004;2020;3
2025;19850;2004;2020;3
2025;1258023;2004;2021;3
2025;1189778;2004;2020;3
2025;1518495;2004;2020;3
2025;13601;2004;2020;3
2025;1399478;2004;2020;3
2025;65114;2004;2021;3
2025;1385538;2004;2019;3
2025;72669;2004;2020;3
2025;91219;2004;2020;3
2025;85652;2004;2021;3
2025;1399479;2004;2022;3
2025;1184325;2004;2020;3
2025;5000980;2004;2020;3
2025;1166567;2004;2021;3
2025;108014;2004;2019;3
2025;12569;2004;2020;3
2025;15475;2004;2020;1
2025;57402;2004;2020;3
2025;1399480;2004;2018;3
2025;1193275;2004;2020;3
2025;1257548;2004;2024;3
2025;5001183;2004;2020;3
2025;140;2004;2012;3
2025;90059;2004;2020;3
2025;87537;2005;2020;3
2025;868;2005;2020;3
2025;1385538;2005;2020;3
2025;1322329;2005;2020;3
2025;1399477;2005;2022;3
2025;5001294;2005;2020;3
2025;5000931;2005;2020;3
2025;1385538;2005;2020;3
2025;1390311;2005;2020;3
2025;1185903;2005;2024;3
2025;1399482;2005;2022;3
2025;12345;2005;2019;3
2025;18605;2005;2020;3
2025;108014;2005;2020;3
2025;72675;2005;2019;3
2025;20360;2005;2020;3
2025;85652;2005;2020;3
2025;1258023;2005;2024;3
2025;10289;2005;2020;3
2025;1390311;2005;2021;3
2025;1399482;2005;2021;3
2025;1192047;2005;2020;3
2025;5909;2005;2020;3
2025;14563;2005;2019;3
2025;5001294;2005;2021;3
2025;19294;2005;2019;3
2025;1184060;2005;2019;3
2025;18605;2005;2020;3
2025;65114;2005;2022;3
2025;57402;2005;2020;3
2025;1477973;2005;2020;3
2025;1184060;2005;2019;3
2025;1399614;2005;2019;4
2025;66361;2005;2020;3
2025;5001294;2005;2020;3
2025;100958;2005;2020;3
2025;1487290;2005;2020;3
2025;5001294;2005;2020;3
2025;1185903;2005;2020;3
2025;3677;2005;2020;3
2025;65114;2005;2022;3
2025;1342537;2005;2021;3
2025;4503;2005;2020;3
2025;19086;2005;2020;3
2025;5001183;2005;2020;3
2025;1168313;2005;2020;3
2025;1408262;2005;2021;3
2025;1050663;2005;2020;3
2025;1192047;2005;2020;3
2025;72663;2005;2020;3
2025;59174;2005;2020;3
2025;1193275;2005;2020;3
2025;1136509;2005;2020;3
2025;7414;2005;2020;3
2025;9988;2005;2020;1
2025;1408507;2005;2019;3
2025;7837;2005;2014;3
2025;1397773;2005;2020;3
2025;39415;2005;2021;3
2025;18605;2005;2020;3
2025;1264844;2005;2020;3
2025;5345;2005;2020;3
2025;18605;2005;2022;3
2025;86288;2005;2020;3
2025;1026;2005;2019;3
2025;1419799;2005;2020;3
2025;103596;2005;2019;3
2025;9326;2005;2020;1
2025;7837;2005;2019;3
2025;1189778;2005;2020;3
2025;1257548;2005;2024;3
2025;9326;2005;2020;1
2025;13286;2005;2019;3
2025;10289;2005;2020;3
2025;1188900;2005;2020;3
2025;1399614;2005;2020;4
2025;1399478;2005;2020;3
2025;5001300;2005;2020;3
2025;1166567;2005;2020;3
2025;1408507;2005;2020;3
2025;18605;2005;2021;3
2025;5001294;2005;2020;3
2025;72663;2005;2021;3
2025;98406;2005;2020;3
2025;5001450;2005;2020;3
2025;65114;2005;2022;3
2025;72667;2005;2020;3
2025;10222;2005;2020;3
2025;5000979;2005;2021;3
2025;84352;2005;2020;3
2025;14359;2005;2020;3
2025;5001427;2005;2020;3
2025;1408259;2005;2022;3
2025;1408504;2005;2020;3
2025;8960;2005;2020;3
2025;87941;2005;2020;3
2025;1168313;2005;2022;3
2025;19294;2005;2020;3
2025;19294;2005;2020;3
2025;75821;2005;2017;3
2025;12970;2005;2020;1
2025;57852;2005;2020;3
2025;1342536;2005;2021;3
2025;65114;2005;2022;3
2025;1185903;2005;2022;3
2025;85652;2005;2020;3
2025;100956;2005;2020;3
2025;37304;2005;2020;4
2025;65114;2005;2022;3
2025;5001341;2005;2020;3
2025;1486822;2005;2020;3
2025;1419799;2005;2020;3
2025;39415;2005;2020;3
2025;1385538;2005;2020;3
2025;1399618;2005;2022;4
2025;11316;2005;2020;3
2025;57852;2005;2020;3
2025;19294;2005;2020;3
2025;303;2005;2019;1
2025;18605;2005;2020;3
2025;84352;2005;2020;3
2025;1168313;2005;2020;3
2025;1168313;2005;2019;3
2025;98506;2005;2020;3
2025;37304;2005;2021;4
2025;7676;2005;2020;3
2025;59174;2005;2019;3
2025;13601;2005;2019;3
2025;79007;2005;2022;3
2025;1108786;2005;2020;3
2025;1257524;2005;2020;4
2025;1192237;2005;2020;3
2025;100688;2005;2020;3
2025;7676;2005;2020;3
2025;1399479;2005;2020;3
2025;1184060;2005;2019;3
2025;72767;2005;2020;3
2025;1180318;2005;2020;3
2025;1192047;2005;2021;3
2025;1202573;2005;2020;3
2025;79007;2005;2021;3
2025;1399616;2005;2020;3
2025;1173014;2005;2019;3
2025;72669;2005;2020;3
2025;66361;2005;2020;3
2025;5000980;2005;2020;3
2025;1108786;2005;2020;3
2025;18472;2005;2020;3
2025;9326;2005;2020;1
2025;49060;2005;2020;3
2025;1168313;2005;2020;3
2025;1399480;2005;2020;3
2025;72667;2005;2022;3
2025;7414;2005;2020;3
2025;98506;2005;2020;3
2025;1399287;2005;2021;3
2025;18594;2005;2020;4
2025;1192188;2005;2022;3
2025;108884;2005;2020;3
2025;5001294;2005;2020;3
2025;1408259;2005;2022;3
2025;1477973;2005;2019;3
2025;49060;2005;2020;3
2025;1397771;2005;2019;3
2025;1342610;2005;2019;3
2025;5001294;2005;2021;3
2025;1408504;2005;2020;3
2025;1399616;2005;2019;3
2025;39415;2005;2020;3
2025;1408505;2005;2020;3
2025;1193275;2005;2020;3
2025;91219;2005;2020;3
2025;1385538;2005;2020;3
2025;85652;2005;2021;3
2025;72669;2005;2020;3
2025;1179189;2005;2020;3
2025;72681;2005;2020;3
2025;79007;2005;2021;3
2025;1390311;2005;2020;3
2025;7414;2005;2020;3
2025;1399489;2005;2021;3
2025;5000979;2005;2020;3
2025;75821;2005;2021;3
2025;7705;2005;2020;3
2025;84352;2005;2021;3
2025;66361;2005;2022;3
2025;1029204;2005;2020;3
2025;1214209;2005;2020;3
2025;18472;2005;2020;3
2025;85652;2005;2020;3
2025;1421100;2005;2020;3
2025;1257548;2005;2020;3
2025;100956;2005;2021;3
2025;1050663;2005;2020;3
2025;39415;2005;2020;3
2025;1408259;2005;2022;3
2025;1188900;2005;2020;3
2025;7414;2005;2020;3
2025;1190667;2005;2020;3
2025;5001294;2005;2019;3
2025;5000979;2005;2022;3
2025;5001427;2005;2020;3
2025;7414;2005;2021;3
2025;1108281;2005;2021;3
2025;57852;2005;2021;3
2025;1427370;2005;2022;3
2025;79007;2005;2020;3
2025;5001427;2005;2019;3
2025;59414;2005;2020;3
2025;98409;2005;2020;3
2025;1173014;2005;2020;3
2025;5001294;2005;2021;3
2025;1029204;2005;2021;3
2025;72681;2005;2020;3
2025;57402;2005;2020;3
2025;1188900;2005;2020;3
2025;5001294;2005;2020;3
2025;1185076;2005;2019;3
2025;1408504;2005;2020;3
2025;75821;2005;2021;3
2025;85652;2005;2020;3
2025;1399616;2005;2017;3
2025;1173014;2005;2020;3
2025;1168313;2005;2020;3
2025;65114;2005;2022;3
2025;1184060;2005;2019;3
2025;1399482;2005;2022;3
2025;85652;2005;2020;3
2025;1166567;2005;2021;3
2025;85652;2005;2020;3
2025;85652;2005;2020;3
2025;49060;2005;2020;3
2025;5000812;2005;2020;3
2025;1385538;2005;2018;3
2025;14234;2005;2019;3
2025;1184432;2005;2020;3
2025;1184060;2005;2020;3
2025;1399618;2005;2022;4
2025;1171609;2005;2020;3
2025;66361;2005;2021;3
2025;75821;2005;2020;3
2025;16236;2005;2020;3
2025;1322329;2005;2020;3
2025;389;2005;2020;1
2025;1192188;2005;2019;3
2025;5001183;2005;2021;3
2025;57402;2005;2020;3
2025;1399478;2005;2020;3
2025;90084;2005;2020;3
2025;9805;2005;2019;3
2025;9326;2005;2020;1
2025;49060;2005;2019;3
2025;93001;2005;2014;3
2025;18472;2005;2020;3
2025;5000979;2005;2020;3
2025;1399481;2005;2020;3
2025;18605;2005;2020;3
2025;72681;2005;2020;3
2025;5001341;2005;2020;3
2025;85652;2005;2019;3
2025;18605;2005;2019;3
2025;389;2005;2019;1
2025;1421013;2005;2020;3
2025;1399614;2005;2021;4
2025;9326;2005;2013;1
2025;1257524;2005;2020;4
2025;91219;2005;2021;3
2025;1408508;2005;2021;4
2025;13723;2005;2020;3
2025;18472;2005;2020;3
2025;1408507;2005;2020;3
2025;72669;2005;2020;3
2025;1184060;2005;2019;3
2025;72669;2005;2020;3
2025;1397772;2005;2020;3
2025;1184060;2005;2020;3
2025;39415;2005;2020;3
2025;6496;2005;2020;3
2025;1486822;2005;2022;3
2025;1190280;2005;2019;3
2025;1322329;2005;2021;3
2025;5001294;2005;2021;3
2025;10289;2005;2021;3
2025;53338;2005;2020;3
2025;1399616;2005;2022;3
2025;85652;2005;2020;3
2025;1390317;2005;2020;3
2025;75821;2005;2020;3
2025;1385538;2005;2020;3
2025;1399614;2005;2021;4
2025;1399482;2005;2021;3
2025;5001294;2005;2020;3
2025;1104264;2005;2021;3
2025;1427370;2005;2020;3
2025;72675;2005;2021;3
2025;1184047;2005;2020;3
2025;1178524;2005;2020;3
2025;9996;2005;2021;3
2025;15839;2005;2020;3
2025;1166567;2005;2021;3
2025;5001294;2005;2019;3
2025;7414;2005;2020;3
2025;5000980;2005;2020;3
2025;51699;2005;2020;3
2025;74655;2005;2020;3
2025;57402;2005;2020;3
2025;91219;2005;2020;3
2025;18605;2005;2020;3
2025;1190667;2005;2020;3
2025;107766;2005;2020;3
2025;90084;2005;2021;3
2025;1193264;2005;2021;3
2025;868;2005;2021;3
2025;4503;2005;2020;3
2025;72667;2005;2021;3
2025;1399477;2005;2020;3
2025;75821;2005;2020;3
2025;108882;2005;2021;3
2025;1321864;2005;2020;3
2025;82224;2005;2020;3
2025;1184060;2005;2019;3
2025;18594;2005;2019;4
2025;1408509;2005;2020;3
2025;1408259;2005;2020;3
2025;91219;2005;2020;3
2025;75821;2005;2021;3
2025;37304;2005;2020;4
2025;1477973;2005;2019;3
2025;1192047;2005;2020;3
2025;15343;2005;2020;3
2025;98409;2005;2019;3
2025;1483759;2005;2020;3
2025;1108786;2005;2023;3
2025;84352;2005;2021;3
2025;59174;2005;2020;3
2025;1173014;2005;2020;3
2025;1483805;2005;2020;3
2025;5000001;2005;2023;3
2025;64918;2005;2019;3
2025;14234;2005;2020;3
2025;65114;2005;2021;3
2025;1192047;2005;2021;3
2025;19434;2005;2020;3
2025;1108281;2005;2020;3
2025;1399487;2005;2020;3
2025;1399616;2005;2018;3
2025;72681;2005;2020;3
2025;72669;2005;2020;3
2025;1408262;2006;2019;3
2025;1202546;2006;2020;3
2025;1486822;2006;2020;3
2025;16904;2006;2020;3
2025;72667;2006;2022;3
2025;1322329;2006;2022;3
2025;1184060;2006;2020;3
2025;59174;2006;2025;3
2025;1258021;2006;2020;3
2025;1171609;2006;2021;3
2025;64918;2006;2017;3
2025;7414;2006;2019;3
2025;85652;2006;2020;3
2025;1445016;2006;2020;3
2025;3677;2006;2020;3
2025;72669;2006;2020;3
2025;868;2006;2020;3
2025;1399619;2006;2020;3
2025;72669;2006;2020;3
2025;100956;2006;2020;3
2025;8960;2006;2020;3
2025;1408259;2006;2020;3
2025;75821;2006;2020;3
2025;19434;2006;2021;3
2025;72669;2006;2020;3
2025;72767;2006;2020;3
2025;1408262;2006;2020;3
2025;5000979;2006;2022;3
2025;58412;2006;2019;3
2025;389;2006;2020;1
2025;18594;2006;2022;4
2025;65114;2006;2023;3
2025;1050663;2006;2020;3
2025;1258021;2006;2021;3
2025;18594;2006;2020;4
2025;65114;2006;2023;3
2025;19206;2006;2023;4
2025;1408508;2006;2023;4
2025;91219;2006;2020;3
2025;72675;2006;2018;3
2025;1257524;2006;2018;4
2025;7105;2006;2020;3
2025;1385521;2006;2020;3
2025;1408504;2006;2021;3
2025;1178524;2006;2020;3
2025;100956;2006;2021;3
2025;18594;2006;2020;4
2025;389;2006;2009;1
2025;1050663;2006;2020;3
2025;65114;2006;2021;3
2025;1399477;2006;2021;3
2025;1108786;2006;2018;3
2025;72663;2006;2020;3
2025;59174;2006;2020;3
2025;5000812;2006;2019;3
2025;97679;2006;2020;3
2025;1171609;2006;2020;3
2025;19850;2006;2020;3
2025;1399481;2006;2020;3
2025;1173014;2006;2020;3
2025;1183313;2006;2020;3
2025;1477973;2006;2020;3
2025;7414;2006;2020;3
2025;1321864;2006;2020;3
2025;1486822;2006;2020;3
2025;14615;2006;2020;3
2025;12015;2006;2020;3
2025;108884;2006;2020;3
2025;59174;2006;2022;3
2025;1385538;2006;2017;3
2025;1314146;2006;2020;3
2025;5000930;2006;2022;1
2025;1342610;2006;2019;3
2025;1342536;2006;2020;3
2025;1257562;2006;2020;3
2025;100956;2006;2020;3
2025;1178524;2006;2022;3
2025;66248;2006;2020;3
2025;13453;2006;2020;3
2025;1202553;2006;2019;3
2025;65924;2006;2022;3
2025;1202553;2006;2019;3
2025;1192047;2006;2021;3
2025;1202573;2006;2020;3
2025;5001314;2006;2022;3
2025;13424;2006;2019;3
2025;57852;2006;2020;3
2025;72767;2006;2020;3
2025;1202553;2006;2019;3
2025;65114;2006;2020;3
2025;91219;2006;2020;3
2025;1419799;2006;2019;3
2025;97679;2006;2020;3
2025;1327450;2006;2020;3
2025;5909;2006;2020;3
2025;1485621;2006;2023;3
2025;1108786;2006;2020;3
2025;1258023;2006;2021;3
2025;1190667;2006;2020;3
2025;5000812;2006;2020;3
2025;15783;2006;2020;3
2025;2918;2006;2020;3
2025;5001450;2006;2020;3
2025;54494;2006;2019;3
2025;72663;2006;2021;3
2025;1292917;2006;2020;3
2025;1399486;2006;2020;3
2025;72669;2006;2021;3
2025;12569;2006;2020;3
2025;1399477;2006;2022;3
2025;72767;2006;2020;3
2025;90059;2006;2020;3
2025;5001314;2006;2023;3
2025;90084;2006;2021;3
2025;1163738;2006;2020;3
2025;13286;2006;2019;3
2025;64918;2006;2022;3
2025;1050663;2006;2020;3
2025;1419799;2006;2020;3
2025;1292725;2006;2022;3
2025;7414;2006;2020;3
2025;82224;2006;2020;3
2025;49060;2006;2020;3
2025;1427420;2006;2020;3
2025;1399619;2006;2021;3
2025;1190280;2006;2019;3
2025;85652;2006;2021;3
2025;10224;2006;2020;3
2025;5000930;2006;2020;1
2025;99476;2006;2021;3
2025;1184325;2006;2022;3
2025;8437;2006;2019;3
2025;1192047;2006;2022;3
2025;11114;2006;2020;3
2025;91219;2006;2019;3
2025;99476;2006;2020;3
2025;5000812;2006;2021;3
2025;1408505;2006;2022;3
2025;1178524;2006;2020;3
2025;14563;2006;2020;3
2025;15839;2006;2020;3
2025;1483759;2006;2020;3
2025;1342610;2006;2017;3
2025;1408259;2006;2022;3
2025;85652;2006;2020;3
2025;1399618;2006;2020;4
2025;1408259;2006;2022;3
2025;113504;2006;2020;3
2025;18605;2006;2020;3
2025;57852;2006;2020;3
2025;51835;2006;2020;3
2025;107666;2006;2020;3
2025;1188849;2006;2021;3
2025;1397771;2006;2020;3
2025;7414;2006;2025;3
2025;113504;2006;2022;3
2025;13286;2006;2019;3
2025;18447;2006;2020;3
2025;108882;2006;2020;3
2025;1171609;2006;2020;3
2025;66361;2006;2020;3
2025;72767;2006;2020;3
2025;85652;2006;2019;3
2025;99476;2006;2021;3
2025;64706;2006;2020;3
2025;65114;2006;2022;3
2025;1168313;2006;2020;3
2025;85652;2006;2021;3
2025;1399615;2006;2020;3
2025;1518;2006;2019;3
2025;5000001;2006;2022;3
2025;1292725;2006;2016;3
2025;5000930;2006;2020;1
2025;1399615;2006;2021;3
2025;4503;2006;2020;3
2025;93001;2006;2020;3
2025;72681;2006;2020;3
2025;49910;2006;2015;3
2025;1518495;2006;2020;3
2025;18605;2006;2020;3
2025;1483805;2006;2020;3
2025;1399616;2006;2020;3
2025;1257524;2006;2020;4
2025;5000930;2006;2023;1
2025;58412;2006;2020;3
2025;1399477;2006;2021;3
2025;1399481;2006;2020;3
2025;90483;2006;2006;3
2025;39415;2006;2020;3
2025;1399618;2006;2021;4
2025;1385538;2006;2019;3
2025;72681;2006;2023;3
2025;85652;2006;2020;3
2025;1397771;2006;2020;3
2025;1202553;2006;2019;3
2025;1168313;2006;2022;3
2025;1183958;2006;2019;3
2025;72669;2006;2019;3
2025;1408262;2006;2020;3
2025;1327450;2006;2020;3
2025;1183313;2006;2020;3
2025;484;2006;2016;3
2025;5001294;2006;2021;3
2025;1295813;2006;2020;3
2025;1385538;2006;2020;3
2025;1399482;2006;2021;3
2025;7414;2006;2020;3
2025;1399614;2006;2020;4
2025;1163738;2006;2021;3
2025;1313341;2006;2020;3
2025;1184325;2006;2020;3
2025;12;2006;2019;3
2025;5001294;2006;2020;3
2025;1173014;2006;2020;3
2025;91219;2006;2019;3
2025;11114;2006;2020;3
2025;74594;2006;2020;3
2025;1257562;2006;2020;3
2025;1179501;2006;2019;3
2025;1102360;2006;2020;3
2025;65114;2006;2022;3
2025;12692;2006;2020;3
2025;65114;2006;2021;3
2025;1257777;2006;2020;3
2025;1385538;2006;2017;3
2025;87537;2006;2020;3
2025;12970;2006;2020;1
2025;1192047;2006;2021;3
2025;1184047;2006;2020;3
2025;59414;2006;2020;3
2025;1193275;2006;2020;3
2025;13286;2006;2019;3
2025;1188849;2006;2023;3
2025;1108786;2006;2020;3
2025;1330031;2006;2018;3
2025;1322329;2006;2023;3
2025;1385538;2006;2017;3
2025;14563;2006;2020;3
2025;4503;2006;2020;3
2025;69624;2006;2020;3
2025;16236;2006;2020;3
2025;72681;2006;2020;3
2025;12692;2006;2020;3
2025;1518495;2006;2020;3
2025;5001294;2006;2020;3
2025;1390311;2006;2020;3
2025;1257548;2006;2024;3
2025;1408507;2006;2020;3
2025;49060;2006;2020;3
2025;18605;2006;2021;3
2025;1171609;2006;2020;3
2025;65114;2006;2022;3
2025;1408261;2006;2021;3
2025;72669;2006;2020;3
2025;1477973;2006;2020;3
2025;4503;2006;2020;3
2025;1390317;2006;2020;3
2025;65114;2006;2021;3
2025;868;2006;2020;3
2025;8960;2006;2020;3
2025;8437;2006;2019;3
2025;90483;2006;2006;3
2025;1330031;2006;2019;3
2025;72669;2006;2020;3
2025;69624;2006;2019;3
2025;1399614;2006;2020;4
2025;12569;2006;2018;1
2025;1202539;2006;2020;3
2025;1322329;2006;2022;3
2025;13723;2006;2022;3
2025;1518;2006;2021;3
2025;18594;2006;2020;4
2025;1108786;2006;2023;3
2025;72681;2006;2023;3
2025;98409;2006;2020;3
2025;37304;2006;2022;4
2025;1185903;2006;2023;3
2025;1518;2006;2020;3
2025;1397771;2006;2020;3
2025;1487491;2006;2022;3
2025;13723;2006;2016;3
2025;100956;2006;2021;3
2025;65924;2006;2022;3
2025;1408262;2006;2020;3
2025;13723;2006;2020;3
2025;4082;2006;2020;3
2025;37304;2006;2023;4
2025;6496;2006;2020;3
2025;14234;2006;2020;3
2025;1399614;2006;2022;4
2025;38071;2006;2019;3
2025;18594;2006;2022;4
2025;5000980;2006;2020;3
2025;1427420;2006;2023;3
2025;100956;2006;2022;3
2025;1457006;2006;2020;3
2025;1399487;2006;2020;3
2025;1108281;2006;2020;3
2025;1487491;2006;2019;3
2025;1107;2006;2020;3
2025;18605;2006;2020;3
2025;1184060;2006;2020;3
2025;72663;2006;2020;3
2025;1399614;2006;2021;4
2025;12015;2006;2020;3
2025;72667;2006;2020;3
2025;65114;2006;2021;3
2025;1485621;2006;2021;3
2025;18605;2006;2019;3
2025;65924;2006;2019;3
2025;87537;2006;2020;3
2025;1180318;2006;2020;3
2025;49060;2006;2020;3
2025;57852;2006;2020;3
2025;5001294;2006;2022;3
2025;107766;2006;2020;3
2025;59174;2006;2022;3
2025;1397773;2006;2020;3
2025;1342610;2006;2019;3
2025;91219;2006;2019;3
2025;1292917;2006;2020;3
2025;1184325;2006;2021;3
2025;1171609;2006;2021;3
2025;14093;2006;2020;3
2025;1408261;2006;2020;3
2025;12692;2006;2020;3
2025;1185076;2006;2019;3
2025;1399616;2006;2017;3
2025;71859;2006;2020;3
2025;39415;2006;2019;3
2025;90483;2006;2006;3
2025;2348;2006;2020;3
2025;57402;2006;2020;3
2025;65114;2006;2020;3
2025;75821;2006;2018;3
2025;1184060;2006;2019;3
2025;14359;2006;2019;3
2025;1390311;2006;2020;3
2025;1421013;2006;2020;3
2025;1408505;2006;2020;3
2025;1178524;2006;2020;3
2025;7414;2006;2020;3
2025;1180318;2006;2020;3
2025;98406;2006;2020;3
2025;1408504;2006;2019;3
2025;1483805;2006;2020;3
2025;9772;2006;2022;3
2025;85652;2006;2020;3
2025;84408;2006;2022;3
2025;97679;2006;2020;3
2025;65114;2006;2022;3
2025;72667;2006;2021;3
2025;7105;2006;2020;3
2025;1399615;2006;2023;3
2025;91219;2006;2020;3
2025;91219;2006;2020;3
2025;1190667;2006;2020;3
2025;1314146;2006;2020;3
2025;72669;2006;2021;3
2025;1178672;2006;2021;3
2025;1427370;2006;2020;3
2025;11316;2006;2020;3
2025;5000841;2007;2020;3
2025;85652;2007;2020;3
2025;1292917;2007;2020;3
2025;13723;2007;2020;3
2025;39415;2007;2019;3
2025;1168313;2007;2020;3
2025;1427420;2007;2023;3
2025;1408507;2007;2021;3
2025;1455021;2007;2021;3
2025;38071;2007;2020;3
2025;5000980;2007;2020;3
2025;140;2007;2020;3
2025;1257777;2007;2020;3
2025;1477973;2007;2020;3
2025;1399480;2007;2021;3
2025;4503;2007;2020;3
2025;57402;2007;2020;3
2025;7414;2007;2020;3
2025;13200;2007;2020;3
2025;1385538;2007;2019;3
2025;65114;2007;2021;3
2025;1108786;2007;2019;3
2025;18594;2007;2021;4
2025;1185903;2007;2021;3
2025;1108786;2007;2020;3
2025;1330031;2007;2020;3
2025;1487290;2007;2020;3
2025;72767;2007;2020;3
2025;1487491;2007;2020;3
2025;1629;2007;2020;3
2025;5000979;2007;2020;3
2025;1108281;2007;2020;3
2025;2392;2007;2020;3
2025;98409;2007;2020;3
2025;1397771;2007;2020;3
2025;10591;2007;2020;3
2025;1190667;2007;2020;3
2025;1189607;2007;2020;3
2025;75821;2007;2020;3
2025;49060;2007;2020;3
2025;8698;2007;2021;3
2025;7676;2007;2019;3
2025;1050663;2007;2020;3
2025;1399615;2007;2020;3
2025;1292917;2007;2020;3
2025;7414;2007;2020;3
2025;18472;2007;2020;3
2025;90059;2007;2020;3
2025;60660;2007;2020;3
2025;1168313;2007;2020;3
2025;65114;2007;2022;3
2025;1321864;2007;2020;3
2025;1257524;2007;2020;4
2025;18605;2007;2021;3
2025;1385538;2007;2017;3
2025;1166567;2007;2021;3
2025;1421013;2007;2020;3
2025;37304;2007;2020;4
2025;7837;2007;2007;3
2025;1178524;2007;2020;3
2025;1178672;2007;2020;3
2025;98406;2007;2021;3
2025;12970;2007;2019;1
2025;3148;2007;2020;3
2025;1108786;2007;2022;3
2025;64918;2007;2020;3
2025;1184060;2007;2019;3
2025;1399614;2007;2021;4
2025;98409;2007;2020;3
2025;72681;2007;2020;3
2025;74655;2007;2020;3
2025;1385521;2007;2020;3
2025;1029204;2007;2021;3
2025;82224;2007;2021;3
2025;11233;2007;2020;3
2025;51835;2007;2020;3
2025;1419799;2007;2020;3
2025;86356;2007;2020;3
2025;79007;2007;2020;3
2025;1399616;2007;2020;3
2025;2918;2007;2020;3
2025;86288;2007;2022;3
2025;66361;2007;2022;3
2025;1385538;2007;2020;3
2025;97679;2007;2020;3
2025;1178524;2007;2020;3
2025;1257524;2007;2020;4
2025;72681;2007;2020;3
2025;65114;2007;2022;3
2025;1439;2007;2019;3
2025;7414;2007;2020;3
2025;5001294;2007;2020;3
2025;85652;2007;2020;3
2025;71859;2007;2013;3
2025;1184432;2007;2021;3
2025;1180318;2007;2020;3
2025;14234;2007;2020;3
2025;39415;2007;2022;3
2025;57402;2007;2020;3
2025;82224;2007;2023;3
2025;18605;2007;2020;3
2025;20360;2007;2020;3
2025;100688;2007;2020;3
2025;1399615;2007;2020;3
2025;12813;2007;2019;3
2025;7676;2007;2020;3
2025;1408508;2007;2020;4
2025;108882;2007;2021;3
2025;1399287;2007;2023;3
2025;1427419;2007;2021;3
2025;20249;2007;2020;3
2025;5001294;2007;2021;3
2025;57852;2007;2020;3
2025;12692;2007;2020;3
2025;1190667;2007;2021;3
2025;1166567;2007;2021;3
2025;1188127;2007;2021;3
2025;72669;2007;2015;3
2025;1390317;2007;2023;3
2025;1399484;2007;2020;3
2025;18605;2007;2019;3
2025;99476;2007;2021;3
2025;71859;2007;2020;3
2025;72669;2007;2020;3
2025;1390317;2007;2020;3
2025;11316;2007;2020;3
2025;1292917;2007;2020;3
2025;12692;2007;2017;3
2025;1257524;2007;2021;4
2025;91219;2007;2021;3
2025;100688;2007;2020;3
2025;71859;2007;2020;3
2025;1342536;2007;2021;3
2025;1477973;2007;2020;3
2025;1397771;2007;2020;3
2025;100956;2007;2022;3
2025;91219;2007;2020;3
2025;18472;2007;2020;3
2025;108882;2007;2024;3
2025;97679;2007;2020;3
2025;97679;2007;2020;3
2025;5000812;2007;2020;3
2025;1399616;2007;2008;3
2025;1385538;2007;2017;3
2025;51835;2007;2020;3
2025;65114;2007;2022;3
2025;1518495;2007;2020;3
2025;5000812;2007;2022;3
2025;84408;2007;2020;3
2025;1397771;2007;2022;3
2025;1193264;2007;2020;3
2025;7414;2007;2021;3
2025;13424;2007;2019;3
2025;100958;2007;2020;3
2025;1438629;2007;2021;3
2025;1200578;2007;2020;3
2025;5000812;2007;2020;3
2025;1166567;2007;2022;3
2025;1187646;2007;2019;3
2025;19294;2007;2020;3
2025;72417;2007;2020;3
2025;1399614;2007;2021;4
2025;1399618;2007;2022;4
2025;85652;2007;2020;3
2025;1180318;2007;2020;3
2025;1427419;2007;2023;3
2025;91219;2007;2019;3
2025;85652;2007;2020;3
2025;7414;2007;2020;3
2025;19850;2007;2020;3
2025;1184432;2007;2020;3
2025;65114;2007;2021;3
2025;1399482;2007;2021;3
2025;98409;2007;2020;3
2025;1399482;2007;2021;3
2025;18605;2007;2020;3
2025;11446;2007;2020;3
2025;7105;2007;2020;3
2025;1192237;2007;2020;3
2025;100956;2007;2021;3
2025;1399487;2007;2020;3
2025;72767;2007;2019;3
2025;75821;2007;2020;3
2025;1385538;2007;2017;3
2025;1190621;2007;2020;3
2025;1399488;2007;2020;3
2025;1050663;2007;2020;3
2025;5001294;2007;2020;3
2025;1193275;2007;2020;3
2025;1179189;2007;2020;3
2025;90084;2007;2021;3
2025;1342505;2007;2019;3
2025;72417;2007;2020;3
2025;38071;2007;2020;3
2025;21542;2007;2020;3
2025;1026;2007;2019;3
2025;72669;2007;2021;3
2025;1187646;2007;2019;3
2025;1427419;2007;2021;3
2025;1399477;2007;2021;3
2025;5001294;2007;2022;3
2025;18605;2007;2020;3
2025;1190667;2007;2020;3
2025;65114;2007;2022;3
2025;13601;2007;2020;3
2025;1190280;2007;2019;3
2025;10289;2007;2020;3
2025;82224;2007;2020;3
2025;1068548;2007;2019;3
2025;2918;2007;2018;3
2025;1166567;2007;2021;3
2025;1385521;2007;2020;3
2025;59174;2007;2019;3
2025;13200;2007;2020;3
2025;86356;2007;2020;3
2025;1399618;2007;2020;4
2025;72767;2007;2020;3
2025;100956;2007;2020;3
2025;1399484;2007;2020;3
2025;1168313;2007;2020;3
2025;72667;2007;2020;3
2025;66361;2007;2020;3
2025;18472;2007;2020;3
2025;5001314;2007;2020;3
2025;90084;2007;2020;3
2025;1399616;2007;2020;3
2025;1397773;2007;2021;3
2025;1483768;2007;2020;3
2025;72767;2007;2020;3
2025;9996;2007;2021;3
2025;7676;2007;2020;3
2025;1184325;2007;2020;3
2025;1342537;2007;2021;3
2025;1408504;2007;2020;3
2025;1487491;2007;2020;3
2025;1477973;2007;2020;3
2025;1029204;2007;2020;3
2025;18594;2007;2022;4
2025;1166567;2007;2021;3
2025;1363536;2007;2019;3
2025;5001183;2007;2019;4
2025;1321864;2007;2019;3
2025;1200578;2007;2020;3
2025;1408259;2007;2021;3
2025;1184325;2007;2020;3
2025;1272168;2007;2020;3
2025;1026;2007;2019;3
2025;8698;2007;2020;3
2025;1292917;2007;2020;3
2025;1163738;2007;2020;3
2025;19086;2007;2020;3
2025;75821;2007;2019;3
2025;1190667;2007;2019;3
2025;1258023;2007;2020;3
2025;1168313;2007;2022;3
2025;20058;2007;2020;3
2025;12692;2007;2020;3
2025;107666;2007;2020;3
2025;75821;2007;2019;3
2025;1292917;2007;2020;3
2025;1485621;2007;2020;3
2025;98406;2007;2022;3
2025;1193264;2007;2020;3
2025;1399618;2007;2022;4
2025;1185025;2007;2019;3
2025;1184432;2007;2020;3
2025;64918;2007;2023;3
2025;65114;2007;2021;3
2025;1178524;2007;2022;3
2025;1322329;2007;2022;3
2025;1421100;2007;2020;3
2025;4503;2007;2020;3
2025;1292726;2007;2020;3
2025;1342449;2007;2022;3
2025;4503;2007;2020;3
2025;65114;2007;2022;3
2025;1408505;2007;2020;3
2025;65114;2007;2022;3
2025;5000931;2007;2020;3
2025;1397772;2007;2020;3
2025;1427370;2007;2022;3
2025;90483;2007;2007;3
2025;20249;2007;2020;3
2025;18605;2007;2020;3
2025;84352;2007;2020;3
2025;1399486;2007;2020;3
2025;1457006;2007;2020;3
2025;59174;2007;2020;3
2025;12970;2007;2020;1
2025;90483;2007;2007;3
2025;1399486;2007;2020;3
2025;1188849;2007;2023;3
2025;5000979;2007;2021;3
2025;5000930;2007;2020;3
2025;1190621;2007;2020;3
2025;71859;2007;2019;3
2025;1050663;2007;2019;3
2025;1029763;2007;2018;3
2025;65114;2007;2020;3
2025;4503;2007;2021;3
2025;37304;2007;2020;4
2025;11316;2007;2016;3
2025;1399486;2007;2020;3
2025;1184060;2007;2019;3
2025;1408505;2007;2020;3
2025;48854;2007;2020;3
2025;1192047;2007;2024;3
2025;79007;2007;2020;3
2025;1190280;2007;2019;3
2025;13286;2007;2019;3
2025;90084;2007;2020;3
2025;1427420;2007;2020;3
2025;57852;2007;2020;3
2025;72681;2007;2020;3
2025;1190280;2007;2019;3
2025;57402;2007;2020;3
2025;1408508;2007;2021;4
2025;9805;2007;2020;3
2025;37304;2007;2020;4
2025;1202539;2007;2019;3
2025;59174;2007;2021;3
2025;18605;2007;2020;3
2025;1518;2007;2019;3
2025;72675;2007;2019;3
2025;72663;2007;2020;3
2025;11316;2007;2020;3
2025;1397772;2007;2020;3
2025;1397771;2007;2020;3
2025;57852;2007;2020;3
2025;72767;2007;2020;3
2025;8698;2007;2022;3
2025;8698;2007;2023;3
2025;1202553;2007;2020;3
2025;19294;2007;2021;3
2025;1050663;2007;2020;3
2025;85652;2007;2021;3
2025;13103;2007;2020;3
2025;37304;2007;2020;4
2025;12692;2007;2020;3
2025;1408508;2007;2024;4
2025;1518495;2007;2020;3
2025;72767;2007;2020;3
2025;5000979;2007;2020;3
2025;1292917;2007;2020;3
2025;8554;2007;2020;3
2025;1258021;2007;2020;3
2025;1059179;2007;2020;3
2025;10289;2007;2020;3
2025;1188849;2007;2020;3
2025;13866;2007;2020;3
2025;66361;2007;2020;3
2025;19294;2007;2020;3
2025;1399287;2007;2020;3
2025;1258023;2007;2021;3
2025;1200712;2007;2021;3
2025;74594;2007;2020;3
2025;1427419;2007;2021;3
2025;1518495;2007;2020;3
2025;100958;2007;2020;3
2025;98506;2007;2021;3
2025;1166567;2007;2021;3
2025;1188849;2007;2020;3
2025;65114;2007;2022;3
2025;1179189;2007;2020;3
2025;5000981;2007;2020;3
2025;1438629;2007;2020;3
2025;57402;2007;2022;3
2025;1190280;2007;2019;3
2025;14615;2007;2019;3
2025;5001294;2007;2021;3
2025;1385538;2007;2020;3
2025;1390309;2007;2020;3
2025;5000930;2007;2020;3
2025;5000812;2007;2020;3
2025;85652;2007;2020;3
2025;1342449;2007;2022;3
2025;18605;2007;2020;3
2025;18594;2007;2020;4
2025;1184325;2007;2021;3
2025;9996;2007;2020;3
2025;97679;2007;2020;3
2025;1397773;2007;2020;3
2025;1292726;2007;2019;3
2025;1399614;2007;2021;4
2025;100956;2007;2021;3
2025;58412;2007;2020;3
2025;1390311;2007;2020;3
2025;5001294;2007;2020;3
2025;1278877;2007;2020;3
2025;1257777;2007;2020;3
2025;1029204;2007;2020;3
2025;64918;2007;2020;3
2025;1190280;2007;2019;3
2025;5000931;2007;2020;3
2025;1171609;2007;2020;3
2025;1168313;2007;2020;3
2025;14359;2007;2020;3
2025;389;2007;2019;1
2025;7414;2007;2020;3
2025;1108281;2007;2021;3
2025;1399615;2007;2020;3
2025;99476;2007;2021;3
2025;57852;2007;2020;3
2025;5001294;2007;2020;3
2025;140;2007;2013;3
2025;100956;2007;2021;3
2025;1192047;2007;2020;3
2025;79007;2007;2020;3
2025;1184060;2007;2019;3
2025;1399616;2007;2018;3
2025;10289;2007;2019;3
2025;6496;2007;2020;3
2025;3148;2007;2020;3
2025;97679;2007;2019;3
2025;5000812;2007;2019;3
2025;5001294;2007;2021;3
2025;65114;2007;2022;3
2025;58412;2007;2020;3
2025;65114;2007;2021;3
2025;9772;2007;2021;3
2025;1486822;2007;2022;3
2025;1185903;2007;2020;3
2025;12692;2007;2019;3
2025;1261972;2007;2019;3
2025;1342449;2007;2020;3
2025;7414;2007;2021;3
2025;4503;2007;2020;3
2025;7705;2007;2020;3
2025;20249;2007;2021;3
2025;5000979;2008;2020;3
2025;1258021;2008;2020;3
2025;59174;2008;2020;3
2025;14234;2008;2020;3
2025;1193275;2008;2020;3
2025;5000931;2008;2020;3
2025;57402;2008;2009;3
2025;1136509;2008;2020;3
2025;1399618;2008;2022;4
2025;5000001;2008;2021;3
2025;65114;2008;2022;3
2025;1258021;2008;2020;3
2025;1185025;2008;2020;3
2025;71859;2008;2020;3
2025;1399618;2008;2020;4
2025;1184060;2008;2019;3
2025;1399480;2008;2021;3
2025;5000981;2008;2020;3
2025;71859;2008;2020;3
2025;90084;2008;2020;3
2025;82224;2008;2020;3
2025;14359;2008;2019;3
2025;1190280;2008;2019;3
2025;1166567;2008;2021;3
2025;1349675;2008;2020;3
2025;91219;2008;2019;3
2025;7105;2008;2020;3
2025;484;2008;2019;3
2025;1193759;2008;2022;3
2025;1193759;2008;2021;3
2025;1292726;2008;2020;3
2025;1399615;2008;2020;3
2025;5920;2008;2020;3
2025;13723;2008;2020;3
2025;57852;2008;2020;3
2025;1190621;2008;2017;3
2025;1168313;2008;2020;3
2025;85652;2008;2018;3
2025;1408505;2008;2018;3
2025;18605;2008;2021;3
2025;12;2008;2020;3
2025;11114;2008;2020;3
2025;6496;2008;2020;3
2025;1397773;2008;2022;3
2025;82224;2008;2020;3
2025;37304;2008;2020;4
2025;1184432;2008;2020;3
2025;1330031;2008;2018;3
2025;7414;2008;2020;3
2025;98506;2008;2020;3
2025;19294;2008;2024;3
2025;1390317;2008;2020;3
2025;74594;2008;2020;3
2025;72675;2008;2020;3
2025;1399618;2008;2020;4
2025;9996;2008;2020;3
2025;98406;2008;2020;3
2025;1050663;2008;2020;3
2025;1190280;2008;2019;3
2025;5001466;2008;2020;3
2025;1050663;2008;2019;3
2025;5001294;2008;2021;3
2025;1427370;2008;2022;3
2025;18472;2008;2021;3
2025;1419799;2008;2019;3
2025;85652;2008;2020;3
2025;1399618;2008;2021;4
2025;1321864;2008;2020;3
2025;1200712;2008;2020;3
2025;11233;2008;2018;3
2025;75821;2008;2019;3
2025;1408259;2008;2022;3
2025;18472;2008;2020;3
2025;90059;2008;2020;3
2025;49910;2008;2019;3
2025;84352;2008;2020;3
2025;1408504;2008;2020;3
2025;12569;2008;2018;3
2025;90059;2008;2020;3
2025;1399486;2008;2019;3
2025;1349675;2008;2020;3
2025;9805;2008;2021;3
2025;65114;2008;2021;3
2025;90091;2008;2015;3
2025;91399;2008;2020;3
2025;1192047;2008;2021;3
2025;107666;2008;2021;3
2025;1342449;2008;2022;3
2025;13866;2008;2015;3
2025;11114;2008;2020;3
2025;1314146;2008;2020;3
2025;71689;2008;2020;3
2025;1399486;2008;2018;3
2025;1408508;2008;2020;4
2025;7676;2008;2020;3
2025;1173014;2008;2020;3
2025;1518;2008;2019;3
2025;72675;2008;2019;3
2025;65114;2008;2022;3
2025;2392;2008;2020;3
2025;100956;2008;2021;3
2025;1173014;2008;2019;3
2025;1399618;2008;2020;4
2025;14615;2008;2020;3
2025;1187646;2008;2019;3
2025;75821;2008;2020;3
2025;7414;2008;2020;3
2025;868;2008;2021;3
2025;1397771;2008;2020;3
2025;9772;2008;2020;3
2025;98406;2008;2020;3
2025;19294;2008;2020;3
2025;1879;2008;2020;3
2025;7414;2008;2020;3
2025;1399477;2008;2020;3
2025;1187646;2008;2019;3
2025;20249;2008;2020;3
2025;1317634;2008;2020;3
2025;9772;2008;2020;3
2025;90084;2008;2021;3
2025;1399618;2008;2020;4
2025;1190280;2008;2019;3
2025;1399616;2008;2017;3
2025;12569;2008;2019;3
2025;2392;2008;2020;3
2025;18594;2008;2021;4
2025;20249;2008;2020;3
2025;12692;2008;2020;3
2025;140;2008;2020;3
2025;1322329;2008;2020;3
2025;5000980;2008;2020;3
2025;49060;2008;2020;3
2025;1397773;2008;2019;3
2025;59414;2008;2009;3
2025;1408504;2008;2021;3
2025;91219;2008;2019;3
2025;11114;2008;2020;3
2025;11446;2008;2020;3
2025;9988;2008;2020;3
2025;53338;2008;2020;3
2025;1408508;2008;2021;4
2025;59174;2008;2016;3
2025;1349675;2008;2020;3
2025;1397771;2008;2020;3
2025;1408505;2008;2020;3
2025;1276878;2008;2019;3
2025;11114;2008;2020;3
2025;65114;2008;2022;3
2025;1518;2008;2019;3
2025;1188900;2008;2020;3
2025;90084;2008;2022;3
2025;4082;2008;2020;3
2025;16236;2008;2020;3
2025;75821;2008;2020;3
2025;5001294;2008;2020;3
2025;13286;2008;2019;3
2025;1166567;2008;2021;3
2025;1363536;2008;2020;3
2025;1179189;2008;2019;3
2025;1399481;2008;2020;3
2025;1026;2008;2019;3
2025;90084;2008;2020;3
2025;5001314;2008;2022;3
2025;20360;2008;2020;3
2025;1399619;2008;2020;3
2025;90084;2008;2020;3
2025;1166567;2008;2020;3
2025;1168313;2008;2020;3
2025;5001294;2008;2022;3
2025;1445016;2008;2020;3
2025;1487491;2008;2020;3
2025;72669;2008;2020;3
2025;1171609;2008;2025;3
2025;1184060;2008;2019;3
2025;1483759;2008;2020;3
2025;49060;2008;2020;3
2025;1399480;2008;2021;3
2025;11114;2008;2020;3
2025;72675;2008;2021;3
2025;1399616;2008;2020;3
2025;14615;2008;2020;3
2025;1330031;2008;2021;3
2025;5000979;2008;2020;3
2025;1185903;2008;2023;3
2025;18605;2008;2020;3
2025;79007;2008;2021;3
2025;1483759;2008;2020;3
2025;99476;2008;2021;3
2025;1189607;2008;2020;3
2025;12345;2008;2020;3
2025;1342449;2008;2020;3
2025;1184060;2008;2020;3
2025;72681;2008;2020;3
2025;1399614;2008;2021;4
2025;14563;2008;2017;3
2025;1397772;2008;2020;3
2025;1487491;2008;2020;3
2025;1193275;2008;2020;3
2025;51835;2008;2021;3
2025;65114;2008;2022;3
2025;1171609;2008;2020;3
2025;1267038;2008;2020;3
2025;93001;2008;2021;3
2025;1404416;2008;2020;3
2025;5000001;2008;2020;3
2025;13286;2008;2019;3
2025;100958;2008;2020;3
2025;72681;2008;2021;3
2025;75821;2008;2020;3
2025;1190280;2008;2019;3
2025;1179189;2008;2020;3
2025;1029204;2008;2020;3
2025;1487290;2008;2020;3
2025;1445016;2008;2019;3
2025;1385538;2008;2017;3
2025;97679;2008;2020;3
2025;65114;2008;2022;3
2025;1399615;2008;2019;3
2025;1108281;2008;2020;3
2025;1190667;2008;2020;3
2025;1518;2008;2019;3
2025;5000812;2008;2021;3
2025;7676;2008;2020;3
2025;19434;2008;2020;3
2025;7414;2008;2020;3
2025;57402;2008;2020;3
2025;1184060;2008;2020;3
2025;1192047;2008;2021;3
2025;1399480;2008;2020;3
2025;1059179;2008;2019;3
2025;98409;2008;2021;3
2025;1258023;2008;2021;3
2025;1390309;2008;2020;3
2025;1179189;2008;2020;3
2025;66361;2008;2020;3
2025;5000980;2008;2020;3
2025;1168313;2008;2020;3
2025;86288;2008;2020;3
2025;1399479;2008;2020;3
2025;72663;2008;2021;3
2025;18605;2008;2020;3
2025;9996;2008;2020;3
2025;1104264;2008;2020;3
2025;1421100;2008;2020;3
2025;53338;2008;2020;3
2025;18594;2008;2021;4
2025;5001183;2008;2020;4
2025;1183313;2008;2020;3
2025;57402;2008;2020;3
2025;75821;2008;2021;3
2025;1184060;2008;2019;3
2025;1349675;2008;2020;3
2025;1108786;2008;2019;3
2025;72767;2008;2019;3
2025;90084;2008;2020;3
2025;59174;2008;2020;3
2025;74594;2008;2020;3
2025;1178672;2008;2016;3
2025;1292917;2008;2020;3
2025;8698;2008;2021;3
2025;5000930;2008;2020;1
2025;14234;2008;2020;3
2025;1408505;2008;2020;3
2025;1477973;2008;2020;3
2025;1184060;2008;2020;3
2025;85652;2008;2020;3
2025;11446;2008;2020;3
2025;1399615;2008;2020;3
2025;1192047;2008;2020;3
2025;1330031;2008;2020;3
2025;1261971;2008;2020;3
2025;72663;2008;2020;3
2025;9805;2008;2021;3
2025;1192237;2008;2021;3
2025;1136509;2008;2020;3
2025;100958;2008;2018;3
2025;15783;2008;2016;3
2025;8698;2008;2022;3
2025;12015;2008;2020;3
2025;1184325;2008;2020;3
2025;1483759;2008;2020;3
2025;12569;2008;2020;3
2025;1193275;2008;2020;3
2025;5001300;2008;2020;3
2025;1385538;2008;2020;3
2025;1399478;2008;2024;3
2025;1292726;2008;2020;3
2025;84352;2008;2020;3
2025;1029204;2008;2020;3
2025;1397772;2008;2020;3
2025;59174;2008;2021;3
2025;58412;2008;2014;3
2025;12345;2008;2020;3
2025;65114;2008;2023;3
2025;1518;2008;2019;3
2025;72667;2008;2020;3
2025;1292917;2008;2020;3
2025;1108786;2008;2020;3
2025;99476;2008;2021;3
2025;90084;2008;2020;3
2025;91219;2008;2021;3
2025;4503;2008;2020;3
2025;1421013;2008;2020;3
2025;85652;2008;2021;3
2025;1455021;2008;2020;3
2025;1272168;2008;2016;3
2025;1108281;2008;2020;3
2025;1193275;2008;2020;3
2025;98506;2008;2020;3
2025;5001300;2008;2020;3
2025;9805;2008;2021;3
2025;1399618;2008;2020;4
2025;1257562;2008;2020;3
2025;1276878;2008;2019;3
2025;1168313;2008;2020;3
2025;65114;2008;2022;3
2025;12970;2008;2020;1
2025;1190280;2008;2019;3
2025;1421013;2008;2020;3
2025;389;2008;2019;1
2025;1102360;2008;2021;3
2025;1427370;2008;2022;3
2025;1108281;2008;2021;3
2025;1518;2008;2019;3
2025;1188900;2008;2020;3
2025;84352;2008;2020;3
2025;90084;2008;2020;3
2025;18605;2008;2021;3
2025;1202553;2008;2019;3
2025;90483;2008;2008;3
2025;1397772;2008;2020;3
2025;82224;2008;2020;3
2025;1399618;2008;2021;4
2025;49060;2008;2019;3
2025;1108281;2008;2021;3
2025;7414;2008;2020;3
2025;1363536;2008;2020;3
2025;1408259;2008;2020;3
2025;1879;2008;2020;3
2025;1483759;2008;2020;3
2025;49060;2008;2020;3
2025;1202553;2008;2019;3
2025;13601;2008;2019;3
2025;1059179;2008;2021;3
2025;1408508;2008;2021;4
2025;14615;2008;2020;3
2025;15783;2008;2019;3
2025;1178524;2008;2020;3
2025;1408259;2008;2021;3
2025;18605;2008;2019;3
2025;389;2008;2019;1
2025;4503;2008;2020;3
2025;1342505;2008;2019;3
2025;1399488;2008;2020;3
2025;13453;2008;2019;3
2025;1264844;2008;2020;3
2025;1185903;2008;2023;3
2025;5001294;2008;2021;3
2025;5001183;2008;2020;4
2025;12569;2008;2016;3
2025;100956;2008;2021;3
2025;1399618;2008;2020;4
2025;19294;2008;2021;3
2025;1399618;2008;2022;4
2025;85652;2008;2020;3
2025;18447;2008;2021;3
2025;5345;2008;2020;3
2025;1486822;2008;2020;3
2025;4503;2008;2020;3
2025;15343;2008;2020;3
2025;5001294;2008;2021;3
2025;1193275;2008;2020;3
2025;97679;2008;2020;3
2025;72667;2008;2020;3
2025;91219;2008;2020;3
2025;1321864;2008;2020;3
2025;1108281;2008;2021;3
2025;12569;2008;2020;3
2025;1518;2008;2021;3
2025;1188849;2008;2023;3
2025;5001183;2008;2023;3
2025;1184325;2008;2020;3
2025;10224;2008;2020;3
2025;1421013;2008;2020;3
2025;38071;2008;2020;3
2025;1477973;2008;2019;3
2025;85652;2008;2020;3
2025;11316;2008;2020;3
2025;1102360;2008;2019;3
2025;72663;2008;2021;3
2025;2392;2008;2013;3
2025;1050663;2008;2021;3
2025;1317634;2008;2020;3
2025;1390311;2008;2020;3
2025;72669;2008;2020;3
2025;1408259;2008;2021;3
2025;13601;2008;2021;3
2025;99476;2008;2021;3
2025;1399484;2008;2020;2
2025;1487491;2008;2022;3
2025;86356;2008;2020;3
2025;65114;2008;2021;3
2025;87537;2008;2020;3
2025;12813;2008;2020;3
2025;5000980;2008;2020;3
2025;1188127;2008;2021;3
2025;49060;2008;2020;3
2025;5000930;2008;2020;3
2025;90483;2008;2008;3
2025;7676;2008;2020;3
2025;100956;2008;2022;3
2025;1399618;2008;2021;4
2025;13424;2008;2019;3
2025;1292725;2008;2019;3
2025;1193759;2008;2022;3
2025;1399614;2008;2020;4
2025;1485621;2008;2023;3
2025;1193275;2008;2020;3
2025;85652;2008;2020;3
2025;1397772;2008;2020;3
2025;101228;2008;2020;3
2025;1192237;2008;2020;3
2025;1184060;2008;2019;3
2025;14975;2008;2020;3
2025;1184060;2008;2019;3
2025;65114;2008;2021;3
2025;1180318;2008;2019;3
2025;1184060;2008;2020;3
2025;140;2008;2019;3
2025;1184325;2008;2020;3
2025;18605;2008;2020;3
2025;1399479;2008;2020;3
2025;5001183;2008;2018;4
2025;72669;2008;2020;3
2025;98409;2008;2020;3
2025;12569;2008;2020;3
2025;16236;2008;2020;3
2025;1108786;2008;2020;3
2025;1192047;2008;2020;3
2025;1477973;2008;2020;3
2025;90483;2008;2008;3
2025;18605;2008;2020;3
2025;1399482;2008;2022;3
2025;1399614;2008;2020;4
2025;1178524;2008;2020;3
2025;90483;2008;2008;3
2025;3148;2008;2020;3
2025;85652;2008;2020;3
2025;72675;2008;2021;3
2025;1399618;2008;2022;4
2025;1185025;2008;2020;3
2025;1258021;2008;2020;3
2025;12;2008;2019;3
2025;18605;2008;2020;3
2025;1399484;2008;2020;3
2025;1029204;2008;2020;3
2025;10289;2008;2020;3
2025;59174;2008;2020;3
2025;1107;2008;2019;3
2025;1399481;2008;2020;3
2025;18605;2008;2020;3
2025;1397773;2008;2020;3
2025;20249;2008;2021;3
2025;1292726;2008;2020;3
2025;11114;2008;2020;3
2025;1421013;2008;2020;3
2025;7414;2008;2020;3
2025;1258021;2008;2020;3
2025;12692;2008;2020;3
2025;5001294;2008;2021;3
2025;72669;2008;2020;3
2025;1200578;2008;2022;3
2025;1486822;2008;2021;3
2025;69624;2008;2020;3
2025;1202553;2008;2019;3
2025;1397771;2008;2022;3
2025;82224;2008;2019;3
2025;1190667;2008;2020;3
2025;11446;2008;2022;3
2025;7676;2008;2020;3
2025;85652;2008;2020;3
2025;72667;2008;2020;3
2025;1190667;2008;2020;3
2025;12;2008;2018;3
2025;9996;2008;2019;3
2025;1188849;2008;2021;3
2025;86288;2008;2022;3
2025;1421013;2008;2019;3
2025;1518;2008;2019;3
2025;98406;2008;2020;3
2025;66361;2008;2020;3
2025;1190667;2008;2021;3
2025;100956;2008;2020;3
2025;64918;2008;2022;3
2025;98409;2008;2021;3
2025;87537;2008;2019;3
2025;72681;2008;2021;3
2025;1179189;2008;2020;3
2025;1050663;2008;2019;3
2025;5000812;2008;2019;3
2025;1385538;2008;2020;3
2025;1278877;2008;2020;3
2025;66361;2008;2022;3
2025;1408505;2008;2019;3
2025;1408507;2008;2020;3
2025;65114;2008;2022;3
2025;9805;2008;2020;3
2025;1292917;2008;2020;3
2025;66361;2008;2022;3
2025;1399477;2008;2020;3
2025;100956;2008;2020;3
2025;1107;2008;2020;3
2025;1518;2008;2019;3
2025;2304;2008;2021;3
2025;15783;2008;2020;3
2025;91219;2008;2020;3
2025;1439;2008;2020;3
2025;18605;2008;2021;3
2025;5000931;2008;2020;3
2025;12015;2008;2020;3
2025;72667;2008;2020;3
2025;86288;2009;2020;3
2025;19294;2009;2019;3
2025;13723;2009;2019;3
2025;1190667;2009;2020;3
2025;1258023;2009;2020;3
2025;49060;2009;2020;3
2025;1257777;2009;2019;3
2025;1026;2009;2019;3
2025;80037;2009;2012;3
2025;72667;2009;2018;3
2025;7414;2009;2020;3
2025;72667;2009;2020;3
2025;1178672;2009;2020;3
2025;75821;2009;2021;3
2025;1200712;2009;2016;3
2025;10289;2009;2020;3
2025;84408;2009;2020;3
2025;1399614;2009;2024;4
2025;1399484;2009;2020;3
2025;1322329;2009;2022;3
2025;65924;2009;2012;3
2025;57402;2009;2020;3
2025;9326;2009;2020;1
2025;7105;2009;2020;3
2025;1180318;2009;2019;3
2025;93001;2009;2020;3
2025;85652;2009;2020;3
2025;66361;2009;2022;3
2025;1408505;2009;2020;3
2025;1334344;2009;2020;3
2025;1192237;2009;2021;3
2025;72767;2009;2022;3
2025;72669;2009;2020;3
2025;1108786;2009;2020;3
2025;1257777;2009;2019;3
2025;1267038;2009;2020;3
2025;1257524;2009;2020;4
2025;1200712;2009;2020;3
2025;5000979;2009;2022;3
2025;9988;2009;2024;1
2025;99476;2009;2021;3
2025;1399478;2009;2020;3
2025;100688;2009;2020;3
2025;100956;2009;2020;3
2025;91219;2009;2020;3
2025;71859;2009;2020;3
2025;1399486;2009;2019;3
2025;5001300;2009;2020;3
2025;85652;2009;2021;3
2025;12813;2009;2020;3
2025;5001294;2009;2021;3
2025;140;2009;2018;3
2025;303;2009;2021;1
2025;72681;2009;2022;3
2025;60660;2009;2019;3
2025;1292869;2009;2020;3
2025;7414;2009;2021;3
2025;1487491;2009;2020;3
2025;20249;2009;2021;3
2025;66361;2009;2020;3
2025;72675;2009;2019;3
2025;1202588;2009;2019;3
2025;90084;2009;2020;3
2025;13601;2009;2020;3
2025;1178524;2009;2020;3
2025;10289;2009;2020;3
2025;1385538;2009;2020;3
2025;85652;2009;2020;3
2025;1629;2009;2018;3
2025;91219;2009;2021;3
2025;12015;2009;2020;3
2025;1483773;2009;2020;3
2025;1200578;2009;2020;3
2025;1178524;2009;2020;3
2025;12015;2009;2020;3
2025;90084;2009;2020;3
2025;6711;2009;2020;3
2025;1457707;2009;2020;4
2025;1135207;2009;2020;3
2025;1136509;2009;2020;3
2025;1108153;2009;2020;1
2025;1180318;2009;2019;3
2025;9996;2009;2020;3
2025;49060;2009;2013;3
2025;9996;2009;2020;3
2025;1200712;2009;2020;3
2025;5000931;2009;2020;3
2025;1483759;2009;2023;3
2025;1399618;2009;2021;4
2025;93001;2009;2020;3
2025;1518;2009;2020;3
2025;1363536;2009;2021;3
2025;84408;2009;2013;3
2025;1390317;2009;2024;3
2025;10289;2009;2017;3
2025;1408505;2009;2020;3
2025;1408261;2009;2020;3
2025;1408261;2009;2020;3
2025;1399480;2009;2019;3
2025;5000812;2009;2021;3
2025;1408259;2009;2022;3
2025;5001294;2009;2021;3
2025;84408;2009;2022;3
2025;7105;2009;2020;3
2025;10591;2009;2022;3
2025;18605;2009;2021;3
2025;72681;2009;2020;3
2025;5001341;2009;2020;3
2025;90084;2009;2020;3
2025;64918;2009;2020;3
2025;72667;2009;2020;3
2025;1190621;2009;2020;3
2025;93001;2009;2020;3
2025;9772;2009;2020;3
2025;5001466;2009;2019;3
2025;11316;2009;2020;3
2025;1399482;2009;2022;3
2025;1190667;2009;2020;3
2025;59174;2009;2020;3
2025;1457503;2009;2024;3
2025;1168313;2009;2020;3
2025;98409;2009;2020;3
2025;1385538;2009;2018;3
2025;1408259;2009;2020;3
2025;91219;2009;2020;3
2025;108014;2009;2022;3
2025;72681;2009;2020;3
2025;14563;2009;2020;3
2025;1292725;2009;2020;3
2025;11316;2009;2020;3
2025;7414;2009;2020;3
2025;1184060;2009;2020;3
2025;1184060;2009;2020;3
2025;90483;2009;2009;3
2025;5000931;2009;2020;3
2025;5920;2009;2020;3
2025;18472;2009;2020;3
2025;1068548;2009;2019;3
2025;1421013;2009;2020;3
2025;1322329;2009;2018;3
2025;1518;2009;2019;3
2025;84352;2009;2020;3
2025;1261971;2009;2019;3
2025;1190280;2009;2019;3
2025;1399481;2009;2020;3
2025;1349675;2009;2020;3
2025;91219;2009;2019;3
2025;65114;2009;2022;3
2025;12015;2009;2021;3
2025;98406;2009;2020;3
2025;49060;2009;2020;3
2025;1171609;2009;2020;3
2025;20249;2009;2020;3
2025;11446;2009;2019;3
2025;1173014;2009;2020;3
2025;1399616;2009;2020;3
2025;1455021;2009;2023;3
2025;20249;2009;2020;3
2025;1146605;2009;2019;3
2025;10224;2009;2020;3
2025;65114;2009;2021;3
2025;1477973;2009;2020;3
2025;1399479;2009;2020;3
2025;7676;2009;2020;3
2025;1399479;2009;2020;3
2025;1397772;2009;2020;3
2025;72667;2009;2021;3
2025;5001466;2009;2018;3
2025;1171609;2009;2021;3
2025;1202539;2009;2018;3
2025;1184060;2009;2019;3
2025;108014;2009;2020;3
2025;10289;2009;2020;3
2025;107666;2009;2020;3
2025;1334344;2009;2020;3
2025;12345;2009;2020;3
2025;1188849;2009;2023;3
2025;18594;2009;2021;4
2025;1334344;2009;2021;3
2025;5000980;2009;2020;3
2025;72663;2009;2020;3
2025;9805;2009;2020;3
2025;90084;2009;2020;3
2025;1173014;2009;2020;3
2025;1397771;2009;2020;3
2025;1185025;2009;2020;3
2025;19294;2009;2020;3
2025;13723;2009;2019;3
2025;85652;2009;2017;3
2025;11114;2009;2019;3
2025;1427370;2009;2021;3
2025;1292917;2009;2020;3
2025;140;2009;2018;3
2025;1399482;2009;2022;3
2025;1050663;2009;2020;3
2025;1202573;2009;2020;3
2025;5000931;2009;2020;3
2025;11316;2009;2020;3
2025;1408507;2009;2020;3
2025;1184060;2009;2019;3
2025;65114;2009;2022;3
2025;7414;2009;2020;3
2025;18605;2009;2020;3
2025;1184325;2009;2020;3
2025;5001294;2009;2021;3
2025;1408507;2009;2020;3
2025;2392;2009;2020;3
2025;49060;2009;2019;3
2025;4720;2009;2020;3
2025;57402;2009;2020;3
2025;1183313;2009;2020;3
2025;1188849;2009;2024;3
2025;9996;2009;2020;3
2025;60660;2009;2020;3
2025;1363536;2009;2020;3
2025;1108786;2009;2020;3
2025;12813;2009;2020;3
2025;1188900;2009;2020;3
2025;57852;2009;2020;3
2025;38071;2009;2020;3
2025;1179501;2009;2020;3
2025;1445016;2009;2020;3
2025;1408262;2009;2020;3
2025;18605;2009;2019;3
2025;1258023;2009;2021;3
2025;1518;2009;2019;3
2025;85652;2009;2020;3
2025;1190621;2009;2020;3
2025;65114;2009;2021;3
2025;5001294;2009;2023;3
2025;1322329;2009;2022;3
2025;1184060;2009;2019;3
2025;1408507;2009;2020;3
2025;90091;2009;2020;3
2025;1184060;2009;2020;3
2025;5001294;2009;2020;3
2025;7414;2009;2020;3
2025;1439;2009;2019;3
2025;4503;2009;2020;3
2025;1178524;2009;2020;3
2025;1334344;2009;2020;3
2025;1258023;2009;2020;3
2025;19086;2009;2020;3
2025;1385538;2009;2017;3
2025;65924;2009;2019;3
2025;1399618;2009;2020;4
2025;75821;2009;2021;3
2025;1184060;2009;2019;3
2025;1257777;2009;2020;3
2025;5909;2009;2020;3
2025;39415;2009;2020;3
2025;1190621;2009;2020;3
2025;14359;2009;2020;3
2025;1179189;2009;2020;3
2025;1050663;2009;2020;3
2025;150039;2009;2019;3
2025;1408507;2009;2019;3
2025;4503;2009;2019;3
2025;1399481;2009;2020;3
2025;1168313;2009;2020;3
2025;14563;2009;2020;3
2025;59174;2009;2020;3
2025;1108786;2009;2020;3
2025;75821;2009;2020;3
2025;65924;2009;2020;3
2025;1322329;2009;2020;3
2025;98506;2009;2020;3
2025;38071;2009;2020;3
2025;1399478;2009;2020;3
2025;11316;2009;2020;3
2025;1292726;2009;2019;3
2025;1068548;2009;2019;3
2025;1404416;2009;2020;3
2025;39415;2009;2020;3
2025;13723;2009;2020;3
2025;1322329;2009;2020;3
2025;100956;2009;2021;3
2025;5001167;2009;2020;3
2025;12345;2009;2020;3
2025;37304;2009;2019;4
2025;1108281;2009;2020;3
2025;389;2009;2019;1
2025;65114;2009;2022;3
2025;13286;2009;2019;3
2025;65114;2009;2022;3
2025;1408504;2009;2020;3
2025;20249;2009;2021;3
2025;18594;2009;2020;4
2025;1136509;2009;2020;3
2025;1399477;2009;2021;3
2025;1202573;2009;2019;3
2025;72681;2009;2020;3
2025;1486822;2009;2021;3
2025;303;2009;2019;1
2025;5001101;2009;2020;3
2025;10289;2009;2020;3
2025;72675;2009;2019;3
2025;91399;2009;2020;3
2025;90483;2009;2009;3
2025;64918;2009;2020;3
2025;14093;2009;2021;3
2025;14359;2009;2020;3
2025;1399479;2009;2020;3
2025;87941;2009;2020;3
2025;57402;2009;2020;3
2025;1200712;2009;2020;3
2025;5001183;2009;2020;3
2025;1399618;2009;2020;4
2025;1334344;2009;2021;3
2025;72675;2009;2019;3
2025;5000931;2009;2020;3
2025;90084;2009;2019;3
2025;98409;2009;2020;3
2025;93001;2009;2020;3
2025;80037;2009;2019;3
2025;9805;2009;2021;3
2025;1173014;2009;2019;3
2025;1399489;2009;2021;3
2025;14975;2009;2020;3
2025;49060;2009;2020;3
2025;12970;2009;2020;1
2025;65114;2009;2022;3
2025;1457503;2009;2021;3
2025;20249;2009;2020;3
2025;59414;2009;2020;3
2025;1184432;2009;2019;3
2025;97679;2009;2020;3
2025;1163738;2009;2019;3
2025;1321864;2009;2020;3
2025;19434;2009;2020;3
2025;85652;2009;2020;3
2025;1458090;2009;2020;3
2025;79007;2009;2020;3
2025;1408507;2009;2020;3
2025;1408504;2009;2021;3
2025;1518;2009;2019;3
2025;1187646;2009;2019;3
2025;1408262;2009;2018;3
2025;90084;2009;2021;3
2025;1108786;2009;2019;3
2025;12813;2009;2019;3
2025;1163738;2009;2018;3
2025;71859;2009;2019;3
2025;1399489;2009;2020;3
2025;97679;2009;2020;3
2025;1322329;2009;2022;3
2025;1102360;2009;2020;3
2025;1191415;2009;2020;3
2025;1200712;2009;2020;3
2025;53338;2009;2020;3
2025;108882;2009;2020;3
2025;84352;2009;2020;3
2025;484;2009;2017;3
2025;98409;2009;2020;3
2025;1184432;2009;2019;3
2025;72667;2009;2020;3
2025;12015;2009;2022;3
2025;5001294;2009;2020;3
2025;65114;2009;2022;3
2025;1184060;2009;2019;3
2025;12569;2009;2017;3
2025;13103;2009;2018;3
2025;1257524;2009;2020;4
2025;93001;2009;2020;3
2025;1408261;2009;2021;3
2025;72681;2009;2020;3
2025;59174;2009;2020;3
2025;1193275;2009;2020;3
2025;1385538;2009;2017;3
2025;1050663;2009;2020;3
2025;1317634;2009;2020;3
2025;6496;2009;2020;3
2025;14093;2009;2020;3
2025;2695;2009;2020;3
2025;18605;2009;2020;3
2025;1257524;2009;2019;4
2025;1166567;2009;2021;3
2025;15475;2009;2021;1
2025;1408509;2009;2020;3
2025;91219;2009;2021;3
2025;1202553;2009;2019;3
2025;65114;2009;2022;3
2025;74655;2009;2020;3
2025;5000930;2009;2020;3
2025;4503;2009;2020;3
2025;72669;2009;2022;3
2025;65114;2009;2021;3
2025;69464;2009;2020;3
2025;1385538;2009;2017;3
2025;14725;2009;2013;3
2025;65114;2009;2021;3
2025;1192047;2009;2020;3
2025;6496;2009;2020;3
2025;1334344;2009;2021;3
2025;97679;2009;2020;3
2025;1399619;2009;2020;3
2025;18605;2009;2020;3
2025;97679;2009;2020;3
2025;1408507;2009;2020;3
2025;74655;2009;2020;3
2025;75821;2009;2020;3
2025;18605;2009;2020;3
2025;71859;2009;2020;3
2025;4503;2009;2020;3
2025;1427370;2009;2022;3
2025;18472;2009;2020;3
2025;1317634;2009;2020;3
2025;1487491;2009;2020;3
2025;1184060;2009;2019;3
2025;1421013;2009;2018;3
2025;64706;2009;2020;3
2025;1399287;2009;2019;3
2025;65114;2009;2022;3
2025;5000930;2009;2020;3
2025;9988;2009;2020;1
2025;18447;2009;2020;3
2025;1188900;2009;2020;3
2025;1200578;2009;2025;3
2025;7414;2009;2019;3
2025;12015;2009;2020;3
2025;84352;2009;2021;3
2025;49060;2009;2020;3
2025;85652;2009;2020;3
2025;1179189;2009;2020;3
2025;5001341;2009;2020;3
2025;1184060;2009;2019;3
2025;86356;2009;2020;3
2025;98506;2009;2020;3
2025;65114;2009;2022;3
2025;1399479;2009;2020;3
2025;98409;2009;2020;3
2025;1190667;2009;2020;3
2025;1179501;2009;2020;3
2025;87537;2009;2017;3
2025;1108281;2009;2020;3
2025;1191415;2009;2020;3
2025;14359;2009;2020;3
2025;18594;2009;2020;4
2025;5001183;2009;2020;3
2025;13601;2009;2020;3
2025;39415;2009;2020;3
2025;1399478;2009;2020;3
2025;1427370;2009;2021;3
2025;2392;2009;2020;3
2025;1267038;2009;2021;3
2025;90483;2009;2009;3
2025;1257777;2009;2019;3
2025;3418;2009;2020;3
2025;72667;2009;2020;3
2025;13866;2009;2019;3
2025;19850;2009;2020;3
2025;72681;2009;2020;3
2025;65114;2009;2021;3
2025;13723;2009;2020;3
2025;1399479;2009;2020;3
2025;98506;2009;2020;3
2025;1399619;2009;2020;3
2025;1187646;2009;2019;3
2025;1322329;2009;2020;3
2025;1184047;2009;2020;3
2025;1486822;2009;2022;3
2025;1477973;2009;2020;3
2025;1190280;2009;2019;3
2025;72767;2009;2020;3
2025;72669;2009;2021;3
2025;868;2009;2022;3
2025;60660;2009;2020;3
2025;1108786;2009;2020;3
2025;1419799;2009;2021;3
2025;1390317;2009;2022;3
2025;1188900;2009;2020;3
2025;1171609;2009;2018;3
2025;1483805;2009;2020;3
2025;16236;2009;2020;3
2025;1292917;2009;2020;3
2025;1136509;2009;2020;3
2025;90084;2009;2021;3
2025;1184060;2009;2019;3
2025;1399481;2009;2020;3
2025;1486298;2009;2020;3
2025;69624;2009;2020;3
2025;1385538;2009;2020;3
2025;5000979;2009;2021;3
2025;2304;2009;2019;3
2025;1184060;2009;2019;3
2025;1457503;2009;2022;3
2025;5000812;2009;2021;3
2025;108884;2009;2020;3
2025;1108786;2009;2020;3
2025;1189778;2009;2020;3
2025;1397771;2009;2024;3
2025;1108281;2009;2021;3
2025;1107;2009;2019;3
2025;19850;2009;2020;3
2025;1427370;2009;2020;3
2025;3677;2009;2020;3
2025;5345;2009;2020;3
2025;8698;2009;2020;3
2025;120983;2009;2020;3
2025;65114;2009;2022;3
2025;1427370;2009;2021;3
2025;389;2009;2019;1
2025;65114;2009;2021;3
2025;10289;2009;2020;3
2025;7105;2009;2021;3
2025;5000980;2009;2020;3
2025;4503;2009;2021;3
2025;1322329;2009;2020;3
2025;19294;2009;2020;3
2025;98406;2009;2020;3
2025;12692;2009;2020;3
2025;66248;2009;2019;3
2025;1334344;2009;2020;3
2025;15783;2009;2020;3
2025;64918;2009;2020;3
2025;1313341;2009;2020;3
2025;20249;2009;2020;3
2025;18605;2009;2021;3
2025;4082;2009;2020;3
2025;1190280;2009;2019;3
2025;75821;2009;2020;3
2025;86288;2009;2012;3
2025;5000930;2009;2020;3
2025;87537;2009;2020;3
2025;1399483;2009;2024;3
2025;100956;2009;2021;3
2025;7676;2009;2020;3
2025;97679;2009;2020;3
2025;65114;2009;2022;3
2025;1168313;2009;2020;3
2025;1295813;2009;2020;3
2025;1168313;2009;2020;3
2025;5000001;2009;2021;3
2025;1188900;2009;2020;3
2025;90084;2009;2020;3
2025;1334344;2009;2021;3
2025;1257562;2009;2020;3
2025;5000930;2009;2023;1
2025;87537;2009;2020;3
2025;9996;2009;2020;3
2025;8960;2009;2020;3
2025;1190667;2009;2020;3
2025;1477973;2009;2020;3
2025;1108786;2009;2020;3
2025;1108786;2009;2019;3
2025;1518;2009;2022;3
2025;39415;2009;2020;3
2025;1184325;2009;2020;3
2025;1178672;2009;2020;3
2025;4503;2009;2020;3
2025;57852;2009;2020;3
2025;1295813;2009;2020;3
2025;64918;2009;2018;3
2025;1399616;2009;2020;3
2025;1200712;2009;2020;3
2025;1330031;2009;2021;3
2025;91219;2009;2020;3
2025;72667;2009;2020;3
2025;14975;2009;2022;3
2025;13453;2009;2020;3
2025;5000930;2009;2020;1
2025;20058;2009;2020;3
2025;1029763;2009;2020;3
2025;1327450;2009;2020;3
2025;1421100;2009;2020;3
2025;90059;2009;2020;3
2025;66248;2009;2022;1
2025;1189607;2009;2020;3
2025;1427419;2009;2020;3
2025;18472;2009;2021;3
2025;97679;2009;2020;3
2025;90084;2009;2022;3
2025;14234;2009;2020;3
2025;1518;2009;2020;3
2025;1385538;2009;2017;3
2025;3677;2009;2020;3
2025;1408505;2009;2021;3
2025;1258021;2009;2022;3
2025;1725;2009;2020;3
2025;1184060;2010;2019;3
2025;1385538;2010;2017;3
2025;1477973;2010;2020;3
2025;5001466;2010;2019;3
2025;12015;2010;2020;3
2025;18605;2010;2020;3
2025;5001294;2010;2021;3
2025;18605;2010;2019;3
2025;64918;2010;2020;3
2025;15343;2010;2020;3
2025;1185076;2010;2018;3
2025;84352;2010;2020;3
2025;72669;2010;2019;3
2025;1397771;2010;2020;3
2025;75821;2010;2020;3
2025;66248;2010;2019;3
2025;85652;2010;2020;3
2025;72417;2010;2020;3
2025;1397771;2010;2020;3
2025;108884;2010;2020;3
2025;19850;2010;2021;3
2025;90483;2010;2010;3
2025;5000812;2010;2020;3
2025;1104264;2010;2020;3
2025;1399486;2010;2020;3
2025;65114;2010;2021;3
2025;11446;2010;2020;3
2025;108884;2010;2022;3
2025;5001314;2010;2022;3
2025;1168313;2010;2020;3
2025;85652;2010;2020;3
2025;1188900;2010;2020;3
2025;53338;2010;2020;3
2025;5000001;2010;2021;3
2025;72663;2010;2021;3
2025;4503;2010;2020;3
2025;99476;2010;2021;3
2025;18594;2010;2022;4
2025;5345;2010;2020;3
2025;65114;2010;2022;3
2025;12569;2010;2015;3
2025;1258021;2010;2020;3
2025;1421100;2010;2021;3
2025;7414;2010;2021;3
2025;1173014;2010;2020;3
2025;1166567;2010;2021;3
2025;85652;2010;2020;3
2025;1168313;2010;2020;3
2025;65114;2010;2021;3
2025;1292917;2010;2020;3
2025;93001;2010;2019;3
2025;1183313;2010;2020;3
2025;1257524;2010;2020;4
2025;21542;2010;2019;3
2025;7837;2010;2019;3
2025;5000979;2010;2020;3
2025;9996;2010;2020;3
2025;18605;2010;2021;3
2025;1334344;2010;2010;3
2025;6496;2010;2020;3
2025;1427370;2010;2022;3
2025;1427370;2010;2020;3
2025;1050663;2010;2020;3
2025;5000979;2010;2020;3
2025;51835;2010;2021;3
2025;1050663;2010;2019;3
2025;1314146;2010;2020;3
2025;49060;2010;2020;3
2025;1453564;2010;2020;3
2025;14359;2010;2020;3
2025;90084;2010;2020;3
2025;5206;2010;2020;3
2025;1185903;2010;2020;3
2025;16236;2010;2020;3
2025;15783;2010;2020;3
2025;1178672;2010;2020;3
2025;100956;2010;2020;3
2025;1193264;2010;2020;3
2025;10289;2010;2020;3
2025;1342449;2010;2018;3
2025;3418;2010;2020;3
2025;1188900;2010;2020;3
2025;72669;2010;2020;3
2025;5000930;2010;2020;1
2025;13424;2010;2014;3
2025;1385538;2010;2017;3
2025;1317634;2010;2020;3
2025;1408505;2010;2020;3
2025;72667;2010;2020;3
2025;65114;2010;2021;3
2025;1518495;2010;2020;3
2025;1029204;2010;2019;3
2025;11316;2010;2020;3
2025;389;2010;2019;1
2025;1317634;2010;2020;3
2025;37304;2010;2020;4
2025;16236;2010;2019;3
2025;65114;2010;2022;3
2025;1397771;2010;2020;3
2025;1108786;2010;2020;3
2025;49060;2010;2020;3
2025;14975;2010;2020;3
2025;1487491;2010;2021;3
2025;1192047;2010;2020;3
2025;1029204;2010;2020;3
2025;5001183;2010;2020;3
2025;1408504;2010;2021;3
2025;1101742;2010;2020;3
2025;1399619;2010;2020;3
2025;1192237;2010;2020;3
2025;1261971;2010;2020;3
2025;97679;2010;2020;3
2025;1202547;2010;2018;3
2025;98406;2010;2022;3
2025;74655;2010;2020;3
2025;1408261;2010;2020;3
2025;18594;2010;2021;4
2025;19206;2010;2021;4
2025;1184060;2010;2019;3
2025;84352;2010;2019;3
2025;1408505;2010;2020;3
2025;1202539;2010;2019;3
2025;1184060;2010;2020;3
2025;1190667;2010;2020;3
2025;1163738;2010;2021;3
2025;11316;2010;2020;3
2025;65114;2010;2022;3
2025;13286;2010;2019;3
2025;72681;2010;2020;3
2025;72675;2010;2019;3
2025;18594;2010;2021;4
2025;39415;2010;2020;3
2025;1399616;2010;2020;3
2025;72681;2010;2020;3
2025;1108281;2010;2021;3
2025;13424;2010;2018;3
2025;140;2010;2020;3
2025;1185025;2010;2020;3
2025;1397772;2010;2020;3
2025;5000931;2010;2020;3
2025;90084;2010;2020;3
2025;13601;2010;2020;3
2025;103596;2010;2020;3
2025;7414;2010;2020;3
2025;1184060;2010;2020;3
2025;1184060;2010;2020;3
2025;7837;2010;2019;3
2025;1397772;2010;2020;3
2025;1026;2010;2025;3
2025;1485621;2010;2020;3
2025;65114;2010;2021;3
2025;7414;2010;2021;3
2025;1421100;2010;2020;3
2025;1390311;2010;2020;3
2025;87537;2010;2020;3
2025;90084;2010;2019;3
2025;97679;2010;2022;3
2025;72681;2010;2020;3
2025;4503;2010;2020;3
2025;12569;2010;2019;3
2025;16236;2010;2019;3
2025;13723;2010;2020;3
2025;1068548;2010;2018;3
2025;1178672;2010;2020;3
2025;1408262;2010;2020;3
2025;5345;2010;2020;3
2025;1397771;2010;2020;3
2025;7414;2010;2020;3
2025;12569;2010;2020;3
2025;14563;2010;2020;3
2025;1059179;2010;2020;3
2025;8960;2010;2020;3
2025;5000979;2010;2020;3
2025;65114;2010;2022;3
2025;12569;2010;2019;3
2025;72767;2010;2020;3
2025;90483;2010;2010;3
2025;11114;2010;2020;3
2025;1408259;2010;2022;3
2025;1483768;2010;2020;3
2025;5000001;2010;2021;3
2025;5001294;2010;2022;3
2025;1408509;2010;2020;3
2025;5206;2010;2020;3
2025;5001294;2010;2020;3
2025;1399618;2010;2019;4
2025;1322329;2010;2020;3
2025;1397771;2010;2020;3
2025;18605;2010;2020;3
2025;12692;2010;2019;3
2025;9988;2010;2022;1
2025;90084;2010;2021;3
2025;100688;2010;2020;3
2025;1184060;2010;2019;3
2025;140;2010;2013;3
2025;1185903;2010;2021;3
2025;1457707;2010;2022;4
2025;1104264;2010;2020;3
2025;12692;2010;2020;3
2025;90847;2010;2011;3
2025;9996;2010;2020;3
2025;1264844;2010;2014;3
2025;79007;2010;2020;3
2025;1406536;2010;2020;3
2025;1108786;2010;2020;3
2025;14093;2010;2020;3
2025;5000979;2010;2020;3
2025;91219;2010;2023;3
2025;1185903;2010;2023;3
2025;13866;2010;2019;3
2025;91219;2010;2019;3
2025;82224;2010;2020;3
2025;1321864;2010;2020;3
2025;5001101;2010;2020;3
2025;10289;2010;2011;3
2025;1427370;2010;2021;3
2025;1102360;2010;2020;3
2025;5000980;2010;2020;3
2025;4503;2010;2020;3
2025;1439;2010;2019;3
2025;1029204;2010;2021;3
2025;84352;2010;2020;3
2025;59174;2010;2020;3
2025;1109361;2010;2020;3
2025;1192047;2010;2021;3
2025;1184325;2010;2020;3
2025;1399482;2010;2021;3
2025;72663;2010;2021;3
2025;18605;2010;2020;3
2025;2304;2010;2021;3
2025;85652;2010;2021;3
2025;66361;2010;2020;3
2025;60660;2010;2020;3
2025;2918;2010;2019;3
2025;1397771;2010;2020;3
2025;19850;2010;2020;3
2025;18594;2010;2022;4
2025;1179189;2010;2020;3
2025;57402;2010;2021;3
2025;74594;2010;2019;3
2025;1399618;2010;2019;4
2025;1334344;2010;2016;3
2025;1487290;2010;2020;3
2025;1397773;2010;2020;3
2025;10289;2010;2021;3
2025;1385538;2010;2020;3
2025;7414;2010;2020;3
2025;14563;2010;2020;3
2025;13866;2010;2020;3
2025;1184060;2010;2019;3
2025;7705;2010;2020;3
2025;1427370;2010;2021;3
2025;53338;2010;2020;3
2025;38071;2010;2019;3
2025;1193275;2010;2020;3
2025;90059;2010;2021;3
2025;1399616;2010;2016;3
2025;79007;2010;2021;3
2025;107666;2010;2020;3
2025;72669;2010;2020;3
2025;1168313;2010;2020;3
2025;1397772;2010;2017;3
2025;1342449;2010;2022;3
2025;1330031;2010;2020;3
2025;1135207;2010;2020;3
2025;1168313;2010;2019;3
2025;18605;2010;2019;3
2025;1399617;2010;2020;3
2025;1399487;2010;2020;3
2025;5001294;2010;2021;3
2025;75821;2010;2020;3
2025;1029204;2010;2020;3
2025;72669;2010;2020;3
2025;5001466;2010;2020;3
2025;1399615;2010;2020;3
2025;1029204;2010;2020;3
2025;1349675;2010;2020;3
2025;1427419;2010;2021;3
2025;72669;2010;2022;3
2025;1397771;2010;2020;3
2025;1485621;2010;2021;3
2025;16904;2010;2020;3
2025;72669;2010;2021;3
2025;13601;2010;2020;3
2025;1399482;2010;2022;3
2025;758;2010;2020;3
2025;1292869;2010;2019;3
2025;4503;2010;2020;3
2025;12569;2010;2020;3
2025;1399618;2010;2020;4
2025;303;2010;2019;1
2025;2392;2010;2020;3
2025;1185076;2010;2019;3
2025;11316;2010;2020;3
2025;1108786;2010;2020;3
2025;49060;2010;2020;3
2025;87537;2010;2020;3
2025;1385538;2010;2020;3
2025;14234;2010;2020;3
2025;87941;2010;2020;3
2025;868;2010;2020;3
2025;1257524;2010;2020;4
2025;14359;2010;2022;3
2025;7414;2010;2023;3
2025;86288;2010;2021;3
2025;1483759;2010;2022;3
2025;1178524;2010;2020;3
2025;1292917;2010;2020;3
2025;1168313;2010;2020;3
2025;5000981;2010;2020;3
2025;90084;2010;2021;3
2025;14234;2010;2020;3
2025;1173014;2010;2020;3
2025;1136509;2010;2020;3
2025;13601;2010;2020;3
2025;1261972;2010;2020;3
2025;72669;2010;2019;3
2025;14359;2010;2020;3
2025;72675;2010;2020;3
2025;18472;2010;2020;3
2025;1427419;2010;2020;3
2025;14234;2010;2020;3
2025;72669;2010;2021;3
2025;5000001;2010;2022;3
2025;18472;2010;2021;3
2025;37304;2010;2020;4
2025;2695;2010;2020;3
2025;1483759;2010;2020;3
2025;1408507;2010;2020;3
2025;1292725;2010;2019;3
2025;11233;2010;2020;3
2025;1168313;2010;2020;3
2025;1190621;2010;2020;3
2025;65114;2010;2022;3
2025;51835;2010;2020;3
2025;91219;2010;2020;3
2025;1192188;2010;2021;3
2025;100688;2010;2020;3
2025;1408508;2010;2021;4
2025;1188849;2010;2020;3
2025;4503;2010;2020;3
2025;1390317;2010;2020;3
2025;72681;2010;2020;3
2025;98506;2010;2019;3
2025;100688;2010;2020;3
2025;1178524;2010;2020;3
2025;1136509;2010;2020;3
2025;48854;2010;2021;3
2025;1257777;2010;2020;3
2025;79007;2010;2021;3
2025;90483;2010;2010;3
2025;1168313;2010;2020;3
2025;107666;2010;2020;3
2025;18472;2010;2020;3
2025;1385538;2010;2020;3
2025;1408261;2010;2020;3
2025;37304;2010;2020;4
2025;1192047;2010;2020;3
2025;1292917;2010;2020;3
2025;100956;2010;2020;3
2025;65114;2010;2021;3
2025;1214209;2010;2020;3
2025;12692;2010;2020;3
2025;1295813;2010;2020;3
2025;18594;2010;2020;4
2025;1190280;2010;2019;3
2025;90084;2010;2021;3
2025;18594;2010;2020;4
2025;72667;2010;2019;3
2025;90084;2010;2020;3
2025;12692;2010;2020;3
2025;57402;2010;2020;3
2025;1322329;2010;2020;3
2025;1185076;2010;2020;3
2025;5001294;2010;2022;3
2025;1292869;2010;2019;3
2025;90084;2010;2020;3
2025;1179501;2010;2020;3
2025;14563;2010;2020;3
2025;64918;2010;2020;3
2025;1487491;2010;2020;3
2025;1188900;2010;2020;3
2025;5001466;2010;2019;3
2025;1190280;2010;2019;3
2025;13866;2010;2019;3
2025;1257777;2010;2020;3
2025;484;2010;2019;3
2025;13866;2010;2019;3
2025;72681;2010;2020;3
2025;72667;2010;2020;3
2025;1483805;2010;2020;3
2025;53338;2010;2020;3
2025;1419799;2010;2020;3
2025;1178524;2010;2020;3
2025;5001314;2010;2020;3
2025;1879;2010;2020;3
2025;1193759;2010;2021;3
2025;18472;2010;2020;3
2025;1390317;2010;2020;3
2025;13286;2010;2019;3
2025;1190280;2010;2019;3
2025;1399482;2010;2022;3
2025;5001294;2010;2019;3
2025;5001427;2010;2023;3
2025;1257548;2010;2020;3
2025;1192188;2010;2019;3
2025;65114;2010;2021;3
2025;1188900;2010;2020;3
2025;75821;2010;2021;3
2025;14359;2010;2020;3
2025;1419799;2010;2019;3
2025;20360;2010;2020;3
2025;72681;2010;2021;3
2025;57402;2010;2019;3
2025;12569;2010;2019;3
2025;1178524;2010;2020;3
2025;1399481;2010;2020;3
2025;86288;2010;2020;3
2025;1439;2010;2020;3
2025;1192188;2010;2020;3
2025;1408505;2010;2020;3
2025;3148;2010;2020;3
2025;1267038;2010;2020;3
2025;5000812;2010;2020;3
2025;14234;2010;2016;3
2025;49060;2010;2020;3
2025;1050663;2010;2020;3
2025;72669;2010;2020;3
2025;13866;2010;2020;3
2025;72675;2010;2019;3
2025;72681;2010;2022;3
2025;5000980;2010;2020;3
2025;5000930;2010;2020;3
2025;13723;2010;2020;3
2025;8554;2010;2020;3
2025;37304;2010;2020;4
2025;14563;2010;2020;3
2025;18594;2010;2020;4
2025;72681;2010;2020;3
2025;1399489;2010;2018;3
2025;1257562;2010;2019;3
2025;4503;2010;2020;3
2025;1104264;2010;2020;3
2025;15783;2010;2020;3
2025;1390311;2010;2020;3
2025;14975;2010;2020;3
2025;1029204;2010;2020;3
2025;57402;2010;2020;3
2025;868;2010;2020;3
2025;15475;2010;2018;1
2025;1108786;2010;2018;3
2025;1168313;2010;2020;3
2025;1190280;2010;2019;3
2025;18605;2010;2019;3
2025;1202539;2010;2020;3
2025;1399489;2010;2022;3
2025;108882;2010;2020;3
2025;13723;2010;2019;3
2025;5206;2010;2020;3
2025;85652;2010;2019;3
2025;5345;2010;2020;3
2025;5001183;2010;2020;4
2025;1193275;2010;2020;3
2025;13723;2010;2020;3
2025;1173014;2010;2019;3
2025;5000812;2010;2019;3
2025;12569;2010;2015;3
2025;64918;2010;2020;3
2025;5001294;2010;2020;3
2025;66248;2010;2019;3
2025;1104264;2010;2022;3
2025;37304;2010;2024;4
2025;1399617;2010;2020;3
2025;5000001;2010;2022;3
2025;1104264;2010;2020;3
2025;1184047;2010;2020;3
2025;1438629;2010;2020;3
2025;65114;2010;2022;3
2025;1427419;2010;2020;3
2025;65114;2010;2021;3
2025;1486822;2010;2022;3
2025;84352;2010;2021;3
2025;1192047;2010;2019;3
2025;1397771;2010;2020;3
2025;86356;2010;2020;3
2025;87537;2010;2020;3
2025;18447;2010;2020;3
2025;1184060;2010;2020;3
2025;1185903;2010;2021;3
2025;13723;2010;2020;3
2025;65114;2010;2022;3
2025;1390317;2010;2020;3
2025;1190667;2010;2020;3
2025;1292726;2010;2020;3
2025;1399481;2010;2020;3
2025;5000812;2010;2020;3
2025;1438629;2010;2021;3
2025;66361;2010;2021;3
2025;85652;2010;2021;3
2025;5000812;2010;2020;3
2025;5000812;2010;2022;3
2025;1026;2010;2020;3
2025;98506;2010;2020;3
2025;484;2010;2018;3
2025;18605;2010;2019;3
2025;65924;2010;2019;3
2025;1200712;2010;2020;3
2025;1184325;2010;2020;3
2025;1190280;2010;2019;3
2025;18472;2010;2020;3
2025;1399618;2010;2020;4
2025;1193275;2010;2020;3
2025;85652;2010;2021;3
2025;72663;2010;2021;3
2025;72417;2010;2020;3
2025;1292869;2010;2020;3
2025;1276878;2010;2019;3
2025;65114;2010;2019;3
2025;5000980;2010;2020;3
2025;16904;2010;2020;3
2025;5000980;2010;2020;3
2025;1477973;2010;2020;3
2025;1292917;2010;2020;3
2025;1292917;2010;2020;3
2025;20360;2010;2020;3
2025;65114;2010;2021;3
2025;12970;2010;2020;1
2025;5000812;2010;2021;3
2025;1399488;2010;2020;3
2025;54494;2010;2020;3
2025;1483805;2010;2020;3
2025;2348;2010;2020;3
2025;1487290;2010;2020;3
2025;5001294;2010;2021;3
2025;98506;2010;2020;3
2025;1050663;2010;2020;3
2025;1258023;2010;2023;3
2025;72675;2010;2019;3
2025;1295813;2010;2020;3
2025;1399486;2010;2020;3
2025;66361;2010;2022;3
2025;1173014;2010;2020;3
2025;1390317;2010;2020;3
2025;5001101;2010;2020;3
2025;5001450;2010;2020;3
2025;1184060;2010;2020;3
2025;51699;2010;2016;3
2025;72681;2010;2020;3
2025;1399477;2010;2020;3
2025;1486298;2010;2020;3
2025;11446;2010;2020;3
2025;12569;2010;2020;3
2025;10289;2010;2020;3
2025;1184325;2010;2020;3
2025;15343;2010;2020;3
2025;72681;2010;2020;3
2025;64706;2010;2020;3
2025;5001314;2010;2020;3
2025;1363536;2010;2020;3
2025;1408259;2010;2021;3
2025;13286;2010;2019;3
2025;1427419;2010;2020;3
2025;1408508;2010;2022;4
2025;57402;2010;2021;3
2025;64706;2010;2020;3
2025;1108786;2010;2022;3
2025;303;2010;2021;1
2025;5001450;2010;2020;3
2025;65114;2010;2022;3
2025;75821;2010;2020;3
2025;1184432;2010;2020;3
2025;1487491;2010;2020;3
2025;6496;2010;2021;3
2025;5000812;2010;2019;3
2025;1317634;2010;2020;3
2025;107666;2010;2021;3
2025;72669;2010;2021;3
2025;1408505;2010;2020;3
2025;1292713;2010;2020;3
2025;1178672;2010;2020;3
2025;85652;2010;2020;3
2025;1168313;2010;2020;3
2025;108884;2010;2018;3
2025;1292713;2010;2020;3
2025;1202539;2010;2020;3
2025;1029204;2010;2020;3
2025;5000001;2010;2020;3
2025;85586;2010;2019;3
2025;18472;2010;2021;3
2025;1408259;2010;2020;3
2025;1276878;2010;2019;3
2025;3418;2010;2020;3
2025;1397773;2010;2022;3
2025;1408259;2010;2020;3
2025;72767;2010;2020;3
2025;1184432;2010;2021;3
2025;1397773;2010;2022;3
2025;85652;2010;2020;3
2025;1399616;2010;2020;3
2025;1448710;2010;2019;3
2025;19294;2010;2020;3
2025;1191415;2010;2020;3
2025;5001183;2010;2020;3
2025;82224;2010;2020;3
2025;87941;2010;2020;3
2025;1385538;2010;2017;3
2025;19294;2010;2017;3
2025;10224;2010;2020;3
2025;20360;2010;2019;3
2025;1427370;2010;2020;3
2025;11446;2010;2020;3
2025;2918;2010;2018;3
2025;49060;2010;2020;3
2025;90483;2010;2010;3
2025;1184432;2010;2019;3
2025;1483768;2010;2020;3
2025;5001183;2010;2020;4
2025;1163738;2010;2020;3
2025;18472;2010;2020;3
2025;65114;2010;2022;3
2025;1390309;2010;2020;3
2025;72675;2010;2019;3
2025;1458090;2010;2020;3
2025;8698;2010;2020;3
2025;8698;2010;2020;3
2025;64918;2010;2018;3
2025;2348;2010;2020;3
2025;1180318;2010;2020;3
2025;100956;2010;2020;3
2025;65114;2010;2020;3
2025;1178524;2010;2020;3
2025;72681;2010;2020;3
2025;6496;2010;2020;3
2025;1486298;2010;2020;3
2025;1185903;2011;2020;3
2025;1136509;2011;2020;3
2025;72767;2011;2021;3
2025;90483;2011;2011;3
2025;66248;2011;2019;3
2025;1136509;2011;2020;3
2025;5000812;2011;2020;3
2025;21542;2011;2019;3
2025;72417;2011;2020;3
2025;1179189;2011;2020;3
2025;4082;2011;2020;3
2025;1408261;2011;2020;3
2025;1427420;2011;2023;3
2025;1278877;2011;2020;3
2025;5000841;2011;2020;3
2025;1427419;2011;2020;3
2025;12970;2011;2020;1
2025;4503;2011;2020;3
2025;1173014;2011;2020;3
2025;5000979;2011;2020;3
2025;1399489;2011;2020;3
2025;1184060;2011;2020;3
2025;12813;2011;2020;3
2025;1427370;2011;2020;3
2025;12692;2011;2020;3
2025;9996;2011;2019;3
2025;19850;2011;2020;3
2025;5000812;2011;2020;3
2025;65114;2011;2023;3
2025;72417;2011;2020;3
2025;1408507;2011;2020;3
2025;84352;2011;2020;3
2025;100688;2011;2020;3
2025;85652;2011;2020;3
2025;90483;2011;2011;3
2025;1029204;2011;2020;3
2025;16236;2011;2020;3
2025;1202553;2011;2020;3
2025;1185903;2011;2020;3
2025;1258023;2011;2020;3
2025;1192188;2011;2020;3
2025;1163738;2011;2020;3
2025;1399287;2011;2020;3
2025;5345;2011;2020;3
2025;1385538;2011;2020;3
2025;5000931;2011;2020;3
2025;1184432;2011;2020;3
2025;100688;2011;2020;3
2025;1178524;2011;2020;3
2025;1292713;2011;2020;3
2025;5000978;2011;2023;3
2025;9805;2011;2022;3
2025;86288;2011;2022;3
2025;1193275;2011;2020;3
2025;1399287;2011;2019;3
2025;1399617;2011;2018;3
2025;1399482;2011;2021;3
2025;91399;2011;2020;3
2025;15783;2011;2020;3
2025;1390317;2011;2020;3
2025;18605;2011;2020;3
2025;82224;2011;2020;3
2025;85652;2011;2020;3
2025;65114;2011;2022;3
2025;13723;2011;2020;3
2025;72663;2011;2020;3
2025;65114;2011;2021;3
2025;65114;2011;2022;3
2025;1183313;2011;2020;3
2025;91219;2011;2021;3
2025;1192188;2011;2019;3
2025;49060;2011;2020;3
2025;90483;2011;2011;3
2025;86356;2011;2020;3
2025;14359;2011;2020;3
2025;1406536;2011;2019;3
2025;1190280;2011;2019;3
2025;13286;2011;2019;3
2025;13286;2011;2019;3
2025;8698;2011;2020;3
2025;1363536;2011;2020;3
2025;1399480;2011;2021;3
2025;108882;2011;2020;3
2025;1179189;2011;2020;3
2025;1190621;2011;2020;3
2025;51835;2011;2019;3
2025;1188849;2011;2020;3
2025;5001294;2011;2020;3
2025;1399481;2011;2020;3
2025;18472;2011;2020;3
2025;1292713;2011;2019;3
2025;1292726;2011;2018;3
2025;65924;2011;2022;3
2025;65114;2011;2020;3
2025;65114;2011;2022;3
2025;1188900;2011;2020;3
2025;6496;2011;2021;3
2025;8437;2011;2020;3
2025;1483759;2011;2020;3
2025;85586;2011;2019;3
2025;1408505;2011;2021;3
2025;13424;2011;2019;3
2025;11316;2011;2020;3
2025;1397772;2011;2020;3
2025;79007;2011;2020;3
2025;1292917;2011;2020;3
2025;5001294;2011;2020;3
2025;5001427;2011;2022;3
2025;1192237;2011;2020;3
2025;5000930;2011;2020;3
2025;5001466;2011;2020;3
2025;1108786;2011;2020;3
2025;59414;2011;2015;3
2025;1188900;2011;2020;3
2025;2392;2011;2020;3
2025;51835;2011;2020;3
2025;74594;2011;2020;3
2025;37304;2011;2020;4
2025;389;2011;2012;1
2025;65924;2011;2020;3
2025;1173014;2011;2019;3
2025;1385538;2011;2020;3
2025;1399616;2011;2020;3
2025;389;2011;2020;1
2025;65114;2011;2021;3
2025;38071;2011;2020;3
2025;5001294;2011;2024;3
2025;79007;2011;2021;3
2025;5000980;2011;2020;3
2025;90059;2011;2020;3
2025;9988;2011;2020;1
2025;1188849;2011;2020;3
2025;1408505;2011;2020;3
2025;6711;2011;2020;3
2025;5000979;2011;2021;3
2025;10222;2011;2020;3
2025;9326;2011;2020;1
2025;1192188;2011;2020;3
2025;90084;2011;2021;3
2025;11316;2011;2020;3
2025;72669;2011;2023;3
2025;60660;2011;2016;3
2025;868;2011;2020;3
2025;100958;2011;2020;3
2025;7414;2011;2020;3
2025;86288;2011;2015;3
2025;1173014;2011;2020;3
2025;90483;2011;2011;3
2025;72681;2011;2020;3
2025;1483773;2011;2020;3
2025;12345;2011;2020;3
2025;1399482;2011;2021;3
2025;12970;2011;2020;1
2025;59174;2011;2019;3
2025;1190621;2011;2020;3
2025;7414;2011;2020;3
2025;1342610;2011;2019;3
2025;5000980;2011;2020;3
2025;5001450;2011;2020;3
2025;6496;2011;2021;3
2025;12569;2011;2019;3
2025;5000001;2011;2021;3
2025;7705;2011;2020;3
2025;1390309;2011;2020;3
2025;5000931;2011;2020;3
2025;1168313;2011;2020;3
2025;11233;2011;2020;3
2025;1188127;2011;2021;3
2025;90483;2011;2011;3
2025;1399616;2011;2020;3
2025;12569;2011;2017;3
2025;1399615;2011;2020;3
2025;65114;2011;2020;3
2025;4720;2011;2020;3
2025;4503;2011;2020;3
2025;6711;2011;2020;3
2025;59174;2011;2021;3
2025;1168313;2011;2022;3
2025;1257777;2011;2020;3
2025;86288;2011;2020;3
2025;7414;2011;2022;3
2025;65114;2011;2021;3
2025;1257524;2011;2021;4
2025;5000931;2011;2020;3
2025;15475;2011;2020;1
2025;72669;2011;2019;3
2025;14615;2011;2019;3
2025;85652;2011;2020;3
2025;49060;2011;2020;3
2025;1518;2011;2019;3
2025;72663;2011;2019;3
2025;99476;2011;2019;3
2025;1185903;2011;2019;3
2025;72667;2011;2020;3
2025;1179501;2011;2020;3
2025;1457707;2011;2020;4
2025;1419799;2011;2020;3
2025;75821;2011;2021;3
2025;1427370;2011;2020;2
2025;1487491;2011;2020;3
2025;1166567;2011;2021;3
2025;72675;2011;2014;3
2025;1439;2011;2019;3
2025;1202553;2011;2019;3
2025;51835;2011;2020;3
2025;2918;2011;2020;3
2025;87537;2011;2020;3
2025;1483773;2011;2020;3
2025;12569;2011;2020;3
2025;5000001;2011;2020;3
2025;1184325;2011;2020;3
2025;1399479;2011;2020;3
2025;1257548;2011;2024;3
2025;1342536;2011;2021;3
2025;1399615;2011;2020;3
2025;72667;2011;2020;3
2025;5001294;2011;2021;3
2025;1408509;2011;2020;3
2025;72417;2011;2020;3
2025;1188127;2011;2021;3
2025;1399478;2011;2020;3
2025;1190280;2011;2019;3
2025;1168313;2011;2020;3
2025;1295813;2011;2020;3
2025;99476;2011;2021;3
2025;99476;2011;2021;3
2025;5909;2011;2020;3
2025;18472;2011;2021;3
2025;59174;2011;2021;3
2025;5000979;2011;2022;3
2025;1171609;2011;2021;3
2025;1427419;2011;2020;3
2025;5920;2011;2020;3
2025;13866;2011;2019;3
2025;49060;2011;2020;3
2025;100956;2011;2021;3
2025;57402;2011;2020;3
2025;86288;2011;2020;3
2025;108882;2011;2020;3
2025;1390317;2011;2020;3
2025;12015;2011;2020;3
2025;14725;2011;2020;3
2025;72681;2011;2020;3
2025;1342610;2011;2019;3
2025;13286;2011;2018;3
2025;59414;2011;2016;3
2025;59174;2011;2020;3
2025;108882;2011;2020;3
2025;11316;2011;2020;3
2025;1257777;2011;2020;3
2025;1180318;2011;2020;3
2025;1187646;2011;2019;3
2025;9772;2011;2020;3
2025;91219;2011;2020;3
2025;65114;2011;2020;3
2025;49060;2011;2020;3
2025;1399489;2011;2022;3
2025;98506;2011;2021;3
2025;1445016;2011;2021;3
2025;20249;2011;2020;3
2025;1408262;2011;2020;3
2025;12;2011;2020;3
2025;1200578;2011;2020;3
2025;1421013;2011;2020;3
2025;1399487;2011;2020;3
2025;140;2011;2020;3
2025;98406;2011;2019;3
2025;38071;2011;2020;3
2025;99476;2011;2021;3
2025;57402;2011;2020;3
2025;1317634;2011;2020;3
2025;1399484;2011;2020;3
2025;1385538;2011;2017;3
2025;1050663;2011;2020;3
2025;10289;2011;2020;3
2025;18605;2011;2019;3
2025;86356;2011;2020;3
2025;1390317;2011;2018;3
2025;1419799;2011;2020;3
2025;1188900;2011;2020;3
2025;1178524;2011;2020;3
2025;99476;2011;2021;3
2025;1399481;2011;2020;3
2025;5000979;2011;2020;3
2025;1184432;2011;2021;3
2025;1321864;2011;2020;3
2025;1342449;2011;2022;3
2025;1188849;2011;2023;3
2025;90084;2011;2020;3
2025;13866;2011;2019;3
2025;1342610;2011;2019;3
2025;1485621;2011;2020;3
2025;1267038;2011;2018;3
2025;1399618;2011;2019;4
2025;1026;2011;2019;3
2025;1397772;2011;2021;3
2025;13723;2011;2021;3
2025;74655;2011;2020;3
2025;5001294;2011;2020;3
2025;1190621;2011;2018;3
2025;1879;2011;2021;3
2025;1192047;2011;2020;3
2025;98506;2011;2021;3
2025;72767;2011;2021;3
2025;1107;2011;2019;3
2025;57402;2011;2020;3
2025;72667;2011;2020;3
2025;13424;2011;2019;3
2025;82224;2011;2019;3
2025;1050663;2011;2020;3
2025;1190280;2011;2019;3
2025;1190280;2011;2019;3
2025;64918;2011;2020;3
2025;5000980;2011;2020;3
2025;1184325;2011;2020;3
2025;10222;2011;2020;3
2025;7705;2011;2021;3
2025;1483768;2011;2020;3
2025;65114;2011;2022;3
2025;13424;2011;2019;3
2025;65114;2011;2022;3
2025;90084;2011;2020;3
2025;1334344;2011;2021;3
2025;15783;2011;2020;3
2025;72767;2011;2019;3
2025;1457006;2011;2019;3
2025;86288;2011;2020;3
2025;100958;2011;2020;3
2025;6711;2011;2019;3
2025;108014;2011;2020;3
2025;107666;2011;2018;3
2025;13723;2011;2020;3
2025;1385538;2011;2017;3
2025;5000980;2011;2020;3
2025;1390317;2011;2020;3
2025;5000930;2011;2020;3
2025;74655;2011;2020;3
2025;5000979;2011;2019;3
2025;103596;2011;2021;3
2025;19294;2011;2020;3
2025;5000812;2011;2020;3
2025;1385538;2011;2020;3
2025;1102360;2011;2020;3
2025;97679;2011;2020;3
2025;5001341;2011;2020;3
2025;12;2011;2019;3
2025;97679;2011;2020;3
2025;1190280;2011;2019;3
2025;1171609;2011;2020;3
2025;64918;2011;2020;3
2025;1178524;2011;2021;3
2025;389;2011;2019;1
2025;79007;2011;2020;3
2025;1292917;2011;2020;3
2025;1179501;2011;2020;3
2025;1399478;2011;2020;3
2025;1408259;2011;2022;3
2025;11233;2011;2020;3
2025;1179189;2011;2017;3
2025;16904;2011;2020;3
2025;1191415;2011;2020;3
2025;57402;2011;2020;3
2025;1258023;2011;2020;3
2025;5000001;2011;2022;3
2025;1171609;2011;2020;3
2025;1200712;2011;2020;3
2025;66361;2011;2020;3
2025;1180318;2011;2019;3
2025;85652;2011;2020;3
2025;1390317;2011;2021;3
2025;15783;2011;2020;3
2025;1390317;2011;2020;3
2025;1190621;2011;2020;3
2025;1427370;2011;2022;3
2025;5000981;2011;2020;3
2025;1408508;2011;2023;4
2025;1173014;2011;2020;3
2025;5001427;2011;2023;3
2025;1321864;2011;2020;3
2025;9772;2011;2020;3
2025;10224;2011;2020;3
2025;1385538;2011;2019;3
2025;13424;2011;2019;3
2025;80037;2011;2019;3
2025;4503;2011;2020;3
2025;100956;2011;2020;3
2025;1192188;2011;2020;3
2025;3148;2011;2020;3
2025;12970;2011;2020;1
2025;5000981;2011;2020;3
2025;1190667;2011;2020;3
2025;90483;2011;2011;3
2025;9326;2011;2020;1
2025;1399482;2011;2020;3
2025;72663;2011;2020;3
2025;13601;2011;2020;3
2025;1184432;2011;2020;3
2025;90084;2011;2020;3
2025;1399478;2011;2020;3
2025;1408507;2011;2020;3
2025;1190280;2011;2019;3
2025;60660;2011;2020;3
2025;12970;2011;2020;1
2025;79007;2011;2021;3
2025;1399618;2011;2020;4
2025;1408508;2011;2020;4
2025;1258023;2011;2021;3
2025;1485621;2011;2020;3
2025;1185903;2011;2021;3
2025;4503;2011;2020;3
2025;65114;2011;2022;3
2025;5001294;2011;2022;3
2025;91219;2011;2020;3
2025;120983;2011;2020;3
2025;5001183;2011;2020;3
2025;5001294;2011;2015;3
2025;87537;2011;2020;3
2025;19086;2011;2020;3
2025;15783;2011;2020;3
2025;1179189;2011;2020;3
2025;20360;2011;2020;3
2025;98506;2011;2020;3
2025;1397772;2011;2020;3
2025;19294;2011;2020;3
2025;72663;2011;2020;3
2025;15343;2011;2020;3
2025;59174;2011;2020;3
2025;1188849;2011;2023;3
2025;1190667;2011;2019;3
2025;6711;2011;2021;3
2025;1485621;2011;2023;3
2025;84352;2011;2020;3
2025;1399477;2011;2022;3
2025;65114;2011;2020;3
2025;12345;2011;2020;3
2025;1399484;2011;2019;2
2025;1342536;2011;2021;3
2025;18605;2011;2020;3
2025;18605;2011;2019;3
2025;100956;2011;2022;3
2025;1029204;2011;2020;3
2025;11114;2011;2020;3
2025;1390317;2011;2020;3
2025;2304;2011;2020;3
2025;65114;2011;2022;3
2025;11114;2011;2020;3
2025;10224;2011;2020;3
2025;11114;2011;2020;3
2025;1421100;2011;2020;3
2025;7105;2011;2020;3
2025;1342449;2011;2022;3
2025;1108786;2011;2019;3
2025;16904;2011;2014;3
2025;57402;2011;2020;3
2025;90483;2011;2011;3
2025;7676;2011;2021;3
2025;6496;2011;2020;3
2025;1171609;2011;2020;3
2025;18594;2011;2019;4
2025;1390309;2011;2020;3
2025;72767;2011;2020;3
2025;1108786;2011;2021;3
2025;5000930;2011;2020;1
2025;5001450;2011;2020;3
2025;1108786;2011;2020;3
2025;389;2011;2019;1
2025;1180318;2011;2020;3
2025;1258023;2011;2021;3
2025;90483;2011;2011;3
2025;12569;2011;2020;3
2025;12692;2011;2020;3
2025;1267038;2011;2018;3
2025;1349675;2011;2020;3
2025;1334344;2011;2020;3
2025;1390317;2011;2020;3
2025;91219;2011;2020;3
2025;1272168;2011;2020;3
2025;1408509;2011;2020;3
2025;90483;2011;2011;3
2025;5001183;2011;2020;3
2025;5000979;2011;2022;3
2025;1427370;2011;2022;3
2025;1399478;2011;2020;3
2025;1363536;2011;2018;3
2025;11316;2011;2020;3
2025;1330031;2011;2020;3
2025;5001294;2011;2014;3
2025;13453;2011;2020;3
2025;1185903;2011;2023;3
2025;1487290;2011;2020;3
2025;1185903;2011;2023;3
2025;1189778;2011;2019;3
2025;93001;2011;2020;3
2025;13866;2011;2019;3
2025;1179501;2011;2020;3
2025;1292917;2011;2020;3
2025;5000979;2011;2021;3
2025;12569;2011;2020;3
2025;1108786;2011;2020;3
2025;12569;2011;2019;3
2025;59174;2011;2019;3
2025;1518;2011;2019;3
2025;72663;2011;2019;3
2025;66361;2011;2020;3
2025;1390317;2011;2020;3
2025;1178524;2011;2020;3
2025;1171609;2011;2020;3
2025;1183958;2011;2019;3
2025;14975;2011;2020;3
2025;1108786;2011;2020;3
2025;57402;2011;2020;3
2025;7705;2011;2020;3
2025;12813;2011;2020;3
2025;90059;2011;2020;3
2025;1191415;2011;2019;3
2025;1029204;2011;2020;3
2025;1445016;2011;2020;3
2025;74655;2011;2020;3
2025;90483;2011;2011;3
2025;2348;2011;2020;3
2025;59414;2011;2020;3
2025;1408507;2011;2020;3
2025;9772;2011;2022;3
2025;9326;2011;2020;1
2025;1427419;2011;2020;3
2025;10289;2011;2018;3
2025;72669;2011;2019;3
2025;1184060;2011;2020;3
2025;1408261;2011;2020;3
2025;87537;2011;2020;3
2025;5000981;2011;2020;3
2025;1184060;2011;2020;3
2025;90084;2011;2020;3
2025;39415;2011;2021;3
2025;1192047;2011;2021;3
2025;1445016;2011;2020;3
2025;18472;2011;2020;3
2025;4503;2011;2020;3
2025;85652;2011;2020;3
2025;108882;2011;2020;3
2025;1190667;2011;2020;3
2025;1518;2011;2019;3
2025;389;2011;2020;1
2025;1190621;2011;2020;3
2025;107766;2011;2020;3
2025;1408259;2011;2020;3
2025;1385521;2011;2020;3
2025;1399485;2011;2019;3
2025;10289;2011;2020;3
2025;1399614;2011;2021;4
2025;97679;2011;2020;3
2025;72767;2011;2020;3
2025;1184060;2011;2019;3
2025;1026;2011;2020;3
2025;90483;2011;2011;3
2025;6496;2011;2020;3
2025;75821;2011;2019;3
2025;1184060;2011;2020;3
2025;1108786;2011;2020;3
2025;1108281;2011;2020;3
2025;1483759;2011;2020;3
2025;99476;2011;2020;3
2025;74594;2011;2020;3
2025;18594;2011;2020;4
2025;5001294;2011;2021;3
2025;18594;2011;2022;4
2025;1399480;2011;2020;3
2025;1385538;2011;2017;3
2025;1171609;2011;2021;3
2025;1399616;2011;2018;3
2025;150039;2011;2019;3
2025;1050663;2011;2020;3
2025;85652;2011;2020;3
2025;72417;2011;2020;3
2025;12970;2011;2020;1
2025;4503;2011;2016;3
2025;16904;2011;2020;3
2025;1399482;2011;2020;3
2025;1483768;2011;2022;3
2025;59174;2011;2021;3
2025;107666;2011;2020;3
2025;12569;2011;2019;3
2025;65114;2011;2021;3
2025;7705;2011;2020;3
2025;1390317;2011;2021;3
2025;13723;2011;2019;3
2025;1192188;2011;2020;3
2025;93001;2011;2021;3
2025;85652;2011;2021;3
2025;72417;2011;2020;3
2025;18594;2011;2020;4
2025;1188900;2011;2020;3
2025;1184047;2011;2020;3
2025;1179189;2011;2020;3
2025;9996;2011;2020;3
2025;1399617;2011;2019;3
2025;1322329;2011;2020;3
2025;12692;2011;2020;3
2025;60660;2011;2019;3
2025;1179501;2011;2020;3
2025;12569;2011;2020;3
2025;1026;2011;2020;3
2025;38071;2011;2020;3
2025;1183958;2011;2019;3
2025;389;2011;2019;1
2025;1399489;2011;2021;3
2025;39415;2011;2021;3
2025;1166567;2011;2023;3
2025;10222;2011;2020;3
2025;1399617;2011;2020;3
2025;1257562;2011;2020;3
2025;12970;2011;2020;1
2025;1457503;2011;2020;3
2025;1108786;2011;2018;3
2025;1184325;2011;2020;3
2025;82224;2011;2020;3
2025;103596;2011;2021;3
2025;85652;2011;2020;3
2025;13723;2011;2019;3
2025;5000979;2011;2020;3
2025;72675;2011;2020;3
2025;65114;2011;2020;3
2025;1292917;2011;2020;3
2025;2348;2011;2020;3
2025;1439;2011;2019;3
2025;14615;2011;2014;3
2025;5206;2011;2021;3
2025;1453564;2011;2020;3
2025;1202588;2011;2019;3
2025;1439;2011;2020;3
2025;1518;2011;2019;3
2025;12813;2011;2019;3
2025;19294;2011;2020;3
2025;1385538;2011;2017;3
2025;1408507;2011;2020;3
2025;58412;2011;2018;3
2025;1397771;2011;2020;3
2025;1399617;2011;2020;3
2025;1166567;2011;2021;3
2025;5001033;2011;2020;3
2025;5001450;2011;2020;3
2025;82224;2011;2023;3
2025;1192188;2011;2021;3
2025;12345;2011;2020;3
2025;1264844;2011;2020;3
2025;90059;2011;2020;3
2025;1483805;2011;2020;3
2025;1276878;2011;2019;3
2025;5000930;2011;2020;3
2025;79007;2011;2022;3
2025;7676;2011;2021;3
2025;1419799;2011;2020;3
2025;12692;2011;2020;3
2025;1487290;2011;2020;3
2025;100956;2011;2022;3
2025;5000979;2011;2022;3
2025;10222;2011;2020;3
2025;1390309;2011;2020;3
2025;85652;2011;2021;3
2025;18605;2011;2020;3
2025;103596;2011;2022;3
2025;1399618;2011;2022;4
2025;1108786;2011;2018;3
2025;49060;2011;2020;3
2025;1190280;2011;2019;3
2025;13286;2011;2019;3
2025;11233;2011;2018;3
2025;65114;2011;2022;3
2025;5000930;2011;2022;1
2025;1108786;2011;2018;3
2025;1178524;2011;2020;3
2025;72663;2011;2020;3
2025;1483773;2011;2020;3
2025;1192047;2011;2020;3
2025;12970;2011;2020;1
2025;758;2011;2020;3
2025;85652;2011;2020;3
2025;1184325;2011;2020;3
2025;53338;2011;2020;3
2025;6496;2011;2020;3
2025;72667;2011;2020;3
2025;1385538;2011;2020;3
2025;12569;2011;2019;3
2025;1399287;2011;2020;3
2025;5001300;2011;2020;3
2025;72669;2011;2021;3
2025;11114;2011;2020;3
2025;1190667;2011;2020;3
2025;1342536;2011;2020;3
2025;65114;2011;2020;3
2025;72669;2011;2020;3
2025;1029204;2011;2020;3
2025;90483;2011;2011;3
2025;1026;2011;2019;3
2025;6496;2011;2019;3
2025;1399616;2011;2020;3
2025;140;2011;2021;3
2025;20249;2011;2020;3
2025;57852;2011;2020;3
2025;1108786;2011;2020;3
2025;1168313;2011;2020;3
2025;98506;2011;2020;3
2025;5000930;2011;2020;3
2025;5001294;2011;2015;3
2025;51699;2011;2020;3
2025;1427370;2011;2020;3
2025;1399481;2011;2020;3
2025;1258021;2011;2020;3
2025;15475;2011;2015;1
2025;5000930;2011;2020;3
2025;1108786;2011;2020;3
2025;14234;2011;2020;3
2025;72681;2011;2021;3
2025;12970;2011;2020;1
2025;100956;2011;2020;3
2025;1171609;2011;2021;3
2025;1458090;2011;2020;3
2025;1135207;2011;2020;3
2025;1168313;2011;2020;3
2025;5001300;2011;2019;3
2025;1292726;2011;2015;3
2025;5001183;2011;2020;4
2025;8698;2011;2020;3
2025;20249;2011;2020;3
2025;5000812;2011;2020;3
2025;13866;2011;2019;3
2025;1202539;2011;2020;3
2025;12569;2011;2019;3
2025;389;2011;2018;1
2025;91219;2011;2020;3
2025;868;2011;2020;3
2025;1439;2011;2019;3
2025;9805;2011;2020;3
2025;5000841;2011;2020;3
2025;72669;2011;2021;3
2025;1192047;2011;2021;3
2025;1192047;2011;2020;3
2025;13723;2011;2020;3
2025;14359;2011;2020;3
2025;74655;2011;2020;3
2025;1390311;2011;2020;3
2025;1292725;2011;2019;3
2025;5000979;2011;2020;3
2025;13723;2011;2020;3
2025;5001427;2011;2019;3
2025;9326;2011;2020;1
2025;15783;2011;2020;3
2025;39415;2011;2020;3
2025;64918;2011;2019;3
2025;1397773;2011;2022;3
2025;1408508;2011;2020;4
2025;98506;2011;2020;3
2025;99476;2011;2020;3
2025;90059;2012;2020;3
2025;1185076;2012;2019;3
2025;1190280;2012;2019;3
2025;91219;2012;2020;3
2025;1163738;2012;2020;3
2025;1136509;2012;2020;3
2025;1292917;2012;2020;3
2025;14359;2012;2020;3
2025;59414;2012;2022;3
2025;72681;2012;2020;3
2025;1258023;2012;2021;3
2025;4720;2012;2020;3
2025;1399486;2012;2020;3
2025;1487290;2012;2020;3
2025;1184432;2012;2020;3
2025;1108153;2012;2020;1
2025;1399618;2012;2022;4
2025;1427419;2012;2020;3
2025;1188900;2012;2020;3
2025;1178524;2012;2020;3
2025;1184325;2012;2020;3
2025;1193275;2012;2025;3
2025;90091;2012;2019;3
2025;1258021;2012;2020;3
2025;18594;2012;2021;4
2025;10289;2012;2020;3
2025;12;2012;2019;3
2025;1399618;2012;2022;4
2025;5001294;2012;2022;3
2025;65114;2012;2022;3
2025;4503;2012;2020;3
2025;5000980;2012;2020;3
2025;1108281;2012;2020;3
2025;1026;2012;2025;3
2025;85652;2012;2020;3
2025;82224;2012;2020;3
2025;1483759;2012;2020;3
2025;1184325;2012;2020;3
2025;20249;2012;2020;3
2025;1168313;2012;2020;3
2025;1399478;2012;2020;3
2025;14615;2012;2019;3
2025;72675;2012;2020;3
2025;72667;2012;2019;3
2025;1397771;2012;2020;3
2025;72663;2012;2020;3
2025;1445016;2012;2021;3
2025;4503;2012;2019;3
2025;65114;2012;2021;3
2025;65114;2012;2022;3
2025;1192047;2012;2020;3
2025;1184060;2012;2020;3
2025;49060;2012;2019;3
2025;59174;2012;2021;3
2025;65114;2012;2022;3
2025;1200712;2012;2020;3
2025;11316;2012;2020;3
2025;1390309;2012;2020;3
2025;20249;2012;2020;3
2025;1202588;2012;2019;3
2025;1313341;2012;2015;3
2025;5001450;2012;2020;3
2025;69624;2012;2020;3
2025;1385538;2012;2020;3
2025;71689;2012;2020;3
2025;1408259;2012;2023;3
2025;3677;2012;2020;3
2025;5000001;2012;2021;3
2025;19294;2012;2020;3
2025;5001294;2012;2019;3
2025;1185903;2012;2020;3
2025;1399487;2012;2020;3
2025;98506;2012;2020;3
2025;8554;2012;2020;3
2025;1050663;2012;2020;3
2025;16236;2012;2020;3
2025;12970;2012;2020;1
2025;7676;2012;2021;3
2025;13866;2012;2019;3
2025;11114;2012;2020;3
2025;65114;2012;2023;3
2025;758;2012;2020;3
2025;1453564;2012;2017;3
2025;82224;2012;2020;3
2025;1399484;2012;2020;3
2025;9996;2012;2019;3
2025;72681;2012;2021;3
2025;9805;2012;2020;3
2025;1421013;2012;2020;3
2025;5000812;2012;2020;3
2025;1184060;2012;2019;3
2025;14359;2012;2020;3
2025;18594;2012;2018;4
2025;1397773;2012;2020;3
2025;10224;2012;2020;3
2025;11316;2012;2020;3
2025;1202546;2012;2017;3
2025;5001466;2012;2020;3
2025;2695;2012;2020;3
2025;1399486;2012;2019;3
2025;1108786;2012;2020;3
2025;1399615;2012;2020;3
2025;1184325;2012;2019;3
2025;108014;2012;2020;3
2025;5001167;2012;2020;3
2025;65114;2012;2022;3
2025;1313341;2012;2020;3
2025;19850;2012;2020;3
2025;97679;2012;2020;3
2025;1439;2012;2018;3
2025;1295813;2012;2019;3
2025;85652;2012;2020;3
2025;1108786;2012;2020;3
2025;1457707;2012;2020;4
2025;13200;2012;2020;3
2025;8698;2012;2020;3
2025;18447;2012;2018;3
2025;1399618;2012;2022;4
2025;65114;2012;2020;3
2025;7676;2012;2020;3
2025;19294;2012;2015;3
2025;1399487;2012;2020;3
2025;1390311;2012;2020;3
2025;5001294;2012;2022;3
2025;1399618;2012;2020;4
2025;8698;2012;2019;3
2025;1487491;2012;2020;3
2025;1477973;2012;2020;3
2025;1267038;2012;2021;3
2025;1173014;2012;2017;3
2025;1163738;2012;2021;3
2025;5001033;2012;2020;3
2025;1292917;2012;2020;3
2025;5001300;2012;2020;3
2025;5909;2012;2020;3
2025;1408507;2012;2020;3
2025;72667;2012;2018;3
2025;1349675;2012;2020;3
2025;5000931;2012;2019;3
2025;1278877;2012;2020;3
2025;1408504;2012;2019;3
2025;7414;2012;2020;3
2025;1258023;2012;2021;3
2025;60660;2012;2020;3
2025;8437;2012;2020;3
2025;1107;2012;2020;3
2025;1399486;2012;2019;3
2025;1173014;2012;2019;3
2025;59414;2012;2020;3
2025;1427370;2012;2020;3
2025;12569;2012;2019;3
2025;1068548;2012;2018;3
2025;1168313;2012;2020;3
2025;1408259;2012;2020;3
2025;1184432;2012;2021;3
2025;1477973;2012;2020;3
2025;1101742;2012;2019;3
2025;1408508;2012;2021;4
2025;20360;2012;2020;3
2025;79007;2012;2020;3
2025;98406;2012;2020;3
2025;5000931;2012;2019;3
2025;1257562;2012;2019;3
2025;1178524;2012;2020;3
2025;9772;2012;2020;3
2025;64918;2012;2019;3
2025;1439;2012;2019;3
2025;90059;2012;2020;3
2025;1050663;2012;2020;3
2025;18594;2012;2020;4
2025;5000979;2012;2022;3
2025;1321864;2012;2020;3
2025;1173014;2012;2020;3
2025;13601;2012;2018;3
2025;60660;2012;2020;3
2025;1399614;2012;2020;4
2025;65114;2012;2021;3
2025;1427419;2012;2020;3
2025;868;2012;2022;3
2025;97679;2012;2020;3
2025;1146605;2012;2019;3
2025;2304;2012;2020;3
2025;5000933;2012;2020;3
2025;1453564;2012;2020;3
2025;13453;2012;2020;3
2025;90483;2012;2012;3
2025;5000980;2012;2020;3
2025;1385538;2012;2020;3
2025;7414;2012;2022;3
2025;13286;2012;2019;3
2025;18605;2012;2020;3
2025;1179501;2012;2020;3
2025;12692;2012;2020;3
2025;1399484;2012;2020;3
2025;1399479;2012;2020;3
2025;1135207;2012;2020;3
2025;108014;2012;2019;3
2025;5000930;2012;2020;3
2025;5206;2012;2020;3
2025;18605;2012;2020;3
2025;65114;2012;2020;3
2025;1190280;2012;2019;3
2025;72681;2012;2020;3
2025;1183313;2012;2020;3
2025;1188900;2012;2020;3
2025;1439;2012;2019;3
2025;5206;2012;2020;3
2025;59174;2012;2020;3
2025;1399618;2012;2021;4
2025;69624;2012;2020;3
2025;5000001;2012;2015;3
2025;19086;2012;2019;3
2025;98506;2012;2019;3
2025;5000001;2012;2023;3
2025;1202547;2012;2019;3
2025;1179189;2012;2020;3
2025;7705;2012;2020;3
2025;72767;2012;2016;3
2025;5000980;2012;2020;3
2025;65114;2012;2022;3
2025;8437;2012;2019;3
2025;1399614;2012;2021;4
2025;72417;2012;2019;3
2025;8960;2012;2020;3
2025;1408504;2012;2021;3
2025;49060;2012;2020;3
2025;1408507;2012;2020;3
2025;1421100;2012;2020;3
2025;1477973;2012;2020;3
2025;758;2012;2020;3
2025;14615;2012;2019;3
2025;59414;2012;2020;3
2025;14615;2012;2018;3
2025;10289;2012;2020;3
2025;7414;2012;2020;3
2025;7414;2012;2020;3
2025;37304;2012;2020;4
2025;1518495;2012;2021;3
2025;7705;2012;2020;3
2025;1385538;2012;2017;3
2025;100956;2012;2021;3
2025;12970;2012;2020;1
2025;1200712;2012;2019;3
2025;98506;2012;2020;3
2025;91399;2012;2020;3
2025;2695;2012;2020;3
2025;12569;2012;2019;3
2025;1390311;2012;2020;3
2025;2304;2012;2021;3
2025;6496;2012;2022;3
2025;14615;2012;2019;3
2025;6496;2012;2020;3
2025;1193275;2012;2020;3
2025;1184060;2012;2019;3
2025;51835;2012;2020;3
2025;15343;2012;2020;3
2025;1399488;2012;2020;3
2025;1518;2012;2019;3
2025;72667;2012;2020;3
2025;1397772;2012;2020;3
2025;5001314;2012;2020;3
2025;1192047;2012;2020;3
2025;1399478;2012;2020;3
2025;1257777;2012;2020;3
2025;1171609;2012;2024;3
2025;65114;2012;2019;3
2025;72667;2012;2020;3
2025;1421100;2012;2021;3
2025;1427419;2012;2020;3
2025;1171609;2012;2021;3
2025;1184432;2012;2019;3
2025;12569;2012;2020;3
2025;72681;2012;2020;3
2025;100956;2012;2020;3
2025;13286;2012;2017;3
2025;19294;2012;2020;3
2025;15783;2012;2020;3
2025;16904;2012;2021;3
2025;59414;2012;2020;3
2025;93001;2012;2020;3
2025;758;2012;2020;3
2025;5001427;2012;2020;3
2025;90084;2012;2020;3
2025;1421100;2012;2018;3
2025;100956;2012;2020;3
2025;90483;2012;2012;3
2025;14563;2012;2020;3
2025;12345;2012;2020;3
2025;90483;2012;2012;3
2025;1317634;2012;2020;3
2025;1385538;2012;2020;3
2025;75821;2012;2021;3
2025;1292917;2012;2020;3
2025;12569;2012;2019;3
2025;64706;2012;2020;3
2025;103596;2012;2020;3
2025;3418;2012;2019;3
2025;1292725;2012;2020;3
2025;1399614;2012;2020;4
2025;1267038;2012;2021;3
2025;107666;2012;2020;3
2025;1216474;2012;2016;3
2025;8960;2012;2020;3
2025;11316;2012;2020;3
2025;86356;2012;2020;3
2025;1399477;2012;2022;3
2025;1108786;2012;2020;3
2025;21542;2012;2020;3
2025;1183958;2012;2019;3
2025;5001101;2012;2019;3
2025;1390317;2012;2020;3
2025;1399478;2012;2020;3
2025;1163738;2012;2017;3
2025;1427370;2012;2020;3
2025;1483773;2012;2020;3
2025;5000930;2012;2020;3
2025;1399478;2012;2020;3
2025;1427370;2012;2021;3
2025;1178524;2012;2020;3
2025;13103;2012;2017;3
2025;1185025;2012;2020;3
2025;6496;2012;2020;3
2025;100956;2012;2022;3
2025;66248;2012;2020;3
2025;100956;2012;2020;3
2025;90091;2012;2020;3
2025;1029204;2012;2021;3
2025;12813;2012;2019;3
2025;1399487;2012;2020;3
2025;1180318;2012;2020;3
2025;90059;2012;2020;3
2025;1292725;2012;2019;3
2025;5001294;2012;2022;3
2025;48854;2012;2020;3
2025;1202553;2012;2019;3
2025;72669;2012;2021;3
2025;57402;2012;2020;3
2025;10289;2012;2020;3
2025;98409;2012;2019;3
2025;72667;2012;2020;3
2025;1179189;2012;2020;3
2025;1421013;2012;2020;3
2025;1399488;2012;2020;3
2025;12569;2012;2021;3
2025;5000980;2012;2020;3
2025;86288;2012;2019;3
2025;57852;2012;2020;3
2025;1278877;2012;2022;3
2025;1029763;2012;2019;3
2025;1399480;2012;2020;3
2025;5000979;2012;2020;3
2025;82224;2012;2020;3
2025;75821;2012;2020;3
2025;107666;2012;2019;3
2025;758;2012;2020;3
2025;1317634;2012;2020;3
2025;108882;2012;2020;3
2025;18472;2012;2020;3
2025;16236;2012;2020;3
2025;11114;2012;2020;3
2025;4503;2012;2020;3
2025;1427370;2012;2020;3
2025;1322329;2012;2022;3
2025;10224;2012;2020;3
2025;108884;2012;2020;3
2025;1185903;2012;2020;3
2025;97679;2012;2020;3
2025;5909;2012;2020;3
2025;59174;2012;2019;3
2025;1457503;2012;2020;3
2025;8698;2012;2020;3
2025;72669;2012;2019;3
2025;1189607;2012;2020;3
2025;1427419;2012;2020;3
2025;1321864;2012;2020;3
2025;12569;2012;2020;3
2025;99476;2012;2021;3
2025;1190280;2012;2019;3
2025;1184060;2012;2020;3
2025;1257524;2012;2020;4
2025;1200712;2012;2020;3
2025;1408509;2012;2020;3
2025;108884;2012;2020;3
2025;1184060;2012;2020;3
2025;1180318;2012;2020;3
2025;1427420;2012;2018;3
2025;1184060;2012;2019;3
2025;1200712;2012;2020;3
2025;72681;2012;2020;3
2025;1258023;2012;2020;3
2025;5001101;2012;2020;3
2025;7676;2012;2020;3
2025;65114;2012;2022;3
2025;72681;2012;2020;3
2025;1349675;2012;2020;3
2025;1390317;2012;2020;3
2025;1135207;2012;2020;3
2025;2695;2012;2018;3
2025;16904;2012;2020;3
2025;15783;2012;2020;3
2025;14359;2012;2020;3
2025;5000981;2012;2020;3
2025;1408507;2012;2020;3
2025;7414;2012;2022;3
2025;72667;2012;2020;3
2025;1321864;2012;2020;3
2025;1192047;2012;2020;3
2025;1171609;2012;2021;3
2025;11446;2012;2023;3
2025;86288;2012;2020;3
2025;5001294;2012;2020;3
2025;1438629;2012;2021;3
2025;72669;2012;2020;3
2025;93001;2012;2020;3
2025;5000933;2012;2020;3
2025;1399483;2012;2020;3
2025;120983;2012;2020;3
2025;150039;2012;2019;3
2025;1397772;2012;2020;3
2025;65114;2012;2022;3
2025;1439;2012;2020;3
2025;11114;2012;2020;3
2025;85652;2012;2020;3
2025;1102360;2012;2020;3
2025;91219;2012;2020;3
2025;1258023;2012;2020;3
2025;11114;2012;2020;3
2025;5001101;2012;2020;3
2025;21542;2012;2020;3
2025;1292917;2012;2020;3
2025;7414;2012;2020;3
2025;11233;2012;2020;3
2025;1399481;2012;2020;3
2025;72681;2012;2024;3
2025;1438629;2012;2021;3
2025;1202547;2012;2018;3
2025;11446;2012;2020;3
2025;1264844;2012;2020;3
2025;1477973;2012;2020;3
2025;5001294;2012;2015;3
2025;1330031;2012;2020;3
2025;12692;2012;2019;3
2025;6496;2012;2020;3
2025;100958;2012;2019;3
2025;1184325;2012;2021;3
2025;71859;2012;2020;3
2025;1185903;2012;2021;3
2025;1190621;2012;2020;3
2025;1399478;2012;2020;3
2025;1188849;2012;2023;3
2025;1200712;2012;2020;3
2025;1406536;2012;2020;3
2025;72417;2012;2020;3
2025;59174;2012;2020;3
2025;1321864;2012;2020;3
2025;1202573;2012;2017;3
2025;5909;2012;2020;3
2025;16904;2012;2017;3
2025;1192188;2012;2020;3
2025;18594;2012;2020;4
2025;5000930;2012;2020;3
2025;1292917;2012;2020;3
2025;8437;2012;2020;3
2025;5000980;2012;2020;3
2025;1427370;2012;2020;3
2025;1486822;2012;2022;3
2025;84408;2012;2020;3
2025;90084;2012;2020;3
2025;1457006;2012;2018;3
2025;13723;2012;2020;3
2025;1397773;2012;2020;3
2025;1408505;2012;2021;3
2025;1029204;2012;2020;3
2025;1385538;2012;2020;3
2025;1457006;2012;2020;3
2025;1321864;2012;2020;3
2025;69624;2012;2020;3
2025;98406;2012;2020;3
2025;1342536;2012;2020;3
2025;2348;2012;2020;3
2025;85652;2012;2021;3
2025;5000930;2012;2020;1
2025;108884;2012;2020;3
2025;1136509;2012;2020;3
2025;3677;2012;2020;3
2025;5001294;2012;2022;3
2025;60660;2012;2015;3
2025;2304;2012;2020;3
2025;1166567;2012;2021;3
2025;2304;2012;2020;3
2025;1190667;2012;2020;3
2025;12970;2012;2020;1
2025;4082;2012;2020;3
2025;1457503;2012;2021;3
2025;72663;2012;2020;3
2025;4503;2012;2020;3
2025;90059;2012;2020;3
2025;5345;2012;2020;3
2025;1185903;2012;2020;3
2025;12;2012;2019;3
2025;72667;2012;2020;3
2025;1178524;2012;2020;3
2025;10289;2012;2020;3
2025;90084;2012;2020;3
2025;1190280;2012;2019;3
2025;1192237;2012;2021;3
2025;5000980;2012;2020;3
2025;84352;2012;2020;3
2025;1184047;2012;2019;3
2025;1190280;2012;2019;3
2025;1399480;2012;2020;3
2025;1518495;2012;2020;3
2025;5000980;2012;2020;3
2025;18472;2012;2020;3
2025;2392;2012;2020;3
2025;1445016;2012;2020;3
2025;72675;2012;2014;3
2025;1168313;2012;2020;3
2025;1193264;2012;2020;3
2025;12569;2012;2020;3
2025;389;2012;2019;1
2025;1457707;2012;2022;4
2025;1399619;2012;2020;3
2025;1292726;2012;2014;3
2025;1190667;2012;2020;3
2025;1178672;2012;2020;3
2025;1261972;2012;2019;3
2025;5001183;2012;2020;4
2025;9996;2012;2020;3
2025;1399478;2012;2020;3
2025;90084;2012;2022;3
2025;1477973;2012;2020;3
2025;91399;2012;2020;3
2025;66248;2012;2019;3
2025;1408505;2012;2020;3
2025;1408259;2012;2011;3
2025;2918;2012;2020;3
2025;1050663;2012;2020;3
2025;1258023;2012;2020;3
2025;18472;2012;2018;3
2025;1190280;2012;2019;3
2025;72681;2012;2020;3
2025;87537;2012;2020;3
2025;1136509;2012;2020;3
2025;5000930;2012;2020;3
2025;65114;2012;2020;3
2025;1108281;2012;2020;3
2025;72675;2012;2020;3
2025;1292917;2012;2020;3
2025;100688;2012;2020;3
2025;1184325;2012;2020;3
2025;98506;2012;2020;3
2025;1342536;2012;2023;3
2025;82224;2012;2020;3
2025;1202539;2012;2020;3
2025;1136509;2012;2020;3
2025;1483759;2012;2020;3
2025;1188849;2012;2023;3
2025;107766;2012;2020;3
2025;1190280;2012;2019;3
2025;51835;2012;2020;3
2025;13601;2012;2020;3
2025;75821;2012;2021;3
2025;14975;2012;2020;3
2025;1192188;2012;2019;3
2025;1397772;2012;2020;3
2025;14563;2012;2020;3
2025;72669;2012;2019;3
2025;12015;2012;2020;3
2025;5000812;2012;2021;3
2025;1457006;2012;2019;3
2025;18472;2012;2020;3
2025;15839;2012;2020;3
2025;1188900;2012;2020;3
2025;10289;2012;2020;3
2025;1399481;2012;2020;3
2025;12569;2012;2020;3
2025;108014;2012;2020;3
2025;1267038;2012;2020;3
2025;1292917;2012;2019;3
2025;72767;2012;2021;3
2025;1408259;2012;2022;3
2025;1399618;2012;2021;4
2025;868;2012;2020;3
2025;98409;2012;2020;3
2025;1363536;2012;2019;3
2025;1188849;2012;2023;3
2025;1399616;2012;2020;3
2025;90059;2012;2020;3
2025;140;2012;2021;3
2025;1184047;2012;2020;3
2025;1399618;2012;2020;4
2025;1184325;2012;2020;3
2025;14725;2012;2020;3
2025;2304;2012;2020;3
2025;1190621;2012;2020;3
2025;90483;2012;2012;3
2025;12813;2012;2020;3
2025;20249;2012;2020;3
2025;1190280;2012;2019;3
2025;100958;2012;2019;3
2025;1258023;2012;2021;3
2025;19294;2012;2019;3
2025;1184325;2012;2020;3
2025;75821;2012;2019;3
2025;5001033;2012;2020;3
2025;12813;2012;2019;3
2025;72681;2012;2020;3
2025;7705;2012;2019;3
2025;57852;2012;2020;3
2025;9805;2012;2021;3
2025;1421013;2012;2020;3
2025;107666;2012;2020;3
2025;1185903;2012;2021;3
2025;66361;2012;2020;3
2025;1390311;2012;2020;3
2025;1518;2012;2019;3
2025;1104264;2012;2020;3
2025;15783;2012;2019;3
2025;12569;2012;2020;3
2025;10289;2012;2019;3
2025;13286;2012;2019;3
2025;82224;2012;2020;3
2025;74594;2012;2020;3
2025;1390317;2012;2020;3
2025;65114;2012;2020;3
2025;5001314;2012;2020;3
2025;72417;2012;2020;3
2025;79007;2012;2021;3
2025;93001;2012;2020;3
2025;1399478;2012;2020;3
2025;75821;2012;2020;3
2025;303;2012;2019;1
2025;1192047;2012;2021;3
2025;1261972;2012;2020;3
2025;2695;2012;2019;3
2025;1189778;2012;2020;3
2025;1104264;2012;2020;3
2025;72669;2012;2021;3
2025;1421013;2012;2020;3
2025;13286;2012;2019;3
2025;1399478;2012;2020;3
2025;1292713;2012;2020;3
2025;5000979;2012;2023;3
2025;12569;2012;2019;3
2025;65114;2012;2022;3
2025;11316;2012;2015;3
2025;72681;2012;2020;3
2025;1349675;2012;2021;3
2025;5000979;2012;2020;3
2025;91219;2012;2020;3
2025;1322329;2012;2023;3
2025;59174;2012;2023;3
2025;11114;2012;2020;3
2025;13424;2012;2018;3
2025;12015;2012;2020;3
2025;72667;2012;2020;3
2025;71859;2012;2020;3
2025;1342537;2012;2020;3
2025;1385538;2012;2020;3
2025;1349675;2012;2020;3
2025;1399618;2012;2022;4
2025;72681;2012;2020;3
2025;53338;2012;2020;3
2025;1408505;2012;2020;3
2025;4503;2012;2020;3
2025;108014;2012;2020;3
2025;5000981;2012;2020;3
2025;1313341;2012;2020;3
2025;72669;2012;2019;3
2025;13866;2012;2020;3
2025;1399616;2012;2020;3
2025;5001183;2012;2021;4
2025;97679;2012;2018;3
2025;1399486;2012;2020;3
2025;18594;2012;2020;4
2025;1180318;2012;2020;3
2025;10289;2012;2020;3
2025;1879;2012;2016;3
2025;1397772;2012;2020;3
2025;1185025;2012;2020;3
2025;1183313;2012;2021;3
2025;1292917;2012;2020;3
2025;66361;2012;2022;3
2025;59414;2012;2015;3
2025;1408259;2012;2022;3
2025;15839;2012;2020;3
2025;65114;2012;2020;3
2025;86356;2012;2017;3
2025;75821;2012;2018;3
2025;14563;2012;2020;3
2025;14975;2012;2020;3
2025;1483768;2012;2020;3
2025;1439;2012;2019;3
2025;2304;2012;2020;3
2025;1257548;2012;2020;3
2025;59414;2012;2014;3
2025;18605;2012;2020;3
2025;1278877;2012;2020;3
2025;86356;2012;2020;3
2025;1419799;2012;2021;3
2025;1187646;2012;2019;3
2025;1179189;2012;2020;3
2025;1179189;2012;2020;3
2025;86356;2012;2018;3
2025;13286;2012;2019;3
2025;12;2012;2019;3
2025;11114;2012;2020;3
2025;1163738;2012;2020;3
2025;60660;2012;2020;3
2025;5001183;2012;2021;4
2025;100688;2012;2020;3
2025;12970;2012;2021;1
2025;66361;2012;2021;3
2025;87537;2012;2020;3
2025;13866;2012;2020;3
2025;5000812;2012;2021;3
2025;389;2012;2019;1
2025;1192188;2012;2018;3
2025;5000981;2012;2020;3
2025;1050663;2012;2020;3
2025;1477973;2012;2019;3
2025;98409;2012;2020;3
2025;66361;2012;2022;3
2025;20360;2012;2020;3
2025;5345;2012;2020;3
2025;1184047;2012;2020;3
2025;1427370;2012;2019;3
2025;1163738;2012;2019;3
2025;72681;2012;2020;3
2025;1399485;2012;2018;3
2025;37304;2012;2020;4
2025;1163738;2012;2020;3
2025;1187646;2012;2019;3
2025;91399;2012;2020;3
2025;1349675;2012;2020;3
2025;97679;2012;2020;3
2025;1200712;2012;2020;3
2025;2304;2012;2022;3
2025;1179189;2012;2020;3
2025;37304;2012;2020;4
2025;84352;2012;2020;3
2025;82224;2012;2020;3
2025;59174;2012;2023;3
2025;1190280;2012;2019;3
2025;84352;2012;2020;3
2025;1173014;2012;2018;3
2025;1180318;2012;2020;3
2025;108882;2012;2020;3
2025;1108786;2012;2020;3
2025;1168313;2012;2020;3
2025;1185903;2012;2020;3
2025;11316;2012;2020;3
2025;1200578;2012;2020;3
2025;13286;2012;2019;3
2025;1292713;2012;2020;3
2025;1257777;2012;2020;3
2025;1349675;2012;2019;3
2025;84408;2012;2022;3
2025;10289;2012;2019;3
2025;1190280;2012;2019;3
2025;85586;2012;2019;3
2025;1179501;2012;2020;3
2025;65114;2012;2022;3
2025;1397773;2012;2020;3
2025;1185903;2012;2021;3
2025;90483;2012;2012;3
2025;1390317;2012;2020;3
2025;72681;2012;2020;3
2025;1264844;2012;2015;3
2025;19434;2012;2020;3
2025;4503;2012;2020;3
2025;1408259;2012;2021;3
2025;1399614;2012;2020;4
2025;1399287;2012;2023;3
2025;1399618;2012;2020;4
2025;5001033;2012;2020;3
2025;7414;2012;2020;3
2025;1455021;2012;2018;3
2025;12569;2012;2020;3
2025;1397772;2012;2020;3
2025;1202573;2012;2020;3
2025;2695;2012;2020;3
2025;1399618;2012;2022;4
2025;108884;2012;2019;3
2025;98506;2012;2020;3
2025;64918;2012;2020;3
2025;80037;2012;2019;3
2025;11114;2012;2020;3
2025;10289;2012;2020;3
2025;1397772;2012;2020;3
2025;14615;2012;2019;3
2025;1292917;2012;2020;3
2025;6711;2012;2019;3
2025;13424;2012;2019;3
2025;11233;2012;2020;3
2025;11114;2012;2020;3
2025;1399618;2012;2020;4
2025;1483805;2012;2020;3
2025;49060;2012;2020;3
2025;90483;2012;2012;3
2025;108884;2012;2022;3
2025;98506;2012;2020;3
2025;4720;2012;2020;3
2025;1173014;2012;2019;3
2025;8698;2012;2020;3
2025;13723;2012;2020;3
2025;1190280;2012;2019;3
2025;14615;2012;2020;3
2025;1202573;2012;2020;3
2025;38071;2012;2020;3
2025;1399485;2012;2020;3
2025;1397772;2012;2020;3
2025;14234;2012;2019;3
2025;49060;2012;2020;3
2025;1192237;2012;2020;3
2025;1385538;2012;2017;3
2025;100958;2012;2019;3
2025;1421100;2012;2020;3
2025;15783;2012;2019;3
2025;1321864;2012;2020;3
2025;107666;2012;2020;3
2025;20249;2012;2020;3
2025;75821;2012;2020;3
2025;87537;2012;2020;3
2025;758;2012;2020;3
2025;51835;2012;2020;3
2025;1202539;2012;2019;3
2025;64918;2012;2019;3
2025;1183313;2012;2020;3
2025;12015;2012;2020;3
2025;18594;2012;2019;4
2025;1193759;2012;2021;3
2025;19434;2012;2020;3
2025;1264844;2012;2020;3
2025;758;2012;2020;3
2025;1485621;2012;2022;3
2025;1406536;2012;2019;3
2025;87537;2012;2020;3
2025;2392;2012;2020;3
2025;1629;2012;2020;3
2025;1342610;2012;2019;3
2025;65114;2012;2022;3
2025;2392;2012;2020;3
2025;59174;2012;2020;3
2025;1107;2012;2020;3
2025;1427420;2012;2023;3
2025;1408505;2012;2020;3
2025;1487491;2012;2020;3
2025;59174;2012;2021;3
2025;12970;2012;2020;1
2025;15783;2012;2020;3
2025;1261972;2012;2020;3
2025;82224;2012;2020;3
2025;1453564;2012;2016;3
2025;5000978;2012;2022;3
2025;12015;2012;2020;3
2025;18594;2012;2020;4
2025;13200;2012;2020;3
2025;1629;2012;2020;3
2025;5000812;2012;2021;3
2025;1399616;2012;2020;3
2025;1193275;2012;2020;3
2025;1390311;2012;2020;3
2025;13723;2012;2015;3
2025;86288;2012;2022;3
2025;60660;2012;2020;3
2025;13286;2012;2019;3
2025;1050663;2012;2019;3
2025;1408262;2012;2020;3
2025;10289;2012;2020;3
2025;6496;2012;2020;3
2025;1457503;2012;2020;3
2025;1267038;2012;2021;3
2025;12569;2012;2020;3
2025;19294;2012;2020;3
2025;7676;2012;2020;3
2025;1292725;2012;2019;3
2025;1399478;2012;2024;3
2025;1457006;2012;2020;3
2025;100958;2012;2020;3
2025;59414;2012;2020;3
2025;1029204;2012;2020;3
2025;14615;2012;2020;3
2025;37304;2012;2020;4
2025;74594;2012;2020;3
2025;79007;2012;2020;3
2025;1192047;2012;2020;3
2025;37304;2012;2019;4
2025;1264844;2012;2020;3
2025;91219;2012;2020;3
2025;9996;2012;2020;3
2025;8698;2012;2020;3
2025;5001294;2012;2020;3
2025;1421013;2012;2019;3
2025;71859;2012;2020;3
2025;8437;2012;2019;3
2025;1202547;2012;2019;3
2025;4503;2012;2017;3
2025;1457503;2012;2020;3
2025;5001300;2012;2020;3
2025;108884;2012;2020;3
2025;1399478;2012;2020;3
2025;13723;2012;2020;3
2025;5345;2012;2020;3
2025;1399619;2012;2020;3
2025;1349675;2012;2020;3
2025;64706;2012;2020;3
2025;86356;2012;2020;3
2025;19086;2012;2019;3
2025;1278877;2012;2020;3
2025;12569;2012;2020;3
2025;10289;2012;2020;3
2025;12813;2012;2019;3
2025;3148;2012;2020;3
2025;7837;2012;2021;3
2025;87537;2012;2020;3
2025;65114;2012;2021;3
2025;1399618;2012;2022;4
2025;65114;2012;2021;3
2025;11316;2012;2018;3
2025;1188849;2012;2023;3
2025;13200;2012;2020;3
2025;108882;2012;2020;3
2025;1342537;2012;2020;3
2025;1399480;2012;2020;3
2025;5000933;2012;2021;3
2025;1385538;2012;2020;3
2025;98409;2012;2020;3
2025;57402;2012;2020;3
2025;90059;2012;2020;3
2025;1363536;2012;2020;3
2025;12970;2012;2016;1
2025;5001294;2012;2020;3
2025;74655;2012;2020;3
2025;1399485;2012;2020;3
2025;90483;2012;2012;3
2025;1397772;2012;2020;3
2025;5000933;2012;2019;3
2025;87941;2012;2020;3
2025;98506;2012;2020;3
2025;1399615;2012;2020;3
2025;12015;2012;2020;3
2025;74655;2012;2020;3
2025;39415;2012;2020;3
2025;1173014;2012;2020;3
2025;65114;2012;2021;3
2025;1334344;2012;2021;3
2025;1184060;2012;2020;3
2025;99476;2012;2021;3
2025;1483805;2013;2020;3
2025;1292869;2013;2020;3
2025;5000930;2013;2020;1
2025;82224;2013;2020;3
2025;1184325;2013;2020;3
2025;85586;2013;2014;3
2025;1257548;2013;2024;3
2025;1108786;2013;2019;3
2025;98506;2013;2020;3
2025;18594;2013;2019;4
2025;3148;2013;2020;3
2025;1257548;2013;2025;3
2025;49060;2013;2020;3
2025;5000930;2013;2020;1
2025;72767;2013;2019;3
2025;1180318;2013;2020;3
2025;1342536;2013;2021;3
2025;1168313;2013;2020;3
2025;5000979;2013;2020;3
2025;1190667;2013;2020;3
2025;101228;2013;2020;3
2025;103596;2013;2020;3
2025;1109361;2013;2020;3
2025;90059;2013;2020;3
2025;11114;2013;2020;3
2025;1629;2013;2020;3
2025;1029204;2013;2020;3
2025;1168313;2013;2022;3
2025;1399477;2013;2021;3
2025;1192047;2013;2021;3
2025;1184060;2013;2020;3
2025;1399477;2013;2022;3
2025;49060;2013;2018;3
2025;11316;2013;2020;3
2025;4503;2013;2019;3
2025;1445016;2013;2020;3
2025;11316;2013;2020;3
2025;90483;2013;2013;3
2025;49060;2013;2019;3
2025;64918;2013;2020;3
2025;5000979;2013;2022;3
2025;5909;2013;2020;3
2025;1487491;2013;2020;3
2025;1427419;2013;2020;3
2025;14093;2013;2020;3
2025;1059179;2013;2020;3
2025;1184047;2013;2020;3
2025;1178672;2013;2020;3
2025;84352;2013;2020;3
2025;1408505;2013;2020;3
2025;18594;2013;2017;4
2025;1190667;2013;2020;3
2025;1399618;2013;2022;4
2025;1487491;2013;2020;3
2025;91219;2013;2020;3
2025;100688;2013;2020;3
2025;1185025;2013;2020;3
2025;1397773;2013;2022;3
2025;1317634;2013;2020;3
2025;11114;2013;2020;3
2025;85652;2013;2020;3
2025;5001294;2013;2022;3
2025;12569;2013;2019;3
2025;38071;2013;2020;3
2025;1408507;2013;2020;3
2025;1168313;2013;2020;3
2025;1202539;2013;2019;3
2025;1399481;2013;2020;3
2025;1185025;2013;2018;3
2025;1342505;2013;2019;3
2025;1184325;2013;2022;3
2025;13723;2013;2020;3
2025;100688;2013;2019;3
2025;1179189;2013;2020;3
2025;1397773;2013;2022;3
2025;1399486;2013;2020;3
2025;93001;2013;2020;3
2025;1483759;2013;2020;3
2025;82224;2013;2020;3
2025;303;2013;2018;1
2025;1399614;2013;2021;4
2025;1180318;2013;2020;3
2025;1342536;2013;2023;3
2025;1399479;2013;2020;3
2025;79007;2013;2021;3
2025;1200712;2013;2020;3
2025;85652;2013;2020;3
2025;51835;2013;2020;3
2025;1214209;2013;2020;3
2025;2695;2013;2020;3
2025;13601;2013;2020;3
2025;1439;2013;2020;3
2025;13601;2013;2020;3
2025;1397772;2013;2020;3
2025;1179189;2013;2020;3
2025;1342536;2013;2020;3
2025;103596;2013;2018;3
2025;1477973;2013;2020;3
2025;11316;2013;2020;3
2025;1264844;2013;2020;3
2025;99476;2013;2021;3
2025;1188127;2013;2021;3
2025;75821;2013;2021;3
2025;51699;2013;2020;3
2025;1185076;2013;2020;3
2025;5001294;2013;2019;3
2025;4503;2013;2021;3
2025;48854;2013;2020;3
2025;1408262;2013;2020;3
2025;1292917;2013;2020;3
2025;4720;2013;2020;3
2025;1178672;2013;2020;3
2025;1190667;2013;2020;3
2025;51835;2013;2020;3
2025;5001466;2013;2019;3
2025;86288;2013;2020;3
2025;85652;2013;2020;3
2025;1193275;2013;2020;3
2025;99476;2013;2021;3
2025;1258021;2013;2020;3
2025;8698;2013;2020;3
2025;1399478;2013;2020;3
2025;6496;2013;2020;3
2025;49060;2013;2021;3
2025;12;2013;2019;3
2025;57402;2013;2020;3
2025;65114;2013;2021;3
2025;1408505;2013;2020;3
2025;1171609;2013;2020;3
2025;14359;2013;2016;3
2025;1483773;2013;2020;3
2025;1168313;2013;2020;3
2025;12692;2013;2019;3
2025;18594;2013;2014;4
2025;12569;2013;2019;3
2025;5001294;2013;2021;3
2025;82224;2013;2020;3
2025;5000812;2013;2020;3
2025;303;2013;2019;1
2025;1397772;2013;2020;3
2025;1168313;2013;2020;3
2025;1483805;2013;2020;3
2025;59414;2013;2021;3
2025;1385538;2013;2020;3
2025;1166567;2013;2021;3
2025;1173014;2013;2020;3
2025;65924;2013;2019;3
2025;10222;2013;2020;3
2025;1185076;2013;2020;3
2025;12569;2013;2019;3
2025;87941;2013;2020;3
2025;12692;2013;2020;3
2025;11114;2013;2020;3
2025;57402;2013;2020;3
2025;7414;2013;2021;3
2025;10224;2013;2019;3
2025;8554;2013;2020;3
2025;1193275;2013;2020;3
2025;1421100;2013;2021;3
2025;1173014;2013;2020;3
2025;1448710;2013;2020;3
2025;1257524;2013;2020;4
2025;5000980;2013;2020;3
2025;5001294;2013;2020;3
2025;1408259;2013;2020;3
2025;100956;2013;2020;3
2025;18605;2013;2020;3
2025;97679;2013;2020;3
2025;74655;2013;2020;3
2025;1385538;2013;2020;3
2025;5000930;2013;2020;3
2025;1483773;2013;2020;3
2025;2695;2013;2018;3
2025;1029204;2013;2020;3
2025;1390317;2013;2022;3
2025;1397773;2013;2020;3
2025;108882;2013;2020;3
2025;20360;2013;2020;3
2025;66361;2013;2020;3
2025;5000933;2013;2020;3
2025;5000001;2013;2020;3
2025;65114;2013;2022;3
2025;2392;2013;2020;3
2025;3148;2013;2020;3
2025;1292725;2013;2020;3
2025;5000930;2013;2020;3
2025;6496;2013;2020;3
2025;14234;2013;2017;3
2025;5001183;2013;2020;4
2025;72681;2013;2020;3
2025;1192047;2013;2021;3
2025;91219;2013;2020;3
2025;1390309;2013;2019;3
2025;5001294;2013;2019;3
2025;1029204;2013;2020;3
2025;8698;2013;2023;3
2025;9996;2013;2019;3
2025;1399616;2013;2019;3
2025;13424;2013;2018;3
2025;1427370;2013;2020;3
2025;18605;2013;2021;3
2025;5001183;2013;2022;3
2025;82224;2013;2020;3
2025;1104264;2013;2020;3
2025;72663;2013;2020;3
2025;1179189;2013;2020;3
2025;6496;2013;2020;3
2025;14234;2013;2020;3
2025;66361;2013;2020;3
2025;4720;2013;2020;3
2025;72417;2013;2020;3
2025;1397772;2013;2020;3
2025;66361;2013;2019;3
2025;1029204;2013;2020;3
2025;2304;2013;2022;3
2025;13723;2013;2020;3
2025;1202573;2013;2016;3
2025;1399614;2013;2021;4
2025;57852;2013;2020;3
2025;1026;2013;2020;3
2025;90084;2013;2020;3
2025;1178672;2013;2020;3
2025;107666;2013;2020;3
2025;72767;2013;2020;3
2025;1258021;2013;2021;3
2025;1399486;2013;2020;3
2025;1190280;2013;2019;3
2025;11233;2013;2018;3
2025;65114;2013;2022;3
2025;1518495;2013;2021;3
2025;90084;2013;2020;3
2025;1178524;2013;2019;3
2025;1399287;2013;2021;3
2025;1390309;2013;2020;3
2025;1191415;2013;2019;3
2025;10224;2013;2020;3
2025;1397772;2013;2020;3
2025;5000930;2013;2020;3
2025;1399479;2013;2020;3
2025;14093;2013;2020;3
2025;65114;2013;2022;3
2025;1486298;2013;2020;3
2025;65924;2013;2020;3
2025;19086;2013;2019;3
2025;1168313;2013;2020;3
2025;1185076;2013;2019;3
2025;1439;2013;2019;3
2025;1399614;2013;2020;4
2025;1183313;2013;2020;3
2025;65114;2013;2020;3
2025;1397771;2013;2020;3
2025;1427370;2013;2019;3
2025;4503;2013;2020;3
2025;91219;2013;2020;3
2025;1267038;2013;2021;3
2025;72663;2013;2020;3
2025;9988;2013;2020;3
2025;1879;2013;2020;3
2025;1183313;2013;2020;3
2025;3677;2013;2020;3
2025;7676;2013;2020;3
2025;1202553;2013;2020;3
2025;5000001;2013;2020;3
2025;1202553;2013;2019;3
2025;91399;2013;2018;3
2025;100688;2013;2020;3
2025;14725;2013;2021;3
2025;57402;2013;2020;3
2025;5001314;2013;2022;3
2025;49060;2013;2020;3
2025;1408259;2013;2023;3
2025;1399477;2013;2020;3
2025;1439;2013;2020;3
2025;93001;2013;2020;3
2025;11446;2013;2019;3
2025;12970;2013;2020;1
2025;90059;2013;2020;3
2025;72417;2013;2020;3
2025;1188127;2013;2021;3
2025;1427420;2013;2020;3
2025;79007;2013;2020;3
2025;59174;2013;2019;3
2025;1421013;2013;2020;3
2025;5001300;2013;2020;3
2025;12970;2013;2020;1
2025;100956;2013;2022;3
2025;1342536;2013;2020;3
2025;103596;2013;2020;3
2025;1455021;2013;2020;3
2025;91219;2013;2020;3
2025;1725;2013;2019;3
2025;5001033;2013;2020;3
2025;1261972;2013;2020;3
2025;82224;2013;2020;3
2025;1438629;2013;2021;3
2025;1184325;2013;2020;3
2025;1879;2013;2020;3
2025;100956;2013;2020;3
2025;1185025;2013;2020;3
2025;100958;2013;2019;3
2025;1457707;2013;2021;4
2025;58412;2013;2020;3
2025;20058;2013;2020;3
2025;1408259;2013;2020;3
2025;1408508;2013;2020;4
2025;90483;2013;2013;3
2025;1257562;2013;2020;3
2025;1342536;2013;2021;3
2025;82224;2013;2019;3
2025;1427370;2013;2020;3
2025;87941;2013;2019;3
2025;5001294;2013;2021;3
2025;1342536;2013;2020;3
2025;7676;2013;2020;3
2025;18472;2013;2021;3
2025;12569;2013;2019;3
2025;1190280;2013;2019;3
2025;1408259;2013;2020;3
2025;72667;2013;2020;3
2025;1184060;2013;2020;3
2025;1187646;2013;2019;3
2025;93001;2013;2020;3
2025;1399482;2013;2022;3
2025;11114;2013;2021;3
2025;1193275;2013;2020;3
2025;99476;2013;2021;3
2025;49060;2013;2020;3
2025;79007;2013;2020;3
2025;11316;2013;2020;3
2025;1397772;2013;2020;3
2025;1166567;2013;2020;3
2025;16236;2013;2020;3
2025;1322329;2013;2020;3
2025;113504;2013;2019;3
2025;1136509;2013;2020;3
2025;1427370;2013;2021;3
2025;59414;2013;2020;3
2025;13424;2013;2019;3
2025;1258021;2013;2020;3
2025;15475;2013;2018;1
2025;18605;2013;2020;3
2025;1202546;2013;2020;3
2025;98406;2013;2021;3
2025;90091;2013;2020;3
2025;72669;2013;2019;3
2025;7105;2013;2022;3
2025;65114;2013;2021;3
2025;1257777;2013;2021;3
2025;100688;2013;2020;3
2025;100956;2013;2021;3
2025;86288;2013;2020;3
2025;5000933;2013;2022;3
2025;140;2013;2019;3
2025;12970;2013;2020;1
2025;1171609;2013;2020;3
2025;37304;2013;2022;4
2025;18605;2013;2020;3
2025;1445016;2013;2020;3
2025;1406536;2013;2019;3
2025;85652;2013;2020;3
2025;98406;2013;2020;3
2025;758;2013;2020;3
2025;65114;2013;2021;3
2025;69624;2013;2020;3
2025;19206;2013;2020;4
2025;5001033;2013;2020;3
2025;14563;2013;2020;3
2025;1427419;2013;2021;3
2025;7414;2013;2020;3
2025;1399477;2013;2020;3
2025;85652;2013;2020;3
2025;85652;2013;2020;3
2025;72681;2013;2020;3
2025;72669;2013;2021;3
2025;85652;2013;2021;3
2025;5000980;2013;2020;3
2025;13286;2013;2019;3
2025;1408259;2013;2020;3
2025;79007;2013;2019;3
2025;18447;2013;2019;3
2025;1179189;2013;2019;3
2025;72669;2013;2020;3
2025;1192237;2013;2020;3
2025;14359;2013;2020;3
2025;1185076;2013;2020;3
2025;5345;2013;2020;3
2025;12692;2013;2020;3
2025;1399482;2013;2021;3
2025;1421013;2013;2020;3
2025;1168313;2013;2020;3
2025;90483;2013;2013;3
2025;53338;2013;2015;3
2025;14234;2013;2020;3
2025;5000979;2013;2020;3
2025;12015;2013;2020;3
2025;1292713;2013;2019;3
2025;5001294;2013;2021;3
2025;99476;2013;2021;3
2025;85652;2013;2020;3
2025;1059179;2013;2020;3
2025;1399487;2013;2020;3
2025;1258023;2013;2023;3
2025;1408508;2013;2023;4
2025;1455021;2013;2021;3
2025;5000930;2013;2020;3
2025;1184047;2013;2020;3
2025;1146605;2013;2018;3
2025;1178524;2013;2020;3
2025;1184432;2013;2020;3
2025;85652;2013;2018;3
2025;1453564;2013;2020;3
2025;14975;2013;2016;3
2025;11114;2013;2020;3
2025;5001183;2013;2021;4
2025;65114;2013;2021;3
2025;1189607;2013;2020;3
2025;1385538;2013;2020;3
2025;15475;2013;2020;1
2025;8960;2013;2020;3
2025;85652;2013;2020;3
2025;5000980;2013;2020;3
2025;1188127;2013;2021;3
2025;14093;2013;2020;3
2025;99476;2013;2021;3
2025;84408;2013;2020;3
2025;57852;2013;2020;3
2025;13866;2013;2022;3
2025;5001033;2013;2020;3
2025;80037;2013;2019;3
2025;82224;2013;2020;3
2025;1399287;2013;2023;3
2025;72675;2013;2020;3
2025;39415;2013;2019;3
2025;108882;2013;2020;3
2025;1322329;2013;2020;3
2025;66248;2013;2019;3
2025;11316;2013;2020;3
2025;1179501;2013;2023;3
2025;5001183;2013;2020;3
2025;1180318;2013;2020;3
2025;1408505;2013;2020;3
2025;13453;2013;2020;3
2025;1457503;2013;2020;3
2025;11446;2013;2021;3
2025;1191415;2013;2020;3
2025;1397773;2013;2020;3
2025;7414;2013;2020;3
2025;1406536;2013;2019;3
2025;39415;2013;2019;3
2025;2695;2013;2019;3
2025;9326;2013;2020;1
2025;1399479;2013;2020;3
2025;1184325;2013;2020;3
2025;1189778;2013;2020;3
2025;1257524;2013;2020;4
2025;1445016;2013;2020;3
2025;1397771;2013;2020;3
2025;99476;2013;2021;3
2025;1178524;2013;2020;3
2025;98409;2013;2020;3
2025;1322329;2013;2022;3
2025;1317634;2013;2020;3
2025;1188900;2013;2020;3
2025;1399618;2013;2020;4
2025;90847;2013;2014;3
2025;12569;2013;2019;3
2025;1136509;2013;2020;3
2025;11114;2013;2020;3
2025;1399477;2013;2021;3
2025;1179189;2013;2020;3
2025;1399618;2013;2020;4
2025;1261972;2013;2020;3
2025;7414;2013;2020;3
2025;5001294;2013;2021;3
2025;1385538;2013;2018;3
2025;14563;2013;2020;3
2025;1193759;2013;2021;3
2025;98406;2013;2020;3
2025;49060;2013;2020;3
2025;1202547;2013;2018;3
2025;58412;2013;2020;3
2025;1292713;2013;2019;3
2025;1193759;2013;2022;3
2025;12015;2013;2016;3
2025;13424;2013;2019;3
2025;1330031;2013;2020;3
2025;90091;2013;2020;3
2025;1477973;2013;2020;3
2025;19434;2013;2020;3
2025;1292917;2013;2020;3
2025;1185025;2013;2020;3
2025;1184047;2013;2020;3
2025;5000930;2013;2020;3
2025;66361;2013;2022;3
2025;1202539;2013;2019;3
2025;1399485;2013;2020;3
2025;13424;2013;2019;3
2025;65114;2013;2022;3
2025;1292726;2013;2021;3
2025;11114;2013;2020;3
2025;1178524;2013;2020;3
2025;5000931;2013;2020;3
2025;1193759;2013;2019;3
2025;103596;2013;2022;3
2025;1108786;2013;2020;3
2025;64918;2013;2019;3
2025;1185903;2013;2019;3
2025;1163738;2013;2019;3
2025;16236;2013;2020;3
2025;1050663;2013;2020;3
2025;5000979;2013;2021;3
2025;1342449;2013;2020;3
2025;1390311;2013;2020;3
2025;1399481;2013;2020;3
2025;13723;2013;2020;3
2025;8554;2013;2020;3
2025;5000931;2013;2020;3
2025;1399618;2013;2020;4
2025;39415;2013;2020;3
2025;84352;2013;2020;3
2025;1267038;2013;2020;3
2025;6711;2013;2022;3
2025;1257524;2013;2020;4
2025;86288;2013;2020;3
2025;3677;2013;2020;3
2025;19294;2013;2020;3
2025;107666;2013;2020;3
2025;1408262;2013;2020;3
2025;1399477;2013;2022;3
2025;5000931;2013;2020;3
2025;65114;2013;2024;3
2025;1397772;2013;2020;3
2025;1445016;2013;2020;3
2025;11446;2013;2020;3
2025;1399478;2013;2020;3
2025;1107;2013;2020;3
2025;10224;2013;2020;3
2025;1518;2013;2019;3
2025;1180318;2013;2022;3
2025;15475;2013;2021;1
2025;72681;2013;2020;3
2025;1518495;2013;2020;3
2025;1178524;2013;2020;3
2025;65114;2013;2021;3
2025;1102360;2013;2018;3
2025;14093;2013;2020;3
2025;11233;2013;2020;3
2025;1102360;2013;2020;3
2025;19294;2013;2020;3
2025;14359;2013;2020;3
2025;1258021;2013;2020;3
2025;82224;2013;2020;3
2025;8698;2013;2020;3
2025;1184060;2013;2019;3
2025;14975;2013;2020;3
2025;1101742;2013;2019;3
2025;72667;2013;2020;3
2025;13424;2013;2017;3
2025;1068548;2013;2018;3
2025;12970;2013;2020;1
2025;12569;2013;2020;3
2025;1342536;2013;2020;3
2025;16904;2013;2020;3
2025;1050663;2013;2020;3
2025;1180318;2013;2019;3
2025;9326;2013;2020;1
2025;54494;2013;2019;3
2025;100956;2013;2021;3
2025;1292725;2013;2019;3
2025;12;2013;2018;3
2025;58412;2013;2020;3
2025;1399481;2013;2020;3
2025;108884;2013;2020;3
2025;13723;2013;2020;3
2025;1292917;2013;2018;3
2025;1399482;2013;2021;3
2025;97679;2013;2020;3
2025;12;2013;2019;3
2025;6496;2013;2020;3
2025;5000979;2013;2021;3
2025;1184047;2013;2018;3
2025;1399479;2013;2020;3
2025;7414;2013;2020;3
2025;1399614;2013;2019;4
2025;80037;2013;2019;3
2025;72663;2013;2020;3
2025;1202553;2013;2020;3
2025;1267038;2013;2020;3
2025;13601;2013;2019;3
2025;12015;2013;2020;3
2025;1029204;2013;2020;3
2025;98409;2013;2020;3
2025;12345;2013;2020;3
2025;72767;2013;2021;3
2025;90483;2013;2013;3
2025;5001033;2013;2020;3
2025;65114;2013;2022;3
2025;10591;2013;2020;3
2025;1190280;2013;2019;3
2025;13866;2013;2019;3
2025;90059;2013;2019;3
2025;13453;2013;2018;3
2025;1190280;2013;2019;3
2025;103596;2013;2020;3
2025;13866;2013;2019;3
2025;1200712;2013;2020;3
2025;1171609;2013;2020;3
2025;1486822;2013;2022;3
2025;389;2013;2019;1
2025;1292917;2013;2020;3
2025;1399614;2013;2020;4
2025;14359;2013;2020;3
2025;8554;2013;2019;3
2025;8960;2013;2019;3
2025;1180318;2013;2020;3
2025;1261972;2013;2020;3
2025;12692;2013;2020;3
2025;71859;2013;2020;3
2025;1399487;2013;2020;3
2025;1102360;2013;2020;3
2025;1178524;2013;2020;3
2025;13286;2013;2019;3
2025;1202553;2013;2019;3
2025;11233;2013;2020;3
2025;14615;2013;2020;3
2025;1438629;2013;2020;3
2025;1200712;2013;2020;3
2025;13866;2013;2019;3
2025;1109361;2013;2019;3
2025;1257524;2013;2020;4
2025;1257562;2013;2020;3
2025;98406;2013;2020;3
2025;39415;2013;2020;3
2025;1399618;2013;2022;4
2025;82224;2013;2020;3
2025;59174;2013;2021;3
2025;1108786;2013;2020;3
2025;13424;2013;2019;3
2025;1179501;2013;2020;3
2025;1399487;2013;2020;3
2025;64706;2013;2020;3
2025;1261972;2013;2017;3
2025;1342537;2013;2020;3
2025;54494;2013;2019;3
2025;98409;2013;2020;3
2025;16236;2013;2020;3
2025;58412;2013;2020;3
2025;12569;2013;2020;3
2025;1399619;2013;2020;3
2025;1185076;2013;2019;3
2025;1184325;2013;2019;3
2025;9988;2013;2020;3
2025;59414;2013;2020;3
2025;1399478;2013;2020;3
2025;1399618;2013;2020;4
2025;1408509;2013;2020;3
2025;6496;2013;2020;3
2025;5000980;2013;2020;3
2025;1179189;2013;2020;3
2025;1184060;2013;2019;3
2025;5001341;2013;2020;3
2025;4503;2013;2020;3
2025;107666;2013;2021;3
2025;84352;2013;2020;3
2025;1342536;2013;2020;3
2025;1193275;2013;2020;3
2025;1258023;2013;2021;3
2025;1397771;2013;2020;3
2025;1135207;2013;2020;3
2025;1292713;2013;2019;3
2025;85652;2013;2020;3
2025;14563;2013;2020;3
2025;758;2013;2020;3
2025;14359;2013;2020;3
2025;90059;2013;2021;3
2025;1317634;2013;2020;3
2025;1439;2013;2020;3
2025;1189778;2013;2020;3
2025;1408259;2013;2020;3
2025;72663;2013;2020;3
2025;1193275;2013;2020;3
2025;1178524;2013;2020;3
2025;12015;2013;2020;3
2025;12015;2013;2020;3
2025;1408259;2013;2020;3
2025;1342449;2013;2020;3
2025;1390309;2013;2020;3
2025;1188127;2013;2017;3
2025;1188127;2013;2020;3
2025;57852;2013;2020;3
2025;84352;2013;2019;3
2025;1202539;2013;2019;3
2025;12970;2013;2020;1
2025;72767;2013;2020;3
2025;14615;2013;2021;3
2025;86288;2013;2021;3
2025;5000979;2013;2020;3
2025;1399484;2013;2020;3
2025;10289;2013;2020;3
2025;1261971;2013;2020;3
2025;1192188;2013;2020;3
2025;84352;2013;2018;3
2025;11114;2013;2020;3
2025;1419799;2013;2020;3
2025;2392;2013;2020;3
2025;6496;2013;2020;3
2025;1421013;2013;2019;3
2025;9772;2013;2018;3
2025;1292725;2013;2019;3
2025;5000930;2013;2020;3
2025;99476;2013;2020;3
2025;4082;2013;2020;3
2025;87537;2013;2020;3
2025;1408509;2013;2020;3
2025;14563;2013;2020;3
2025;1178672;2013;2020;3
2025;1166567;2013;2020;3
2025;57402;2013;2020;3
2025;9326;2013;2020;1
2025;85652;2013;2019;3
2025;1390317;2013;2020;3
2025;1399616;2013;2016;3
2025;1202553;2013;2019;3
2025;90483;2013;2013;3
2025;103596;2013;2021;3
2025;1179189;2013;2020;3
2025;1399616;2013;2020;3
2025;1292725;2013;2019;3
2025;11233;2013;2020;3
2025;7105;2013;2020;3
2025;69464;2013;2019;3
2025;64918;2013;2016;3
2025;72669;2013;2020;3
2025;72663;2013;2020;3
2025;65114;2013;2022;3
2025;57402;2013;2020;3
2025;1168313;2013;2020;3
2025;1390309;2013;2020;3
2025;18594;2013;2020;4
2025;1518495;2013;2020;3
2025;9326;2013;2020;1
2025;1439;2013;2020;3
2025;18447;2013;2019;3
2025;120983;2013;2020;3
2025;2304;2013;2020;3
2025;1135207;2013;2020;3
2025;18594;2013;2021;4
2025;85652;2013;2021;3
2025;389;2013;2020;1
2025;1068548;2013;2019;3
2025;69464;2013;2020;3
2025;1397771;2013;2019;3
2025;66248;2013;2019;3
2025;1334344;2013;2020;3
2025;1180318;2013;2020;3
2025;5001294;2013;2023;3
2025;1485621;2013;2022;3
2025;1399478;2013;2019;3
2025;5000979;2013;2022;3
2025;15839;2013;2020;3
2025;1257562;2013;2020;3
2025;1292917;2013;2020;3
2025;100956;2013;2020;3
2025;1397771;2013;2020;3
2025;90483;2013;2013;3
2025;57852;2013;2020;3
2025;14725;2013;2020;3
2025;1445016;2013;2020;3
2025;98406;2013;2021;3
2025;12692;2013;2017;3
2025;1185076;2013;2020;3
2025;72667;2013;2020;3
2025;1189778;2013;2020;3
2025;12970;2013;2020;1
2025;1399619;2013;2020;3
2025;85652;2013;2021;3
2025;1487290;2013;2020;3
2025;1322329;2013;2022;3
2025;1187646;2013;2019;3
2025;1342449;2013;2020;3
2025;72675;2013;2018;3
2025;91399;2013;2021;3
2025;1189778;2013;2020;3
2025;1483768;2013;2020;3
2025;1180318;2013;2020;3
2025;13601;2013;2018;3
2025;91219;2013;2020;3
2025;5001294;2013;2020;3
2025;389;2013;2019;1
2025;5909;2013;2020;3
2025;13200;2013;2020;3
2025;1445016;2013;2021;3
2025;1190280;2013;2019;3
2025;16904;2013;2020;3
2025;1178524;2013;2019;3
2025;7837;2013;2017;3
2025;5909;2013;2020;3
2025;1487290;2013;2020;3
2025;1214209;2013;2020;3
2025;5001466;2013;2020;3
2025;1321864;2013;2020;3
2025;1183958;2013;2019;3
2025;1192237;2013;2020;3
2025;13866;2013;2019;3
2025;1171609;2013;2020;3
2025;1257777;2013;2020;3
2025;12692;2013;2020;3
2025;71859;2013;2020;3
2025;4503;2013;2020;3
2025;9805;2013;2021;3
2025;1399615;2013;2019;3
2025;5001466;2013;2018;3
2025;1399477;2013;2022;3
2025;72417;2013;2020;3
2025;1163738;2013;2020;3
2025;37304;2013;2020;4
2025;1292917;2013;2020;3
2025;1518;2013;2020;3
2025;1264844;2013;2020;3
2025;1179189;2013;2019;3
2025;72663;2013;2020;3
2025;20360;2013;2021;3
2025;12692;2013;2018;3
2025;58412;2013;2020;3
2025;1342536;2013;2020;3
2025;1264844;2013;2020;3
2025;1189778;2013;2020;3
2025;1102360;2013;2018;3
2025;72675;2013;2020;3
2025;86288;2013;2020;3
2025;5001294;2013;2022;3
2025;1184047;2013;2020;3
2025;1180318;2013;2020;3
2025;5001314;2013;2020;3
2025;5000979;2013;2022;3
2025;7105;2013;2020;3
2025;1202588;2013;2019;3
2025;9996;2013;2020;3
2025;91219;2013;2020;3
2025;10591;2013;2020;3
2025;72667;2013;2020;3
2025;1399618;2013;2020;4
2025;72675;2013;2019;3
2025;82224;2013;2020;3
2025;1108281;2013;2020;3
2025;71859;2013;2020;3
2025;1184047;2013;2020;3
2025;65114;2013;2020;3
2025;1397773;2013;2020;3
2025;64918;2013;2018;3
2025;1258023;2013;2022;3
2025;15839;2013;2020;3
2025;85652;2013;2020;3
2025;1399477;2013;2018;3
2025;1725;2013;2020;3
2025;1193275;2013;2020;3
2025;1168313;2013;2020;3
2025;1135207;2013;2020;3
2025;3148;2013;2020;3
2025;99476;2013;2021;3
2025;2695;2013;2020;3
2025;1258023;2013;2021;3
2025;1399618;2013;2020;4
2025;85652;2013;2021;3
2025;1026;2013;2020;3
2025;1191415;2013;2020;3
2025;1193275;2013;2020;3
2025;1029204;2013;2020;3
2025;65114;2013;2021;3
2025;90084;2013;2019;3
2025;90483;2013;2013;3
2025;389;2013;2019;1
2025;39415;2013;2020;3
2025;1029204;2013;2021;3
2025;16904;2013;2020;3
2025;1292726;2013;2020;3
2025;72681;2013;2020;3
2025;93001;2013;2020;3
2025;1136509;2013;2020;3
2025;100956;2013;2020;3
2025;1185903;2013;2020;3
2025;8554;2013;2020;3
2025;1257777;2013;2020;3
2025;90483;2013;2013;3
2025;100956;2013;2020;3
2025;5000981;2013;2020;3
2025;1477973;2013;2021;3
2025;1185025;2013;2020;3
2025;90483;2013;2013;3
2025;1292726;2013;2020;3
2025;9996;2013;2020;3
2025;1399481;2013;2020;3
2025;97679;2013;2020;3
2025;1188127;2013;2020;3
2025;107766;2013;2020;3
2025;91219;2013;2019;3
2025;85652;2013;2019;3
2025;53338;2013;2020;3
2025;87941;2013;2020;3
2025;98409;2013;2020;3
2025;18605;2013;2020;3
2025;7705;2013;2020;3
2025;1421013;2013;2020;3
2025;85652;2013;2019;3
2025;13866;2013;2019;3
2025;1292726;2013;2020;3
2025;85652;2013;2020;3
2025;1276878;2013;2019;3
2025;8437;2013;2020;3
2025;1399481;2013;2019;3
2025;107766;2013;2020;3
2025;1399618;2013;2022;4
2025;1399479;2013;2018;3
2025;1104264;2013;2020;3
2025;97679;2013;2019;3
2025;5000979;2013;2022;3
2025;1068548;2013;2016;3
2025;1486298;2013;2020;3
2025;4082;2013;2020;3
2025;1192047;2013;2022;3
2025;1104264;2013;2020;3
2025;1108786;2013;2020;3
2025;1178524;2013;2020;3
2025;12970;2013;2016;1
2025;72681;2013;2020;3
2025;72667;2013;2020;3
2025;150039;2013;2019;3
2025;1292725;2013;2019;3
2025;108882;2013;2020;3
2025;4503;2013;2020;3
2025;18605;2013;2020;3
2025;2348;2013;2020;3
2025;1518;2013;2022;3
2025;19850;2013;2020;3
2025;13424;2013;2019;3
2025;9805;2013;2020;3
2025;3418;2013;2020;3
2025;71859;2013;2020;3
2025;85652;2013;2020;3
2025;1257524;2013;2021;4
2025;1363536;2013;2020;3
2025;4082;2013;2019;3
2025;66361;2013;2020;3
2025;7705;2013;2021;3
2025;1317634;2013;2020;3
2025;13286;2013;2019;3
2025;87537;2013;2021;3
2025;51699;2013;2017;3
2025;1187646;2013;2019;3
2025;1184432;2013;2020;3
2025;1321864;2013;2020;3
2025;5000931;2013;2019;3
2025;75821;2013;2020;3
2025;1427370;2013;2021;3
2025;1261971;2013;2020;3
2025;1390317;2013;2020;3
2025;13723;2013;2020;3
2025;1486298;2013;2020;3
2025;90483;2013;2013;3
2025;14563;2013;2020;3
2025;1397771;2013;2020;3
2025;1183313;2013;2019;3
2025;12970;2013;2020;1
2025;1178524;2013;2020;3
2025;18605;2013;2017;3
2025;3677;2013;2020;3
2025;9326;2013;2020;1
2025;16904;2013;2019;3
2025;14359;2013;2020;3
2025;75821;2013;2020;3
2025;11233;2013;2020;3
2025;65924;2013;2020;3
2025;1322329;2013;2023;3
2025;1258023;2013;2020;3
2025;10222;2013;2020;3
2025;12569;2013;2020;3
2025;1183313;2013;2020;3
2025;7837;2013;2014;3
2025;12569;2013;2020;3
2025;65114;2013;2022;3
2025;5001183;2013;2020;4
2025;72669;2013;2020;3
2025;1059179;2013;2020;3
2025;1108281;2013;2020;3
2025;65114;2013;2021;3
2025;87941;2013;2020;3
2025;57402;2013;2020;3
2025;14093;2013;2020;3
2025;39415;2013;2020;3
2025;1334344;2013;2021;3
2025;11446;2013;2019;3
2025;99476;2013;2020;3
2025;87537;2013;2020;3
2025;14359;2013;2020;3
2025;86356;2013;2020;3
2025;1385521;2013;2020;3
2025;1518;2013;2019;3
2025;2304;2013;2019;3
2025;14093;2013;2020;3
2025;1390311;2013;2020;3
2025;72681;2013;2020;3
2025;11316;2013;2020;3
2025;1029204;2013;2020;3
2025;1108786;2013;2020;3
2025;1101742;2013;2019;3
2025;1166567;2013;2020;3
2025;1178524;2013;2020;3
2025;7837;2013;2019;3
2025;1397771;2013;2020;3
2025;87941;2013;2020;3
2025;64918;2013;2020;3
2025;7676;2013;2018;3
2025;59174;2013;2019;3
2025;10591;2013;2020;3
2025;12345;2013;2019;3
2025;13866;2013;2019;3
2025;1258021;2013;2021;3
2025;1202553;2013;2019;3
2025;14975;2013;2020;3
2025;1173014;2013;2020;3
2025;7676;2013;2018;3
2025;5000930;2013;2020;3
2025;1192188;2013;2020;3
2025;13200;2013;2019;3
2025;5001450;2013;2020;3
2025;57852;2013;2020;3
2025;54494;2013;2020;3
2025;18594;2013;2022;4
2025;1193759;2013;2021;3
2025;1399616;2013;2018;3
2025;1438629;2013;2021;3
2025;1108786;2013;2020;3
2025;1101742;2013;2020;3
2025;57402;2013;2020;3
2025;5001294;2013;2019;3
2025;10289;2013;2020;3
2025;1171609;2013;2021;3
2025;1178672;2013;2020;3
2025;49060;2013;2020;3
2025;1399482;2013;2021;3
2025;20249;2013;2020;3
2025;1187646;2013;2019;3
2025;12015;2013;2014;3
2025;5001294;2013;2021;3
2025;8437;2013;2019;3
2025;2695;2013;2020;3
2025;1184047;2013;2020;3
2025;97679;2013;2020;3
2025;13866;2013;2019;3
2025;90483;2013;2013;3
2025;2348;2013;2020;3
2025;108882;2013;2020;3
2025;5000930;2013;2020;3
2025;1188849;2013;2021;3
2025;1190280;2013;2019;3
2025;12345;2013;2020;3
2025;49910;2013;2019;3
2025;15343;2013;2020;3
2025;1390309;2013;2020;3
2025;5000812;2013;2020;3
2025;18605;2013;2019;3
2025;64918;2013;2020;3
2025;1390309;2013;2020;3
2025;108882;2013;2020;3
2025;65114;2013;2022;3
2025;57852;2013;2020;3
2025;108884;2013;2019;3
2025;12345;2013;2020;3
2025;66361;2013;2021;3
2025;48854;2013;2018;3
2025;3418;2013;2020;3
2025;1342505;2013;2019;3
2025;7105;2013;2018;3
2025;9326;2013;2021;1
2025;57402;2013;2020;3
2025;5001033;2013;2020;3
2025;108882;2013;2020;3
2025;84408;2013;2020;3
2025;72767;2013;2019;3
2025;1108786;2013;2020;3
2025;5000979;2013;2022;3
2025;19086;2013;2019;3
2025;1178672;2013;2020;3
2025;5001341;2013;2020;3
2025;13200;2013;2020;3
2025;11316;2013;2020;3
2025;108882;2013;2020;3
2025;7705;2013;2020;3
2025;1184325;2013;2020;3
2025;12970;2013;2020;1
2025;1257524;2013;2021;4
2025;2392;2013;2020;3
2025;1399480;2013;2020;3
2025;1397771;2013;2020;3
2025;1486298;2013;2020;3
2025;97679;2013;2020;3
2025;1179189;2013;2020;3
2025;1183313;2013;2021;3
2025;9996;2013;2020;3
2025;51835;2013;2020;3
2025;3418;2013;2019;3
2025;12970;2013;2020;1
2025;1399478;2013;2019;3
2025;1184060;2013;2020;3
2025;1184325;2013;2020;3
2025;13286;2013;2019;3
2025;1427419;2013;2019;3
2025;1173014;2013;2020;3
2025;1257777;2013;2021;3
2025;1166567;2013;2021;3
2025;65114;2013;2022;3
2025;72681;2013;2020;3
2025;140;2013;2020;3
2025;1068548;2013;2016;3
2025;1438629;2013;2020;3
2025;13866;2013;2018;3
2025;1202573;2013;2018;3
2025;1321864;2013;2020;3
2025;7676;2013;2020;3
2025;5001294;2013;2019;3
2025;13723;2013;2020;3
2025;108014;2013;2020;3
2025;60660;2013;2020;3
2025;84352;2013;2020;3
2025;80037;2013;2019;3
2025;108884;2013;2020;3
2025;12;2013;2019;3
2025;1399484;2013;2020;3
2025;98409;2013;2020;3
2025;72417;2013;2020;3
2025;1136509;2013;2020;3
2025;1257562;2013;2020;3
2025;1184325;2013;2020;3
2025;1321864;2013;2020;3
2025;1342449;2013;2020;3
2025;1397772;2013;2020;3
2025;97679;2013;2020;3
2025;1399614;2013;2021;4
2025;72669;2013;2021;3
2025;1408262;2013;2020;3
2025;65114;2013;2021;3
2025;1192237;2013;2020;3
2025;13286;2013;2019;3
2025;1173014;2013;2020;3
2025;1193264;2013;2022;3
2025;5001450;2013;2020;3
2025;20249;2013;2020;3
2025;99476;2013;2021;3
2025;18594;2013;2020;4
2025;13723;2013;2020;3
2025;12692;2013;2018;3
2025;19434;2013;2021;3
2025;1385538;2013;2020;3
2025;82224;2013;2020;3
2025;49910;2013;2019;3
2025;14234;2013;2020;3
2025;1483759;2013;2020;3
2025;69624;2013;2020;3
2025;1399619;2013;2021;3
2025;65114;2013;2022;3
2025;5920;2013;2017;3
2025;14093;2013;2020;3
2025;66248;2013;2020;3
2025;1322329;2013;2023;3
2025;303;2013;2019;1
2025;100958;2013;2020;3
2025;389;2013;2019;1
2025;5001294;2013;2020;3
2025;1408507;2013;2020;3
2025;107766;2013;2020;3
2025;1192047;2013;2021;3
2025;65114;2013;2022;3
2025;9805;2013;2020;3
2025;1399478;2013;2020;3
2025;1257524;2013;2021;4
2025;2695;2013;2020;3
2025;1202588;2013;2018;3
2025;1477973;2013;2021;3
2025;1102360;2013;2020;3
2025;1390309;2013;2020;3
2025;85652;2013;2020;3
2025;65114;2013;2022;3
2025;1342449;2013;2022;3
2025;18594;2013;2019;4
2025;5001450;2013;2020;3
2025;1408261;2013;2020;3
2025;11114;2013;2020;3
2025;1408507;2013;2020;3
2025;1408507;2013;2020;3
2025;1445016;2013;2020;3
2025;108884;2013;2020;3
2025;5000001;2013;2020;3
2025;1399482;2013;2022;3
2025;13723;2013;2020;3
2025;1385538;2013;2017;3
2025;1399488;2013;2020;3
2025;1445016;2013;2020;3
2025;12692;2013;2020;3
2025;97679;2013;2018;3
2025;1184325;2013;2020;3
2025;10224;2013;2020;3
2025;1438629;2013;2020;3
2025;13200;2013;2020;3
2025;12970;2013;2020;1
2025;1178524;2013;2020;3
2025;1292869;2013;2019;3
2025;90059;2013;2020;3
2025;1202546;2013;2020;3
2025;1292725;2013;2017;3
2025;1399479;2013;2020;3
2025;1104264;2013;2020;3
2025;1214209;2013;2021;3
2025;1399618;2013;2021;4
2025;5001314;2013;2021;3
2025;15783;2013;2021;3
2025;1193264;2013;2020;3
2025;64918;2013;2020;3
2025;1397772;2013;2020;3
2025;1427420;2013;2023;3
2025;12569;2013;2020;3
2025;12015;2013;2020;3
2025;1188127;2013;2021;3
2025;1188900;2013;2020;3
2025;37304;2013;2021;4
2025;1406536;2013;2019;3
2025;90483;2013;2013;3
2025;4720;2013;2017;3
2025;1419799;2013;2020;3
2025;1427420;2013;2022;3
2025;1187646;2013;2018;3
2025;86288;2013;2020;3
2025;1261971;2013;2020;3
2025;6711;2013;2019;3
2025;1397771;2013;2020;3
2025;1026;2013;2020;3
2025;5000001;2013;2020;3
2025;1257777;2013;2020;3
2025;100956;2013;2020;3
2025;13200;2013;2020;3
2025;1184432;2013;2020;3
2025;93001;2013;2020;3
2025;108014;2013;2020;3
2025;1399480;2013;2020;3
2025;20360;2013;2020;3
2025;1390317;2013;2020;3
2025;1385538;2013;2019;3
2025;13866;2013;2020;3
2025;1342536;2013;2020;3
2025;1399479;2013;2020;3
2025;1184060;2013;2019;3
2025;1439;2013;2019;3
2025;91219;2013;2020;3
2025;84352;2013;2019;3
2025;1363536;2013;2022;3
2025;1185903;2013;2020;3
2025;90483;2013;2013;3
2025;5001183;2013;2022;4
2025;1342536;2013;2021;3
2025;7705;2013;2020;3
2025;72667;2013;2020;3
2025;12015;2013;2014;3
2025;99476;2013;2021;3
2025;15783;2013;2020;3
2025;1408507;2013;2020;3
2025;1399482;2013;2022;3
2025;1292917;2013;2020;3
2025;1108786;2013;2020;3
2025;5000930;2013;2020;3
2025;1385538;2013;2017;3
2025;1166567;2013;2020;3
2025;1272168;2013;2020;3
2025;86356;2013;2020;3
2025;1190667;2013;2020;3
2025;5000979;2013;2023;3
2025;71689;2013;2020;3
2025;1408509;2013;2021;3
2025;1135207;2013;2020;3
2025;100956;2013;2020;3
2025;1184325;2013;2020;3
2025;5000812;2013;2020;3
2025;1200578;2013;2020;3
2025;13723;2013;2019;3
2025;1168313;2013;2020;3
2025;1399618;2013;2022;4
2025;1390317;2013;2020;3
2025;65114;2013;2022;3
2025;1399615;2013;2020;3
2025;1261972;2013;2020;3
2025;85652;2013;2020;3
2025;1342536;2013;2023;3
2025;1178524;2013;2020;3
2025;1408507;2013;2020;3
2025;57402;2013;2016;3
2025;5000978;2013;2020;3
2025;12569;2013;2020;3
2025;14975;2013;2020;3
2025;1487290;2013;2020;3
2025;1179189;2013;2020;3
2025;74594;2013;2020;3
2025;13286;2013;2019;3
2025;12970;2013;2020;1
2025;85586;2013;2019;3
2025;14234;2013;2019;3
2025;49060;2013;2020;3
2025;84352;2013;2020;3
2025;1317634;2013;2020;3
2025;12970;2013;2020;1
2025;2348;2013;2020;3
2025;4082;2013;2020;3
2025;51835;2013;2020;3
2025;1187646;2013;2019;3
2025;5000930;2013;2020;1
2025;1029763;2013;2020;3
2025;1477973;2013;2020;3
2025;90091;2013;2020;3
2025;12692;2013;2018;3
2025;13723;2013;2020;3
2025;1029204;2013;2020;3
2025;100688;2013;2020;3
2025;389;2013;2015;1
2025;5001341;2013;2020;3
2025;20249;2013;2020;3
2025;1278877;2013;2021;3
2025;1109361;2013;2021;3
2025;1214209;2013;2020;3
2025;1419799;2013;2020;3
2025;1408505;2013;2019;3
2025;5000979;2013;2021;3
2025;72667;2013;2016;3
2025;5001294;2013;2015;3
2025;2695;2013;2020;3
2025;1102360;2013;2020;3
2025;868;2013;2020;3
2025;90091;2013;2020;3
2025;85652;2013;2019;3
2025;1168313;2013;2020;3
2025;64918;2013;2020;3
2025;1445016;2013;2020;3
2025;1399618;2013;2020;4
2025;1163738;2013;2020;3
2025;90059;2013;2020;3
2025;6711;2013;2019;3
2025;7676;2013;2021;3
2025;1261972;2013;2020;3
2025;1406536;2013;2019;3
2025;1399483;2013;2020;3
2025;69624;2013;2023;3
2025;1163738;2013;2020;3
2025;84352;2013;2020;3
2025;5001294;2013;2021;3
2025;108014;2013;2020;3
2025;65114;2013;2021;3
2025;37304;2013;2020;4
2025;13723;2013;2015;3
2025;2918;2013;2020;3
2025;90059;2013;2020;3
2025;1342449;2013;2019;3
2025;1397772;2013;2020;3
2025;54494;2013;2019;3
2025;64918;2013;2018;3
2025;1342505;2013;2019;3
2025;14563;2013;2020;3
2025;1166567;2013;2020;3
2025;66361;2013;2020;3
2025;1439;2013;2019;3
2025;14359;2013;2020;3
2025;5000931;2013;2020;3
2025;4503;2013;2020;3
2025;86288;2013;2020;3
2025;1192047;2013;2021;3
2025;98409;2013;2020;3
2025;5001183;2013;2019;4
2025;49060;2013;2020;3
2025;1330031;2013;2020;3
2025;1408505;2013;2022;3
2025;1191415;2013;2020;3
2025;1068548;2013;2019;3
2025;13866;2013;2019;3
2025;12015;2013;2020;3
2025;5000933;2013;2019;3
2025;91219;2013;2020;3
2025;1408505;2013;2020;3
2025;5206;2014;2020;3
2025;72681;2014;2020;3
2025;1068548;2014;2019;3
2025;1399617;2014;2020;3
2025;1408508;2014;2018;4
2025;75821;2014;2021;3
2025;1399618;2014;2020;4
2025;9326;2014;2020;1
2025;1483759;2014;2020;3
2025;1477973;2014;2020;3
2025;8554;2014;2020;3
2025;1342449;2014;2019;3
2025;7705;2014;2020;3
2025;74594;2014;2020;3
2025;1135207;2014;2020;3
2025;12;2014;2020;3
2025;97679;2014;2019;3
2025;58412;2014;2020;3
2025;1518;2014;2020;3
2025;90483;2014;2014;3
2025;1385538;2014;2020;3
2025;100688;2014;2020;3
2025;1173014;2014;2020;3
2025;1135207;2014;2020;3
2025;5000931;2014;2019;3
2025;1135207;2014;2020;3
2025;868;2014;2020;3
2025;5000979;2014;2020;3
2025;19294;2014;2020;3
2025;8554;2014;2020;3
2025;4720;2014;2018;3
2025;14359;2014;2019;3
2025;12813;2014;2020;3
2025;18472;2014;2018;3
2025;1108786;2014;2020;3
2025;1518;2014;2019;3
2025;1190280;2014;2019;3
2025;7676;2014;2020;3
2025;1406536;2014;2019;3
2025;2695;2014;2020;3
2025;12015;2014;2020;3
2025;10222;2014;2020;3
2025;86288;2014;2021;3
2025;11114;2014;2020;3
2025;4503;2014;2020;3
2025;82224;2014;2020;3
2025;9326;2014;2020;1
2025;1292713;2014;2020;3
2025;8960;2014;2020;3
2025;1202553;2014;2019;3
2025;7676;2014;2020;3
2025;74655;2014;2020;3
2025;57402;2014;2021;3
2025;5001294;2014;2020;3
2025;1397772;2014;2020;3
2025;5000980;2014;2020;3
2025;14563;2014;2020;3
2025;3418;2014;2020;3
2025;13723;2014;2020;3
2025;1059179;2014;2020;3
2025;1399486;2014;2020;3
2025;1050663;2014;2020;3
2025;1202547;2014;2018;3
2025;1397771;2014;2019;3
2025;98406;2014;2020;3
2025;87537;2014;2020;3
2025;1485621;2014;2020;3
2025;10222;2014;2020;3
2025;7705;2014;2020;3
2025;1184047;2014;2020;3
2025;6496;2014;2020;3
2025;1399487;2014;2021;3
2025;66248;2014;2020;3
2025;1349675;2014;2020;3
2025;72663;2014;2020;3
2025;5909;2014;2020;3
2025;1108153;2014;2020;1
2025;1313341;2014;2021;3
2025;7837;2014;2019;3
2025;868;2014;2020;3
2025;1342536;2014;2020;3
2025;14975;2014;2020;3
2025;11446;2014;2019;3
2025;20360;2014;2020;3
2025;1399480;2014;2020;3
2025;12970;2014;2020;1
2025;108884;2014;2020;3
2025;1397772;2014;2020;3
2025;85652;2014;2020;3
2025;82224;2014;2019;3
2025;1321864;2014;2019;3
2025;9772;2014;2020;3
2025;100956;2014;2020;3
2025;59414;2014;2015;3
2025;5000978;2014;2020;3
2025;11446;2014;2020;3
2025;5000930;2014;2020;3
2025;5000980;2014;2020;3
2025;1184325;2014;2020;3
2025;1399487;2014;2020;3
2025;1427370;2014;2022;3
2025;86288;2014;2020;3
2025;1101742;2014;2019;3
2025;16236;2014;2020;3
2025;1448710;2014;2020;3
2025;1185025;2014;2019;3
2025;4720;2014;2020;3
2025;1166567;2014;2020;3
2025;1168313;2014;2020;3
2025;5000930;2014;2020;1
2025;1166567;2014;2020;3
2025;13286;2014;2015;3
2025;2392;2014;2020;3
2025;14563;2014;2020;3
2025;1349675;2014;2020;3
2025;1419799;2014;2020;3
2025;14563;2014;2020;3
2025;1399478;2014;2020;3
2025;1185076;2014;2019;3
2025;49910;2014;2019;3
2025;72667;2014;2019;3
2025;1191415;2014;2020;3
2025;1408508;2014;2022;4
2025;1399480;2014;2020;3
2025;1399487;2014;2020;3
2025;91219;2014;2020;3
2025;72669;2014;2020;3
2025;1292713;2014;2019;3
2025;1292917;2014;2020;3
2025;82224;2014;2020;3
2025;54494;2014;2020;3
2025;1399615;2014;2020;3
2025;1108281;2014;2020;3
2025;13723;2014;2020;3
2025;54494;2014;2019;3
2025;58412;2014;2018;3
2025;1399487;2014;2020;3
2025;12569;2014;2019;3
2025;1059179;2014;2020;3
2025;1399480;2014;2020;3
2025;82224;2014;2020;3
2025;74655;2014;2020;3
2025;1421013;2014;2021;3
2025;71859;2014;2020;3
2025;1192188;2014;2021;3
2025;1050663;2014;2020;3
2025;3148;2014;2017;3
2025;12345;2014;2020;3
2025;5001341;2014;2020;3
2025;7705;2014;2020;3
2025;1192237;2014;2020;3
2025;1397771;2014;2020;3
2025;72417;2014;2020;3
2025;38071;2014;2020;3
2025;1408259;2014;2021;3
2025;1202539;2014;2019;3
2025;1421013;2014;2020;3
2025;66361;2014;2021;3
2025;57852;2014;2020;3
2025;113504;2014;2020;3
2025;1200712;2014;2021;3
2025;90847;2014;2015;3
2025;1399615;2014;2020;3
2025;8960;2014;2020;3
2025;1109361;2014;2020;3
2025;86288;2014;2020;3
2025;12970;2014;2020;1
2025;2695;2014;2020;3
2025;37304;2014;2020;4
2025;20058;2014;2020;3
2025;86288;2014;2020;3
2025;1202553;2014;2019;3
2025;1397772;2014;2020;3
2025;90483;2014;2014;3
2025;20249;2014;2020;3
2025;75821;2014;2020;3
2025;7105;2014;2020;3
2025;9996;2014;2020;3
2025;5000979;2014;2020;3
2025;13866;2014;2019;3
2025;1214209;2014;2020;3
2025;1267038;2014;2019;3
2025;19086;2014;2020;3
2025;1108786;2014;2020;3
2025;150039;2014;2019;3
2025;1439;2014;2019;3
2025;5001314;2014;2018;3
2025;1477973;2014;2020;3
2025;1292917;2014;2020;3
2025;1385538;2014;2020;3
2025;5001033;2014;2020;3
2025;1349675;2014;2019;3
2025;1102360;2014;2020;3
2025;13286;2014;2019;3
2025;7414;2014;2020;3
2025;66361;2014;2020;3
2025;93001;2014;2021;3
2025;1385538;2014;2019;3
2025;1408505;2014;2020;3
2025;82224;2014;2020;3
2025;14234;2014;2020;3
2025;5909;2014;2020;3
2025;85652;2014;2020;3
2025;85586;2014;2018;3
2025;108014;2014;2020;3
2025;11114;2014;2019;3
2025;15475;2014;2020;1
2025;20249;2014;2020;3
2025;1179189;2014;2019;3
2025;65924;2014;2019;3
2025;4503;2014;2020;3
2025;72767;2014;2020;3
2025;72675;2014;2020;3
2025;5001294;2014;2019;3
2025;71859;2014;2020;3
2025;18447;2014;2019;3
2025;79007;2014;2019;3
2025;1258023;2014;2020;3
2025;1179189;2014;2020;3
2025;91399;2014;2020;3
2025;100956;2014;2020;3
2025;108884;2014;2020;3
2025;14563;2014;2020;3
2025;7676;2014;2020;3
2025;120983;2014;2020;3
2025;1135207;2014;2020;3
2025;4082;2014;2020;3
2025;1193275;2014;2020;3
2025;7105;2014;2020;3
2025;1173014;2014;2020;3
2025;1457503;2014;2022;3
2025;1399616;2014;2016;3
2025;10224;2014;2019;3
2025;13424;2014;2019;3
2025;85652;2014;2019;3
2025;48854;2014;2020;3
2025;1059179;2014;2020;3
2025;1518;2014;2019;3
2025;1068548;2014;2019;3
2025;1448710;2014;2020;3
2025;37304;2014;2020;4
2025;1399487;2014;2020;3
2025;5001466;2014;2020;3
2025;1184432;2014;2020;3
2025;1185025;2014;2020;3
2025;8698;2014;2022;3
2025;13424;2014;2019;3
2025;1408505;2014;2020;3
2025;100956;2014;2021;3
2025;1404416;2014;2020;3
2025;14615;2014;2020;3
2025;1390317;2014;2020;3
2025;758;2014;2020;3
2025;85652;2014;2020;3
2025;1059179;2014;2020;3
2025;1477973;2014;2020;3
2025;12813;2014;2019;3
2025;12345;2014;2020;3
2025;9805;2014;2022;3
2025;103596;2014;2020;3
2025;82224;2014;2020;3
2025;1327450;2014;2020;3
2025;1068548;2014;2019;3
2025;1399479;2014;2020;3
2025;3418;2014;2020;3
2025;120983;2014;2020;3
2025;1321864;2014;2020;3
2025;72667;2014;2020;3
2025;51699;2014;2019;3
2025;5000980;2014;2020;3
2025;108882;2014;2021;3
2025;51835;2014;2020;3
2025;4720;2014;2018;3
2025;5000981;2014;2020;3
2025;108014;2014;2020;3
2025;1453564;2014;2020;3
2025;1108786;2014;2020;3
2025;1486298;2014;2020;3
2025;1188900;2014;2020;3
2025;98409;2014;2019;3
2025;74655;2014;2020;3
2025;39415;2014;2020;3
2025;87537;2014;2020;3
2025;12569;2014;2019;3
2025;1183313;2014;2020;3
2025;18594;2014;2020;4
2025;1171609;2014;2021;3
2025;57852;2014;2020;3
2025;1108786;2014;2020;3
2025;2304;2014;2020;3
2025;74594;2014;2021;3
2025;14615;2014;2020;3
2025;58412;2014;2020;3
2025;21542;2014;2020;3
2025;90084;2014;2020;3
2025;1483759;2014;2020;3
2025;1179189;2014;2020;3
2025;1173014;2014;2020;3
2025;1173014;2014;2020;3
2025;91219;2014;2019;3
2025;13103;2014;2020;3
2025;1317634;2014;2020;3
2025;13200;2014;2019;3
2025;1171609;2014;2020;3
2025;18447;2014;2020;3
2025;1292713;2014;2020;3
2025;90084;2014;2021;3
2025;18447;2014;2020;3
2025;1104264;2014;2020;3
2025;1406536;2014;2019;3
2025;1108281;2014;2020;3
2025;4720;2014;2020;3
2025;12569;2014;2019;3
2025;91219;2014;2020;3
2025;101228;2014;2020;3
2025;90084;2014;2020;3
2025;1330031;2014;2020;3
2025;13866;2014;2020;3
2025;9772;2014;2019;3
2025;37304;2014;2020;4
2025;1292917;2014;2020;3
2025;90483;2014;2014;3
2025;90847;2014;2015;3
2025;97679;2014;2020;3
2025;14615;2014;2017;3
2025;7705;2014;2020;3
2025;1483773;2014;2020;3
2025;72663;2014;2020;3
2025;13424;2014;2019;3
2025;1178672;2014;2020;3
2025;71859;2014;2020;3
2025;108882;2014;2020;3
2025;16236;2014;2020;3
2025;1179189;2014;2020;3
2025;85652;2014;2020;3
2025;59174;2014;2023;3
2025;12569;2014;2019;3
2025;1190621;2014;2019;3
2025;72681;2014;2022;3
2025;1408508;2014;2020;4
2025;12970;2014;2022;1
2025;5000981;2014;2020;3
2025;13723;2014;2020;3
2025;64706;2014;2020;3
2025;13453;2014;2019;3
2025;14615;2014;2019;3
2025;51835;2014;2020;3
2025;12569;2014;2019;3
2025;82224;2014;2020;3
2025;1317634;2014;2020;3
2025;65114;2014;2022;3
2025;19434;2014;2020;3
2025;7676;2014;2021;3
2025;85652;2014;2020;3
2025;72675;2014;2018;3
2025;1183313;2014;2020;3
2025;1399616;2014;2018;3
2025;82224;2014;2020;3
2025;389;2014;2019;1
2025;5000001;2014;2020;3
2025;1108281;2014;2020;3
2025;107766;2014;2020;3
2025;108884;2014;2020;3
2025;1261972;2014;2020;3
2025;18594;2014;2020;4
2025;19850;2014;2019;3
2025;1439;2014;2019;3
2025;1187646;2014;2019;3
2025;2304;2014;2020;3
2025;1427419;2014;2019;3
2025;82224;2014;2020;3
2025;1421100;2014;2021;3
2025;1179501;2014;2020;3
2025;1397772;2014;2020;3
2025;90483;2014;2014;3
2025;39415;2014;2024;3
2025;1108153;2014;2020;1
2025;140;2014;2020;3
2025;100956;2014;2021;3
2025;15783;2014;2017;3
2025;59174;2014;2020;3
2025;65114;2014;2021;3
2025;5001466;2014;2020;3
2025;18594;2014;2021;4
2025;1050663;2014;2020;3
2025;9996;2014;2020;3
2025;1272168;2014;2020;3
2025;1202553;2014;2020;3
2025;1483773;2014;2020;3
2025;1184047;2014;2019;3
2025;1026;2014;2020;3
2025;57852;2014;2020;3
2025;1193275;2014;2020;3
2025;1397771;2014;2020;3
2025;1278877;2014;2020;3
2025;1257777;2014;2020;3
2025;1385538;2014;2020;3
2025;1321864;2014;2020;3
2025;82224;2014;2020;3
2025;16904;2014;2020;3
2025;5000001;2014;2022;3
2025;90059;2014;2020;3
2025;101228;2014;2020;3
2025;1257548;2014;2020;3
2025;1439;2014;2020;3
2025;7676;2014;2021;3
2025;1187646;2014;2019;3
2025;19434;2014;2020;3
2025;1292917;2014;2020;3
2025;72669;2014;2020;3
2025;14563;2014;2020;3
2025;1399482;2014;2021;3
2025;1317634;2014;2020;3
2025;7676;2014;2020;3
2025;11446;2014;2020;3
2025;91219;2014;2019;3
2025;13453;2014;2020;3
2025;11114;2014;2020;3
2025;1485621;2014;2020;3
2025;1029204;2014;2020;3
2025;72767;2014;2019;3
2025;18594;2014;2022;4
2025;49060;2014;2020;3
2025;97679;2014;2020;3
2025;21542;2014;2019;3
2025;14563;2014;2020;3
2025;1292726;2014;2020;3
2025;20249;2014;2020;3
2025;113504;2014;2018;3
2025;85652;2014;2020;3
2025;5000933;2014;2020;3
2025;1178672;2014;2020;3
2025;9326;2014;2020;1
2025;12015;2014;2020;3
2025;1188127;2014;2020;3
2025;14359;2014;2018;3
2025;15783;2014;2020;3
2025;58412;2014;2020;3
2025;82224;2014;2020;3
2025;72681;2014;2020;3
2025;18594;2014;2020;4
2025;5000812;2014;2020;3
2025;1385538;2014;2020;3
2025;1399481;2014;2020;3
2025;1029204;2014;2017;3
2025;87537;2014;2020;3
2025;90847;2014;2015;3
2025;54494;2014;2019;3
2025;85652;2014;2019;3
2025;85652;2014;2020;3
2025;1408509;2014;2020;3
2025;1408505;2014;2020;3
2025;1399480;2014;2020;3
2025;107766;2014;2020;3
2025;1406536;2014;2019;3
2025;1445016;2014;2020;3
2025;9988;2014;2020;1
2025;1399617;2014;2020;3
2025;11316;2014;2020;3
2025;82224;2014;2019;3
2025;87941;2014;2020;3
2025;1390317;2014;2020;3
2025;1342449;2014;2019;3
2025;90483;2014;2014;3
2025;5001183;2014;2020;3
2025;1427420;2014;2020;3
2025;5000979;2014;2021;3
2025;100688;2014;2020;3
2025;12569;2014;2019;3
2025;1278877;2014;2020;3
2025;1135207;2014;2019;3
2025;100958;2014;2020;3
2025;14563;2014;2020;3
2025;91399;2014;2020;3
2025;5001101;2014;2020;3
2025;4082;2014;2020;3
2025;1408507;2014;2020;3
2025;4082;2014;2020;3
2025;5001427;2014;2020;3
2025;13601;2014;2020;3
2025;12569;2014;2020;3
2025;1518;2014;2019;3
2025;18472;2014;2022;3
2025;12;2014;2019;3
2025;1390317;2014;2020;3
2025;64918;2014;2020;3
2025;5001183;2014;2022;4
2025;1487290;2014;2020;3
2025;1390317;2014;2020;3
2025;1261971;2014;2019;3
2025;5000979;2014;2020;3
2025;90483;2014;2014;3
2025;82224;2014;2020;3
2025;37304;2014;2020;4
2025;1029204;2014;2020;3
2025;60660;2014;2019;3
2025;1295813;2014;2020;3
2025;4503;2014;2020;3
2025;1399477;2014;2020;3
2025;59174;2014;2024;3
2025;12015;2014;2020;3
2025;19086;2014;2019;3
2025;1026;2014;2020;3
2025;1342449;2014;2019;3
2025;5920;2014;2018;3
2025;1445016;2014;2020;3
2025;5000930;2014;2020;1
2025;1202539;2014;2019;3
2025;1108281;2014;2020;3
2025;1406536;2014;2019;3
2025;1188849;2014;2021;3
2025;16904;2014;2019;3
2025;100958;2014;2018;3
2025;82224;2014;2020;3
2025;5001341;2014;2020;3
2025;5001033;2014;2020;3
2025;1179189;2014;2020;3
2025;3148;2014;2017;3
2025;7676;2014;2020;3
2025;1408259;2014;2020;3
2025;1342449;2014;2019;3
2025;1163738;2014;2019;3
2025;5001033;2014;2020;3
2025;21542;2014;2020;3
2025;1427420;2014;2023;3
2025;9996;2014;2020;3
2025;303;2014;2019;1
2025;72669;2014;2021;3
2025;5000001;2014;2020;3
2025;1397772;2014;2020;3
2025;8960;2014;2020;3
2025;1399485;2014;2021;3
2025;1397772;2014;2020;3
2025;51835;2014;2020;3
2025;1408261;2014;2020;2
2025;1261972;2014;2020;3
2025;1321864;2014;2020;3
2025;5001341;2014;2019;3
2025;5000978;2014;2020;3
2025;65114;2014;2022;3
2025;7105;2014;2019;3
2025;1399287;2014;2023;3
2025;1200712;2014;2020;3
2025;108014;2014;2021;3
2025;1427370;2014;2022;3
2025;1136509;2014;2021;3
2025;19206;2014;2020;4
2025;1146605;2014;2019;3
2025;5001466;2014;2019;3
2025;97679;2014;2020;3
2025;1399478;2014;2020;3
2025;48854;2014;2020;3
2025;11233;2014;2020;3
2025;1421013;2014;2020;3
2025;7414;2014;2021;3
2025;64918;2014;2020;3
2025;14615;2014;2020;3
2025;1399482;2014;2022;3
2025;80037;2014;2019;3
2025;1188900;2014;2020;3
2025;1458090;2014;2020;3
2025;1399615;2014;2020;3
2025;14975;2014;2022;3
2025;71859;2014;2020;3
2025;1187646;2014;2019;3
2025;1483805;2014;2020;3
2025;14975;2014;2020;3
2025;1188849;2014;2020;3
2025;5909;2014;2020;3
2025;59414;2014;2021;3
2025;99476;2014;2021;3
2025;1163738;2014;2020;3
2025;100956;2014;2020;3
2025;10289;2014;2020;3
2025;99476;2014;2021;3
2025;14359;2014;2020;3
2025;150039;2014;2019;3
2025;1399618;2014;2022;4
2025;49060;2014;2020;3
2025;8960;2014;2020;3
2025;5909;2014;2020;3
2025;1349675;2014;2020;3
2025;16236;2014;2020;3
2025;1385538;2014;2020;3
2025;1399488;2014;2020;3
2025;72667;2014;2019;3
2025;1483805;2014;2020;3
2025;86288;2014;2019;3
2025;1109361;2014;2019;3
2025;12813;2014;2019;3
2025;1168313;2014;2021;3
2025;1330031;2014;2020;3
2025;91399;2014;2020;3
2025;85652;2014;2020;3
2025;14615;2014;2019;3
2025;1257524;2014;2020;4
2025;1313341;2014;2020;3
2025;1385538;2014;2020;3
2025;1146605;2014;2019;3
2025;12569;2014;2017;3
2025;1399482;2014;2019;3
2025;1629;2014;2020;3
2025;1178524;2014;2020;3
2025;1184432;2014;2020;3
2025;10222;2014;2020;3
2025;87941;2014;2020;3
2025;12970;2014;2020;1
2025;13424;2014;2019;3
2025;12569;2014;2019;3
2025;82224;2014;2020;3
2025;5000930;2014;2020;1
2025;13723;2014;2020;3
2025;1408508;2014;2020;4
2025;5000981;2014;2020;3
2025;13723;2014;2020;3
2025;1518495;2014;2020;3
2025;80037;2014;2019;3
2025;72669;2014;2020;3
2025;8698;2014;2018;3
2025;65114;2014;2023;3
2025;1178524;2014;2020;3
2025;1390311;2014;2020;3
2025;91399;2014;2020;3
2025;82224;2014;2019;3
2025;1399617;2014;2020;3
2025;1059179;2014;2019;3
2025;49060;2014;2020;3
2025;14359;2014;2020;3
2025;3148;2014;2020;3
2025;1258023;2014;2022;3
2025;5001294;2014;2020;3
2025;1342449;2014;2020;3
2025;1029204;2014;2018;3
2025;1108281;2014;2019;3
2025;87537;2014;2020;3
2025;74594;2014;2020;3
2025;1108786;2014;2020;3
2025;72669;2014;2020;3
2025;1399477;2014;2022;3
2025;39415;2014;2020;3
2025;1178524;2014;2020;3
2025;1399478;2014;2020;3
2025;1214209;2014;2020;3
2025;87941;2014;2019;3
2025;1171609;2014;2019;3
2025;1185076;2014;2019;3
2025;20360;2014;2020;3
2025;1518;2014;2020;3
2025;12;2014;2019;3
2025;9996;2014;2020;3
2025;91219;2014;2020;3
2025;303;2014;2019;1
2025;1108281;2014;2020;3
2025;12345;2014;2020;3
2025;86288;2014;2020;3
2025;1439;2014;2019;3
2025;1408259;2014;2022;3
2025;79007;2014;2020;3
2025;1385538;2014;2017;3
2025;12970;2014;2020;1
2025;1349675;2014;2020;3
2025;51835;2014;2020;3
2025;7414;2014;2020;3
2025;100958;2014;2020;3
2025;11114;2014;2020;3
2025;18594;2014;2020;4
2025;5000812;2014;2021;3
2025;1419799;2014;2019;3
2025;1267038;2014;2020;3
2025;84352;2014;2020;3
2025;1399614;2014;2019;4
2025;11114;2014;2019;3
2025;72675;2014;2020;3
2025;57402;2014;2020;3
2025;5001294;2014;2021;3
2025;8698;2014;2021;3
2025;69624;2014;2020;3
2025;66361;2014;2021;3
2025;1108281;2014;2020;3
2025;5000001;2014;2022;3
2025;57852;2014;2020;3
2025;150039;2014;2019;3
2025;1184047;2014;2020;3
2025;14359;2014;2020;3
2025;5000980;2014;2020;3
2025;82224;2014;2020;3
2025;14359;2014;2020;3
2025;90091;2014;2020;3
2025;1163738;2014;2020;3
2025;1202546;2014;2020;3
2025;1408262;2014;2020;3
2025;1136509;2014;2020;3
2025;1385538;2014;2019;3
2025;14615;2014;2019;3
2025;86288;2014;2020;3
2025;20058;2014;2020;3
2025;1342610;2014;2019;3
2025;1453564;2014;2020;3
2025;6711;2014;2018;3
2025;60660;2014;2020;3
2025;66361;2014;2020;3
2025;86356;2014;2020;3
2025;14359;2014;2020;3
2025;5000931;2014;2020;3
2025;1292713;2014;2019;3
2025;5001314;2014;2020;3
2025;1171609;2014;2020;3
2025;1102360;2014;2019;3
2025;5000930;2014;2018;3
2025;84352;2014;2020;3
2025;1292713;2014;2020;3
2025;1292725;2014;2019;3
2025;1190621;2014;2020;3
2025;13200;2014;2020;3
2025;389;2014;2018;1
2025;82224;2014;2020;3
2025;1421100;2014;2020;3
2025;5000978;2014;2020;3
2025;13723;2014;2019;3
2025;66361;2014;2020;3
2025;1202539;2014;2019;3
2025;5000933;2014;2020;3
2025;86356;2014;2020;3
2025;1397772;2014;2020;3
2025;5000979;2014;2019;3
2025;65114;2014;2022;3
2025;1342537;2014;2020;3
2025;5000931;2014;2018;3
2025;51835;2014;2020;3
2025;1427370;2014;2023;3
2025;9996;2014;2020;3
2025;1188849;2014;2020;3
2025;72767;2014;2020;3
2025;49060;2014;2020;3
2025;1146605;2014;2019;3
2025;1292869;2014;2019;3
2025;98406;2014;2020;3
2025;1390317;2014;2020;3
2025;97679;2014;2020;3
2025;5000979;2014;2020;3
2025;1171609;2014;2020;3
2025;9326;2014;2020;1
2025;303;2014;2019;1
2025;1399488;2014;2020;3
2025;12569;2014;2020;3
2025;91219;2014;2021;3
2025;5001466;2014;2016;3
2025;64918;2014;2019;3
2025;5000933;2014;2020;3
2025;5000930;2014;2020;3
2025;5000979;2014;2020;3
2025;1180318;2014;2020;3
2025;4720;2014;2020;3
2025;1390317;2014;2020;3
2025;12970;2014;2020;1
2025;18472;2014;2020;3
2025;57402;2014;2020;3
2025;19086;2014;2019;3
2025;90483;2014;2014;3
2025;12569;2014;2019;3
2025;1408507;2014;2020;3
2025;1108153;2014;2020;1
2025;98506;2014;2020;3
2025;1202553;2014;2019;3
2025;72669;2014;2020;3
2025;15343;2014;2020;3
2025;5000812;2014;2020;3
2025;1485621;2014;2021;3
2025;39415;2014;2020;3
2025;1188900;2014;2020;3
2025;5909;2014;2020;3
2025;74655;2014;2020;3
2025;87537;2014;2020;3
2025;1179189;2014;2020;3
2025;5000930;2014;2018;3
2025;72681;2014;2020;3
2025;19294;2014;2020;3
2025;5000979;2014;2020;3
2025;1257777;2014;2020;3
2025;1184325;2014;2020;3
2025;80037;2014;2019;3
2025;1408505;2014;2020;3
2025;1427370;2014;2019;3
2025;72669;2014;2020;3
2025;14615;2014;2019;3
2025;14725;2014;2020;3
2025;1399486;2014;2020;3
2025;1184325;2014;2020;3
2025;9326;2014;2020;1
2025;1102360;2014;2020;3
2025;1136509;2014;2019;3
2025;18472;2014;2021;3
2025;1419799;2014;2020;3
2025;37304;2014;2020;4
2025;1399618;2014;2019;4
2025;82224;2014;2020;3
2025;1399487;2014;2020;3
2025;1408507;2014;2020;3
2025;15783;2014;2020;3
2025;5000930;2014;2020;1
2025;108882;2014;2020;3
2025;7414;2014;2020;3
2025;72767;2014;2020;3
2025;5001450;2014;2020;3
2025;59174;2014;2019;3
2025;12692;2014;2020;3
2025;108884;2014;2020;3
2025;15783;2014;2020;3
2025;1399616;2014;2020;3
2025;1136509;2014;2019;3
2025;1029204;2014;2020;3
2025;1427370;2014;2019;3
2025;1397772;2014;2020;3
2025;79007;2014;2020;3
2025;5001033;2014;2020;3
2025;1192047;2014;2021;3
2025;13424;2014;2019;3
2025;1185903;2014;2021;3
2025;1108786;2014;2020;3
2025;1399615;2014;2022;3
2025;1214209;2014;2020;3
2025;2695;2014;2020;3
2025;4503;2014;2020;3
2025;1399615;2014;2020;3
2025;1202539;2014;2020;3
2025;5000980;2014;2020;3
2025;1200578;2014;2020;3
2025;1292917;2014;2020;3
2025;1399618;2014;2022;4
2025;1059179;2014;2020;3
2025;1178672;2014;2020;3
2025;1399618;2014;2019;4
2025;12015;2014;2020;3
2025;1453564;2014;2020;3
2025;1427419;2014;2020;3
2025;18594;2014;2021;4
2025;1408259;2014;2020;3
2025;1029204;2014;2020;3
2025;12692;2014;2020;3
2025;1292917;2014;2020;3
2025;12813;2014;2019;3
2025;90059;2014;2020;3
2025;1385538;2014;2019;3
2025;150039;2014;2019;3
2025;1068548;2014;2019;3
2025;20360;2014;2018;3
2025;1146605;2014;2019;3
2025;1171609;2014;2020;3
2025;1189607;2014;2018;3
2025;13601;2014;2020;3
2025;1879;2014;2020;3
2025;91219;2014;2020;3
2025;1408505;2014;2020;3
2025;2695;2014;2019;3
2025;64918;2014;2020;3
2025;13286;2014;2019;3
2025;484;2014;2019;3
2025;72667;2014;2016;3
2025;1399489;2014;2017;3
2025;14093;2014;2020;3
2025;1421100;2014;2021;3
2025;15475;2014;2019;1
2025;15783;2014;2020;3
2025;108882;2014;2020;3
2025;5909;2014;2020;3
2025;1108281;2014;2017;3
2025;59174;2014;2019;3
2025;64918;2014;2020;3
2025;1477973;2014;2020;3
2025;18447;2014;2020;3
2025;4720;2014;2020;3
2025;12692;2014;2020;3
2025;1477973;2014;2020;3
2025;90483;2014;2014;3
2025;20249;2014;2020;3
2025;108882;2014;2020;3
2025;5000930;2014;2020;1
2025;108882;2014;2020;3
2025;1399478;2014;2020;3
2025;19434;2014;2020;3
2025;5001466;2014;2019;3
2025;1192047;2014;2020;3
2025;1188900;2014;2020;3
2025;71859;2014;2020;3
2025;2695;2014;2020;3
2025;868;2014;2020;3
2025;15475;2014;2020;1
2025;3677;2014;2020;3
2025;1193275;2014;2020;3
2025;12569;2014;2020;3
2025;113504;2014;2020;3
2025;12569;2014;2020;3
2025;1399477;2014;2020;3
2025;9996;2014;2020;3
2025;1180318;2014;2019;3
2025;58412;2014;2020;3
2025;5001300;2014;2020;3
2025;1178524;2014;2019;3
2025;108882;2014;2020;3
2025;9805;2014;2020;3
2025;87941;2014;2020;3
2025;15783;2014;2016;3
2025;87537;2014;2020;3
2025;13601;2014;2020;3
2025;72417;2014;2020;3
2025;1180318;2014;2020;3
2025;2695;2014;2019;3
2025;11114;2014;2020;3
2025;5000980;2014;2020;3
2025;4720;2014;2020;3
2025;2304;2014;2020;3
2025;13601;2014;2019;3
2025;16904;2014;2020;3
2025;93001;2014;2020;3
2025;1399480;2014;2021;3
2025;59414;2014;2020;3
2025;18472;2014;2020;3
2025;1313341;2014;2020;3
2025;100956;2014;2021;3
2025;100956;2014;2020;3
2025;1261971;2014;2020;3
2025;1188127;2014;2020;3
2025;9326;2014;2020;1
2025;1135207;2014;2020;3
2025;1108786;2014;2018;3
2025;1184432;2014;2020;3
2025;1399478;2014;2020;3
2025;1184432;2014;2019;3
2025;7837;2014;2019;3
2025;1385538;2014;2018;3
2025;82224;2014;2020;3
2025;5909;2014;2020;3
2025;1102360;2014;2020;3
2025;1257524;2014;2020;4
2025;1385538;2014;2020;3
2025;1399479;2014;2020;3
2025;1261972;2014;2020;3
2025;49060;2014;2021;3
2025;54494;2014;2020;3
2025;1188127;2014;2021;3
2025;16904;2014;2020;3
2025;1334344;2014;2018;3
2025;1185903;2014;2020;3
2025;90483;2014;2014;3
2025;5000930;2014;2020;1
2025;86288;2014;2020;3
2025;10289;2014;2020;3
2025;1029763;2014;2020;3
2025;57402;2014;2020;3
2025;1202547;2014;2017;3
2025;1188127;2014;2021;3
2025;1163738;2014;2020;3
2025;1188127;2014;2019;3
2025;64706;2014;2021;3
2025;1108786;2014;2020;3
2025;90059;2014;2020;3
2025;1202553;2014;2019;3
2025;72663;2014;2020;3
2025;14093;2014;2017;3
2025;53338;2014;2020;3
2025;1399481;2014;2020;3
2025;1408505;2014;2020;3
2025;5001294;2014;2020;3
2025;58412;2014;2019;3
2025;1399489;2014;2021;3
2025;1455021;2014;2023;3
2025;3148;2014;2020;3
2025;107766;2014;2020;3
2025;72667;2014;2023;3
2025;57402;2014;2020;3
2025;87537;2014;2020;3
2025;5000001;2014;2019;3
2025;97679;2014;2020;3
2025;100956;2014;2022;3
2025;79007;2014;2020;3
2025;14615;2014;2019;3
2025;18594;2014;2021;4
2025;1390317;2014;2020;3
2025;1257524;2014;2020;4
2025;2695;2014;2020;3
2025;64918;2014;2021;3
2025;100958;2014;2017;3
2025;108884;2014;2020;3
2025;65114;2014;2022;3
2025;85652;2014;2020;3
2025;1408262;2014;2022;3
2025;97679;2014;2020;3
2025;108882;2014;2020;3
2025;1202539;2014;2019;3
2025;5001466;2014;2020;3
2025;60660;2014;2020;3
2025;19206;2014;2020;4
2025;1399478;2014;2020;3
2025;1397773;2014;2020;3
2025;75821;2014;2020;3
2025;13866;2014;2019;3
2025;1192188;2014;2020;3
2025;5920;2014;2020;3
2025;1108786;2014;2020;3
2025;91219;2014;2020;3
2025;100688;2014;2020;3
2025;1190621;2014;2020;3
2025;1068548;2014;2018;3
2025;1390317;2014;2020;3
2025;1399618;2014;2020;4
2025;1397773;2014;2020;3
2025;1439;2014;2019;3
2025;1408262;2014;2020;3
2025;65114;2014;2021;3
2025;7676;2014;2020;3
2025;1399618;2014;2020;4
2025;13723;2014;2020;3
2025;5000001;2014;2020;3
2025;1342449;2014;2020;3
2025;1408259;2014;2020;3
2025;1202553;2014;2019;3
2025;1188900;2014;2020;3
2025;75821;2014;2020;3
2025;1421013;2014;2020;3
2025;1399478;2014;2020;3
2025;65114;2014;2020;3
2025;72669;2014;2021;3
2025;12015;2014;2019;3
2025;57852;2014;2020;3
2025;5000978;2014;2021;3
2025;37304;2014;2021;4
2025;1399486;2014;2020;3
2025;11114;2014;2020;3
2025;1399477;2014;2021;3
2025;82224;2014;2022;3
2025;57402;2014;2019;3
2025;1314146;2014;2020;3
2025;72667;2014;2024;3
2025;90483;2014;2014;3
2025;11114;2014;2020;3
2025;1216474;2014;2020;3
2025;1191415;2014;2020;3
2025;5001466;2014;2020;3
2025;1390317;2014;2020;3
2025;100956;2014;2020;3
2025;1421100;2014;2020;3
2025;13866;2014;2020;3
2025;1168313;2014;2022;3
2025;1399618;2014;2021;4
2025;1193275;2014;2020;3
2025;7676;2014;2020;3
2025;1187646;2014;2019;3
2025;11114;2014;2020;3
2025;13723;2014;2020;3
2025;4082;2014;2020;3
2025;1107;2014;2020;3
2025;1399482;2014;2022;3
2025;1102360;2014;2020;3
2025;1399616;2014;2017;3
2025;91219;2014;2019;3
2025;5001101;2014;2020;3
2025;1180318;2014;2020;3
2025;1183958;2014;2019;3
2025;758;2014;2020;3
2025;18605;2014;2020;3
2025;2695;2014;2020;3
2025;5001466;2014;2019;3
2025;1187646;2014;2018;3
2025;1399478;2014;2020;3
2025;85652;2014;2020;3
2025;65114;2014;2022;3
2025;5001341;2014;2020;3
2025;1390317;2014;2024;3
2025;5001466;2014;2019;3
2025;1202553;2014;2019;3
2025;1261972;2014;2020;3
2025;103596;2014;2020;3
2025;5001314;2014;2020;3
2025;14563;2014;2020;3
2025;1399486;2014;2020;3
2025;107666;2014;2020;3
2025;1104264;2014;2020;3
2025;12569;2014;2020;3
2025;13200;2014;2020;3
2025;65114;2014;2022;3
2025;2695;2014;2020;3
2025;72663;2014;2020;3
2025;19294;2014;2020;3
2025;74655;2014;2020;3
2025;14234;2014;2019;3
2025;90084;2014;2020;3
2025;1725;2014;2020;3
2025;1397772;2014;2020;3
2025;82224;2014;2020;3
2025;5000930;2014;2020;3
2025;1349675;2014;2020;3
2025;1518;2014;2019;3
2025;1390317;2014;2020;3
2025;90059;2014;2020;3
2025;91219;2014;2020;3
2025;38071;2014;2020;3
2025;13723;2014;2020;3
2025;90059;2014;2020;3
2025;12813;2014;2020;3
2025;100956;2014;2021;3
2025;1178672;2014;2020;3
2025;1399479;2014;2020;3
2025;5001033;2014;2020;3
2025;1192237;2014;2020;3
2025;1427420;2014;2020;3
2025;20249;2014;2020;3
2025;90091;2014;2020;3
2025;51835;2014;2020;3
2025;1190280;2014;2019;3
2025;10289;2014;2020;3
2025;1406536;2014;2019;3
2025;140;2014;2020;3
2025;12813;2014;2019;3
2025;1292725;2014;2019;3
2025;1390309;2014;2020;3
2025;1385538;2014;2017;3
2025;1185076;2014;2019;3
2025;1185025;2014;2020;3
2025;1257524;2014;2020;4
2025;14615;2014;2020;3
2025;1190280;2014;2019;3
2025;13424;2014;2019;3
2025;1390311;2014;2020;3
2025;1202539;2014;2020;3
2025;1399614;2014;2020;4
2025;72669;2014;2022;3
2025;10591;2014;2021;3
2025;1292869;2014;2020;3
2025;150039;2014;2019;3
2025;1397772;2014;2020;3
2025;7676;2014;2020;3
2025;93001;2014;2020;3
2025;1190280;2014;2019;3
2025;1185903;2014;2022;3
2025;1200578;2014;2023;3
2025;87537;2014;2020;3
2025;14615;2014;2020;3
2025;19086;2014;2019;3
2025;1457707;2014;2020;4
2025;1190280;2014;2019;3
2025;5001101;2014;2020;3
2025;1342537;2014;2020;3
2025;4720;2014;2020;3
2025;57852;2014;2020;3
2025;72417;2014;2020;3
2025;1385538;2014;2020;3
2025;100688;2014;2020;3
2025;1421013;2014;2020;3
2025;1179501;2014;2020;3
2025;100958;2014;2020;3
2025;1342449;2014;2020;3
2025;2695;2014;2019;3
2025;84352;2014;2020;3
2025;1185025;2014;2020;3
2025;1385538;2014;2020;3
2025;1192047;2014;2020;3
2025;4720;2014;2020;3
2025;1135207;2014;2020;3
2025;90084;2014;2021;3
2025;87537;2014;2020;3
2025;90084;2014;2017;3
2025;5001427;2014;2020;3
2025;14563;2014;2020;3
2025;1184047;2014;2020;3
2025;74594;2014;2020;3
2025;98406;2014;2020;3
2025;5000930;2014;2021;3
2025;758;2014;2020;3
2025;1193275;2014;2020;3
2025;54494;2014;2019;3
2025;85586;2014;2019;3
2025;13723;2014;2020;3
2025;86288;2014;2021;3
2025;1190621;2014;2019;3
2025;1477973;2014;2015;3
2025;90084;2014;2020;3
2025;9996;2014;2020;3
2025;5000001;2014;2022;3
2025;1258021;2014;2021;3
2025;5000930;2014;2020;3
2025;120983;2014;2020;3
2025;9805;2014;2020;3
2025;16904;2014;2020;3
2025;1629;2014;2020;3
2025;107666;2014;2020;3
2025;90084;2014;2020;3
2025;5001167;2014;2020;3
2025;13866;2014;2019;3
2025;15783;2014;2020;3
2025;1399485;2014;2020;3
2025;3418;2014;2020;3
2025;1385538;2014;2019;3
2025;1390311;2014;2020;3
2025;60660;2014;2020;3
2025;72667;2014;2023;3
2025;90483;2014;2014;3
2025;1457707;2014;2020;4
2025;1029204;2014;2020;3
2025;51835;2014;2020;3
2025;1518;2014;2020;3
2025;19086;2014;2020;3
2025;1399483;2014;2019;3
2025;1188127;2014;2020;3
2025;1457503;2014;2020;3
2025;1190667;2014;2020;3
2025;1399486;2014;2020;3
2025;1184325;2014;2020;3
2025;14615;2014;2018;3
2025;1168313;2014;2020;3
2025;1457503;2014;2020;3
2025;5000812;2014;2020;3
2025;60660;2014;2020;3
2025;1390317;2014;2020;3
2025;9772;2014;2020;3
2025;12692;2014;2020;3
2025;90847;2014;2015;3
2025;5920;2014;2020;3
2025;65114;2014;2020;3
2025;72663;2014;2020;3
2025;1427419;2014;2020;3
2025;60660;2014;2020;3
2025;1202553;2014;2019;3
2025;107766;2014;2020;3
2025;1258021;2014;2020;3
2025;37304;2014;2019;4
2025;1292726;2014;2019;3
2025;1342449;2014;2019;3
2025;1477973;2014;2020;3
2025;1184432;2014;2019;3
2025;1184060;2014;2020;3
2025;90483;2014;2014;3
2025;1421100;2014;2019;3
2025;85652;2014;2020;3
2025;1629;2014;2020;3
2025;1439;2014;2020;3
2025;1202546;2014;2020;3
2025;1068548;2014;2019;3
2025;1102360;2014;2020;3
2025;1108281;2014;2020;3
2025;1292917;2014;2020;3
2025;1191415;2014;2021;3
2025;1486298;2014;2020;3
2025;37304;2014;2020;4
2025;6496;2014;2020;3
2025;1188900;2014;2020;3
2025;1342449;2014;2020;3
2025;1168313;2014;2020;3
2025;1202553;2014;2020;3
2025;1725;2014;2020;3
2025;60660;2014;2020;3
2025;5001314;2014;2020;3
2025;13601;2014;2020;3
2025;13601;2014;2020;3
2025;1190667;2014;2020;3
2025;12970;2014;2019;1
2025;12569;2014;2014;3
2025;9326;2014;2020;1
2025;1068548;2014;2019;3
2025;1406536;2014;2019;3
2025;1408505;2014;2019;3
2025;5001294;2014;2021;3
2025;1026;2014;2019;3
2025;1184047;2014;2020;3
2025;8698;2014;2020;3
2025;4720;2014;2020;3
2025;1192237;2014;2020;3
2025;1178672;2014;2020;3
2025;1187646;2014;2019;3
2025;1342536;2014;2020;3
2025;1292725;2014;2020;3
2025;1292917;2014;2020;3
2025;19294;2014;2021;3
2025;1879;2014;2020;3
2025;1421013;2014;2020;3
2025;1486298;2014;2020;3
2025;72667;2014;2020;3
2025;90084;2014;2020;3
2025;1399477;2014;2021;3
2025;72669;2014;2020;3
2025;484;2014;2019;3
2025;72681;2014;2022;3
2025;2392;2014;2020;3
2025;1455021;2014;2020;3
2025;1261971;2014;2018;3
2025;5909;2014;2020;3
2025;98406;2014;2020;3
2025;59414;2014;2020;3
2025;5001183;2014;2020;3
2025;1188127;2014;2020;3
2025;1188127;2014;2020;3
2025;12692;2014;2020;3
2025;10591;2014;2020;3
2025;1188127;2014;2021;3
2025;64918;2014;2020;3
2025;84408;2014;2020;3
2025;1399487;2014;2020;3
2025;1349675;2014;2020;3
2025;3148;2014;2020;3
2025;1399489;2014;2020;3
2025;11316;2014;2020;3
2025;1258023;2014;2021;3
2025;72681;2014;2020;3
2025;13453;2014;2020;3
2025;82224;2014;2021;3
2025;101228;2014;2020;3
2025;14359;2014;2020;3
2025;7676;2014;2020;3
2025;5001294;2014;2021;3
2025;15783;2014;2019;3
2025;1184060;2014;2020;3
2025;16236;2014;2020;3
2025;53338;2014;2020;3
2025;13424;2014;2019;3
2025;64918;2014;2020;3
2025;13601;2014;2020;3
2025;484;2014;2019;3
2025;107766;2014;2020;3
2025;84408;2014;2020;3
2025;9805;2014;2020;3
2025;389;2014;2019;1
2025;12813;2014;2019;3
2025;868;2014;2020;3
2025;12970;2014;2020;1
2025;12015;2014;2020;3
2025;1399618;2014;2020;4
2025;1192047;2014;2021;3
2025;6496;2014;2020;3
2025;3418;2014;2020;3
2025;1200712;2014;2020;3
2025;1421100;2014;2021;3
2025;59414;2014;2019;3
2025;389;2014;2019;1
2025;484;2014;2019;3
2025;5001183;2014;2022;4
2025;5206;2014;2021;3
2025;85652;2014;2020;3
2025;90084;2014;2019;3
2025;1183313;2014;2020;3
2025;1477973;2014;2020;3
2025;1408261;2014;2020;3
2025;1879;2014;2020;3
2025;5000812;2014;2021;3
2025;1179501;2014;2020;3
2025;16904;2014;2020;3
2025;1184432;2014;2020;3
2025;1190280;2014;2019;3
2025;1399485;2014;2020;3
2025;9805;2014;2020;3
2025;98506;2014;2020;3
2025;65114;2014;2022;3
2025;51835;2014;2020;3
2025;1184432;2014;2020;3
2025;5000980;2014;2020;3
2025;16904;2014;2020;3
2025;5000979;2014;2020;3
2025;1322329;2014;2019;3
2025;1399619;2014;2020;3
2025;4082;2014;2020;3
2025;1399477;2014;2021;3
2025;1397771;2014;2025;3
2025;15783;2014;2020;3
2025;9996;2014;2020;3
2025;1421013;2014;2020;3
2025;12692;2014;2020;3
2025;1171609;2014;2023;3
2025;10222;2014;2020;3
2025;9772;2014;2020;3
2025;72669;2014;2020;3
2025;10224;2014;2020;3
2025;86288;2014;2020;3
2025;9772;2014;2020;3
2025;12015;2014;2018;3
2025;58412;2014;2018;3
2025;1109361;2014;2020;3
2025;1202539;2014;2020;3
2025;1399478;2014;2020;3
2025;1171609;2014;2018;3
2025;15475;2014;2019;1
2025;1399479;2014;2020;3
2025;13723;2014;2020;3
2025;1187646;2014;2019;3
2025;15475;2014;2019;1
2025;1313341;2014;2020;3
2025;98506;2014;2021;3
2025;1183313;2014;2021;3
2025;58412;2014;2018;3
2025;93001;2014;2019;3
2025;108882;2014;2019;3
2025;72417;2014;2020;3
2025;107766;2014;2020;3
2025;1292917;2014;2020;3
2025;69624;2014;2020;3
2025;1399614;2014;2020;4
2025;82224;2014;2020;3
2025;1136509;2014;2020;3
2025;86288;2014;2020;3
2025;87941;2014;2020;3
2025;91399;2014;2020;3
2025;90059;2014;2020;3
2025;18594;2014;2022;4
2025;1453564;2014;2019;3
2025;1185025;2014;2020;3
2025;60660;2014;2020;3
2025;1453564;2014;2017;3
2025;1267038;2014;2020;3
2025;5000931;2014;2020;3
2025;18472;2014;2019;3
2025;113504;2014;2019;3
2025;1390309;2014;2020;3
2025;108014;2014;2021;3
2025;18594;2014;2020;4
2025;85652;2014;2018;3
2025;18447;2014;2020;3
2025;14615;2014;2019;3
2025;1399482;2014;2021;3
2025;72681;2014;2022;3
2025;1185025;2014;2020;3
2025;72669;2014;2019;3
2025;1455021;2014;2023;3
2025;91399;2014;2020;3
2025;1202539;2014;2019;3
2025;1390317;2014;2021;3
2025;14615;2014;2019;3
2025;12970;2014;2019;1
2025;5206;2014;2020;3
2025;1190280;2014;2019;3
2025;37304;2014;2020;4
2025;1399616;2014;2020;3
2025;1427370;2014;2021;3
2025;1399616;2014;2020;3
2025;84352;2014;2020;3
2025;1292725;2014;2020;3
2025;11446;2014;2020;3
2025;2304;2014;2020;3
2025;1385538;2014;2017;3
2025;1518;2014;2019;3
2025;1439;2014;2019;3
2025;1427370;2014;2022;3
2025;1385538;2014;2019;3
2025;15839;2014;2021;3
2025;5001294;2014;2015;3
2025;72417;2014;2020;3
2025;98506;2014;2020;3
2025;7414;2014;2020;3
2025;85652;2014;2020;3
2025;1453564;2014;2020;3
2025;1193275;2014;2020;3
2025;5001294;2014;2022;3
2025;5000812;2014;2019;3
2025;90483;2014;2014;3
2025;12692;2014;2016;3
2025;74594;2014;2021;3
2025;1184432;2014;2018;3
2025;5000980;2014;2020;3
2025;1184060;2014;2020;3
2025;1477973;2014;2020;3
2025;90483;2014;2014;3
2025;1200712;2014;2020;3
2025;8698;2014;2021;3
2025;1292726;2014;2020;3
2025;84352;2014;2019;3
2025;5001183;2014;2022;4
2025;71859;2014;2020;3
2025;1317634;2014;2020;3
2025;1173014;2014;2019;3
2025;8437;2014;2019;3
2025;1421013;2014;2020;3
2025;72417;2014;2017;3
2025;1397771;2014;2020;3
2025;9996;2014;2019;3
2025;1518;2014;2020;3
2025;1399618;2014;2020;4
2025;75821;2014;2018;3
2025;100956;2014;2020;3
2025;7676;2014;2021;3
2025;72681;2014;2020;2
2025;108882;2014;2020;3
2025;3677;2014;2020;3
2025;1292917;2014;2020;3
2025;1399618;2014;2019;4
2025;389;2014;2019;1
2025;12569;2014;2020;3
2025;5001033;2014;2020;3
2025;1406536;2014;2019;3
2025;100956;2014;2020;3
2025;87941;2014;2018;3
2025;303;2014;2019;1
2025;72767;2014;2020;3
2025;1192188;2014;2020;3
2025;1427370;2014;2022;3
2025;1192188;2014;2020;3
2025;1408259;2014;2020;3
2025;103596;2014;2018;3
2025;1136509;2014;2019;3
2025;1322329;2014;2023;3
2025;64918;2014;2020;3
2025;1029204;2014;2020;3
2025;1334344;2014;2021;3
2025;1397771;2014;2020;3
2025;1168313;2014;2020;3
2025;91399;2014;2020;3
2025;87537;2014;2020;3
2025;54494;2014;2019;3
2025;86288;2014;2019;3
2025;11316;2014;2020;3
2025;1390311;2014;2020;3
2025;5001294;2014;2020;3
2025;1146605;2014;2019;3
2025;1399482;2014;2020;3
2025;14563;2014;2019;3
2025;101228;2014;2020;3
2025;59414;2014;2018;3
2025;90483;2014;2014;3
2025;98406;2014;2020;3
2025;5001183;2014;2022;3
2025;1179501;2014;2020;3
2025;5000980;2014;2020;3
2025;5000812;2014;2019;3
2025;1399614;2014;2020;4
2025;1421013;2014;2020;3
2025;4082;2014;2020;3
2025;1385538;2014;2017;3
2025;1173014;2014;2020;3
2025;5001294;2014;2020;3
2025;5000979;2014;2021;3
2025;9326;2014;2020;1
2025;12692;2014;2020;3
2025;1322329;2014;2020;3
2025;1399479;2014;2020;3
2025;16236;2014;2020;3
2025;15343;2014;2020;3
2025;107666;2014;2020;3
2025;8698;2014;2021;3
2025;87941;2014;2020;3
2025;1173014;2014;2020;3
2025;108882;2014;2020;3
2025;37304;2014;2020;4
2025;15343;2014;2020;3
2025;91399;2014;2020;3
2025;5000980;2014;2020;3
2025;1193275;2014;2020;3
2025;1330031;2014;2020;3
2025;1342610;2014;2019;3
2025;1068548;2014;2019;3
2025;1399478;2014;2020;3
2025;1399618;2014;2022;4
2025;1408507;2014;2020;3
2025;1399479;2014;2020;3
2025;7705;2014;2020;3
2025;71859;2014;2019;3
2025;69464;2014;2020;3
2025;1399487;2014;2020;3
2025;39415;2014;2020;3
2025;14359;2014;2020;3
2025;16904;2014;2022;3
2025;1399477;2014;2020;3
2025;49060;2014;2017;3
2025;6496;2014;2020;3
2025;9988;2014;2020;3
2025;1427370;2014;2019;3
2025;20249;2014;2021;3
2025;1399487;2014;2020;3
2025;1399479;2014;2020;3
2025;303;2014;2021;1
2025;103596;2014;2021;3
2025;1183313;2014;2019;3
2025;868;2014;2020;3
2025;60660;2014;2019;3
2025;9326;2014;2020;1
2025;1184325;2014;2020;3
2025;90483;2014;2014;3
2025;14359;2014;2020;3
2025;1399487;2014;2020;3
2025;1183313;2014;2020;3
2025;14234;2014;2020;3
2025;1408262;2014;2020;3
2025;108882;2014;2020;3
2025;12015;2014;2020;3
2025;1183313;2014;2020;3
2025;48854;2014;2020;3
2025;1399618;2014;2019;4
2025;39415;2014;2019;3
2025;868;2014;2021;3
2025;11233;2014;2020;3
2025;1399617;2014;2020;3
2025;54494;2014;2020;3
2025;91219;2014;2020;3
2025;1399478;2014;2019;3
2025;54494;2014;2019;3
2025;1399614;2014;2021;4
2025;59174;2014;2024;3
2025;1136509;2014;2020;3
2025;6496;2014;2020;3
2025;1189778;2014;2015;3
2025;5000979;2014;2021;3
2025;1190667;2014;2020;3
2025;65924;2014;2019;3
2025;1192188;2014;2020;3
2025;5000979;2014;2020;3
2025;1102360;2014;2020;3
2025;1349675;2014;2019;3
2025;1026;2014;2019;3
2025;1334344;2014;2016;3
2025;1399486;2014;2020;3
2025;1399478;2014;2020;3
2025;4720;2014;2020;3
2025;72667;2014;2020;3
2025;10222;2014;2020;3
2025;9996;2014;2020;3
2025;758;2014;2020;3
2025;86288;2014;2020;3
2025;9996;2014;2020;3
2025;1399481;2014;2020;3
2025;12813;2014;2019;3
2025;9805;2014;2020;3
2025;1399487;2014;2020;3
2025;1257524;2014;2020;4
2025;1189778;2014;2020;3
2025;1180318;2014;2020;3
2025;7705;2014;2018;3
2025;1193275;2014;2020;3
2025;5001183;2014;2020;4
2025;5000930;2014;2020;1
2025;1427370;2014;2019;3
2025;1445016;2014;2020;3
2025;108884;2014;2022;3
2025;1399615;2014;2020;3
2025;108882;2014;2020;3
2025;1193759;2014;2020;3
2025;1166567;2014;2021;3
2025;1408509;2014;2020;3
2025;98409;2014;2020;3
2025;98409;2014;2017;3
2025;1390317;2014;2024;3
2025;1397771;2014;2022;3
2025;1397771;2014;2020;3
2025;16904;2014;2020;3
2025;1458090;2014;2020;3
2025;16236;2014;2020;3
2025;59414;2014;2019;3
2025;8437;2014;2019;3
2025;71859;2014;2020;3
2025;72417;2014;2020;3
2025;1135207;2014;2020;3
2025;4503;2014;2019;3
2025;14359;2014;2020;3
2025;90483;2014;2014;3
2025;1322329;2014;2020;3
2025;1192237;2014;2020;3
2025;75821;2014;2020;3
2025;13453;2014;2019;3
2025;13601;2014;2020;3
2025;72675;2014;2020;3
2025;39415;2014;2020;3
2025;14615;2014;2019;3
2025;20360;2014;2020;3
2025;1200712;2014;2020;3
2025;5000979;2014;2022;3
2025;72767;2014;2020;3
2025;103596;2014;2020;3
2025;1408259;2014;2022;3
2025;90483;2014;2014;3
2025;1202573;2014;2020;3
2025;12345;2014;2020;3
2025;758;2014;2020;3
2025;1108786;2014;2020;3
2025;9996;2014;2020;3
2025;1258023;2014;2020;3
2025;1408507;2014;2019;3
2025;20360;2014;2019;3
2025;12569;2014;2019;3
2025;108884;2014;2020;3
2025;1193759;2014;2019;3
2025;1399619;2014;2018;3
2025;1314146;2014;2017;3
2025;90059;2014;2020;3
2025;1399487;2014;2020;3
2025;12970;2014;2021;1
2025;72663;2014;2020;3
2025;1399479;2014;2020;3
2025;18605;2014;2019;3
2025;12015;2014;2015;3
2025;1261971;2014;2020;3
2025;1321864;2014;2020;3
2025;1349675;2014;2020;3
2025;1171609;2014;2020;3
2025;5000930;2014;2020;3
2025;1180318;2014;2020;3
2025;64918;2014;2020;3
2025;5001101;2014;2020;3
2025;97679;2014;2020;3
2025;82224;2014;2020;3
2025;5001033;2014;2020;3
2025;1439;2014;2019;3
2025;5001300;2014;2018;3
2025;4503;2014;2019;3
2025;3418;2014;2020;3
2025;11114;2014;2020;3
2025;1399287;2014;2020;3
2025;91219;2014;2020;3
2025;16904;2014;2020;3
2025;86288;2014;2020;3
2025;1190280;2014;2019;3
2025;1292869;2014;2019;3
2025;57852;2014;2020;3
2025;868;2014;2020;3
2025;1399488;2014;2020;3
2025;1399484;2014;2019;3
2025;13601;2014;2020;3
2025;9996;2014;2020;3
2025;49060;2014;2020;3
2025;12970;2014;2020;1
2025;72681;2014;2014;3
2025;14563;2014;2020;3
2025;1214209;2014;2020;3
2025;5001294;2014;2018;3
2025;4720;2014;2019;3
2025;12569;2014;2016;3
2025;1399482;2014;2021;3
2025;72417;2014;2020;3
2025;86288;2014;2020;3
2025;8698;2014;2020;3
2025;100956;2014;2019;3
2025;1193264;2014;2020;3
2025;1191415;2014;2020;3
2025;13601;2014;2020;3
2025;98406;2014;2020;3
2025;91399;2014;2020;3
2025;15783;2014;2020;3
2025;1136509;2014;2020;3
2025;1399480;2014;2020;3
2025;5001450;2014;2020;3
2025;65114;2014;2022;3
2025;1180318;2014;2020;3
2025;1107;2014;2020;3
2025;389;2014;2019;1
2025;54494;2014;2019;3
2025;1136509;2014;2020;3
2025;3677;2014;2020;3
2025;868;2014;2020;3
2025;19434;2014;2019;3
2025;14725;2014;2020;3
2025;8698;2014;2023;3
2025;74655;2014;2020;3
2025;1408505;2014;2020;3
2025;1192237;2014;2020;3
2025;18594;2014;2020;4
2025;1485621;2014;2023;3
2025;74655;2014;2020;3
2025;1179501;2014;2020;3
2025;5000930;2014;2020;3
2025;1202588;2014;2019;3
2025;72767;2014;2021;3
2025;90483;2014;2014;3
2025;1200712;2014;2020;3
2025;37304;2014;2020;4
2025;74594;2014;2020;3
2025;1342536;2014;2020;3
2025;54494;2014;2020;3
2025;1188127;2014;2021;3
2025;108884;2014;2022;3
2025;21542;2014;2019;3
2025;5001341;2014;2020;3
2025;1399480;2014;2020;3
2025;8698;2014;2020;3
2025;72767;2014;2019;3
2025;1879;2014;2020;3
2025;1408262;2014;2020;3
2025;100688;2014;2020;3
2025;15783;2014;2019;3
2025;10289;2014;2020;3
2025;5000980;2014;2020;3
2025;90059;2014;2019;3
2025;72767;2014;2019;3
2025;4503;2014;2017;3
2025;1397771;2014;2020;3
2025;1399484;2014;2020;3
2025;1179501;2014;2020;3
2025;1399614;2014;2021;4
2025;74594;2014;2020;3
2025;86356;2014;2019;3
2025;18605;2014;2020;3
2025;140;2014;2020;3
2025;6496;2014;2020;3
2025;13723;2014;2020;3
2025;100958;2014;2020;3
2025;1408259;2014;2022;3
2025;1108281;2014;2020;3
2025;140;2014;2021;3
2025;11114;2014;2020;3
2025;1408507;2014;2022;3
2025;4720;2014;2020;3
2025;60660;2014;2019;3
2025;1292917;2014;2020;3
2025;65924;2014;2020;3
2025;98406;2014;2018;3
2025;1026;2014;2020;1
2025;1390317;2014;2020;3
2025;13866;2014;2020;3
2025;1363536;2014;2020;3
2025;1408505;2014;2020;3
2025;1399614;2014;2021;4
2025;5909;2014;2020;3
2025;1185076;2014;2019;3
2025;85652;2014;2020;3
2025;1292725;2014;2019;3
2025;38071;2014;2020;3
2025;19086;2014;2019;3
2025;1518;2014;2019;3
2025;1399618;2014;2020;4
2025;59414;2014;2019;3
2025;13424;2014;2019;3
2025;758;2014;2020;3
2025;1421013;2014;2020;3
2025;7837;2014;2019;3
2025;16236;2014;2020;3
2025;60660;2014;2020;3
2025;1108786;2014;2020;3
2025;14359;2014;2020;3
2025;85586;2014;2016;3
2025;1185076;2014;2015;3
2025;1272168;2014;2020;3
2025;1438629;2014;2021;3
2025;5000980;2014;2020;3
2025;53338;2014;2020;3
2025;5000979;2014;2020;3
2025;4503;2014;2018;3
2025;14359;2014;2020;3
2025;1879;2014;2020;3
2025;1136509;2014;2020;3
2025;1278877;2014;2020;3
2025;14234;2014;2020;3
2025;2348;2014;2020;3
2025;5001183;2014;2020;4
2025;2348;2014;2020;3
2025;12015;2014;2020;3
2025;1258023;2014;2020;3
2025;1179501;2014;2020;3
2025;87537;2014;2020;3
2025;1178672;2014;2020;3
2025;1184325;2014;2020;3
2025;72767;2014;2019;3
2025;1193275;2014;2020;3
2025;1342449;2014;2019;3
2025;84352;2014;2019;3
2025;20249;2014;2020;3
2025;1292725;2014;2020;3
2025;57852;2014;2020;3
2025;1399618;2014;2020;4
2025;1385538;2014;2019;3
2025;82224;2014;2020;3
2025;1200712;2014;2017;3
2025;1108281;2014;2020;3
2025;90059;2014;2020;3
2025;108884;2014;2015;3
2025;1136509;2014;2020;3
2025;16904;2014;2020;3
2025;108882;2014;2020;3
2025;1029204;2014;2020;3
2025;82224;2014;2020;3
2025;11114;2014;2020;3
2025;5001450;2014;2020;3
2025;14975;2014;2019;3
2025;74655;2014;2020;3
2025;98506;2014;2020;3
2025;5345;2014;2020;3
2025;5001183;2014;2020;4
2025;5001183;2014;2021;4
2025;90483;2014;2014;3
2025;9805;2014;2019;3
2025;13200;2014;2020;3
2025;65114;2014;2023;3
2025;1214209;2014;2021;3
2025;14234;2014;2020;3
2025;1107;2014;2020;3
2025;103596;2014;2020;3
2025;1408505;2014;2020;3
2025;758;2014;2020;3
2025;1427419;2014;2020;3
2025;1193275;2014;2020;3
2025;100956;2014;2020;3
2025;60660;2014;2020;3
2025;1457707;2014;2020;4
2025;5001294;2014;2021;3
2025;1397772;2014;2020;3
2025;1184432;2014;2019;3
2025;1438629;2014;2020;3
2025;85652;2014;2020;3
2025;7837;2014;2019;3
2025;13103;2014;2020;3
2025;98506;2014;2015;3
2025;5909;2014;2020;3
2025;1453564;2014;2020;3
2025;1399477;2014;2022;3
2025;1399486;2014;2020;3
2025;1342537;2014;2020;3
2025;1101742;2014;2019;3
2025;13601;2014;2020;3
2025;15475;2014;2020;1
2025;1879;2014;2020;3
2025;1166567;2014;2021;3
2025;14093;2014;2020;3
2025;1439;2014;2020;3
2025;1438629;2014;2020;3
2025;87537;2014;2020;3
2025;1427420;2014;2018;3
2025;10224;2014;2020;3
2025;64918;2014;2020;3
2025;140;2014;2020;3
2025;2392;2014;2020;3
2025;18472;2014;2020;3
2025;12;2014;2019;3
2025;1188900;2014;2020;3
2025;1202573;2014;2020;3
2025;1187646;2014;2019;3
2025;1408507;2014;2020;3
2025;1292713;2014;2020;3
2025;98506;2014;2020;3
2025;7676;2014;2020;3
2025;1487290;2014;2020;3
2025;65114;2014;2021;3
2025;108014;2014;2020;3
2025;1408259;2014;2023;3
2025;3148;2014;2020;3
2025;1059179;2014;2022;3
2025;1385538;2014;2020;3
2025;3677;2014;2020;3
2025;12569;2014;2020;3
2025;12692;2014;2020;3
2025;16236;2014;2020;3
2025;6496;2014;2020;3
2025;65114;2014;2022;3
2025;86288;2014;2020;3
2025;11446;2014;2020;3
2025;14975;2014;2019;3
2025;1385538;2014;2020;3
2025;1399484;2014;2020;3
2025;1408259;2014;2020;3
2025;6711;2014;2020;3
2025;13601;2014;2018;3
2025;1264844;2014;2020;3
2025;1399618;2014;2022;4
2025;1192047;2014;2023;3
2025;14563;2014;2020;3
2025;1200712;2014;2020;3
2025;65114;2014;2022;3
2025;1399479;2014;2020;3
2025;84352;2014;2018;3
2025;1292726;2014;2020;3
2025;1390317;2014;2020;3
2025;1725;2014;2020;3
2025;91219;2014;2020;3
2025;1101742;2014;2020;3
2025;51699;2014;2019;3
2025;82224;2014;2020;3
2025;1258023;2014;2020;3
2025;303;2014;2019;1
2025;1189778;2014;2020;3
2025;7676;2014;2018;3
2025;1163738;2014;2020;3
2025;19294;2014;2021;3
2025;1257562;2014;2020;3
2025;5001033;2014;2020;3
2025;5001314;2014;2020;3
2025;6711;2014;2020;3
2025;1258021;2014;2020;3
2025;38071;2014;2020;3
2025;97679;2014;2020;3
2025;1180318;2014;2021;3
2025;9326;2014;2020;1
2025;86288;2014;2020;3
2025;59414;2014;2018;3
2025;54494;2014;2019;3
2025;1399479;2014;2020;3
2025;5001450;2014;2020;3
2025;1163738;2014;2020;3
2025;100956;2015;2020;3
2025;14975;2015;2022;3
2025;1408509;2015;2020;3
2025;12569;2015;2019;3
2025;87941;2015;2019;3
2025;37304;2015;2020;4
2025;13200;2015;2020;3
2025;1399480;2015;2020;3
2025;1399481;2015;2020;3
2025;1192237;2015;2020;3
2025;7414;2015;2020;3
2025;1108786;2015;2019;3
2025;1292869;2015;2019;3
2025;5000930;2015;2023;1
2025;14563;2015;2020;3
2025;15475;2015;2020;1
2025;51699;2015;2020;3
2025;1445016;2015;2020;3
2025;4082;2015;2020;3
2025;12569;2015;2019;3
2025;14975;2015;2019;3
2025;1397772;2015;2020;3
2025;9996;2015;2020;3
2025;20249;2015;2020;3
2025;1399615;2015;2020;3
2025;1408505;2015;2020;3
2025;1178672;2015;2020;3
2025;65114;2015;2022;3
2025;1292869;2015;2019;3
2025;37304;2015;2020;4
2025;5001294;2015;2020;3
2025;1292917;2015;2020;3
2025;113504;2015;2020;3
2025;18594;2015;2020;4
2025;12569;2015;2019;3
2025;13866;2015;2019;3
2025;11316;2015;2020;3
2025;1108786;2015;2020;3
2025;13866;2015;2019;3
2025;5001300;2015;2020;3
2025;15783;2015;2020;3
2025;1421013;2015;2019;3
2025;1408505;2015;2020;3
2025;1202539;2015;2019;3
2025;72675;2015;2020;3
2025;1292917;2015;2020;3
2025;72681;2015;2020;3
2025;1029204;2015;2020;3
2025;64706;2015;2020;3
2025;15839;2015;2020;3
2025;1397771;2015;2020;3
2025;1188900;2015;2020;3
2025;14234;2015;2020;3
2025;20360;2015;2020;3
2025;84408;2015;2020;3
2025;1445016;2015;2021;3
2025;1408259;2015;2021;3
2025;1399484;2015;2020;3
2025;1261971;2015;2020;3
2025;1879;2015;2020;3
2025;87537;2015;2020;3
2025;1185076;2015;2019;3
2025;1179501;2015;2020;3
2025;1327450;2015;2020;3
2025;57402;2015;2020;3
2025;5000981;2015;2020;3
2025;85586;2015;2019;3
2025;1109361;2015;2020;3
2025;64918;2015;2020;3
2025;1419799;2015;2020;3
2025;1202539;2015;2020;3
2025;11446;2015;2020;3
2025;1193275;2015;2020;3
2025;11316;2015;2020;3
2025;1191415;2015;2020;3
2025;1427419;2015;2020;3
2025;1261971;2015;2020;3
2025;1390317;2015;2020;3
2025;66248;2015;2019;3
2025;5000981;2015;2020;3
2025;86356;2015;2020;3
2025;5001466;2015;2019;3
2025;21542;2015;2019;3
2025;9326;2015;2020;1
2025;91219;2015;2020;3
2025;1184060;2015;2019;3
2025;37304;2015;2020;4
2025;1485621;2015;2023;3
2025;65114;2015;2021;3
2025;10591;2015;2022;3
2025;1202553;2015;2019;3
2025;1146605;2015;2019;3
2025;72767;2015;2020;3
2025;66361;2015;2020;3
2025;1200578;2015;2020;3
2025;101228;2015;2020;3
2025;303;2015;2019;3
2025;1399614;2015;2021;4
2025;1108281;2015;2020;3
2025;74594;2015;2020;3
2025;5909;2015;2020;3
2025;5000930;2015;2020;3
2025;1178524;2015;2020;3
2025;13286;2015;2019;3
2025;59414;2015;2020;3
2025;1408259;2015;2021;3
2025;66361;2015;2020;3
2025;12;2015;2019;3
2025;97679;2015;2020;3
2025;9996;2015;2020;3
2025;14615;2015;2019;3
2025;1399486;2015;2020;3
2025;10224;2015;2020;3
2025;5001294;2015;2021;3
2025;15343;2015;2020;3
2025;1385538;2015;2020;3
2025;10222;2015;2020;3
2025;5000930;2015;2020;3
2025;1317634;2015;2020;3
2025;97679;2015;2020;3
2025;79007;2015;2020;3
2025;49060;2015;2019;3
2025;103596;2015;2020;3
2025;1292713;2015;2019;3
2025;1439;2015;2019;3
2025;14359;2015;2020;3
2025;303;2015;2019;1
2025;1029204;2015;2022;3
2025;5000930;2015;2020;1
2025;72767;2015;2020;3
2025;1202553;2015;2019;3
2025;8698;2015;2021;3
2025;1102360;2015;2020;3
2025;113504;2015;2020;3
2025;11446;2015;2020;3
2025;1408259;2015;2020;3
2025;1397773;2015;2020;3
2025;1399287;2015;2019;3
2025;13866;2015;2019;3
2025;19294;2015;2022;3
2025;65114;2015;2021;3
2025;1390317;2015;2022;3
2025;1292713;2015;2019;3
2025;1349675;2015;2020;3
2025;108882;2015;2020;3
2025;150039;2015;2018;3
2025;5000930;2015;2020;3
2025;86356;2015;2019;3
2025;14359;2015;2020;3
2025;1108153;2015;2020;1
2025;1185076;2015;2019;3
2025;13453;2015;2020;3
2025;12;2015;2019;3
2025;1385538;2015;2017;3
2025;1026;2015;2020;3
2025;1439;2015;2020;3
2025;1406536;2015;2019;3
2025;13424;2015;2019;3
2025;16236;2015;2020;3
2025;90091;2015;2020;3
2025;1399480;2015;2019;3
2025;1202553;2015;2019;3
2025;59174;2015;2020;3
2025;1399617;2015;2020;3
2025;13286;2015;2018;3
2025;1184325;2015;2020;3
2025;1390311;2015;2020;3
2025;80037;2015;2019;3
2025;59414;2015;2020;3
2025;1187646;2015;2019;3
2025;1397773;2015;2020;3
2025;14359;2015;2020;3
2025;90084;2015;2020;3
2025;4503;2015;2020;3
2025;113504;2015;2019;3
2025;16236;2015;2020;3
2025;1292917;2015;2020;3
2025;100956;2015;2020;3
2025;14093;2015;2020;3
2025;1327450;2015;2020;3
2025;49910;2015;2019;3
2025;86288;2015;2020;3
2025;1190667;2015;2020;3
2025;12970;2015;2020;1
2025;1322329;2015;2022;3
2025;2695;2015;2020;3
2025;5000001;2015;2020;3
2025;1178672;2015;2020;3
2025;1258023;2015;2020;3
2025;1258023;2015;2021;3
2025;59174;2015;2020;3
2025;1439;2015;2019;3
2025;21542;2015;2019;3
2025;1185903;2015;2021;3
2025;65924;2015;2020;3
2025;11114;2015;2020;3
2025;37304;2015;2020;4
2025;1629;2015;2020;3
2025;12970;2015;2020;1
2025;86288;2015;2020;3
2025;1342610;2015;2020;3
2025;1189778;2015;2020;3
2025;66248;2015;2020;3
2025;66248;2015;2019;3
2025;5001294;2015;2020;3
2025;1108786;2015;2020;3
2025;85586;2015;2019;3
2025;1178524;2015;2020;3
2025;10591;2015;2020;3
2025;1483773;2015;2020;3
2025;1399480;2015;2020;3
2025;6711;2015;2019;3
2025;1184060;2015;2020;3
2025;1397773;2015;2020;3
2025;1202546;2015;2020;3
2025;1202553;2015;2019;3
2025;100688;2015;2020;3
2025;98406;2015;2020;3
2025;12970;2015;2020;1
2025;13286;2015;2019;3
2025;38071;2015;2020;3
2025;1439;2015;2020;3
2025;90847;2015;2016;3
2025;1168313;2015;2021;3
2025;90847;2015;2016;3
2025;1202539;2015;2019;3
2025;4720;2015;2020;3
2025;1445016;2015;2020;3
2025;1029763;2015;2019;3
2025;1399482;2015;2022;3
2025;1184060;2015;2020;3
2025;1192237;2015;2020;3
2025;90059;2015;2020;3
2025;1180318;2015;2020;3
2025;758;2015;2020;3
2025;5000930;2015;2020;1
2025;14615;2015;2019;3
2025;9805;2015;2020;3
2025;1399478;2015;2019;3
2025;93001;2015;2020;3
2025;64918;2015;2020;3
2025;18594;2015;2020;4
2025;1135207;2015;2020;3
2025;1184432;2015;2016;3
2025;9805;2015;2020;3
2025;1193759;2015;2020;3
2025;66361;2015;2020;3
2025;85652;2015;2020;3
2025;18594;2015;2020;4
2025;1191415;2015;2020;3
2025;11233;2015;2020;3
2025;101228;2015;2020;3
2025;1200712;2015;2021;3
2025;5000812;2015;2020;3
2025;1399480;2015;2020;3
2025;1322329;2015;2019;3
2025;2695;2015;2020;3
2025;1483768;2015;2021;3
2025;1107;2015;2020;3
2025;65114;2015;2021;3
2025;1363536;2015;2020;3
2025;1202539;2015;2018;3
2025;14563;2015;2020;3
2025;1321864;2015;2020;3
2025;65114;2015;2021;3
2025;5001294;2015;2019;3
2025;101228;2015;2020;3
2025;15839;2015;2020;3
2025;1321864;2015;2020;3
2025;1192237;2015;2020;3
2025;65114;2015;2023;3
2025;1385538;2015;2020;3
2025;12015;2015;2020;3
2025;1264844;2015;2020;3
2025;15839;2015;2020;3
2025;5001314;2015;2019;3
2025;13723;2015;2020;3
2025;107666;2015;2020;3
2025;1385538;2015;2020;3
2025;1390311;2015;2020;3
2025;1192237;2015;2020;3
2025;5000812;2015;2020;3
2025;868;2015;2020;3
2025;5345;2015;2020;3
2025;71689;2015;2020;3
2025;14563;2015;2020;3
2025;72681;2015;2020;3
2025;38071;2015;2020;3
2025;4503;2015;2020;3
2025;79007;2015;2020;3
2025;1166567;2015;2023;3
2025;12569;2015;2020;3
2025;1399614;2015;2020;4
2025;84408;2015;2019;3
2025;1163738;2015;2020;3
2025;1184432;2015;2020;3
2025;100688;2015;2020;3
2025;7676;2015;2020;3
2025;72767;2015;2021;3
2025;69624;2015;2020;3
2025;1190280;2015;2019;3
2025;101228;2015;2020;3
2025;16236;2015;2020;3
2025;5000930;2015;2020;3
2025;108882;2015;2020;3
2025;98506;2015;2020;3
2025;1439;2015;2020;3
2025;48854;2015;2020;3
2025;1399477;2015;2020;3
2025;14615;2015;2020;3
2025;5001466;2015;2019;3
2025;1179189;2015;2020;3
2025;1399478;2015;2020;3
2025;5000979;2015;2020;3
2025;1193759;2015;2021;3
2025;1327450;2015;2020;3
2025;90483;2015;2015;3
2025;16904;2015;2020;3
2025;7705;2015;2020;3
2025;1166567;2015;2020;3
2025;1200578;2015;2019;3
2025;14615;2015;2022;3
2025;11316;2015;2021;3
2025;20249;2015;2020;3
2025;1183313;2015;2020;3
2025;1166567;2015;2020;3
2025;1487491;2015;2022;3
2025;38071;2015;2019;3
2025;5001466;2015;2020;3
2025;86288;2015;2019;3
2025;100688;2015;2020;3
2025;1399481;2015;2020;3
2025;1200712;2015;2020;3
2025;1399487;2015;2020;3
2025;1321864;2015;2020;3
2025;1190280;2015;2019;3
2025;1202539;2015;2019;3
2025;1399616;2015;2017;3
2025;6496;2015;2020;3
2025;1399616;2015;2017;3
2025;82224;2015;2022;3
2025;1438629;2015;2020;3
2025;1390317;2015;2020;3
2025;1173014;2015;2020;3
2025;2348;2015;2020;3
2025;1189778;2015;2020;3
2025;1109361;2015;2020;3
2025;1029204;2015;2020;3
2025;1178672;2015;2020;3
2025;75821;2015;2020;3
2025;1136509;2015;2020;3
2025;6496;2015;2020;3
2025;1408259;2015;2021;3
2025;1179189;2015;2019;3
2025;1179189;2015;2020;3
2025;1136509;2015;2020;3
2025;99476;2015;2021;3
2025;1191415;2015;2020;3
2025;2695;2015;2020;3
2025;10222;2015;2020;3
2025;1399619;2015;2020;3
2025;1261972;2015;2020;3
2025;5000981;2015;2020;3
2025;69624;2015;2020;3
2025;1189778;2015;2020;3
2025;20360;2015;2020;3
2025;21542;2015;2020;3
2025;1257548;2015;2020;3
2025;1427419;2015;2020;3
2025;14359;2015;2020;3
2025;2695;2015;2020;3
2025;14975;2015;2022;3
2025;10289;2015;2020;3
2025;85652;2015;2020;3
2025;1185025;2015;2020;3
2025;9326;2015;2020;1
2025;1321864;2015;2020;3
2025;90483;2015;2015;3
2025;1421100;2015;2019;3
2025;20360;2015;2020;3
2025;69624;2015;2020;3
2025;1317634;2015;2020;3
2025;3677;2015;2020;3
2025;11316;2015;2020;3
2025;7676;2015;2020;3
2025;37304;2015;2020;4
2025;5206;2015;2020;3
2025;90483;2015;2015;3
2025;1292726;2015;2020;3
2025;9772;2015;2020;3
2025;9772;2015;2020;3
2025;3418;2015;2020;3
2025;49060;2015;2020;3
2025;11114;2015;2020;3
2025;9988;2015;2020;1
2025;5206;2015;2020;3
2025;7414;2015;2021;3
2025;38071;2015;2020;3
2025;1342449;2015;2019;3
2025;7414;2015;2020;3
2025;66361;2015;2018;3
2025;14359;2015;2020;3
2025;1399619;2015;2020;3
2025;13286;2015;2019;3
2025;74655;2015;2020;3
2025;1267038;2015;2019;3
2025;14615;2015;2020;3
2025;11114;2015;2020;3
2025;14563;2015;2020;3
2025;82224;2015;2020;3
2025;1257777;2015;2020;3
2025;72669;2015;2020;3
2025;91219;2015;2021;3
2025;5000812;2015;2020;3
2025;2304;2015;2020;3
2025;1202553;2015;2019;3
2025;5000980;2015;2020;3
2025;86288;2015;2020;3
2025;100958;2015;2019;3
2025;59174;2015;2020;3
2025;1173014;2015;2020;3
2025;1421100;2015;2021;3
2025;49060;2015;2020;3
2025;1399618;2015;2020;4
2025;86288;2015;2021;3
2025;1313341;2015;2020;3
2025;9996;2015;2020;3
2025;14234;2015;2020;3
2025;9805;2015;2020;3
2025;90483;2015;2015;3
2025;1408507;2015;2020;3
2025;1258023;2015;2021;3
2025;6496;2015;2020;3
2025;1258021;2015;2020;3
2025;1399479;2015;2020;3
2025;59174;2015;2020;3
2025;58412;2015;2019;3
2025;13723;2015;2020;3
2025;37304;2015;2019;4
2025;1257562;2015;2020;3
2025;97679;2015;2020;3
2025;5001183;2015;2022;4
2025;1104264;2015;2020;3
2025;72417;2015;2020;3
2025;7676;2015;2020;3
2025;14975;2015;2019;3
2025;90084;2015;2022;3
2025;97679;2015;2020;3
2025;91399;2015;2020;3
2025;16904;2015;2020;3
2025;11316;2015;2020;3
2025;18594;2015;2019;4
2025;1399486;2015;2020;3
2025;1191415;2015;2020;3
2025;1419799;2015;2020;3
2025;66361;2015;2022;3
2025;11316;2015;2020;3
2025;71859;2015;2020;3
2025;1427420;2015;2020;3
2025;59174;2015;2019;3
2025;108014;2015;2021;3
2025;1184325;2015;2020;3
2025;18447;2015;2020;3
2025;1192047;2015;2019;3
2025;1385538;2015;2019;3
2025;1427419;2015;2021;3
2025;5001183;2015;2022;4
2025;1399477;2015;2021;3
2025;1179189;2015;2020;3
2025;5001183;2015;2022;3
2025;5000812;2015;2020;3
2025;758;2015;2020;3
2025;7676;2015;2020;3
2025;5000930;2015;2020;3
2025;1399478;2015;2020;3
2025;12970;2015;2020;1
2025;72663;2015;2020;3
2025;1178672;2015;2020;3
2025;1399478;2015;2020;3
2025;86288;2015;2020;3
2025;5000980;2015;2020;3
2025;5000001;2015;2020;3
2025;1178672;2015;2020;3
2025;1385538;2015;2020;3
2025;5001033;2015;2020;3
2025;8698;2015;2020;3
2025;7414;2015;2020;3
2025;1173014;2015;2019;3
2025;1278877;2015;2020;3
2025;5000812;2015;2021;3
2025;3418;2015;2020;3
2025;1178672;2015;2020;3
2025;49910;2015;2019;3
2025;1458090;2015;2020;3
2025;79007;2015;2020;3
2025;2304;2015;2020;3
2025;1202553;2015;2019;3
2025;57852;2015;2020;3
2025;1399618;2015;2020;4
2025;48854;2015;2020;3
2025;1390309;2015;2019;3
2025;4503;2015;2020;3
2025;1342449;2015;2020;3
2025;1439;2015;2020;3
2025;2304;2015;2020;3
2025;1188127;2015;2021;3
2025;1214209;2015;2020;3
2025;10222;2015;2020;3
2025;2304;2015;2020;3
2025;16236;2015;2020;3
2025;64918;2015;2021;3
2025;8960;2015;2020;3
2025;1108786;2015;2020;3
2025;1408507;2015;2020;3
2025;1455021;2015;2021;3
2025;72663;2015;2019;3
2025;1184432;2015;2020;3
2025;1408505;2015;2020;3
2025;1179189;2015;2020;3
2025;72663;2015;2020;3
2025;14234;2015;2020;3
2025;1202539;2015;2019;3
2025;2304;2015;2020;3
2025;1342449;2015;2020;3
2025;1050663;2015;2020;3
2025;85652;2015;2020;3
2025;14615;2015;2020;3
2025;1200578;2015;2020;3
2025;7414;2015;2020;3
2025;1397771;2015;2020;3
2025;72681;2015;2020;3
2025;5001294;2015;2019;3
2025;12970;2015;2020;1
2025;14234;2015;2019;3
2025;484;2015;2019;3
2025;1439;2015;2020;3
2025;8960;2015;2020;3
2025;1292713;2015;2019;3
2025;100958;2015;2020;3
2025;14359;2015;2020;3
2025;59174;2015;2020;3
2025;5920;2015;2020;3
2025;1725;2015;2020;3
2025;1445016;2015;2020;3
2025;1477973;2015;2020;3
2025;5000931;2015;2020;3
2025;1163738;2015;2020;3
2025;1390309;2015;2020;3
2025;1136509;2015;2019;3
2025;5000001;2015;2018;3
2025;1183958;2015;2019;3
2025;108882;2015;2020;3
2025;1180318;2015;2020;3
2025;12569;2015;2020;3
2025;1483773;2015;2020;3
2025;1397771;2015;2020;3
2025;72669;2015;2020;3
2025;1439;2015;2019;3
2025;8960;2015;2020;3
2025;1104264;2015;2020;3
2025;389;2015;2019;1
2025;84352;2015;2019;3
2025;1399482;2015;2022;3
2025;1101742;2015;2019;3
2025;7676;2015;2020;3
2025;2304;2015;2020;3
2025;1399618;2015;2020;4
2025;12;2015;2019;3
2025;39415;2015;2020;3
2025;5001294;2015;2021;3
2025;1408507;2015;2020;3
2025;84352;2015;2020;3
2025;15343;2015;2020;3
2025;93001;2015;2020;3
2025;1257562;2015;2020;3
2025;69464;2015;2020;3
2025;1257777;2015;2020;3
2025;1399618;2015;2022;4
2025;3148;2015;2020;3
2025;64918;2015;2020;3
2025;101228;2015;2020;3
2025;7705;2015;2020;3
2025;1399479;2015;2020;3
2025;86356;2015;2019;3
2025;5000812;2015;2020;3
2025;86288;2015;2020;3
2025;97679;2015;2020;3
2025;4503;2015;2020;3
2025;1292726;2015;2019;3
2025;49910;2015;2019;3
2025;1183958;2015;2019;3
2025;75821;2015;2021;3
2025;7414;2015;2020;3
2025;10289;2015;2020;3
2025;82224;2015;2020;3
2025;38071;2015;2020;3
2025;1408508;2015;2020;4
2025;8698;2015;2020;3
2025;1399478;2015;2020;3
2025;150039;2015;2019;3
2025;13866;2015;2019;3
2025;71689;2015;2020;3
2025;120983;2015;2020;3
2025;1390311;2015;2020;3
2025;1363536;2015;2020;3
2025;49060;2015;2020;3
2025;1292917;2015;2020;3
2025;5001294;2015;2020;3
2025;12813;2015;2019;3
2025;5000930;2015;2020;3
2025;51699;2015;2020;3
2025;1185903;2015;2020;3
2025;90483;2015;2015;3
2025;1202573;2015;2020;3
2025;19434;2015;2020;3
2025;100956;2015;2020;3
2025;69464;2015;2020;3
2025;57852;2015;2020;3
2025;1342449;2015;2019;3
2025;868;2015;2020;3
2025;12692;2015;2020;3
2025;49910;2015;2017;3
2025;1408504;2015;2019;3
2025;49060;2015;2020;3
2025;84352;2015;2020;3
2025;5920;2015;2020;3
2025;14975;2015;2020;3
2025;5001314;2015;2020;3
2025;13723;2015;2020;3
2025;7705;2015;2020;3
2025;9996;2015;2020;3
2025;5206;2015;2021;3
2025;1518495;2015;2020;3
2025;9988;2015;2020;1
2025;1408262;2015;2022;3
2025;87941;2015;2020;3
2025;1399619;2015;2020;3
2025;18594;2015;2020;4
2025;14563;2015;2020;3
2025;90847;2015;2016;3
2025;74655;2015;2020;3
2025;1455021;2015;2020;3
2025;1399484;2015;2020;3
2025;1202539;2015;2020;3
2025;19294;2015;2020;3
2025;14615;2015;2019;3
2025;1342610;2015;2019;3
2025;85652;2015;2020;3
2025;1257777;2015;2020;3
2025;1180318;2015;2020;3
2025;1188127;2015;2020;3
2025;85652;2015;2020;3
2025;72767;2015;2020;3
2025;57402;2015;2021;3
2025;97679;2015;2020;3
2025;65114;2015;2021;3
2025;7676;2015;2020;3
2025;107766;2015;2020;3
2025;1399479;2015;2020;3
2025;1292869;2015;2020;3
2025;1178672;2015;2020;3
2025;91399;2015;2020;3
2025;1168313;2015;2020;3
2025;1408504;2015;2019;3
2025;120983;2015;2020;3
2025;6496;2015;2020;3
2025;100958;2015;2020;3
2025;1107;2015;2020;3
2025;2304;2015;2019;3
2025;1408262;2015;2020;3
2025;18447;2015;2019;3
2025;1408259;2015;2022;3
2025;1399618;2015;2020;4
2025;66361;2015;2020;3
2025;57402;2015;2020;3
2025;1399477;2015;2020;3
2025;1399481;2015;2020;3
2025;99476;2015;2021;3
2025;1419799;2015;2019;3
2025;5000979;2015;2020;3
2025;18472;2015;2020;3
2025;91219;2015;2020;3
2025;64918;2015;2020;3
2025;14975;2015;2019;3
2025;1408508;2015;2021;4
2025;20249;2015;2020;3
2025;51835;2015;2020;3
2025;72767;2015;2020;3
2025;5000930;2015;2023;1
2025;1483759;2015;2020;3
2025;5000978;2015;2020;3
2025;19206;2015;2020;4
2025;1399616;2015;2019;3
2025;12569;2015;2019;3
2025;1342537;2015;2020;3
2025;54494;2015;2020;3
2025;12;2015;2019;3
2025;12569;2015;2019;3
2025;1136509;2015;2020;3
2025;15343;2015;2020;3
2025;1107;2015;2020;3
2025;9996;2015;2020;3
2025;1879;2015;2020;3
2025;90483;2015;2015;3
2025;5000930;2015;2020;3
2025;1029763;2015;2020;3
2025;5000841;2015;2020;3
2025;14975;2015;2016;3
2025;86356;2015;2020;3
2025;1399614;2015;2020;4
2025;9988;2015;2020;1
2025;37304;2015;2020;4
2025;65114;2015;2021;3
2025;1439;2015;2020;3
2025;10222;2015;2020;3
2025;5000001;2015;2022;3
2025;59414;2015;2020;3
2025;1408507;2015;2020;3
2025;1192237;2015;2020;3
2025;90483;2015;2015;3
2025;98406;2015;2020;3
2025;66361;2015;2020;3
2025;71859;2015;2018;3
2025;1390317;2015;2024;3
2025;12569;2015;2019;3
2025;1725;2015;2020;3
2025;69464;2015;2020;3
2025;97679;2015;2020;3
2025;1399479;2015;2020;3
2025;1408507;2015;2020;3
2025;1029204;2015;2020;3
2025;1448710;2015;2020;3
2025;1276878;2015;2019;3
2025;1438629;2015;2020;3
2025;758;2015;2020;3
2025;65114;2015;2020;3
2025;8437;2015;2016;3
2025;1408505;2015;2020;3
2025;1179501;2015;2020;3
2025;1486822;2015;2020;3
2025;1427370;2015;2020;3
2025;1185076;2015;2019;3
2025;90059;2015;2020;3
2025;1399618;2015;2022;4
2025;1135207;2015;2020;3
2025;5001294;2015;2020;3
2025;87537;2015;2020;3
2025;1295813;2015;2020;3
2025;1317634;2015;2020;3
2025;99476;2015;2020;3
2025;11316;2015;2021;3
2025;1399483;2015;2020;3
2025;12692;2015;2019;3
2025;86356;2015;2020;3
2025;1193275;2015;2020;3
2025;5920;2015;2020;3
2025;1408261;2015;2021;3
2025;13453;2015;2020;3
2025;1171609;2015;2020;3
2025;3148;2015;2020;3
2025;1399479;2015;2020;3
2025;1102360;2015;2020;3
2025;1200578;2015;2020;3
2025;75821;2015;2020;3
2025;100956;2015;2020;3
2025;38071;2015;2020;3
2025;13424;2015;2019;3
2025;80037;2015;2019;3
2025;1108786;2015;2020;3
2025;11114;2015;2020;3
2025;1278877;2015;2020;3
2025;90483;2015;2015;3
2025;97679;2015;2020;3
2025;1295813;2015;2020;3
2025;90483;2015;2015;3
2025;1189778;2015;2020;3
2025;13453;2015;2020;3
2025;6496;2015;2020;3
2025;59174;2015;2019;3
2025;6496;2015;2020;3
2025;84352;2015;2020;3
2025;1390317;2015;2024;3
2025;1408509;2015;2021;3
2025;14975;2015;2019;3
2025;1477973;2015;2020;3
2025;85652;2015;2020;3
2025;5345;2015;2020;3
2025;1188127;2015;2019;3
2025;1257562;2015;2020;3
2025;1166567;2015;2020;3
2025;2348;2015;2020;3
2025;5000930;2015;2020;3
2025;14975;2015;2020;3
2025;1342610;2015;2019;3
2025;4720;2015;2020;3
2025;1408259;2015;2020;3
2025;79007;2015;2020;3
2025;1187646;2015;2019;3
2025;10591;2015;2020;3
2025;1257562;2015;2021;3
2025;8960;2015;2020;3
2025;1399481;2015;2020;3
2025;2348;2015;2020;3
2025;758;2015;2020;3
2025;5000931;2015;2019;3
2025;90483;2015;2015;3
2025;1187646;2015;2019;3
2025;1202553;2015;2019;3
2025;9996;2015;2020;3
2025;1192188;2015;2020;3
2025;4503;2015;2019;3
2025;14093;2015;2020;3
2025;1879;2015;2020;3
2025;1408259;2015;2018;3
2025;1202573;2015;2020;3
2025;100956;2015;2020;3
2025;72669;2015;2020;3
2025;1173014;2015;2020;3
2025;1185076;2015;2019;3
2025;90059;2015;2020;3
2025;90059;2015;2020;3
2025;1108786;2015;2020;3
2025;13601;2015;2020;3
2025;1399618;2015;2020;4
2025;5909;2015;2020;3
2025;72663;2015;2020;3
2025;71859;2015;2020;3
2025;14234;2015;2020;3
2025;13200;2015;2020;3
2025;7414;2015;2018;3
2025;57852;2015;2020;3
2025;72417;2015;2020;3
2025;1029763;2015;2020;3
2025;7705;2015;2020;3
2025;1427370;2015;2020;3
2025;97679;2015;2019;3
2025;90847;2015;2016;3
2025;1421013;2015;2020;3
2025;84408;2015;2020;3
2025;868;2015;2022;3
2025;13453;2015;2020;3
2025;58412;2015;2018;3
2025;1399616;2015;2020;3
2025;1178672;2015;2020;3
2025;85652;2015;2020;3
2025;1173014;2015;2020;3
2025;1313341;2015;2021;3
2025;1518;2015;2019;3
2025;1408509;2015;2020;3
2025;100956;2015;2021;3
2025;91219;2015;2020;3
2025;1399617;2015;2020;3
2025;5000980;2015;2020;3
2025;1292725;2015;2020;3
2025;1202547;2015;2016;3
2025;5000980;2015;2020;3
2025;1202573;2015;2019;3
2025;4082;2015;2020;3
2025;98409;2015;2020;3
2025;5000812;2015;2018;3
2025;1399478;2015;2020;3
2025;1258023;2015;2020;3
2025;1178672;2015;2020;3
2025;64918;2015;2020;3
2025;1292869;2015;2022;3
2025;57402;2015;2019;3
2025;1173014;2015;2020;3
2025;14234;2015;2020;3
2025;1108786;2015;2020;3
2025;18594;2015;2021;4
2025;2304;2015;2020;3
2025;84408;2015;2020;3
2025;1188900;2015;2020;3
2025;59414;2015;2020;3
2025;57402;2015;2021;3
2025;1408507;2015;2020;3
2025;5000980;2015;2020;3
2025;7414;2015;2020;3
2025;1342505;2015;2019;3
2025;4503;2015;2020;3
2025;1342505;2015;2019;3
2025;1406536;2015;2019;3
2025;1342449;2015;2022;3
2025;5000981;2015;2020;3
2025;1399615;2015;2020;3
2025;1399615;2015;2020;3
2025;86288;2015;2020;3
2025;6496;2015;2021;3
2025;10222;2015;2020;3
2025;1184325;2015;2020;3
2025;37304;2015;2020;4
2025;1135207;2015;2020;3
2025;1108281;2015;2020;3
2025;5000001;2015;2020;3
2025;72667;2015;2020;3
2025;1385538;2015;2020;3
2025;5001341;2015;2020;3
2025;1397771;2015;2020;3
2025;4720;2015;2020;3
2025;85652;2015;2020;3
2025;1059179;2015;2020;3
2025;1390309;2015;2020;3
2025;19206;2015;2020;4
2025;1317634;2015;2020;3
2025;84408;2015;2020;3
2025;91219;2015;2019;3
2025;12345;2015;2020;3
2025;1292713;2015;2019;3
2025;100956;2015;2021;3
2025;1363536;2015;2020;3
2025;1264844;2015;2020;3
2025;1188900;2015;2020;3
2025;64706;2015;2021;3
2025;1390309;2015;2020;3
2025;13424;2015;2019;3
2025;10591;2015;2020;3
2025;65114;2015;2022;3
2025;1330031;2015;2020;3
2025;86288;2015;2019;3
2025;1183313;2015;2020;3
2025;1191415;2015;2020;3
2025;4082;2015;2020;3
2025;108882;2015;2020;3
2025;15783;2015;2020;3
2025;5000930;2015;2020;3
2025;1419799;2015;2020;3
2025;1059179;2015;2020;3
2025;5000979;2015;2022;3
2025;4503;2015;2020;3
2025;19434;2015;2020;3
2025;3148;2015;2020;3
2025;1439;2015;2019;3
2025;2392;2015;2020;3
2025;1399478;2015;2020;3
2025;1408259;2015;2021;3
2025;5000980;2015;2020;3
2025;1390317;2015;2020;3
2025;9996;2015;2021;3
2025;1101742;2015;2020;3
2025;1202546;2015;2020;3
2025;1483768;2015;2020;3
2025;5001294;2015;2020;3
2025;20249;2015;2020;3
2025;98506;2015;2020;3
2025;37304;2015;2020;4
2025;5000812;2015;2020;3
2025;5001294;2015;2020;3
2025;98409;2015;2020;3
2025;90059;2015;2020;3
2025;57852;2015;2020;3
2025;11114;2015;2020;3
2025;11114;2015;2020;3
2025;1191415;2015;2020;3
2025;107766;2015;2020;3
2025;1188900;2015;2020;3
2025;1108281;2015;2020;3
2025;38071;2015;2020;3
2025;4503;2015;2020;3
2025;1725;2015;2020;3
2025;1427370;2015;2019;3
2025;14359;2015;2020;3
2025;1272168;2015;2020;3
2025;93001;2015;2020;3
2025;98406;2015;2020;3
2025;72681;2015;2020;3
2025;72667;2015;2020;3
2025;1408507;2015;2020;3
2025;1453564;2015;2020;3
2025;8960;2015;2020;3
2025;86356;2015;2020;3
2025;18447;2015;2022;3
2025;1180318;2015;2019;3
2025;93001;2015;2020;3
2025;9326;2015;2020;1
2025;1185076;2015;2019;3
2025;71859;2015;2020;3
2025;14234;2015;2020;3
2025;6711;2015;2019;3
2025;1257562;2015;2020;3
2025;8554;2015;2020;3
2025;72669;2015;2019;3
2025;57852;2015;2020;3
2025;5001300;2015;2019;3
2025;1397772;2015;2020;3
2025;11114;2015;2020;3
2025;1276878;2015;2017;3
2025;13866;2015;2018;3
2025;1136509;2015;2020;3
2025;1397772;2015;2022;3
2025;1188849;2015;2021;3
2025;1185903;2015;2020;3
2025;5001294;2015;2019;3
2025;11316;2015;2020;3
2025;65114;2015;2021;3
2025;1408505;2015;2020;3
2025;98506;2015;2020;3
2025;4503;2015;2020;3
2025;3677;2015;2020;3
2025;1408259;2015;2022;3
2025;12015;2015;2020;3
2025;1185903;2015;2020;3
2025;1385538;2015;2020;3
2025;1408505;2015;2020;3
2025;1408505;2015;2020;3
2025;1050663;2015;2020;3
2025;10289;2015;2020;3
2025;13424;2015;2019;3
2025;14975;2015;2020;3
2025;12569;2015;2020;3
2025;14615;2015;2020;3
2025;97679;2015;2020;3
2025;1184325;2015;2020;3
2025;1059179;2015;2020;3
2025;90847;2015;2016;3
2025;1257777;2015;2020;3
2025;13723;2015;2020;3
2025;15475;2015;2019;1
2025;2695;2015;2020;3
2025;12970;2015;2020;1
2025;1399477;2015;2020;3
2025;65114;2015;2022;3
2025;1190280;2015;2019;3
2025;1272168;2015;2020;3
2025;1187646;2015;2019;3
2025;1406536;2015;2019;3
2025;1202546;2015;2020;3
2025;11114;2015;2020;3
2025;7414;2015;2020;3
2025;1185025;2015;2020;3
2025;1109361;2015;2020;3
2025;1295813;2015;2020;3
2025;2695;2015;2020;3
2025;51835;2015;2020;3
2025;107766;2015;2020;3
2025;13866;2015;2020;3
2025;12;2015;2019;3
2025;1202588;2015;2019;3
2025;7414;2015;2020;3
2025;1342536;2015;2020;3
2025;13601;2015;2020;3
2025;86356;2015;2020;3
2025;1879;2015;2020;3
2025;12692;2015;2020;3
2025;1179501;2015;2020;3
2025;13103;2015;2020;3
2025;11114;2015;2019;3
2025;15343;2015;2020;3
2025;66361;2015;2021;3
2025;1439;2015;2019;3
2025;12692;2015;2020;3
2025;1399481;2015;2020;3
2025;37304;2015;2020;4
2025;1184325;2015;2020;3
2025;1408507;2015;2020;3
2025;1108786;2015;2020;3
2025;1406536;2015;2019;3
2025;39415;2015;2020;3
2025;15343;2015;2020;3
2025;85586;2015;2019;3
2025;5000001;2015;2020;3
2025;1879;2015;2020;3
2025;13723;2015;2020;3
2025;1399618;2015;2020;4
2025;82224;2015;2020;3
2025;103596;2015;2022;3
2025;15475;2015;2020;1
2025;15783;2015;2018;3
2025;1419799;2015;2020;3
2025;8554;2015;2020;3
2025;5000979;2015;2020;3
2025;1278877;2015;2020;3
2025;1101742;2015;2020;3
2025;1101742;2015;2019;3
2025;1399615;2015;2020;3
2025;1483773;2015;2020;3
2025;1399618;2015;2020;4
2025;1408504;2015;2020;3
2025;98409;2015;2020;3
2025;18447;2015;2020;3
2025;72417;2015;2020;3
2025;12692;2015;2020;3
2025;1399482;2015;2022;3
2025;20058;2015;2020;3
2025;1200578;2015;2022;3
2025;108884;2015;2020;3
2025;1445016;2015;2020;3
2025;86356;2015;2020;3
2025;20058;2015;2020;3
2025;51835;2015;2020;3
2025;1385538;2015;2018;3
2025;1184060;2015;2020;3
2025;100958;2015;2020;3
2025;1107;2015;2019;3
2025;14563;2015;2017;3
2025;1190280;2015;2019;3
2025;7837;2015;2017;3
2025;1399488;2015;2020;3
2025;1193264;2015;2020;3
2025;13424;2015;2019;3
2025;66361;2015;2020;3
2025;7676;2015;2020;3
2025;69624;2015;2018;3
2025;18447;2015;2019;3
2025;5000931;2015;2020;3
2025;4503;2015;2020;3
2025;5000931;2015;2020;3
2025;1107;2015;2020;3
2025;1399481;2015;2020;3
2025;18472;2015;2020;3
2025;1193759;2015;2019;3
2025;108884;2015;2020;3
2025;1278877;2015;2020;3
2025;1026;2015;2020;3
2025;1439;2015;2020;3
2025;58412;2015;2020;3
2025;5001300;2015;2019;3
2025;12;2015;2019;3
2025;868;2015;2020;3
2025;1419799;2015;2020;3
2025;1725;2015;2020;3
2025;12692;2015;2020;3
2025;87941;2015;2020;3
2025;1427370;2015;2020;3
2025;1399478;2015;2020;3
2025;1192188;2015;2020;3
2025;1342537;2015;2020;3
2025;1317634;2015;2020;3
2025;15839;2015;2021;3
2025;1879;2015;2020;3
2025;48854;2015;2020;3
2025;4503;2015;2020;3
2025;1202539;2015;2019;3
2025;107666;2015;2020;3
2025;101228;2015;2020;3
2025;4503;2015;2020;3
2025;65114;2015;2023;3
2025;18594;2015;2022;4
2025;1136509;2015;2020;3
2025;1408507;2015;2020;3
2025;868;2015;2020;3
2025;64918;2015;2020;3
2025;1192237;2015;2020;3
2025;1399618;2015;2020;4
2025;1439;2015;2019;3
2025;1108153;2015;2020;1
2025;65114;2015;2020;3
2025;5001294;2015;2021;3
2025;1399489;2015;2020;3
2025;9996;2015;2018;3
2025;1257562;2015;2020;3
2025;1188900;2015;2020;3
2025;113504;2015;2020;3
2025;14359;2015;2020;3
2025;39415;2015;2020;3
2025;108014;2015;2020;3
2025;1188900;2015;2020;3
2025;303;2015;2021;1
2025;86288;2015;2020;3
2025;87537;2015;2020;3
2025;1108786;2015;2019;3
2025;91219;2015;2020;3
2025;1486822;2015;2020;3
2025;15839;2015;2020;3
2025;1421100;2015;2020;3
2025;64918;2015;2020;3
2025;14975;2015;2019;3
2025;1408505;2015;2020;3
2025;1399480;2015;2020;3
2025;1108786;2015;2020;3
2025;5001183;2015;2019;4
2025;66361;2015;2022;3
2025;57852;2015;2020;3
2025;72767;2015;2020;3
2025;1108786;2015;2020;3
2025;1163738;2015;2020;3
2025;12970;2015;2020;1
2025;1725;2015;2024;3
2025;75821;2015;2020;3
2025;1397772;2015;2020;3
2025;1102360;2015;2020;3
2025;1334344;2015;2016;3
2025;3148;2015;2020;3
2025;1192237;2015;2020;3
2025;10591;2015;2020;3
2025;16904;2015;2017;3
2025;303;2015;2019;1
2025;5001033;2015;2020;3
2025;5000979;2015;2020;3
2025;8554;2015;2019;3
2025;108014;2015;2020;3
2025;14615;2015;2020;3
2025;1399482;2015;2022;3
2025;20360;2015;2020;3
2025;64706;2015;2020;3
2025;97679;2015;2020;3
2025;1292917;2015;2020;3
2025;12569;2015;2019;3
2025;58412;2015;2020;3
2025;1390317;2015;2020;3
2025;1322329;2015;2022;3
2025;1168313;2015;2021;3
2025;2695;2015;2020;3
2025;303;2015;2019;1
2025;389;2015;2019;1
2025;6496;2015;2020;3
2025;1390309;2015;2020;3
2025;18594;2015;2021;4
2025;1185903;2015;2021;3
2025;1136509;2015;2019;3
2025;1029763;2015;2020;3
2025;1261972;2015;2019;3
2025;1190667;2015;2020;3
2025;13866;2015;2020;3
2025;1445016;2015;2019;3
2025;49910;2015;2019;3
2025;100956;2015;2020;3
2025;5920;2015;2020;3
2025;1408507;2015;2020;3
2025;1342536;2015;2023;3
2025;108884;2015;2020;3
2025;1178524;2015;2020;3
2025;38071;2015;2020;3
2025;1399478;2015;2020;3
2025;1184325;2015;2020;3
2025;1189778;2015;2020;3
2025;1399618;2015;2020;4
2025;97679;2015;2020;3
2025;1261972;2015;2020;3
2025;12569;2015;2020;3
2025;3677;2015;2020;2
2025;108884;2015;2020;3
2025;1408509;2015;2020;3
2025;14563;2015;2020;3
2025;11233;2015;2020;3
2025;91399;2015;2020;3
2025;72681;2015;2020;3
2025;1214209;2015;2019;3
2025;20249;2015;2020;3
2025;12569;2015;2020;3
2025;82224;2015;2019;3
2025;1178672;2015;2020;3
2025;21542;2015;2019;3
2025;16236;2015;2020;3
2025;1399485;2015;2020;3
2025;39415;2015;2020;3
2025;93001;2015;2018;3
2025;1068548;2015;2019;3
2025;65114;2015;2021;3
2025;1322329;2015;2023;3
2025;1486822;2015;2020;3
2025;1267038;2015;2020;3
2025;1406536;2015;2019;3
2025;9326;2015;2020;1
2025;1276878;2015;2019;3
2025;86288;2015;2020;3
2025;14975;2015;2018;3
2025;1399485;2015;2020;3
2025;1518495;2015;2020;3
2025;86288;2015;2020;3
2025;9996;2015;2020;3
2025;54494;2015;2020;3
2025;5000980;2015;2020;3
2025;90483;2015;2015;3
2025;9772;2015;2021;3
2025;82224;2015;2020;3
2025;65114;2015;2021;3
2025;9996;2015;2019;3
2025;12569;2015;2019;3
2025;20360;2015;2020;3
2025;1457503;2015;2020;3
2025;57402;2015;2020;3
2025;1390311;2015;2020;3
2025;1163738;2015;2020;3
2025;1202553;2015;2019;3
2025;1108786;2015;2020;3
2025;1349675;2015;2020;3
2025;1342505;2015;2019;3
2025;4503;2015;2020;3
2025;19434;2015;2020;3
2025;1101742;2015;2019;3
2025;1487491;2015;2023;3
2025;1399477;2015;2022;3
2025;1399478;2015;2020;3
2025;1292869;2015;2019;3
2025;97679;2015;2019;3
2025;1257524;2015;2020;4
2025;5001033;2015;2020;3
2025;75821;2015;2020;3
2025;65114;2015;2021;3
2025;5001314;2015;2020;3
2025;10591;2015;2020;3
2025;87941;2015;2020;3
2025;1295813;2015;2020;3
2025;101228;2015;2020;3
2025;13723;2015;2020;3
2025;85586;2015;2019;3
2025;5001314;2015;2020;3
2025;2695;2015;2020;3
2025;5001341;2015;2020;3
2025;98406;2015;2020;3
2025;64918;2015;2020;3
2025;4082;2015;2020;3
2025;13286;2015;2019;3
2025;79007;2015;2020;3
2025;1427419;2015;2020;3
2025;1457503;2015;2020;3
2025;1408508;2015;2020;4
2025;21542;2015;2019;3
2025;868;2015;2020;3
2025;72417;2015;2020;3
2025;19434;2015;2020;3
2025;51699;2015;2020;3
2025;108884;2015;2020;3
2025;1487290;2015;2020;3
2025;1163738;2015;2020;3
2025;18594;2015;2019;4
2025;57852;2015;2020;3
2025;66248;2015;2019;3
2025;1029204;2015;2020;3
2025;12569;2015;2019;3
2025;1457503;2015;2020;3
2025;1267038;2015;2020;3
2025;90059;2015;2017;3
2025;868;2015;2020;3
2025;72681;2015;2020;3
2025;93001;2015;2020;3
2025;1200712;2015;2020;3
2025;100688;2015;2020;3
2025;1278877;2015;2024;3
2025;15343;2015;2020;3
2025;1185076;2015;2019;3
2025;10222;2015;2020;3
2025;7705;2015;2020;3
2025;80037;2015;2019;3
2025;86288;2015;2020;3
2025;1261972;2015;2020;3
2025;13286;2015;2019;3
2025;1408507;2015;2020;3
2025;1349675;2015;2020;3
2025;65924;2015;2019;3
2025;85586;2015;2018;3
2025;9988;2015;2020;3
2025;1292713;2015;2019;3
2025;1390309;2015;2020;3
2025;100956;2015;2021;3
2025;72681;2015;2021;3
2025;1408259;2015;2022;3
2025;90059;2015;2020;3
2025;7105;2015;2020;3
2025;14359;2015;2020;3
2025;1029763;2015;2020;3
2025;1185903;2015;2020;3
2025;1171609;2015;2017;3
2025;1108153;2015;2020;1
2025;1445016;2015;2020;3
2025;108882;2015;2020;3
2025;1202573;2015;2019;3
2025;5000930;2015;2020;1
2025;1399486;2015;2020;3
2025;1257777;2015;2021;3
2025;3677;2015;2020;3
2025;7837;2015;2019;3
2025;1188849;2015;2023;3
2025;1399479;2015;2018;3
2025;121850;2015;2016;3
2025;1278877;2015;2020;3
2025;1397771;2015;2020;3
2025;71859;2015;2019;3
2025;5000930;2015;2023;1
2025;1399618;2015;2020;4
2025;91219;2015;2021;3
2025;5000979;2015;2020;3
2025;100956;2015;2022;3
2025;13453;2015;2019;3
2025;1445016;2015;2020;3
2025;5001033;2015;2020;3
2025;100958;2015;2019;3
2025;54494;2015;2020;3
2025;1399614;2015;2019;4
2025;86288;2015;2020;3
2025;12345;2015;2020;3
2025;1184325;2015;2020;3
2025;1184432;2015;2020;3
2025;1399619;2015;2018;3
2025;103596;2015;2020;3
2025;11233;2015;2020;3
2025;54494;2015;2019;3
2025;108882;2015;2020;3
2025;21542;2015;2019;3
2025;4503;2015;2019;3
2025;5000812;2015;2020;3
2025;1408262;2015;2020;3
2025;1399477;2015;2020;3
2025;1202546;2015;2019;3
2025;16904;2015;2020;3
2025;1399486;2015;2020;3
2025;10222;2015;2020;3
2025;1342449;2015;2018;3
2025;108882;2015;2021;3
2025;1518;2015;2019;3
2025;57852;2015;2020;3
2025;8554;2015;2020;3
2025;1330031;2015;2020;3
2025;1187646;2015;2019;3
2025;758;2015;2020;3
2025;14563;2015;2020;3
2025;90059;2015;2020;3
2025;108884;2015;2020;3
2025;1292726;2015;2020;3
2025;65924;2015;2022;3
2025;1342449;2015;2019;3
2025;107666;2015;2020;3
2025;57402;2015;2021;3
2025;14975;2015;2020;3
2025;1292726;2015;2020;3
2025;1135207;2015;2021;3
2025;9326;2015;2020;1
2025;49060;2015;2020;3
2025;1399618;2015;2020;4
2025;1168313;2015;2020;3
2025;3148;2015;2020;3
2025;1399618;2015;2020;4
2025;1107;2015;2019;3
2025;1399477;2015;2019;3
2025;12813;2015;2020;3
2025;100956;2015;2020;3
2025;18594;2015;2020;4
2025;1202588;2015;2018;3
2025;1629;2015;2020;3
2025;4503;2015;2020;3
2025;65114;2015;2022;3
2025;12692;2015;2019;3
2025;5001427;2015;2020;3
2025;1166567;2015;2020;3
2025;14725;2015;2020;3
2025;1629;2015;2020;3
2025;1427370;2015;2020;3
2025;11446;2015;2020;3
2025;7105;2015;2020;3
2025;13601;2015;2020;3
2025;39415;2015;2020;3
2025;1202588;2015;2019;3
2025;90483;2015;2015;3
2025;12;2015;2020;3
2025;1184325;2015;2020;3
2025;1399478;2015;2020;3
2025;12569;2015;2020;3
2025;91399;2015;2020;3
2025;6496;2015;2020;3
2025;1187646;2015;2019;3
2025;87537;2015;2020;3
2025;1189778;2015;2020;3
2025;82224;2015;2019;3
2025;93001;2015;2020;3
2025;14615;2015;2019;3
2025;8554;2015;2020;3
2025;1135207;2015;2020;3
2025;1485621;2015;2020;3
2025;18594;2015;2020;4
2025;10289;2015;2020;3
2025;1408508;2015;2021;4
2025;9326;2015;2020;1
2025;7705;2015;2020;3
2025;65114;2015;2020;3
2025;91219;2015;2019;3
2025;9988;2015;2025;3
2025;93001;2015;2020;3
2025;1188127;2015;2021;3
2025;14975;2015;2020;3
2025;1179501;2015;2020;3
2025;1258021;2015;2020;3
2025;1188127;2015;2020;3
2025;1108786;2015;2020;3
2025;1342610;2015;2019;3
2025;1518;2015;2019;3
2025;12569;2015;2019;3
2025;1427419;2015;2020;3
2025;1188127;2015;2020;3
2025;1202539;2015;2019;3
2025;1322329;2015;2022;3
2025;5000930;2015;2020;3
2025;86288;2015;2020;3
2025;1399480;2015;2020;3
2025;1188127;2015;2020;3
2025;1026;2015;2019;3
2025;14093;2015;2020;3
2025;85652;2015;2020;3
2025;1421013;2015;2020;3
2025;100956;2015;2021;3
2025;1188127;2015;2020;3
2025;1327450;2015;2020;3
2025;1188127;2015;2020;3
2025;1390311;2015;2020;3
2025;1397772;2015;2020;3
2025;1188127;2015;2021;3
2025;1477973;2015;2020;3
2025;65114;2015;2023;3
2025;12970;2015;2020;1
2025;6711;2015;2020;3
2025;91219;2015;2019;3
2025;1190621;2015;2019;3
2025;3148;2015;2020;3
2025;12970;2015;2020;1
2025;12015;2015;2020;3
2025;60660;2015;2020;3
2025;11114;2015;2020;3
2025;1342536;2015;2021;3
2025;1455021;2015;2020;3
2025;1385538;2015;2020;3
2025;1408259;2015;2021;3
2025;1184060;2015;2020;3
2025;1188127;2015;2021;3
2025;5000979;2015;2020;3
2025;13723;2015;2019;3
2025;1188127;2015;2020;3
2025;1109361;2015;2020;3
2025;5000979;2015;2020;3
2025;1349675;2015;2020;3
2025;1202547;2015;2019;3
2025;1399614;2015;2021;4
2025;8698;2015;2024;3
2025;11316;2015;2020;3
2025;12569;2015;2019;3
2025;1421013;2015;2020;3
2025;90059;2015;2020;3
2025;72767;2015;2020;3
2025;13866;2015;2019;3
2025;1168313;2015;2020;3
2025;1188849;2015;2021;3
2025;12015;2015;2020;3
2025;5001466;2015;2019;3
2025;13200;2015;2020;3
2025;8554;2015;2020;3
2025;13723;2015;2019;3
2025;1406536;2015;2019;3
2025;1187646;2015;2019;3
2025;1202588;2015;2019;3
2025;90059;2015;2020;3
2025;1349675;2015;2020;3
2025;150039;2015;2019;3
2025;16236;2015;2020;3
2025;103596;2015;2021;3
2025;51835;2015;2020;3
2025;20249;2015;2018;3
2025;1107;2015;2020;3
2025;5000981;2015;2020;3
2025;1349675;2015;2020;3
2025;1190280;2015;2019;3
2025;99476;2015;2021;3
2025;13866;2015;2019;3
2025;13866;2015;2019;3
2025;1397772;2015;2020;3
2025;86288;2015;2020;3
2025;1458090;2015;2020;3
2025;8437;2015;2019;3
2025;303;2015;2019;1
2025;1399481;2015;2020;3
2025;1399481;2015;2020;3
2025;9996;2015;2020;3
2025;1183958;2015;2019;3
2025;93001;2015;2020;3
2025;4503;2015;2020;3
2025;1171609;2015;2020;3
2025;5001341;2015;2020;3
2025;1342536;2015;2020;3
2025;1184325;2015;2021;3
2025;14234;2015;2020;3
2025;5000979;2015;2020;3
2025;91219;2015;2019;3
2025;1408259;2015;2020;3
2025;4082;2015;2020;3
2025;1385538;2015;2020;3
2025;1202588;2015;2019;3
2025;1202588;2015;2019;3
2025;1399614;2015;2020;4
2025;1317634;2015;2020;3
2025;1397773;2015;2020;3
2025;108884;2015;2020;3
2025;100956;2015;2020;3
2025;1178524;2015;2020;3
2025;98506;2015;2020;3
2025;54494;2015;2019;3
2025;1108786;2015;2019;3
2025;14093;2015;2020;3
2025;1292917;2015;2020;3
2025;12970;2015;2020;1
2025;1439;2015;2019;3
2025;90084;2015;2020;3
2025;1258023;2015;2020;3
2025;5000980;2015;2020;3
2025;18472;2015;2020;3
2025;5909;2015;2020;3
2025;103596;2015;2021;3
2025;1108786;2015;2018;3
2025;5001466;2015;2020;3
2025;1445016;2015;2020;3
2025;87537;2015;2020;3
2025;5001314;2015;2020;3
2025;100958;2015;2020;3
2025;90084;2015;2020;3
2025;12345;2015;2018;3
2025;6711;2015;2019;3
2025;1278877;2015;2019;3
2025;9772;2015;2019;3
2025;1399617;2015;2020;3
2025;1183313;2015;2020;3
2025;1191415;2015;2020;3
2025;18605;2015;2020;3
2025;1342536;2015;2019;3
2025;39415;2015;2020;3
2025;91219;2015;2020;3
2025;1408505;2015;2020;3
2025;13601;2015;2020;3
2025;57402;2015;2020;3
2025;4503;2015;2020;3
2025;9326;2015;2020;1
2025;64706;2015;2020;3
2025;100958;2015;2019;3
2025;1188900;2015;2020;3
2025;1445016;2015;2020;3
2025;1185903;2015;2020;3
2025;1397773;2015;2020;3
2025;1188900;2015;2020;3
2025;1399479;2015;2020;3
2025;12692;2015;2018;3
2025;7837;2015;2019;3
2025;1202553;2015;2019;3
2025;90091;2015;2020;3
2025;1261972;2015;2018;3
2025;8554;2015;2020;3
2025;1202553;2015;2019;3
2025;72675;2015;2019;3
2025;12569;2015;2020;3
2025;5001341;2015;2020;3
2025;1109361;2015;2020;3
2025;65114;2015;2020;3
2025;11233;2015;2020;3
2025;13866;2015;2019;3
2025;5001466;2015;2019;3
2025;4503;2015;2020;3
2025;2392;2015;2020;3
2025;2304;2015;2021;3
2025;1397771;2015;2020;3
2025;1184325;2015;2020;3
2025;1349675;2015;2020;3
2025;18594;2015;2020;4
2025;98406;2015;2020;3
2025;12970;2015;2020;1
2025;1314146;2015;2019;3
2025;1202547;2015;2018;3
2025;15343;2015;2019;3
2025;80037;2015;2019;3
2025;1184325;2015;2020;3
2025;9996;2015;2020;3
2025;21542;2015;2020;3
2025;90084;2015;2021;3
2025;1399478;2015;2020;3
2025;80037;2015;2019;3
2025;11316;2015;2020;3
2025;69464;2015;2020;3
2025;11114;2015;2020;3
2025;1180318;2015;2018;3
2025;100958;2015;2020;3
2025;1068548;2015;2019;3
2025;1421013;2015;2019;3
2025;5001466;2015;2020;3
2025;12015;2015;2020;3
2025;16236;2015;2020;3
2025;18605;2015;2020;3
2025;1399617;2015;2018;3
2025;11114;2015;2020;3
2025;1327450;2015;2019;3
2025;4720;2015;2020;3
2025;1108153;2015;2020;1
2025;60660;2015;2020;3
2025;1399478;2015;2020;3
2025;72417;2015;2020;3
2025;1438629;2015;2020;3
2025;1477973;2015;2020;3
2025;100956;2015;2020;3
2025;1408262;2015;2020;3
2025;91399;2015;2020;3
2025;2695;2015;2019;3
2025;69464;2015;2020;3
2025;18447;2015;2020;3
2025;18605;2015;2022;3
2025;13866;2015;2019;3
2025;1292713;2015;2019;3
2025;1190280;2015;2019;3
2025;91399;2015;2020;3
2025;1385538;2015;2018;3
2025;90483;2015;2015;3
2025;150039;2015;2019;3
2025;1190280;2015;2019;3
2025;100956;2015;2021;3
2025;1135207;2015;2020;3
2025;3418;2015;2020;3
2025;100956;2015;2021;3
2025;1202553;2015;2019;3
2025;1192047;2015;2023;3
2025;1406536;2015;2020;3
2025;1406536;2015;2020;3
2025;20058;2015;2019;3
2025;108884;2015;2020;3
2025;91219;2015;2020;3
2025;1104264;2015;2020;3
2025;91219;2015;2020;3
2025;90084;2015;2022;3
2025;18447;2015;2020;3
2025;100956;2015;2020;3
2025;1399482;2015;2022;3
2025;97679;2015;2019;3
2025;1408505;2015;2020;3
2025;1385538;2015;2020;3
2025;13286;2015;2019;3
2025;1179501;2015;2020;3
2025;12813;2015;2020;3
2025;1399478;2015;2020;3
2025;10222;2015;2020;3
2025;12692;2015;2020;3
2025;1202539;2015;2020;3
2025;19434;2015;2020;3
2025;1390311;2015;2020;3
2025;1314146;2015;2020;3
2025;75821;2015;2017;3
2025;1518;2015;2020;3
2025;6496;2015;2020;3
2025;7837;2015;2019;3
2025;1518;2015;2020;3
2025;54494;2015;2020;3
2025;1026;2015;2019;3
2025;9805;2015;2019;3
2025;1171609;2015;2020;3
2025;64918;2015;2021;3
2025;1427370;2015;2021;3
2025;85586;2015;2019;3
2025;1399617;2015;2020;3
2025;100956;2015;2021;3
2025;91399;2015;2020;3
2025;1202546;2015;2020;3
2025;1184325;2015;2017;3
2025;1477973;2015;2020;3
2025;39415;2015;2020;3
2025;19850;2015;2020;3
2025;5001466;2015;2019;3
2025;11233;2015;2019;3
2025;60660;2015;2020;3
2025;72667;2015;2019;3
2025;19434;2015;2020;3
2025;1399478;2015;2020;3
2025;1477973;2015;2020;3
2025;5909;2015;2020;3
2025;1427420;2015;2020;3
2025;20360;2015;2019;3
2025;91219;2015;2020;3
2025;14093;2015;2020;3
2025;18594;2015;2022;4
2025;3677;2015;2020;3
2025;1483768;2015;2020;3
2025;72667;2015;2021;3
2025;1399478;2015;2024;3
2025;8437;2015;2019;3
2025;1188900;2015;2020;3
2025;1342449;2015;2019;3
2025;15343;2015;2020;3
2025;1190280;2015;2019;3
2025;69464;2015;2020;3
2025;1029204;2015;2021;3
2025;1399481;2015;2020;3
2025;13866;2015;2020;3
2025;1399485;2015;2020;3
2025;1399478;2015;2020;3
2025;64918;2015;2020;3
2025;150039;2015;2019;3
2025;60660;2015;2020;3
2025;1399477;2015;2020;3
2025;1390309;2015;2020;3
2025;1168313;2015;2020;3
2025;90084;2015;2020;3
2025;2695;2015;2020;3
2025;86356;2015;2020;3
2025;1185076;2015;2019;3
2025;1190280;2015;2019;3
2025;1453564;2015;2017;3
2025;1725;2015;2020;3
2025;93001;2015;2020;3
2025;1179189;2015;2020;3
2025;7105;2015;2020;3
2025;18447;2015;2020;3
2025;14563;2015;2020;3
2025;8698;2015;2022;3
2025;12569;2015;2019;3
2025;1477973;2015;2019;3
2025;5001294;2015;2021;3
2025;5001466;2015;2020;3
2025;84408;2015;2020;3
2025;1406536;2015;2020;3
2025;74594;2015;2020;3
2025;758;2015;2020;3
2025;85652;2015;2019;3
2025;13286;2015;2018;3
2025;1202573;2015;2019;3
2025;1108786;2015;2020;3
2025;1168313;2015;2020;3
2025;48854;2015;2020;3
2025;1349675;2015;2019;3
2025;8554;2015;2020;3
2025;13866;2015;2020;3
2025;60660;2015;2020;3
2025;1202553;2015;2019;3
2025;2348;2015;2020;3
2025;1163738;2015;2020;3
2025;1108153;2015;2021;1
2025;101228;2015;2020;3
2025;72675;2015;2020;3
2025;14563;2015;2017;3
2025;84408;2015;2020;3
2025;91219;2015;2020;3
2025;5001466;2015;2019;3
2025;39415;2015;2021;3
2025;16904;2015;2020;3
2025;10289;2015;2020;3
2025;14563;2015;2020;3
2025;14359;2015;2020;3
2025;20249;2015;2021;3
2025;1258021;2015;2020;3
2025;11233;2015;2020;3
2025;93001;2015;2020;3
2025;10224;2015;2020;3
2025;1390317;2015;2020;3
2025;1104264;2015;2020;3
2025;140;2015;2020;3
2025;12569;2015;2020;3
2025;85652;2015;2020;3
2025;1184325;2015;2020;3
2025;12692;2015;2020;3
2025;49060;2015;2020;3
2025;3148;2015;2020;3
2025;82224;2015;2020;3
2025;1257562;2015;2020;3
2025;1190621;2015;2020;3
2025;72681;2015;2020;3
2025;15839;2015;2020;3
2025;15783;2015;2019;3
2025;51835;2015;2020;3
2025;65114;2015;2020;3
2025;1427419;2015;2020;3
2025;1317634;2015;2020;3
2025;1202553;2015;2019;3
2025;1278877;2015;2020;3
2025;5920;2015;2020;3
2025;1108786;2015;2020;3
2025;5001294;2015;2021;3
2025;79007;2015;2019;3
2025;1184432;2015;2018;3
2025;12813;2015;2020;3
2025;9805;2015;2020;3
2025;1457503;2015;2020;3
2025;303;2015;2019;1
2025;14725;2015;2018;3
2025;20360;2015;2020;3
2025;1397771;2015;2020;3
2025;74655;2015;2020;3
2025;58412;2015;2019;3
2025;4503;2015;2020;3
2025;1334344;2015;2021;3
2025;14975;2015;2020;3
2025;82224;2015;2020;3
2025;85652;2015;2020;3
2025;1399618;2015;2020;4
2025;12569;2015;2019;3
2025;85652;2015;2020;3
2025;1879;2015;2021;3
2025;5001294;2015;2020;3
2025;1421013;2015;2020;3
2025;3148;2015;2017;3
2025;85652;2015;2018;3
2025;8960;2015;2020;3
2025;1178524;2015;2020;3
2025;93001;2015;2020;3
2025;1399619;2015;2020;3
2025;1399618;2015;2020;4
2025;1483759;2015;2020;3
2025;1200712;2015;2021;3
2025;1184047;2015;2019;3
2025;87537;2015;2020;3
2025;1184325;2015;2020;3
2025;5001101;2015;2020;3
2025;9988;2015;2020;3
2025;1189778;2015;2020;3
2025;85652;2015;2020;3
2025;1399486;2015;2019;3
2025;12813;2015;2020;3
2025;90091;2015;2020;3
2025;38071;2015;2020;3
2025;1457503;2015;2020;3
2025;72675;2015;2020;3
2025;15475;2015;2020;1
2025;72767;2015;2020;3
2025;9805;2015;2020;3
2025;120983;2015;2020;3
2025;18447;2015;2020;3
2025;87941;2015;2020;3
2025;1322329;2015;2022;3
2025;1192047;2015;2020;3
2025;1427370;2015;2021;3
2025;1184060;2015;2020;3
2025;1163738;2015;2020;3
2025;7676;2015;2020;3
2025;1258023;2015;2020;3
2025;91219;2015;2020;3
2025;91399;2015;2020;3
2025;1202588;2015;2019;3
2025;1192047;2015;2020;3
2025;18605;2015;2019;3
2025;53338;2015;2020;3
2025;1192047;2015;2020;3
2025;1406536;2015;2019;3
2025;758;2015;2020;3
2025;1327450;2015;2020;3
2025;1349675;2015;2020;3
2025;6496;2015;2020;3
2025;7676;2015;2021;3
2025;1184432;2015;2020;3
2025;6496;2015;2020;3
2025;5001294;2015;2021;3
2025;1397771;2015;2020;3
2025;1408259;2015;2020;3
2025;5001101;2015;2020;3
2025;1190280;2015;2019;3
2025;13424;2015;2019;3
2025;19206;2015;2020;4
2025;1184325;2015;2020;3
2025;15475;2015;2020;1
2025;7837;2015;2019;3
2025;1399619;2015;2020;3
2025;11316;2015;2020;3
2025;1457707;2015;2021;4
2025;74655;2015;2020;3
2025;1438629;2015;2020;3
2025;1390309;2015;2020;3
2025;90483;2015;2015;3
2025;5001466;2015;2020;3
2025;1457503;2015;2020;3
2025;1184060;2015;2020;3
2025;1399287;2015;2019;3
2025;72681;2015;2020;3
2025;1184325;2015;2021;3
2025;4082;2015;2020;3
2025;4720;2015;2019;3
2025;100958;2015;2019;3
2025;85652;2015;2020;3
2025;71859;2015;2020;3
2025;1334344;2015;2020;3
2025;6496;2015;2020;3
2025;11446;2015;2020;3
2025;1629;2015;2020;3
2025;101228;2015;2020;3
2025;1178524;2015;2020;3
2025;1439;2015;2019;3
2025;5000978;2015;2020;3
2025;1349675;2015;2020;3
2025;91219;2015;2020;3
2025;1408508;2015;2020;4
2025;84408;2015;2020;3
2025;19850;2015;2020;3
2025;1109361;2015;2020;3
2025;1188900;2015;2020;3
2025;5000979;2015;2020;3
2025;1385538;2015;2020;3
2025;868;2015;2020;3
2025;1334344;2015;2020;3
2025;72767;2015;2019;3
2025;5000980;2015;2020;3
2025;12015;2015;2020;3
2025;1193264;2015;2020;3
2025;39415;2015;2020;3
2025;1178524;2015;2020;3
2025;1109361;2015;2020;3
2025;85652;2015;2020;3
2025;1408505;2015;2020;3
2025;1108153;2015;2020;1
2025;72675;2015;2020;3
2025;1292917;2015;2020;3
2025;1321864;2015;2020;3
2025;13200;2015;2020;3
2025;5000933;2015;2020;3
2025;1184047;2015;2020;3
2025;5000979;2015;2021;3
2025;11114;2015;2020;3
2025;10289;2015;2020;3
2025;1184325;2015;2020;3
2025;1050663;2015;2020;3
2025;66248;2015;2020;3
2025;18605;2015;2020;3
2025;1171609;2015;2019;3
2025;98406;2015;2020;3
2025;100956;2015;2020;3
2025;1109361;2015;2020;3
2025;18472;2015;2020;3
2025;3148;2015;2020;3
2025;108884;2015;2018;3
2025;19206;2015;2020;4
2025;10224;2015;2020;3
2025;1629;2015;2020;3
2025;1477973;2015;2020;3
2025;100956;2015;2021;3
2025;13286;2015;2019;3
2025;1399615;2015;2020;3
2025;7705;2015;2020;3
2025;93001;2015;2020;3
2025;12569;2015;2019;3
2025;103596;2015;2021;3
2025;5909;2015;2020;3
2025;1399477;2015;2022;3
2025;1135207;2015;2020;3
2025;5001294;2015;2015;3
2025;1477973;2015;2020;3
2025;5000979;2015;2018;3
2025;19434;2015;2020;3
2025;1184047;2015;2020;3
2025;1184047;2015;2020;3
2025;1292917;2015;2020;3
2025;91399;2015;2020;3
2025;5920;2015;2019;3
2025;1202588;2015;2019;3
2025;5909;2015;2020;3
2025;5000980;2015;2020;3
2025;12345;2015;2020;3
2025;1406536;2015;2019;3
2025;59174;2015;2020;3
2025;9805;2015;2020;3
2025;5001294;2015;2019;3
2025;1342610;2015;2019;3
2025;1178524;2015;2020;3
2025;58412;2015;2019;3
2025;1453564;2015;2019;3
2025;97679;2015;2020;3
2025;1101742;2015;2019;3
2025;15475;2015;2020;1
2025;108014;2015;2021;3
2025;1342449;2015;2019;3
2025;100956;2015;2021;3
2025;1108786;2015;2020;3
2025;15783;2015;2019;3
2025;1188127;2015;2020;3
2025;12345;2015;2020;3
2025;1321864;2015;2020;3
2025;79007;2015;2020;3
2025;6711;2015;2019;3
2025;75821;2015;2021;3
2025;1109361;2015;2019;3
2025;2695;2015;2020;3
2025;1399477;2015;2020;3
2025;15343;2015;2020;3
2025;1257777;2015;2020;3
2025;65114;2015;2020;3
2025;1334344;2015;2021;3
2025;97679;2015;2020;3
2025;1334344;2015;2021;3
2025;5001314;2015;2020;3
2025;85652;2015;2020;3
2025;11316;2015;2018;3
2025;19206;2015;2020;4
2025;11114;2015;2020;3
2025;21542;2015;2019;3
2025;1202539;2015;2020;3
2025;84352;2015;2020;3
2025;1179189;2015;2019;3
2025;1146605;2015;2019;3
2025;1518;2015;2020;3
2025;1029204;2015;2020;3
2025;1189778;2015;2020;3
2025;85652;2015;2020;3
2025;1185076;2015;2019;3
2025;1518;2015;2019;3
2025;18605;2015;2018;3
2025;18594;2015;2019;4
2025;18605;2015;2020;3
2025;100688;2015;2019;3
2025;1184325;2015;2020;3
2025;90091;2015;2020;3
2025;8554;2015;2020;3
2025;1399480;2015;2020;3
2025;1477973;2015;2019;3
2025;1317634;2015;2020;3
2025;14093;2015;2020;3
2025;72663;2015;2019;3
2025;65114;2015;2021;3
2025;5001314;2015;2020;3
2025;7837;2015;2019;3
2025;12;2015;2019;3
2025;1178672;2015;2020;3
2025;12015;2015;2020;3
2025;100688;2015;2020;3
2025;82224;2015;2020;3
2025;1168313;2015;2020;3
2025;12345;2015;2020;3
2025;91399;2015;2020;3
2025;1427419;2015;2019;3
2025;57402;2015;2019;3
2025;19850;2015;2020;3
2025;58412;2015;2020;3
2025;1214209;2015;2020;3
2025;1214209;2015;2020;3
2025;5001294;2015;2021;3
2025;13424;2015;2019;3
2025;85652;2015;2020;3
2025;1192047;2015;2020;3
2025;758;2015;2020;3
2025;5000980;2015;2020;3
2025;59414;2015;2020;3
2025;1202547;2015;2018;3
2025;72417;2015;2020;3
2025;100958;2015;2019;3
2025;64918;2015;2019;3
2025;13424;2015;2019;3
2025;1136509;2015;2020;3
2025;1404416;2015;2020;3
2025;5001294;2015;2020;3
2025;37304;2015;2020;4
2025;1399477;2015;2020;3
2025;868;2015;2020;3
2025;1193264;2015;2023;3
2025;90483;2015;2015;3
2025;1399480;2015;2023;3
2025;12692;2015;2020;3
2025;13424;2015;2016;3
2025;65114;2015;2021;3
2025;1184047;2015;2020;3
2025;74655;2015;2020;3
2025;2392;2015;2020;3
2025;1363536;2015;2021;3
2025;37304;2015;2020;4
2025;12569;2015;2018;3
2025;71859;2015;2020;3
2025;82224;2015;2020;3
2025;14563;2015;2020;3
2025;5001294;2015;2017;3
2025;1292869;2015;2019;3
2025;1292917;2015;2020;3
2025;12569;2015;2020;3
2025;12569;2015;2020;3
2025;72669;2015;2020;3
2025;2695;2015;2020;3
2025;65114;2015;2021;3
2025;90059;2015;2021;3
2025;72767;2015;2019;3
2025;1193264;2015;2020;3
2025;1104264;2015;2020;3
2025;1029204;2015;2020;3
2025;1202588;2015;2019;3
2025;20360;2015;2020;3
2025;5000930;2015;2020;3
2025;2918;2015;2016;3
2025;5909;2015;2020;3
2025;107766;2015;2020;3
2025;39415;2015;2020;3
2025;1178524;2015;2020;3
2025;72767;2015;2020;3
2025;1408262;2015;2020;3
2025;5001183;2015;2020;3
2025;1184432;2015;2021;3
2025;13286;2015;2019;3
2025;5000981;2015;2020;3
2025;5000930;2015;2020;3
2025;1321864;2015;2020;3
2025;12569;2015;2020;3
2025;100956;2015;2020;3
2025;12345;2015;2018;3
2025;1518;2015;2020;3
2025;5000979;2015;2022;3
2025;12569;2015;2020;3
2025;1029204;2015;2019;3
2025;758;2015;2020;3
2025;65114;2015;2022;3
2025;20360;2015;2020;3
2025;9326;2015;2020;1
2025;1330031;2015;2020;3
2025;9996;2015;2017;3
2025;72663;2015;2020;3
2025;3677;2015;2020;3
2025;57402;2015;2021;3
2025;5000930;2015;2020;3
2025;72417;2015;2020;3
2025;1399614;2015;2020;4
2025;3418;2015;2020;3
2025;1439;2015;2019;3
2025;6711;2015;2020;3
2025;82224;2015;2020;3
2025;15475;2015;2020;1
2025;72669;2015;2020;3
2025;1419799;2015;2020;3
2025;18472;2015;2021;3
2025;8437;2015;2019;3
2025;1408507;2015;2021;3
2025;12813;2015;2020;3
2025;2918;2015;2020;3
2025;9326;2015;2020;1
2025;1267038;2015;2020;3
2025;12692;2015;2020;3
2025;1363536;2015;2020;3
2025;1399477;2015;2021;3
2025;20360;2015;2020;3
2025;1399478;2015;2020;3
2025;93001;2015;2020;3
2025;7676;2015;2020;3
2025;18594;2015;2020;4
2025;5000933;2015;2022;3
2025;15839;2015;2021;3
2025;1349675;2015;2020;3
2025;82224;2015;2020;3
2025;6496;2015;2019;3
2025;1292917;2015;2019;3
2025;12015;2015;2020;3
2025;90483;2015;2015;3
2025;12970;2015;2017;1
2025;58412;2015;2020;3
2025;98506;2015;2020;3
2025;2695;2015;2020;3
2025;1168313;2015;2020;3
2025;1448710;2015;2020;3
2025;5001466;2015;2019;3
2025;389;2015;2019;1
2025;93001;2015;2020;3
2025;1448710;2015;2020;3
2025;100956;2015;2020;3
2025;1108786;2015;2018;3
2025;9996;2015;2020;3
2025;1330031;2015;2020;3
2025;5000979;2015;2021;3
2025;1192237;2015;2021;3
2025;1879;2015;2020;3
2025;1026;2015;2020;3
2025;64918;2015;2019;3
2025;66361;2015;2022;3
2025;9996;2015;2021;3
2025;3148;2015;2020;3
2025;1185903;2015;2020;3
2025;19434;2015;2020;3
2025;5001341;2015;2020;3
2025;6496;2015;2018;3
2025;20360;2015;2020;3
2025;1518;2015;2018;3
2025;1292917;2015;2020;3
2025;5000930;2015;2020;1
2025;18472;2015;2021;3
2025;72669;2015;2020;3
2025;69624;2015;2019;3
2025;1179189;2015;2020;3
2025;1322329;2015;2019;3
2025;1397772;2015;2020;3
2025;7414;2015;2024;3
2025;5206;2015;2020;3
2025;1518;2015;2019;3
2025;1399482;2015;2021;3
2025;65114;2015;2022;3
2025;1135207;2015;2020;3
2025;7676;2015;2020;3
2025;66361;2015;2022;3
2025;18594;2015;2022;4
2025;8698;2015;2023;3
2025;1202546;2015;2020;3
2025;15783;2015;2020;3
2025;1292725;2015;2020;3
2025;1184432;2015;2020;3
2025;1257777;2015;2020;3
2025;12015;2015;2020;3
2025;1408507;2015;2020;3
2025;1180318;2015;2018;3
2025;91399;2015;2020;3
2025;1397771;2015;2020;3
2025;1385521;2015;2020;3
2025;66248;2015;2019;3
2025;1406536;2015;2019;3
2025;100956;2015;2020;3
2025;1399616;2015;2020;3
2025;37304;2015;2021;4
2025;1029204;2015;2021;3
2025;1026;2015;2020;3
2025;6711;2015;2019;3
2025;1026;2015;2020;3
2025;1173014;2015;2018;3
2025;1399482;2015;2020;3
2025;1399618;2015;2020;4
2025;57852;2015;2020;3
2025;90084;2015;2020;3
2025;5909;2015;2020;3
2025;57402;2015;2020;3
2025;91399;2015;2020;3
2025;48854;2015;2020;3
2025;60660;2015;2016;3
2025;59174;2015;2020;3
2025;5001294;2015;2021;3
2025;74594;2015;2020;3
2025;11446;2015;2020;3
2025;11446;2015;2020;3
2025;14359;2015;2020;3
2025;10289;2015;2020;3
2025;1202588;2015;2019;3
2025;1267038;2015;2019;3
2025;5920;2015;2020;3
2025;12692;2015;2020;3
2025;1026;2015;2019;3
2025;108882;2015;2020;3
2025;1349675;2015;2020;3
2025;53338;2015;2020;3
2025;1399287;2015;2020;3
2025;12813;2015;2020;3
2025;72663;2015;2020;3
2025;1518;2015;2019;3
2025;1448710;2015;2020;3
2025;1408261;2015;2021;3
2025;82224;2015;2020;3
2025;1193759;2015;2021;3
2025;87941;2015;2020;3
2025;1385521;2015;2022;3
2025;1397771;2015;2020;3
2025;72669;2015;2021;3
2025;1438629;2015;2020;3
2025;2695;2015;2020;3
2025;14563;2015;2020;3
2025;1879;2015;2022;3
2025;1108281;2015;2020;3
2025;12813;2015;2020;3
2025;91399;2015;2020;3
2025;1257548;2015;2020;3
2025;15783;2015;2020;3
2025;21542;2015;2020;3
2025;868;2015;2020;3
2025;100956;2015;2021;3
2025;99476;2015;2020;3
2025;5001341;2015;2020;3
2025;1192188;2015;2019;3
2025;1518;2015;2019;3
2025;1438629;2015;2021;3
2025;69464;2015;2020;3
2025;1188849;2015;2021;3
2025;1108786;2015;2020;3
2025;1327450;2015;2020;3
2025;5000930;2015;2018;1
2025;1342449;2015;2019;3
2025;1267038;2015;2020;3
2025;57852;2015;2020;3
2025;1188849;2015;2021;3
2025;5206;2015;2020;3
2025;5001294;2015;2020;3
2025;93001;2015;2020;3
2025;1173014;2015;2017;3
2025;1518;2015;2019;3
2025;1192188;2015;2019;3
2025;1200712;2015;2020;3
2025;100958;2015;2018;3
2025;1184432;2015;2020;3
2025;49060;2015;2018;3
2025;12345;2015;2020;3
2025;82224;2015;2020;3
2025;100688;2015;2020;3
2025;12;2015;2020;3
2025;7676;2015;2018;3
2025;2304;2015;2019;3
2025;13601;2015;2020;3
2025;84408;2015;2019;3
2025;1408507;2015;2020;3
2025;1168313;2015;2020;3
2025;90483;2015;2015;3
2025;1173014;2015;2020;3
2025;1026;2015;2019;3
2025;86288;2015;2020;3
2025;1399484;2015;2020;3
2025;18605;2015;2018;3
2025;1399482;2015;2021;3
2025;1264844;2015;2020;3
2025;15783;2015;2020;3
2025;13286;2015;2019;3
2025;1200578;2015;2020;3
2025;1173014;2015;2018;3
2025;1399478;2015;2019;3
2025;18472;2015;2020;3
2025;1397771;2015;2020;3
2025;5001466;2015;2018;3
2025;91399;2015;2020;3
2025;1108786;2015;2020;3
2025;1292713;2015;2020;3
2025;64918;2015;2020;3
2025;39415;2015;2020;3
2025;1397772;2015;2020;3
2025;100958;2015;2020;3
2025;86288;2015;2020;3
2025;65114;2015;2022;3
2025;1399618;2015;2021;4
2025;90059;2015;2020;3
2025;1190667;2015;2020;3
2025;1184325;2015;2020;3
2025;14725;2015;2020;3
2025;3418;2015;2020;3
2025;1399487;2015;2020;3
2025;15475;2015;2019;1
2025;1050663;2015;2020;3
2025;1477973;2015;2020;3
2025;85652;2015;2020;3
2025;82224;2015;2023;3
2025;1179501;2015;2020;3
2025;8960;2015;2020;3
2025;82224;2015;2020;3
2025;10224;2015;2020;3
2025;100688;2015;2020;3
2025;1029204;2015;2020;3
2025;1183313;2015;2020;3
2025;1202539;2015;2020;3
2025;90059;2015;2020;3
2025;13286;2015;2019;3
2025;3677;2015;2020;3
2025;82224;2015;2020;3
2025;1292725;2015;2019;3
2025;3418;2015;2020;3
2025;6496;2015;2020;3
2025;1399615;2015;2023;3
2025;59174;2015;2019;3
2025;5001033;2015;2020;3
2025;1477973;2015;2020;3
2025;1166567;2015;2020;3
2025;14093;2015;2020;3
2025;1166567;2015;2020;3
2025;1317634;2015;2020;3
2025;1390311;2015;2019;3
2025;5000979;2015;2020;3
2025;74655;2015;2020;3
2025;1171609;2015;2020;3
2025;1439;2015;2020;3
2025;87537;2015;2020;3
2025;12015;2015;2020;3
2025;1173014;2015;2020;3
2025;13601;2015;2020;3
2025;49910;2015;2019;3
2025;65114;2015;2021;3
2025;98506;2015;2020;3
2025;1390309;2015;2020;3
2025;1166567;2015;2021;3
2025;1192188;2015;2020;3
2025;1399615;2015;2020;3
2025;14563;2015;2020;3
2025;103596;2015;2022;3
2025;5001033;2015;2020;3
2025;57402;2015;2020;3
2025;1166567;2015;2020;3
2025;65924;2015;2019;3
2025;1385521;2015;2020;3
2025;18472;2015;2020;3
2025;72675;2015;2019;3
2025;1292917;2015;2020;3
2025;4720;2015;2020;3
2025;1399617;2015;2020;3
2025;91219;2015;2020;3
2025;13286;2015;2016;3
2025;389;2015;2019;1
2025;13601;2015;2020;3
2025;101228;2015;2020;3
2025;54494;2015;2019;3
2025;1421013;2015;2020;3
2025;1183313;2015;2020;3
2025;8960;2015;2020;3
2025;1173014;2015;2021;3
2025;12692;2015;2020;3
2025;57402;2015;2020;3
2025;108014;2015;2020;3
2025;18472;2015;2020;3
2025;13866;2015;2020;3
2025;1190280;2015;2019;3
2025;65114;2015;2021;3
2025;1108153;2015;2021;1
2025;4720;2015;2020;3
2025;14615;2015;2019;3
2025;1399486;2015;2020;3
2025;1292725;2015;2018;3
2025;1029204;2015;2020;3
2025;39415;2015;2020;3
2025;1397772;2015;2020;3
2025;1399615;2015;2020;3
2025;14615;2015;2019;3
2025;5000930;2015;2020;3
2025;72667;2015;2020;3
2025;1146605;2015;2019;3
2025;1879;2015;2021;3
2025;72667;2015;2020;3
2025;1399486;2015;2019;3
2025;1108786;2015;2020;3
2025;14234;2015;2020;3
2025;1104264;2015;2020;3
2025;99476;2015;2021;3
2025;1363536;2015;2020;3
2025;1399616;2015;2019;3
2025;758;2015;2020;3
2025;5909;2015;2020;3
2025;1399618;2015;2020;4
2025;13200;2015;2020;3
2025;1257548;2015;2020;3
2025;48854;2015;2020;3
2025;1191415;2015;2020;3
2025;85652;2015;2020;3
2025;86356;2015;2020;3
2025;87537;2015;2020;3
2025;84408;2015;2020;3
2025;1408261;2015;2020;3
2025;1399487;2015;2020;3
2025;3418;2015;2020;3
2025;100956;2015;2020;3
2025;1292917;2015;2020;3
2025;1453564;2015;2020;3
2025;108884;2015;2020;3
2025;1257562;2015;2019;3
2025;1427420;2015;2020;3
2025;5000812;2015;2019;3
2025;1068548;2015;2019;3
2025;4503;2015;2019;3
2025;1427419;2015;2020;3
2025;1399485;2015;2020;3
2025;100956;2015;2021;3
2025;1188849;2015;2021;3
2025;7705;2015;2020;3
2025;14359;2015;2020;3
2025;1292917;2015;2020;3
2025;1136509;2015;2020;3
2025;1257524;2015;2020;4
2025;1477973;2015;2018;3
2025;1029204;2015;2020;3
2025;39415;2015;2020;3
2025;1292869;2015;2019;3
2025;1026;2015;2020;3
2025;1202547;2015;2019;3
2025;1397771;2015;2020;3
2025;65114;2015;2020;3
2025;5000930;2015;2019;3
2025;1257548;2015;2024;3
2025;1390317;2015;2020;3
2025;1180318;2015;2020;3
2025;1104264;2015;2022;3
2025;108882;2015;2020;3
2025;1292869;2015;2019;3
2025;1399478;2015;2020;3
2025;16904;2015;2019;3
2025;12692;2015;2019;3
2025;1193264;2015;2022;3
2025;1109361;2015;2019;3
2025;1109361;2015;2020;3
2025;93001;2015;2019;3
2025;1190280;2015;2019;3
2025;5001033;2015;2020;3
2025;1171609;2015;2019;3
2025;107766;2015;2020;3
2025;13723;2015;2020;3
2025;1421100;2015;2020;3
2025;1109361;2015;2020;3
2025;1408505;2015;2020;3
2025;1109361;2015;2020;3
2025;12569;2015;2019;3
2025;1408505;2015;2020;3
2025;758;2015;2020;3
2025;11233;2015;2020;3
2025;37304;2015;2020;4
2025;484;2015;2019;3
2025;100958;2015;2020;3
2025;1029204;2015;2019;3
2025;5345;2015;2020;3
2025;1439;2015;2019;3
2025;93001;2015;2020;3
2025;5000930;2015;2020;3
2025;99476;2015;2021;3
2025;5000981;2015;2020;3
2025;5001294;2015;2022;3
2025;48854;2015;2020;3
2025;1180318;2015;2020;3
2025;1193264;2015;2019;3
2025;1108153;2015;2020;1
2025;5001427;2015;2020;3
2025;1399479;2015;2020;3
2025;1292917;2015;2020;3
2025;14563;2015;2020;3
2025;1330031;2015;2020;3
2025;1421013;2015;2020;3
2025;5001341;2015;2020;3
2025;1321864;2015;2020;3
2025;1179501;2015;2020;3
2025;72681;2015;2020;3
2025;66361;2015;2020;3
2025;5001466;2015;2020;3
2025;5001294;2015;2019;3
2025;12970;2015;2020;1
2025;20058;2015;2020;3
2025;19434;2015;2020;3
2025;72669;2015;2019;3
2025;15343;2015;2020;3
2025;389;2015;2019;1
2025;1399485;2015;2020;3
2025;98506;2015;2020;3
2025;18605;2015;2020;3
2025;5000001;2015;2020;3
2025;18594;2015;2022;4
2025;1189607;2015;2020;3
2025;12;2015;2019;3
2025;1202547;2015;2016;3
2025;84408;2015;2020;3
2025;15783;2015;2019;3
2025;108882;2015;2020;3
2025;65114;2015;2020;3
2025;1399479;2015;2019;3
2025;8960;2015;2020;3
2025;8437;2015;2019;3
2025;100958;2015;2020;3
2025;16236;2015;2020;3
2025;14615;2015;2019;3
2025;15475;2015;2020;1
2025;100956;2015;2021;3
2025;108882;2015;2020;3
2025;1190280;2015;2019;3
2025;100688;2015;2020;3
2025;108884;2015;2020;3
2025;13424;2015;2019;3
2025;1180318;2015;2020;3
2025;5000930;2015;2020;3
2025;57402;2015;2020;3
2025;1427370;2015;2020;3
2025;5000930;2015;2020;3
2025;15343;2015;2020;3
2025;1108281;2015;2019;3
2025;108884;2015;2020;3
2025;59414;2015;2020;3
2025;12345;2015;2020;3
2025;59174;2015;2019;3
2025;1189607;2015;2020;3
2025;5001300;2015;2020;3
2025;8554;2015;2018;3
2025;5001101;2015;2020;3
2025;100688;2015;2020;3
2025;1725;2015;2019;3
2025;1185076;2015;2020;3
2025;97679;2015;2020;3
2025;1399477;2015;2021;3
2025;100958;2015;2017;3
2025;86356;2015;2020;3
2025;868;2015;2020;3
2025;98406;2015;2020;3
2025;1399486;2015;2020;3
2025;74655;2015;2020;3
2025;1419799;2015;2020;3
2025;39415;2015;2020;3
2025;13723;2015;2020;3
2025;1399480;2015;2020;3
2025;20249;2015;2020;3
2025;1187646;2015;2019;3
2025;18594;2015;2018;4
2025;1107;2015;2020;3
2025;1399614;2015;2022;4
2025;1276878;2015;2019;3
2025;1292917;2015;2020;3
2025;1292917;2015;2020;3
2025;72767;2015;2019;3
2025;1135207;2015;2018;3
2025;12970;2015;2020;1
2025;51835;2015;2020;3
2025;2695;2015;2020;3
2025;12569;2015;2019;3
2025;5001300;2015;2020;3
2025;99476;2015;2021;3
2025;15839;2015;2020;3
2025;12015;2015;2020;3
2025;108884;2015;2020;3
2025;1408505;2015;2020;3
2025;1184047;2015;2019;3
2025;4503;2015;2020;3
2025;1292713;2015;2020;3
2025;1292917;2015;2020;3
2025;100956;2015;2021;3
2025;39415;2015;2019;3
2025;86356;2015;2020;3
2025;1193759;2015;2022;3
2025;18472;2015;2020;3
2025;1390317;2015;2018;3
2025;1457006;2015;2020;3
2025;9326;2015;2020;1
2025;1108281;2015;2020;3
2025;4082;2015;2020;3
2025;20360;2015;2020;3
2025;1438629;2015;2020;3
2025;108884;2015;2020;3
2025;72667;2015;2020;3
2025;15783;2015;2018;3
2025;1457503;2015;2020;3
2025;12569;2015;2019;3
2025;97679;2015;2020;3
2025;20360;2015;2020;3
2025;60660;2015;2020;3
2025;87537;2015;2020;3
2025;1458090;2015;2020;3
2025;100958;2015;2020;3
2025;1317634;2015;2020;3
2025;85652;2015;2020;3
2025;1397771;2015;2022;3
2025;1192237;2015;2020;3
2025;1399618;2015;2022;4
2025;65114;2015;2022;3
2025;1399483;2015;2020;3
2025;57852;2015;2020;3
2025;97679;2015;2020;3
2025;1258023;2015;2022;3
2025;5000933;2015;2020;3
2025;9996;2015;2020;3
2025;1166567;2015;2020;3
2025;13200;2015;2020;3
2025;14234;2015;2020;3
2025;108884;2015;2020;3
2025;59174;2015;2018;3
2025;1438629;2015;2020;3
2025;1483768;2015;2021;3
2025;5001427;2015;2019;3
2025;1399482;2015;2022;3
2025;75821;2015;2018;3
2025;13286;2015;2019;3
2025;5001450;2015;2020;3
2025;65114;2015;2023;3
2025;1272168;2015;2020;3
2025;1397772;2015;2020;3
2025;38071;2015;2020;3
2025;1292725;2015;2019;3
2025;108882;2015;2020;3
2025;108884;2015;2020;3
2025;5001167;2015;2019;3
2025;5001450;2015;2020;3
2025;1276878;2015;2019;3
2025;97679;2015;2020;3
2025;60660;2015;2020;3
2025;1029204;2015;2020;3
2025;87941;2015;2020;3
2025;1184060;2015;2019;3
2025;5000933;2015;2020;3
2025;108884;2015;2020;3
2025;1408259;2015;2020;3
2025;14615;2015;2019;3
2025;1136509;2015;2020;3
2025;65114;2015;2023;3
2025;1399618;2015;2022;4
2025;14615;2015;2020;3
2025;1408259;2015;2021;3
2025;84352;2015;2020;3
2025;5000930;2015;2020;3
2025;10289;2015;2018;3
2025;1292869;2015;2019;3
2025;12015;2015;2020;3
2025;1408509;2015;2020;3
2025;13286;2015;2019;3
2025;1342449;2015;2019;3
2025;1292917;2015;2020;3
2025;1399618;2015;2020;4
2025;5000979;2015;2022;3
2025;19206;2015;2020;4
2025;1334344;2015;2019;3
2025;1390311;2015;2020;3
2025;14093;2015;2020;3
2025;13103;2015;2020;3
2025;5000930;2015;2021;3
2025;1168313;2015;2020;3
2025;1486822;2015;2023;3
2025;51835;2015;2020;3
2025;1108786;2015;2021;3
2025;20360;2015;2020;3
2025;8960;2015;2020;3
2025;100956;2015;2020;3
2025;1026;2015;2020;3
2025;79007;2015;2020;3
2025;1190280;2015;2019;3
2025;1192237;2015;2020;3
2025;1135207;2015;2020;3
2025;1189778;2015;2020;3
2025;16904;2015;2020;3
2025;72675;2015;2020;3
2025;1408507;2015;2020;3
2025;1399617;2015;2020;3
2025;1101742;2015;2020;3
2025;1399480;2015;2024;3
2025;5000979;2015;2022;3
2025;87537;2015;2020;3
2025;5001183;2015;2020;3
2025;13723;2015;2020;3
2025;85652;2015;2020;3
2025;12569;2015;2020;3
2025;1483768;2015;2020;3
2025;1408507;2015;2020;3
2025;5000933;2015;2019;3
2025;1334344;2015;2021;3
2025;1342449;2015;2020;3
2025;1136509;2015;2020;3
2025;4720;2015;2020;3
2025;100956;2015;2022;3
2025;7105;2015;2020;3
2025;57402;2015;2021;3
2025;5909;2015;2020;3
2025;12970;2015;2020;1
2025;9326;2015;2020;1
2025;13723;2015;2020;3
2025;1629;2015;2018;3
2025;868;2015;2020;3
2025;1295813;2015;2020;3
2025;98506;2015;2020;3
2025;1477973;2015;2020;3
2025;9996;2015;2019;3
2025;1399481;2015;2020;3
2025;1257562;2015;2020;3
2025;4082;2015;2020;3
2025;66361;2015;2020;3
2025;74655;2015;2020;3
2025;1399616;2015;2020;3
2025;1317634;2015;2020;3
2025;1168313;2015;2022;3
2025;1399486;2015;2020;3
2025;13424;2015;2019;3
2025;11114;2015;2020;3
2025;1399485;2015;2020;3
2025;72669;2015;2020;3
2025;1427370;2015;2020;3
2025;15839;2015;2021;3
2025;1399486;2015;2020;3
2025;12015;2015;2020;3
2025;79007;2015;2022;3
2025;5920;2015;2020;3
2025;1185903;2015;2021;3
2025;18605;2015;2020;3
2025;65114;2015;2021;3
2025;1188900;2015;2020;3
2025;86288;2015;2020;3
2025;1322329;2015;2022;3
2025;100958;2015;2021;3
2025;1184047;2015;2020;3
2025;87537;2015;2020;3
2025;1317634;2015;2020;3
2025;85652;2015;2018;3
2025;1397771;2015;2020;3
2025;868;2015;2020;3
2025;389;2015;2019;1
2025;64706;2015;2020;3
2025;98406;2015;2019;3
2025;14234;2015;2020;3
2025;75821;2015;2020;3
2025;1445016;2015;2020;3
2025;868;2015;2020;3
2025;1408505;2015;2024;3
2025;1408508;2015;2021;4
2025;86288;2015;2020;3
2025;12970;2015;2021;1
2025;1292917;2015;2020;3
2025;65114;2015;2021;3
2025;108884;2015;2020;3
2025;14093;2015;2019;3
2025;1108786;2015;2020;3
2025;8437;2015;2019;3
2025;1185903;2015;2023;3
2025;100688;2015;2020;3
2025;15839;2015;2020;3
2025;91219;2015;2019;3
2025;1399479;2015;2020;3
2025;1342536;2015;2017;3
2025;1397771;2015;2020;3
2025;1163738;2015;2020;3
2025;108014;2015;2020;3
2025;82224;2015;2020;3
2025;1399614;2015;2020;4
2025;5000930;2015;2020;1
2025;1292917;2015;2020;3
2025;11316;2015;2020;3
2025;5000978;2015;2020;3
2025;1171609;2015;2020;3
2025;1183313;2015;2020;3
2025;100956;2015;2019;3
2025;65114;2015;2021;3
2025;1321864;2015;2020;3
2025;1439;2015;2020;3
2025;107666;2015;2020;3
2025;12569;2015;2018;3
2025;107766;2015;2020;3
2025;14615;2015;2020;3
2025;1397772;2015;2020;3
2025;1292917;2015;2020;3
2025;1427419;2015;2021;3
2025;57402;2015;2020;3
2025;12692;2015;2020;3
2025;2695;2015;2020;3
2025;1399619;2015;2020;3
2025;1427419;2015;2019;3
2025;13866;2015;2019;3
2025;1399614;2015;2020;4
2025;1330031;2015;2020;3
2025;1214209;2015;2017;3
2025;1390317;2015;2022;3
2025;5000931;2015;2020;3
2025;19850;2015;2020;3
2025;14615;2015;2019;3
2025;85652;2015;2020;3
2025;1050663;2015;2021;3
2025;12569;2015;2019;3
2025;1342536;2015;2020;3
2025;65114;2015;2020;3
2025;72767;2015;2018;3
2025;1317634;2015;2020;3
2025;87537;2015;2020;3
2025;1191415;2015;2019;3
2025;4720;2015;2020;3
2025;1390317;2015;2020;3
2025;5001183;2015;2020;4
2025;1258023;2015;2020;3
2025;72675;2015;2019;3
2025;69464;2015;2020;3
2025;82224;2015;2020;3
2025;1397772;2015;2020;3
2025;72669;2015;2017;3
2025;4503;2015;2020;3
2025;12569;2015;2020;3
2025;15343;2015;2020;3
2025;5000980;2015;2020;3
2025;98406;2015;2018;3
2025;12015;2015;2020;3
2025;107766;2015;2020;3
2025;5001427;2015;2020;3
2025;1342536;2015;2020;3
2025;12569;2015;2020;3
2025;1342536;2015;2018;3
2025;12569;2015;2019;3
2025;1108786;2015;2020;3
2025;12569;2015;2020;3
2025;1188900;2015;2020;3
2025;1295813;2015;2020;3
2025;1267038;2015;2021;3
2025;1184047;2015;2020;3
2025;12015;2015;2020;3
2025;2695;2015;2020;3
2025;868;2015;2021;3
2025;1342505;2015;2019;3
2025;1342449;2015;2019;3
2025;74655;2015;2020;3
2025;1317634;2015;2020;3
2025;49910;2015;2019;3
2025;1399486;2015;2020;3
2025;60660;2015;2020;3
2025;1188900;2015;2020;3
2025;1342449;2015;2019;3
2025;13424;2015;2019;3
2025;12692;2015;2020;3
2025;1059179;2015;2019;3
2025;1399481;2015;2020;3
2025;1363536;2015;2021;3
2025;7676;2015;2019;3
2025;1457707;2015;2022;4
2025;1725;2015;2020;3
2025;11233;2015;2020;3
2025;6711;2015;2020;3
2025;15343;2015;2020;3
2025;71859;2015;2020;3
2025;1321864;2015;2020;3
2025;74655;2015;2020;3
2025;3148;2015;2020;3
2025;1202573;2015;2020;3
2025;1399616;2015;2019;3
2025;12692;2015;2020;3
2025;1202547;2015;2018;3
2025;1193275;2015;2020;3
2025;1261972;2015;2020;3
2025;11233;2015;2020;3
2025;108884;2015;2020;3
2025;12813;2015;2019;3
2025;5001183;2015;2020;3
2025;1385538;2015;2020;3
2025;868;2015;2020;3
2025;100958;2015;2019;3
2025;6496;2015;2020;3
2025;90483;2015;2015;3
2025;1029763;2015;2020;3
2025;13424;2015;2019;3
2025;1108786;2015;2020;3
2025;9996;2015;2020;3
2025;1486298;2015;2020;3
2025;9326;2015;2020;1
2025;1445016;2015;2020;3
2025;12569;2015;2020;3
2025;13424;2015;2019;3
2025;20360;2015;2020;3
2025;5345;2015;2020;3
2025;6496;2015;2019;3
2025;4720;2015;2020;3
2025;82224;2015;2020;3
2025;49910;2015;2019;3
2025;7414;2015;2020;3
2025;1257524;2015;2020;4
2025;1485621;2015;2020;3
2025;20249;2015;2020;3
2025;1136509;2015;2020;3
2025;37304;2015;2016;4
2025;1192237;2015;2020;3
2025;1725;2015;2020;3
2025;18472;2015;2020;3
2025;1257524;2015;2020;4
2025;10224;2015;2020;3
2025;84408;2015;2019;3
2025;1108786;2015;2020;3
2025;82224;2015;2020;3
2025;90483;2015;2015;3
2025;1136509;2015;2020;3
2025;5000981;2015;2020;3
2025;1397771;2015;2020;3
2025;49910;2015;2019;3
2025;1399482;2015;2021;3
2025;1390317;2015;2020;3
2025;19294;2015;2022;3
2025;1202588;2015;2019;3
2025;1349675;2015;2020;3
2025;1257548;2015;2024;3
2025;1178524;2015;2021;3
2025;85652;2015;2020;3
2025;108014;2016;2020;3
2025;1059179;2016;2020;3
2025;87941;2016;2020;3
2025;11114;2016;2020;3
2025;1191415;2016;2020;3
2025;15475;2016;2020;1
2025;97679;2016;2020;3
2025;1427370;2016;2020;3
2025;87941;2016;2020;3
2025;7414;2016;2019;3
2025;13866;2016;2019;3
2025;1453564;2016;2020;3
2025;58412;2016;2020;3
2025;1399617;2016;2020;3
2025;5000981;2016;2020;3
2025;1399617;2016;2020;3
2025;1136509;2016;2020;3
2025;10222;2016;2020;3
2025;15343;2016;2020;3
2025;1725;2016;2020;3
2025;1168313;2016;2020;3
2025;5000933;2016;2020;3
2025;7414;2016;2020;3
2025;1629;2016;2020;3
2025;1390311;2016;2020;3
2025;12970;2016;2020;1
2025;1397772;2016;2020;3
2025;1439;2016;2019;3
2025;66248;2016;2019;3
2025;1390317;2016;2020;3
2025;1136509;2016;2020;3
2025;48854;2016;2020;3
2025;1342536;2016;2020;3
2025;1173014;2016;2019;3
2025;1390309;2016;2020;3
2025;8698;2016;2017;3
2025;1173014;2016;2019;3
2025;1457006;2016;2019;3
2025;2695;2016;2020;3
2025;15783;2016;2020;3
2025;13866;2016;2019;3
2025;1629;2016;2020;3
2025;1292869;2016;2019;3
2025;1184060;2016;2020;3
2025;1178672;2016;2020;3
2025;82224;2016;2023;3
2025;13866;2016;2020;3
2025;64706;2016;2020;3
2025;100958;2016;2019;3
2025;6496;2016;2020;3
2025;14359;2016;2020;3
2025;15783;2016;2020;3
2025;13866;2016;2019;3
2025;11114;2016;2020;3
2025;5000931;2016;2019;3
2025;14093;2016;2020;3
2025;69464;2016;2020;3
2025;1399618;2016;2020;4
2025;1477973;2016;2020;3
2025;1187646;2016;2019;3
2025;1173014;2016;2020;3
2025;1390317;2016;2020;3
2025;1026;2016;2019;3
2025;1173014;2016;2020;3
2025;1173014;2016;2020;3
2025;5001294;2016;2020;3
2025;90483;2016;2016;3
2025;1193264;2016;2020;3
2025;64918;2016;2020;3
2025;72675;2016;2019;3
2025;100956;2016;2020;3
2025;1399618;2016;2020;4
2025;1313341;2016;2020;3
2025;1399488;2016;2020;3
2025;11114;2016;2020;3
2025;1385538;2016;2019;3
2025;14359;2016;2020;3
2025;58412;2016;2020;3
2025;1408504;2016;2019;3
2025;1363536;2016;2020;3
2025;1191415;2016;2020;3
2025;1399618;2016;2020;4
2025;85652;2016;2019;3
2025;1185903;2016;2020;3
2025;98506;2016;2020;3
2025;14975;2016;2020;3
2025;2348;2016;2020;3
2025;66248;2016;2020;3
2025;82224;2016;2020;3
2025;1168313;2016;2019;3
2025;1408259;2016;2020;3
2025;1178672;2016;2020;3
2025;5000981;2016;2020;3
2025;12970;2016;2020;1
2025;85652;2016;2019;3
2025;13200;2016;2018;3
2025;103596;2016;2020;3
2025;85586;2016;2019;3
2025;100956;2016;2019;3
2025;5000812;2016;2020;3
2025;1257562;2016;2020;3
2025;18605;2016;2017;3
2025;1330031;2016;2020;3
2025;74655;2016;2020;3
2025;98406;2016;2020;3
2025;1317634;2016;2020;3
2025;11316;2016;2020;3
2025;98506;2016;2020;3
2025;1146605;2016;2019;3
2025;15343;2016;2020;3
2025;5000930;2016;2020;1
2025;7837;2016;2019;3
2025;13601;2016;2020;3
2025;58412;2016;2019;3
2025;5001300;2016;2019;3
2025;10289;2016;2020;3
2025;8437;2016;2019;3
2025;7105;2016;2020;3
2025;1342536;2016;2020;3
2025;1185903;2016;2020;3
2025;14234;2016;2020;3
2025;85652;2016;2020;3
2025;7676;2016;2021;3
2025;1342536;2016;2020;3
2025;11446;2016;2020;3
2025;1190280;2016;2019;3
2025;1477973;2016;2020;3
2025;5001466;2016;2020;3
2025;5001183;2016;2021;4
2025;1050663;2016;2020;3
2025;5001101;2016;2020;3
2025;1029204;2016;2020;3
2025;38071;2016;2020;3
2025;100956;2016;2022;3
2025;6711;2016;2019;3
2025;90059;2016;2020;3
2025;8437;2016;2020;3
2025;19434;2016;2020;3
2025;1629;2016;2020;3
2025;12970;2016;2020;1
2025;90483;2016;2016;3
2025;1419799;2016;2020;3
2025;1342610;2016;2019;3
2025;4503;2016;2020;3
2025;14234;2016;2020;3
2025;5001294;2016;2017;3
2025;49910;2016;2019;3
2025;1108786;2016;2019;3
2025;103596;2016;2020;3
2025;7105;2016;2020;3
2025;1202553;2016;2019;3
2025;1135207;2016;2020;3
2025;1390309;2016;2020;3
2025;11233;2016;2020;3
2025;75821;2016;2020;3
2025;1334344;2016;2018;3
2025;10224;2016;2020;3
2025;1397772;2016;2020;3
2025;5000812;2016;2020;3
2025;868;2016;2020;3
2025;1399480;2016;2020;3
2025;9996;2016;2020;3
2025;2695;2016;2020;3
2025;1171609;2016;2019;3
2025;1202546;2016;2020;3
2025;37304;2016;2020;4
2025;21542;2016;2019;3
2025;11114;2016;2020;3
2025;484;2016;2019;3
2025;66248;2016;2020;3
2025;98406;2016;2020;3
2025;1188127;2016;2022;3
2025;72667;2016;2020;3
2025;98406;2016;2019;3
2025;8960;2016;2020;3
2025;13453;2016;2020;3
2025;66361;2016;2020;3
2025;75821;2016;2019;3
2025;18594;2016;2020;4
2025;7105;2016;2020;3
2025;20249;2016;2021;3
2025;18472;2016;2020;3
2025;48854;2016;2020;3
2025;1185076;2016;2020;3
2025;1214209;2016;2020;3
2025;1184047;2016;2020;3
2025;98409;2016;2020;3
2025;69624;2016;2020;3
2025;1168313;2016;2020;3
2025;10591;2016;2020;3
2025;1399486;2016;2020;3
2025;1188900;2016;2020;3
2025;1399482;2016;2022;3
2025;1292725;2016;2020;3
2025;14359;2016;2020;3
2025;8554;2016;2020;3
2025;1397773;2016;2020;3
2025;18594;2016;2017;4
2025;1190280;2016;2019;3
2025;14563;2016;2020;3
2025;5000812;2016;2021;3
2025;113504;2016;2019;3
2025;10289;2016;2019;3
2025;1163738;2016;2020;3
2025;5000001;2016;2020;3
2025;1321864;2016;2020;3
2025;4720;2016;2020;3
2025;1264844;2016;2020;3
2025;1399488;2016;2020;3
2025;1629;2016;2020;3
2025;1397772;2016;2020;3
2025;13866;2016;2019;3
2025;1342449;2016;2019;3
2025;1390311;2016;2020;3
2025;868;2016;2020;3
2025;1029204;2016;2020;3
2025;1184047;2016;2020;3
2025;1202573;2016;2020;3
2025;11114;2016;2020;3
2025;1342536;2016;2020;3
2025;12970;2016;2020;1
2025;12813;2016;2019;3
2025;1427370;2016;2020;3
2025;4082;2016;2018;3
2025;1313341;2016;2020;3
2025;1421013;2016;2020;3
2025;1725;2016;2020;3
2025;14359;2016;2020;3
2025;1257562;2016;2020;3
2025;1399478;2016;2020;3
2025;5001101;2016;2020;3
2025;20249;2016;2020;3
2025;72681;2016;2019;3
2025;107766;2016;2020;3
2025;1295813;2016;2020;3
2025;66248;2016;2020;3
2025;12015;2016;2020;3
2025;14359;2016;2020;3
2025;1108786;2016;2020;3
2025;90059;2016;2020;3
2025;49060;2016;2020;3
2025;1107;2016;2019;3
2025;1136509;2016;2020;3
2025;1397773;2016;2021;3
2025;15475;2016;2020;1
2025;1408259;2016;2021;3
2025;12;2016;2020;3
2025;1399482;2016;2022;3
2025;15783;2016;2020;3
2025;1180318;2016;2020;3
2025;1257777;2016;2020;3
2025;1187646;2016;2019;3
2025;85652;2016;2020;3
2025;13453;2016;2020;3
2025;1725;2016;2020;3
2025;11114;2016;2020;3
2025;1179501;2016;2020;3
2025;1399618;2016;2020;4
2025;91399;2016;2020;3
2025;97679;2016;2020;3
2025;1342505;2016;2019;3
2025;69624;2016;2020;3
2025;19850;2016;2020;3
2025;4082;2016;2020;3
2025;14615;2016;2019;3
2025;1486298;2016;2020;3
2025;57402;2016;2019;3
2025;1257562;2016;2017;3
2025;18447;2016;2020;3
2025;7705;2016;2020;3
2025;1408508;2016;2023;4
2025;14234;2016;2020;3
2025;90483;2016;2016;3
2025;90483;2016;2016;3
2025;69464;2016;2020;3
2025;1427420;2016;2020;3
2025;1192047;2016;2021;3
2025;10222;2016;2020;3
2025;1408507;2016;2020;3
2025;85652;2016;2020;3
2025;20249;2016;2020;3
2025;4082;2016;2020;3
2025;13601;2016;2020;3
2025;1342536;2016;2020;3
2025;1189778;2016;2020;3
2025;1483768;2016;2020;3
2025;1399619;2016;2020;3
2025;6496;2016;2020;3
2025;15475;2016;2021;1
2025;1342449;2016;2022;3
2025;1327450;2016;2020;3
2025;303;2016;2019;1
2025;57402;2016;2020;3
2025;1457503;2016;2020;3
2025;2695;2016;2020;3
2025;8554;2016;2020;3
2025;14563;2016;2020;3
2025;1292917;2016;2020;3
2025;11114;2016;2020;3
2025;5920;2016;2020;3
2025;1399617;2016;2020;3
2025;58412;2016;2020;3
2025;1399617;2016;2020;3
2025;389;2016;2019;1
2025;66248;2016;2020;3
2025;1342536;2016;2020;3
2025;1385521;2016;2020;3
2025;1108281;2016;2020;3
2025;5001314;2016;2020;3
2025;1397773;2016;2020;3
2025;13453;2016;2020;3
2025;1187646;2016;2019;3
2025;18447;2016;2020;3
2025;13723;2016;2020;3
2025;1629;2016;2020;3
2025;1257562;2016;2020;3
2025;90483;2016;2016;3
2025;1184432;2016;2020;3
2025;72669;2016;2019;3
2025;14359;2016;2020;3
2025;1397772;2016;2020;3
2025;5001300;2016;2020;3
2025;1257562;2016;2020;3
2025;1399477;2016;2022;3
2025;12;2016;2019;3
2025;18472;2016;2020;3
2025;12692;2016;2020;3
2025;1879;2016;2020;3
2025;5001183;2016;2020;4
2025;1421013;2016;2020;3
2025;15783;2016;2020;3
2025;1321864;2016;2020;3
2025;1483759;2016;2021;3
2025;12970;2016;2019;1
2025;9772;2016;2020;3
2025;1321864;2016;2020;3
2025;12345;2016;2020;3
2025;1292725;2016;2020;3
2025;1397771;2016;2020;3
2025;1408259;2016;2020;3
2025;1187646;2016;2019;3
2025;1200712;2016;2020;3
2025;11114;2016;2020;3
2025;1192237;2016;2020;3
2025;5909;2016;2020;3
2025;1390317;2016;2020;3
2025;13286;2016;2019;3
2025;103596;2016;2020;3
2025;98506;2016;2020;3
2025;93001;2016;2020;3
2025;1390317;2016;2020;3
2025;1192188;2016;2020;3
2025;11233;2016;2020;3
2025;1202588;2016;2019;3
2025;12015;2016;2020;3
2025;1385538;2016;2017;3
2025;1029204;2016;2020;3
2025;19850;2016;2020;3
2025;7705;2016;2020;3
2025;11114;2016;2020;3
2025;48854;2016;2020;3
2025;1879;2016;2020;3
2025;1397772;2016;2020;3
2025;1399477;2016;2020;3
2025;1180318;2016;2020;3
2025;1390311;2016;2020;3
2025;1408505;2016;2020;3
2025;7705;2016;2020;3
2025;1445016;2016;2020;3
2025;1029763;2016;2020;3
2025;1321864;2016;2020;3
2025;5001183;2016;2020;4
2025;1321864;2016;2020;3
2025;100688;2016;2020;3
2025;98409;2016;2020;3
2025;5920;2016;2020;3
2025;20360;2016;2020;3
2025;85652;2016;2020;3
2025;5001450;2016;2019;3
2025;97679;2016;2021;3
2025;5920;2016;2020;3
2025;1477973;2016;2020;3
2025;93001;2016;2020;3
2025;11316;2016;2020;3
2025;1292869;2016;2019;3
2025;5001450;2016;2020;3
2025;14359;2016;2020;3
2025;87537;2016;2020;3
2025;72767;2016;2020;3
2025;5001300;2016;2020;3
2025;1292725;2016;2019;3
2025;1272168;2016;2020;3
2025;7705;2016;2021;3
2025;1192237;2016;2020;3
2025;1179189;2016;2020;3
2025;1107;2016;2020;3
2025;13866;2016;2019;3
2025;82224;2016;2020;3
2025;1184060;2016;2020;3
2025;1408505;2016;2020;3
2025;5000930;2016;2023;1
2025;74655;2016;2020;3
2025;10591;2016;2020;3
2025;1487491;2016;2020;3
2025;49910;2016;2019;3
2025;1192237;2016;2020;3
2025;85652;2016;2020;3
2025;1408259;2016;2020;3
2025;1184325;2016;2020;3
2025;1192237;2016;2020;3
2025;8554;2016;2020;3
2025;1385538;2016;2020;3
2025;1363536;2016;2020;3
2025;84352;2016;2019;3
2025;103596;2016;2020;3
2025;69624;2016;2020;3
2025;100956;2016;2021;3
2025;1330031;2016;2020;3
2025;100688;2016;2020;3
2025;4082;2016;2020;3
2025;71859;2016;2020;3
2025;1385538;2016;2020;3
2025;97679;2016;2020;3
2025;4720;2016;2020;3
2025;57402;2016;2020;3
2025;12569;2016;2019;3
2025;1399618;2016;2020;4
2025;1397772;2016;2020;3
2025;11233;2016;2020;3
2025;1397772;2016;2020;3
2025;1399482;2016;2022;3
2025;14093;2016;2020;3
2025;1385538;2016;2020;3
2025;1184432;2016;2019;3
2025;98409;2016;2020;3
2025;72669;2016;2020;3
2025;86356;2016;2020;3
2025;90059;2016;2020;3
2025;90483;2016;2016;3
2025;1184060;2016;2019;3
2025;1214209;2016;2020;3
2025;1108153;2016;2020;1
2025;5001300;2016;2020;3
2025;1292917;2016;2020;3
2025;97679;2016;2020;3
2025;1399482;2016;2021;3
2025;11233;2016;2020;3
2025;19434;2016;2020;3
2025;19086;2016;2020;3
2025;6496;2016;2020;3
2025;12692;2016;2020;3
2025;4082;2016;2020;3
2025;90483;2016;2016;3
2025;1879;2016;2020;3
2025;11114;2016;2020;3
2025;71859;2016;2020;3
2025;1185076;2016;2019;3
2025;5001101;2016;2020;3
2025;303;2016;2022;3
2025;1187646;2016;2019;3
2025;140;2016;2020;3
2025;13453;2016;2019;3
2025;39415;2016;2020;3
2025;12692;2016;2020;3
2025;1163738;2016;2020;3
2025;8960;2016;2020;3
2025;1317634;2016;2020;3
2025;1321864;2016;2020;3
2025;13424;2016;2019;3
2025;38071;2016;2020;3
2025;90483;2016;2016;3
2025;2695;2016;2020;3
2025;1342505;2016;2019;3
2025;65114;2016;2022;3
2025;1349675;2016;2020;3
2025;13200;2016;2020;3
2025;18605;2016;2018;3
2025;12569;2016;2019;3
2025;1453564;2016;2020;3
2025;53338;2016;2020;3
2025;98409;2016;2020;3
2025;1725;2016;2020;3
2025;13424;2016;2019;3
2025;1184060;2016;2020;3
2025;21542;2016;2020;3
2025;8554;2016;2020;3
2025;72767;2016;2020;3
2025;1166567;2016;2020;3
2025;4082;2016;2020;3
2025;1191415;2016;2020;3
2025;1029204;2016;2020;3
2025;389;2016;2021;1
2025;1421013;2016;2020;3
2025;1202573;2016;2020;3
2025;5000981;2016;2020;3
2025;5920;2016;2019;3
2025;15839;2016;2020;3
2025;10222;2016;2020;3
2025;1185076;2016;2019;3
2025;1185076;2016;2020;3
2025;5001341;2016;2020;3
2025;1390309;2016;2020;3
2025;1200578;2016;2020;3
2025;1108153;2016;2020;1
2025;1108281;2016;2020;3
2025;1427419;2016;2020;3
2025;5000978;2016;2020;3
2025;1163738;2016;2020;3
2025;1166567;2016;2021;3
2025;14615;2016;2020;3
2025;1349675;2016;2019;3
2025;20249;2016;2020;3
2025;65114;2016;2021;3
2025;5909;2016;2020;3
2025;1192188;2016;2020;3
2025;1399615;2016;2021;3
2025;9805;2016;2020;3
2025;1192188;2016;2020;3
2025;1427419;2016;2019;3
2025;1183313;2016;2020;3
2025;14359;2016;2020;3
2025;90059;2016;2020;3
2025;1101742;2016;2020;3
2025;1477973;2016;2020;3
2025;1455021;2016;2020;3
2025;98506;2016;2019;3
2025;1202553;2016;2019;3
2025;14725;2016;2020;3
2025;1183313;2016;2019;3
2025;1183313;2016;2020;3
2025;49060;2016;2020;3
2025;5909;2016;2020;3
2025;5000979;2016;2020;3
2025;1183313;2016;2020;3
2025;1399487;2016;2020;3
2025;1192047;2016;2020;3
2025;1330031;2016;2020;3
2025;1399487;2016;2020;3
2025;4082;2016;2020;3
2025;15839;2016;2019;3
2025;1439;2016;2019;3
2025;1399487;2016;2020;3
2025;1399487;2016;2020;3
2025;1399487;2016;2020;3
2025;74594;2016;2021;3
2025;1399487;2016;2020;3
2025;7837;2016;2021;3
2025;11114;2016;2020;3
2025;1191415;2016;2020;3
2025;1399487;2016;2020;3
2025;14563;2016;2020;3
2025;12970;2016;2020;1
2025;69624;2016;2020;3
2025;1276878;2016;2019;3
2025;1295813;2016;2020;3
2025;69624;2016;2020;3
2025;1190667;2016;2019;3
2025;5001427;2016;2019;3
2025;85652;2016;2020;3
2025;12970;2016;2020;1
2025;13424;2016;2019;3
2025;140;2016;2020;3
2025;1173014;2016;2020;3
2025;4503;2016;2020;3
2025;1173014;2016;2020;3
2025;1292869;2016;2020;3
2025;14725;2016;2020;3
2025;86288;2016;2019;3
2025;1349675;2016;2020;3
2025;1173014;2016;2019;3
2025;1363536;2016;2020;3
2025;5001183;2016;2020;3
2025;14563;2016;2020;3
2025;1173014;2016;2020;3
2025;1399485;2016;2020;3
2025;98406;2016;2020;3
2025;5001101;2016;2020;3
2025;5001300;2016;2019;3
2025;1173014;2016;2020;3
2025;37304;2016;2020;4
2025;1029204;2016;2020;3
2025;39415;2016;2020;3
2025;13286;2016;2019;3
2025;12692;2016;2019;3
2025;85652;2016;2020;3
2025;72681;2016;2020;3
2025;9988;2016;2020;1
2025;1192047;2016;2021;3
2025;1202546;2016;2020;3
2025;1101742;2016;2020;3
2025;1109361;2016;2020;3
2025;1292713;2016;2020;3
2025;15475;2016;2020;1
2025;5206;2016;2020;3
2025;1399486;2016;2021;3
2025;49910;2016;2020;3
2025;14615;2016;2019;3
2025;1189778;2016;2020;3
2025;19086;2016;2019;3
2025;20360;2016;2020;3
2025;1107;2016;2019;3
2025;1629;2016;2020;3
2025;15475;2016;2020;1
2025;1399287;2016;2019;3
2025;5206;2016;2020;3
2025;12569;2016;2019;3
2025;21542;2016;2019;3
2025;1408259;2016;2020;3
2025;1179189;2016;2020;3
2025;11446;2016;2020;3
2025;1178672;2016;2020;3
2025;1267038;2016;2020;3
2025;18472;2016;2020;3
2025;1029204;2016;2020;3
2025;98506;2016;2020;3
2025;1190667;2016;2020;3
2025;1457707;2016;2020;4
2025;1179189;2016;2020;3
2025;1292725;2016;2020;3
2025;5001183;2016;2022;4
2025;1321864;2016;2020;3
2025;120983;2016;2020;3
2025;16236;2016;2020;3
2025;69624;2016;2020;3
2025;7414;2016;2020;3
2025;51835;2016;2020;3
2025;14563;2016;2020;3
2025;87941;2016;2020;3
2025;1399482;2016;2021;3
2025;90483;2016;2016;3
2025;1184432;2016;2020;3
2025;1397772;2016;2020;3
2025;1168313;2016;2020;3
2025;1135207;2016;2020;3
2025;5206;2016;2020;3
2025;4720;2016;2020;3
2025;108882;2016;2020;3
2025;1179501;2016;2021;3
2025;57402;2016;2020;3
2025;8554;2016;2020;3
2025;1180318;2016;2020;3
2025;72669;2016;2019;3
2025;6496;2016;2020;3
2025;1179501;2016;2020;3
2025;7676;2016;2020;3
2025;20360;2016;2020;3
2025;15343;2016;2020;3
2025;1257548;2016;2020;3
2025;11233;2016;2020;3
2025;99476;2016;2020;3
2025;9772;2016;2020;3
2025;9772;2016;2020;3
2025;8437;2016;2019;3
2025;1261972;2016;2020;3
2025;38071;2016;2020;3
2025;1171609;2016;2020;3
2025;99476;2016;2021;3
2025;1214209;2016;2020;3
2025;1292917;2016;2020;3
2025;7414;2016;2020;3
2025;1214209;2016;2019;3
2025;87537;2016;2020;3
2025;1342505;2016;2019;3
2025;49060;2016;2017;3
2025;12569;2016;2019;3
2025;58412;2016;2020;3
2025;1185025;2016;2020;3
2025;1292917;2016;2020;3
2025;19294;2016;2020;3
2025;72417;2016;2020;3
2025;1327450;2016;2020;3
2025;13866;2016;2019;3
2025;1026;2016;2020;3
2025;5001314;2016;2020;3
2025;1879;2016;2020;3
2025;98406;2016;2020;3
2025;1408508;2016;2021;4
2025;1427420;2016;2023;3
2025;12345;2016;2020;3
2025;65114;2016;2022;3
2025;7105;2016;2020;3
2025;1399482;2016;2022;3
2025;1453564;2016;2020;3
2025;87941;2016;2019;3
2025;1179189;2016;2020;3
2025;100958;2016;2019;3
2025;57402;2016;2020;3
2025;1184325;2016;2020;3
2025;10289;2016;2020;3
2025;108014;2016;2020;3
2025;1102360;2016;2020;3
2025;1109361;2016;2020;3
2025;1342536;2016;2020;3
2025;19850;2016;2019;3
2025;66361;2016;2022;3
2025;12692;2016;2020;3
2025;84408;2016;2020;3
2025;5206;2016;2020;3
2025;5909;2016;2020;3
2025;5206;2016;2020;3
2025;82224;2016;2022;3
2025;72669;2016;2020;3
2025;1879;2016;2020;3
2025;1108786;2016;2020;3
2025;1321864;2016;2020;3
2025;1185076;2016;2019;3
2025;16236;2016;2020;3
2025;1173014;2016;2020;3
2025;1188900;2016;2020;3
2025;1879;2016;2020;3
2025;72681;2016;2020;3
2025;5000980;2016;2020;3
2025;14359;2016;2020;3
2025;14359;2016;2020;3
2025;1406536;2016;2019;3
2025;1189778;2016;2020;3
2025;10222;2016;2020;3
2025;5001466;2016;2019;3
2025;5001341;2016;2020;3
2025;100958;2016;2019;3
2025;7705;2016;2020;3
2025;758;2016;2020;3
2025;18594;2016;2022;4
2025;84352;2016;2020;3
2025;12569;2016;2019;3
2025;74655;2016;2020;3
2025;12813;2016;2020;3
2025;91219;2016;2019;3
2025;79007;2016;2020;3
2025;90084;2016;2020;3
2025;1292713;2016;2019;3
2025;9805;2016;2020;3
2025;5001183;2016;2022;4
2025;65114;2016;2020;3
2025;108014;2016;2020;3
2025;4082;2016;2020;3
2025;90084;2016;2021;3
2025;12970;2016;2020;1
2025;1292917;2016;2020;3
2025;72663;2016;2020;3
2025;86288;2016;2020;3
2025;1188900;2016;2020;3
2025;20058;2016;2020;3
2025;1190667;2016;2020;3
2025;90483;2016;2016;3
2025;49910;2016;2019;3
2025;7705;2016;2021;3
2025;13723;2016;2020;3
2025;93001;2016;2020;3
2025;5001294;2016;2021;3
2025;57402;2016;2020;3
2025;1399618;2016;2020;4
2025;9805;2016;2020;3
2025;65114;2016;2022;3
2025;90084;2016;2020;3
2025;1317634;2016;2020;3
2025;1202539;2016;2019;3
2025;1050663;2016;2020;3
2025;10222;2016;2020;3
2025;1349675;2016;2020;3
2025;6496;2016;2020;3
2025;5001101;2016;2020;3
2025;1397772;2016;2020;3
2025;82224;2016;2020;3
2025;1327450;2016;2020;3
2025;1399484;2016;2020;3
2025;1421100;2016;2019;3
2025;10591;2016;2020;3
2025;7676;2016;2018;3
2025;389;2016;2019;1
2025;1135207;2016;2020;3
2025;2304;2016;2020;3
2025;49910;2016;2019;3
2025;1879;2016;2020;3
2025;72663;2016;2020;3
2025;758;2016;2020;3
2025;13601;2016;2020;3
2025;14359;2016;2020;3
2025;90084;2016;2020;3
2025;90483;2016;2016;3
2025;5909;2016;2020;3
2025;8437;2016;2020;3
2025;11114;2016;2020;3
2025;1438629;2016;2020;3
2025;1146605;2016;2019;3
2025;1399481;2016;2020;3
2025;85652;2016;2020;3
2025;39415;2016;2020;3
2025;1427419;2016;2020;3
2025;1408507;2016;2020;3
2025;1190621;2016;2020;3
2025;1180318;2016;2020;3
2025;2304;2016;2020;3
2025;5001341;2016;2020;3
2025;1185025;2016;2020;3
2025;5920;2016;2020;3
2025;13424;2016;2019;3
2025;1202553;2016;2019;3
2025;1190621;2016;2021;3
2025;1408508;2016;2021;4
2025;37304;2016;2020;4
2025;1390317;2016;2020;3
2025;2695;2016;2019;3
2025;1190621;2016;2020;3
2025;85652;2016;2020;3
2025;5206;2016;2020;3
2025;1321864;2016;2020;3
2025;2304;2016;2020;3
2025;54494;2016;2020;3
2025;11316;2016;2020;3
2025;1171609;2016;2020;3
2025;303;2016;2019;1
2025;12813;2016;2020;3
2025;1190667;2016;2020;3
2025;15839;2016;2020;3
2025;2695;2016;2020;3
2025;1168313;2016;2022;3
2025;90084;2016;2020;3
2025;1190621;2016;2019;3
2025;1457503;2016;2020;3
2025;1179189;2016;2020;3
2025;2695;2016;2020;3
2025;14615;2016;2019;3
2025;72675;2016;2020;3
2025;90084;2016;2020;3
2025;72669;2016;2020;3
2025;5000933;2016;2020;3
2025;1342505;2016;2019;3
2025;5000001;2016;2020;3
2025;1408504;2016;2020;3
2025;48854;2016;2020;3
2025;85652;2016;2020;3
2025;101228;2016;2020;3
2025;97679;2016;2019;3
2025;99476;2016;2021;3
2025;5000979;2016;2021;3
2025;8698;2016;2020;3
2025;5000981;2016;2020;3
2025;90084;2016;2020;3
2025;15839;2016;2020;3
2025;59174;2016;2020;3
2025;4503;2016;2020;3
2025;1330031;2016;2020;3
2025;1187646;2016;2019;3
2025;5000979;2016;2020;3
2025;1188127;2016;2020;3
2025;1190621;2016;2019;3
2025;1342536;2016;2020;3
2025;5000930;2016;2018;3
2025;12015;2016;2019;3
2025;14615;2016;2019;3
2025;8437;2016;2020;3
2025;868;2016;2020;3
2025;1486298;2016;2020;3
2025;10222;2016;2020;3
2025;1438629;2016;2020;3
2025;1267038;2016;2020;3
2025;1349675;2016;2020;3
2025;1179189;2016;2019;3
2025;1184047;2016;2020;3
2025;3677;2016;2020;3
2025;58412;2016;2020;3
2025;11233;2016;2020;3
2025;5000980;2016;2020;3
2025;1317634;2016;2020;3
2025;1108281;2016;2020;3
2025;1406536;2016;2019;3
2025;12569;2016;2020;3
2025;14359;2016;2019;3
2025;12813;2016;2020;3
2025;3418;2016;2020;3
2025;2304;2016;2020;3
2025;5920;2016;2020;3
2025;98506;2016;2020;3
2025;2304;2016;2020;3
2025;5001033;2016;2020;3
2025;1185903;2016;2020;3
2025;1261972;2016;2020;3
2025;14093;2016;2020;3
2025;9805;2016;2020;3
2025;1427370;2016;2020;3
2025;1184325;2016;2020;3
2025;1178672;2016;2020;3
2025;12569;2016;2020;3
2025;79007;2016;2020;3
2025;2304;2016;2020;3
2025;5000931;2016;2018;3
2025;14615;2016;2019;3
2025;4082;2016;2020;3
2025;21542;2016;2019;3
2025;1101742;2016;2019;3
2025;2304;2016;2020;3
2025;58412;2016;2020;3
2025;1342536;2016;2021;3
2025;1342449;2016;2020;3
2025;84408;2016;2020;3
2025;1399489;2016;2020;3
2025;1202573;2016;2020;3
2025;18472;2016;2020;3
2025;1397773;2016;2020;3
2025;38071;2016;2020;3
2025;12970;2016;2020;1
2025;14359;2016;2020;3
2025;93001;2016;2020;3
2025;1408505;2016;2020;3
2025;12569;2016;2020;3
2025;8960;2016;2020;3
2025;1397773;2016;2020;3
2025;19206;2016;2020;4
2025;1193275;2016;2020;3
2025;12569;2016;2020;3
2025;14359;2016;2020;3
2025;8554;2016;2020;3
2025;16236;2016;2020;3
2025;5001466;2016;2020;3
2025;85652;2016;2020;3
2025;1408259;2016;2019;3
2025;5000979;2016;2020;3
2025;18594;2016;2020;4
2025;1029204;2016;2020;3
2025;1179189;2016;2019;3
2025;100956;2016;2019;3
2025;2304;2016;2020;3
2025;1163738;2016;2020;3
2025;8698;2016;2021;3
2025;1101742;2016;2020;3
2025;1189778;2016;2020;3
2025;1408509;2016;2020;3
2025;1448710;2016;2020;3
2025;1458090;2016;2020;3
2025;100958;2016;2020;3
2025;8554;2016;2020;3
2025;71859;2016;2020;3
2025;1108786;2016;2020;3
2025;5001033;2016;2020;3
2025;98406;2016;2020;3
2025;1477973;2016;2020;3
2025;72767;2016;2020;3
2025;1408507;2016;2020;3
2025;2392;2016;2020;3
2025;1399618;2016;2020;4
2025;85652;2016;2020;3
2025;9772;2016;2020;3
2025;1187646;2016;2019;3
2025;12345;2016;2020;3
2025;9772;2016;2019;3
2025;5000930;2016;2018;3
2025;1408261;2016;2020;3
2025;4082;2016;2020;3
2025;1327450;2016;2020;3
2025;100688;2016;2020;3
2025;1026;2016;2020;3
2025;1334344;2016;2020;3
2025;1179189;2016;2019;3
2025;18594;2016;2023;4
2025;1257524;2016;2020;4
2025;2392;2016;2020;3
2025;100958;2016;2019;3
2025;1483773;2016;2020;3
2025;3148;2016;2018;3
2025;1879;2016;2020;3
2025;2304;2016;2020;3
2025;19850;2016;2019;3
2025;5000979;2016;2021;3
2025;1439;2016;2020;3
2025;98406;2016;2020;3
2025;5000979;2016;2020;3
2025;64706;2016;2020;3
2025;12970;2016;2020;1
2025;1399487;2016;2020;3
2025;8437;2016;2020;3
2025;1278877;2016;2020;3
2025;7676;2016;2020;3
2025;1518495;2016;2020;3
2025;74655;2016;2020;3
2025;1399483;2016;2020;3
2025;150039;2016;2019;3
2025;5000930;2016;2020;3
2025;1408505;2016;2020;3
2025;98406;2016;2020;3
2025;8960;2016;2020;3
2025;85586;2016;2019;3
2025;18472;2016;2020;3
2025;1029204;2016;2020;3
2025;758;2016;2020;3
2025;10289;2016;2020;3
2025;14615;2016;2019;3
2025;1178524;2016;2020;3
2025;1200712;2016;2020;3
2025;11316;2016;2020;3
2025;5909;2016;2020;3
2025;69464;2016;2020;3
2025;9996;2016;2019;3
2025;7705;2016;2020;3
2025;4082;2016;2020;3
2025;69464;2016;2020;3
2025;18472;2016;2020;3
2025;69464;2016;2020;3
2025;18605;2016;2020;3
2025;8554;2016;2020;3
2025;1448710;2016;2020;3
2025;12569;2016;2019;3
2025;1202553;2016;2020;3
2025;7705;2016;2020;3
2025;13200;2016;2020;3
2025;90483;2016;2016;3
2025;1445016;2016;2020;3
2025;1342536;2016;2020;3
2025;13601;2016;2020;3
2025;1399618;2016;2020;4
2025;1050663;2016;2020;3
2025;2304;2016;2020;3
2025;1406536;2016;2019;3
2025;1292869;2016;2019;3
2025;1185903;2016;2020;3
2025;1399481;2016;2020;3
2025;1385538;2016;2020;3
2025;4503;2016;2020;3
2025;120983;2016;2020;3
2025;7676;2016;2021;3
2025;5920;2016;2020;3
2025;90059;2016;2020;3
2025;1399481;2016;2020;3
2025;98406;2016;2020;3
2025;100958;2016;2019;3
2025;91219;2016;2020;3
2025;5001033;2016;2020;3
2025;14359;2016;2020;3
2025;82224;2016;2020;3
2025;21542;2016;2019;3
2025;1342537;2016;2020;3
2025;1292917;2016;2020;3
2025;1399477;2016;2020;3
2025;1292725;2016;2019;3
2025;79007;2016;2020;3
2025;85586;2016;2019;3
2025;90847;2016;2017;3
2025;58412;2016;2020;3
2025;1427419;2016;2020;3
2025;85652;2016;2020;3
2025;1342536;2016;2021;3
2025;108014;2016;2020;3
2025;1483768;2016;2020;3
2025;9988;2016;2020;3
2025;5000933;2016;2019;3
2025;65114;2016;2022;3
2025;8554;2016;2020;3
2025;9988;2016;2019;3
2025;1171609;2016;2020;3
2025;107766;2016;2020;3
2025;1406536;2016;2020;3
2025;150039;2016;2019;3
2025;69464;2016;2020;3
2025;20058;2016;2021;3
2025;12813;2016;2019;3
2025;1029204;2016;2020;3
2025;82224;2016;2022;3
2025;108014;2016;2020;3
2025;13723;2016;2020;3
2025;9988;2016;2020;1
2025;7676;2016;2020;3
2025;71689;2016;2020;3
2025;16236;2016;2020;3
2025;12692;2016;2020;3
2025;5000979;2016;2020;3
2025;8554;2016;2020;3
2025;1135207;2016;2020;3
2025;18605;2016;2020;3
2025;18594;2016;2022;4
2025;16904;2016;2020;3
2025;82224;2016;2020;3
2025;100958;2016;2020;3
2025;1188900;2016;2020;3
2025;1399485;2016;2020;3
2025;1399618;2016;2020;4
2025;1185076;2016;2020;3
2025;8960;2016;2020;3
2025;1399482;2016;2021;3
2025;64706;2016;2020;3
2025;90483;2016;2016;3
2025;5001341;2016;2020;3
2025;1202546;2016;2020;3
2025;1390309;2016;2020;3
2025;1725;2016;2020;3
2025;6711;2016;2020;3
2025;9988;2016;2020;3
2025;5909;2016;2020;3
2025;1107;2016;2020;3
2025;12970;2016;2020;1
2025;57852;2016;2019;3
2025;8960;2016;2020;3
2025;75821;2016;2020;3
2025;93001;2016;2020;3
2025;99476;2016;2021;3
2025;11114;2016;2020;3
2025;1427419;2016;2023;3
2025;1399485;2016;2020;3
2025;59174;2016;2019;3
2025;1168313;2016;2020;3
2025;14563;2016;2020;3
2025;82224;2016;2020;3
2025;1202553;2016;2020;3
2025;5000001;2016;2022;3
2025;97679;2016;2020;3
2025;107666;2016;2020;3
2025;91219;2016;2020;3
2025;57402;2016;2020;3
2025;9988;2016;2020;1
2025;1292725;2016;2019;3
2025;65114;2016;2022;3
2025;3148;2016;2020;3
2025;1385538;2016;2020;3
2025;120983;2016;2020;3
2025;57402;2016;2020;3
2025;1399616;2016;2020;3
2025;1292869;2016;2019;3
2025;99476;2016;2021;3
2025;18472;2016;2020;3
2025;11114;2016;2020;3
2025;1390317;2016;2020;3
2025;1390309;2016;2020;3
2025;1178672;2016;2020;3
2025;15343;2016;2020;3
2025;1408262;2016;2020;3
2025;758;2016;2020;3
2025;1257524;2016;2020;4
2025;12813;2016;2019;3
2025;1202573;2016;2020;3
2025;13866;2016;2019;3
2025;57852;2016;2020;3
2025;1187646;2016;2019;3
2025;1427419;2016;2020;3
2025;1109361;2016;2019;3
2025;1334344;2016;2017;3
2025;66361;2016;2020;3
2025;15343;2016;2020;3
2025;7105;2016;2020;3
2025;5909;2016;2020;3
2025;91399;2016;2020;3
2025;5000930;2016;2020;1
2025;5000978;2016;2020;3
2025;1427370;2016;2022;3
2025;90483;2016;2016;3
2025;1445016;2016;2020;3
2025;1485621;2016;2023;3
2025;1264844;2016;2020;3
2025;86356;2016;2020;3
2025;1327450;2016;2020;3
2025;1258023;2016;2021;3
2025;1408259;2016;2022;3
2025;1146605;2016;2019;3
2025;57852;2016;2020;3
2025;97679;2016;2020;3
2025;103596;2016;2021;3
2025;103596;2016;2020;3
2025;103596;2016;2020;3
2025;1026;2016;2020;3
2025;1292869;2016;2019;3
2025;1408505;2016;2020;3
2025;57402;2016;2020;3
2025;1408508;2016;2020;4
2025;91219;2016;2020;3
2025;1173014;2016;2019;3
2025;1438629;2016;2020;3
2025;108014;2016;2021;3
2025;1108786;2016;2020;3
2025;14975;2016;2019;3
2025;5001183;2016;2020;4
2025;1477973;2016;2020;3
2025;14234;2016;2020;3
2025;1292869;2016;2020;3
2025;7676;2016;2020;3
2025;1108786;2016;2020;3
2025;15839;2016;2020;3
2025;51835;2016;2020;3
2025;82224;2016;2021;3
2025;1171609;2016;2021;3
2025;1292869;2016;2020;3
2025;1334344;2016;2020;3
2025;1257562;2016;2021;3
2025;91399;2016;2020;3
2025;1421100;2016;2020;3
2025;5001341;2016;2020;3
2025;11114;2016;2020;3
2025;108014;2016;2021;3
2025;1029204;2016;2020;3
2025;8554;2016;2020;3
2025;1330031;2016;2020;3
2025;14093;2016;2020;3
2025;1029204;2016;2020;3
2025;1349675;2016;2020;3
2025;1879;2016;2021;3
2025;2695;2016;2020;3
2025;49060;2016;2020;3
2025;14359;2016;2020;3
2025;97679;2016;2020;3
2025;1202573;2016;2019;3
2025;5001033;2016;2020;3
2025;12015;2016;2020;3
2025;1183958;2016;2019;3
2025;5001033;2016;2020;3
2025;1427370;2016;2021;3
2025;5001101;2016;2020;3
2025;14563;2016;2020;3
2025;7837;2016;2019;3
2025;18605;2016;2019;3
2025;1108786;2016;2020;3
2025;66361;2016;2020;3
2025;1518;2016;2019;3
2025;14359;2016;2020;3
2025;389;2016;2019;1
2025;1200578;2016;2019;3
2025;1408508;2016;2020;4
2025;1136509;2016;2020;3
2025;1292725;2016;2019;3
2025;1264844;2016;2020;3
2025;13453;2016;2020;3
2025;5000930;2016;2020;1
2025;7676;2016;2020;3
2025;1109361;2016;2020;3
2025;5000930;2016;2020;3
2025;5001183;2016;2020;3
2025;11114;2016;2020;3
2025;12569;2016;2019;3
2025;1349675;2016;2020;3
2025;13200;2016;2020;3
2025;8698;2016;2020;3
2025;1184060;2016;2019;3
2025;1257777;2016;2020;3
2025;12015;2016;2020;3
2025;20249;2016;2020;3
2025;1278877;2016;2020;3
2025;12015;2016;2020;3
2025;12345;2016;2018;3
2025;1397773;2016;2020;3
2025;1189607;2016;2019;3
2025;1399488;2016;2020;3
2025;7676;2016;2020;3
2025;1397773;2016;2020;3
2025;97679;2016;2020;3
2025;1408505;2016;2020;2
2025;1108786;2016;2020;3
2025;90483;2016;2016;3
2025;5000001;2016;2019;3
2025;90483;2016;2016;3
2025;12569;2016;2020;3
2025;37304;2016;2020;4
2025;13866;2016;2019;3
2025;5000979;2016;2019;3
2025;12015;2016;2019;3
2025;5000001;2016;2020;3
2025;1334344;2016;2020;3
2025;11233;2016;2020;3
2025;2348;2016;2020;3
2025;65114;2016;2022;3
2025;1292726;2016;2020;3
2025;1185903;2016;2020;3
2025;12970;2016;2020;1
2025;1399477;2016;2020;3
2025;1363536;2016;2020;3
2025;1068548;2016;2019;3
2025;5000001;2016;2020;3
2025;5000001;2016;2020;3
2025;5920;2016;2020;3
2025;1202573;2016;2020;3
2025;85652;2016;2020;3
2025;74655;2016;2020;3
2025;65114;2016;2023;3
2025;10289;2016;2019;3
2025;1427370;2016;2022;3
2025;85652;2016;2020;3
2025;1483805;2016;2020;3
2025;13723;2016;2020;3
2025;5000930;2016;2020;1
2025;5345;2016;2020;3
2025;1408261;2016;2020;3
2025;14725;2016;2020;3
2025;1135207;2016;2020;3
2025;1330031;2016;2020;3
2025;1171609;2016;2021;3
2025;86356;2016;2020;3
2025;1059179;2016;2020;3
2025;5000931;2016;2020;3
2025;1108786;2016;2021;3
2025;1146605;2016;2019;3
2025;12345;2016;2019;3
2025;1427419;2016;2019;3
2025;1349675;2016;2020;3
2025;3677;2016;2020;3
2025;15783;2016;2020;3
2025;1193759;2016;2021;3
2025;2695;2016;2020;3
2025;7705;2016;2020;3
2025;1178672;2016;2020;3
2025;7414;2016;2020;3
2025;57402;2016;2019;3
2025;1261972;2016;2020;3
2025;74655;2016;2020;3
2025;5001294;2016;2020;3
2025;18594;2016;2020;4
2025;1399616;2016;2019;3
2025;1321864;2016;2020;3
2025;15343;2016;2020;3
2025;5000001;2016;2020;3
2025;5001183;2016;2022;4
2025;65114;2016;2021;3
2025;1399615;2016;2020;3
2025;21542;2016;2020;3
2025;100956;2016;2020;3
2025;7705;2016;2020;3
2025;1408505;2016;2020;3
2025;11233;2016;2020;3
2025;1163738;2016;2020;3
2025;2304;2016;2020;3
2025;1399488;2016;2020;3
2025;19850;2016;2018;3
2025;1399481;2016;2020;3
2025;7676;2016;2020;3
2025;4720;2016;2020;3
2025;86288;2016;2020;3
2025;1202539;2016;2019;3
2025;5000001;2016;2020;3
2025;1068548;2016;2019;3
2025;5920;2016;2020;3
2025;10222;2016;2020;3
2025;19294;2016;2020;3
2025;1879;2016;2020;3
2025;1408504;2016;2020;3
2025;14615;2016;2020;3
2025;13200;2016;2020;3
2025;1026;2016;2019;3
2025;51835;2016;2020;3
2025;4503;2016;2020;3
2025;65114;2016;2022;3
2025;1178524;2016;2020;3
2025;49910;2016;2019;3
2025;1408262;2016;2020;3
2025;1173014;2016;2020;3
2025;20249;2016;2020;3
2025;4503;2016;2020;3
2025;86288;2016;2020;3
2025;1342505;2016;2019;3
2025;1173014;2016;2020;3
2025;1184060;2016;2020;3
2025;6496;2016;2020;3
2025;84408;2016;2020;3
2025;60660;2016;2020;3
2025;1397771;2016;2020;3
2025;1385538;2016;2017;3
2025;14093;2016;2020;3
2025;1173014;2016;2020;3
2025;72681;2016;2020;3
2025;1059179;2016;2020;3
2025;1342536;2016;2020;3
2025;108882;2016;2020;3
2025;59174;2016;2019;3
2025;65114;2016;2022;3
2025;7837;2016;2019;3
2025;1173014;2016;2023;3
2025;100956;2016;2020;3
2025;1363536;2016;2020;3
2025;1178524;2016;2020;3
2025;72669;2016;2019;3
2025;64918;2016;2020;3
2025;74655;2016;2020;3
2025;140;2016;2020;3
2025;8437;2016;2019;3
2025;1399487;2016;2020;3
2025;1173014;2016;2020;3
2025;79007;2016;2022;3
2025;21542;2016;2019;3
2025;5001183;2016;2020;3
2025;484;2016;2019;3
2025;9988;2016;2020;1
2025;1050663;2016;2020;3
2025;1390311;2016;2020;3
2025;1173014;2016;2020;3
2025;90091;2016;2025;3
2025;15475;2016;2020;1
2025;1292713;2016;2020;3
2025;1487290;2016;2020;3
2025;1200712;2016;2020;3
2025;10591;2016;2020;3
2025;20058;2016;2020;3
2025;12015;2016;2020;3
2025;2348;2016;2020;3
2025;1202553;2016;2020;3
2025;20058;2016;2020;3
2025;5000812;2016;2020;3
2025;108882;2016;2020;3
2025;12;2016;2019;3
2025;58412;2016;2020;3
2025;1330031;2016;2020;3
2025;5000978;2016;2020;3
2025;7414;2016;2020;3
2025;15839;2016;2020;3
2025;10222;2016;2020;3
2025;72669;2016;2020;3
2025;1399485;2016;2022;3
2025;5000930;2016;2020;3
2025;1397773;2016;2020;3
2025;1029204;2016;2019;3
2025;1399618;2016;2022;4
2025;1168313;2016;2020;3
2025;15475;2016;2020;1
2025;54494;2016;2019;3
2025;1264844;2016;2020;3
2025;13866;2016;2019;3
2025;5000931;2016;2020;3
2025;74655;2016;2020;3
2025;12970;2016;2019;1
2025;84408;2016;2020;3
2025;108014;2016;2020;3
2025;5000978;2016;2020;3
2025;1184432;2016;2020;3
2025;1184047;2016;2020;3
2025;20360;2016;2020;3
2025;1397773;2016;2020;3
2025;1399614;2016;2021;4
2025;72669;2016;2020;3
2025;1399618;2016;2021;4
2025;1399478;2016;2020;3
2025;82224;2016;2019;3
2025;91219;2016;2020;3
2025;1321864;2016;2020;3
2025;8698;2016;2020;3
2025;1397773;2016;2020;3
2025;18447;2016;2019;3
2025;72681;2016;2020;3
2025;8960;2016;2020;3
2025;15783;2016;2020;3
2025;1059179;2016;2019;3
2025;1059179;2016;2020;3
2025;1059179;2016;2020;3
2025;1059179;2016;2021;3
2025;1059179;2016;2019;3
2025;1278877;2016;2020;3
2025;1059179;2016;2019;3
2025;13200;2016;2020;3
2025;1026;2016;2019;3
2025;100956;2016;2021;3
2025;20249;2016;2020;3
2025;100958;2016;2020;3
2025;12569;2016;2019;3
2025;8698;2016;2020;3
2025;5000933;2016;2021;3
2025;90091;2016;2020;3
2025;1059179;2016;2020;3
2025;1385538;2016;2020;3
2025;1399479;2016;2020;3
2025;1059179;2016;2019;3
2025;1399478;2016;2020;3
2025;107666;2016;2020;3
2025;1171609;2016;2020;3
2025;6496;2016;2020;3
2025;87941;2016;2020;3
2025;8960;2016;2020;3
2025;5000001;2016;2019;3
2025;1292869;2016;2020;3
2025;5001033;2016;2020;3
2025;4082;2016;2020;3
2025;6496;2016;2020;3
2025;8960;2016;2020;3
2025;5920;2016;2020;3
2025;1408259;2016;2021;3
2025;100956;2016;2020;3
2025;4720;2016;2020;3
2025;3677;2016;2020;3
2025;1292713;2016;2020;3
2025;14615;2016;2019;3
2025;90059;2016;2020;3
2025;1399480;2016;2020;3
2025;9988;2016;2020;1
2025;72669;2016;2021;3
2025;1180318;2016;2020;3
2025;1168313;2016;2020;3
2025;72669;2016;2021;3
2025;1518;2016;2019;3
2025;1399616;2016;2020;3
2025;8698;2016;2020;3
2025;1200712;2016;2020;3
2025;93001;2016;2020;3
2025;11114;2016;2020;3
2025;1399481;2016;2020;3
2025;13866;2016;2019;3
2025;1257562;2016;2020;3
2025;1349675;2016;2020;3
2025;1190667;2016;2020;3
2025;7837;2016;2019;3
2025;13424;2016;2019;3
2025;11316;2016;2020;3
2025;1879;2016;2019;3
2025;16904;2016;2020;3
2025;86356;2016;2020;3
2025;1202553;2016;2018;3
2025;1178524;2016;2021;3
2025;57852;2016;2020;3
2025;14725;2016;2020;3
2025;1483773;2016;2020;3
2025;1187646;2016;2019;3
2025;12345;2016;2020;3
2025;1390317;2016;2020;3
2025;69624;2016;2020;3
2025;100688;2016;2020;3
2025;69624;2016;2020;3
2025;1445016;2016;2020;3
2025;150039;2016;2019;3
2025;10224;2016;2020;3
2025;1278877;2016;2020;3
2025;1188900;2016;2020;3
2025;8554;2016;2020;3
2025;1408504;2016;2019;3
2025;1068548;2016;2019;3
2025;1102360;2016;2020;3
2025;1399618;2016;2020;4
2025;1173014;2016;2020;3
2025;1102360;2016;2020;3
2025;5000980;2016;2020;3
2025;9805;2016;2020;3
2025;97679;2016;2020;3
2025;57402;2016;2020;3
2025;1390309;2016;2020;3
2025;1408504;2016;2019;3
2025;13286;2016;2019;3
2025;18594;2016;2020;4
2025;10222;2016;2020;3
2025;6711;2016;2019;3
2025;86356;2016;2020;3
2025;72675;2016;2020;3
2025;4503;2016;2020;3
2025;75821;2016;2020;3
2025;86356;2016;2020;3
2025;1187646;2016;2019;3
2025;1483773;2016;2020;3
2025;5001294;2016;2020;3
2025;1406536;2016;2019;3
2025;9805;2016;2020;3
2025;4503;2016;2019;3
2025;1483773;2016;2020;3
2025;5000980;2016;2020;3
2025;91399;2016;2020;3
2025;1185025;2016;2020;3
2025;14234;2016;2020;3
2025;1178672;2016;2020;3
2025;1399480;2016;2022;3
2025;1408508;2016;2020;4
2025;5001300;2016;2019;3
2025;1104264;2016;2020;3
2025;1179501;2016;2020;3
2025;1188900;2016;2020;3
2025;72663;2016;2020;3
2025;7105;2016;2020;3
2025;7414;2016;2020;3
2025;4503;2016;2020;3
2025;1427420;2016;2020;3
2025;868;2016;2020;3
2025;5909;2016;2020;3
2025;1292917;2016;2020;3
2025;107666;2016;2020;3
2025;90483;2016;2016;3
2025;1397771;2016;2019;3
2025;12692;2016;2020;3
2025;1399618;2016;2020;4
2025;1180318;2016;2020;3
2025;1136509;2016;2020;3
2025;48854;2016;2020;3
2025;90847;2016;2017;3
2025;1399614;2016;2019;4
2025;1390309;2016;2020;3
2025;18594;2016;2022;4
2025;6496;2016;2020;3
2025;5000979;2016;2020;3
2025;5345;2016;2020;3
2025;18447;2016;2020;3
2025;8554;2016;2020;3
2025;13453;2016;2020;3
2025;5000933;2016;2019;3
2025;120983;2016;2020;3
2025;113504;2016;2019;3
2025;1136509;2016;2020;3
2025;1322329;2016;2020;3
2025;7414;2016;2020;3
2025;1408261;2016;2020;3
2025;1406536;2016;2020;3
2025;64918;2016;2020;3
2025;87537;2016;2020;3
2025;82224;2016;2020;3
2025;8960;2016;2020;3
2025;14975;2016;2019;3
2025;13723;2016;2018;3
2025;107666;2016;2020;3
2025;16236;2016;2019;3
2025;1163738;2016;2020;3
2025;1408259;2016;2021;3
2025;1317634;2016;2020;3
2025;1334344;2016;2020;3
2025;1192047;2016;2020;3
2025;12345;2016;2020;3
2025;1483773;2016;2020;3
2025;18447;2016;2020;3
2025;10224;2016;2020;3
2025;100956;2016;2021;3
2025;1385538;2016;2020;3
2025;4503;2016;2020;3
2025;1385538;2016;2020;3
2025;14975;2016;2020;3
2025;4720;2016;2020;3
2025;20058;2016;2020;3
2025;1295813;2016;2020;4
2025;72417;2016;2020;3
2025;868;2016;2020;3
2025;5920;2016;2020;3
2025;1257777;2016;2020;3
2025;13723;2016;2020;3
2025;51835;2016;2020;3
2025;1146605;2016;2019;3
2025;1408504;2016;2020;3
2025;6496;2016;2021;3
2025;14563;2016;2020;3
2025;65114;2016;2021;3
2025;1257777;2016;2021;3
2025;7676;2016;2020;3
2025;12813;2016;2019;3
2025;86288;2016;2020;3
2025;1399488;2016;2020;3
2025;87537;2016;2020;3
2025;1342449;2016;2020;3
2025;84352;2016;2020;3
2025;4720;2016;2020;3
2025;5000001;2016;2020;3
2025;9326;2016;2020;1
2025;1397771;2016;2020;3
2025;1421013;2016;2020;3
2025;1487290;2016;2020;3
2025;1192047;2016;2020;3
2025;1342610;2016;2019;3
2025;11446;2016;2020;3
2025;15783;2016;2020;3
2025;15839;2016;2020;3
2025;1390317;2016;2020;3
2025;100956;2016;2020;3
2025;1184432;2016;2019;3
2025;1629;2016;2020;3
2025;48854;2016;2020;3
2025;86356;2016;2020;3
2025;5001183;2016;2020;3
2025;100688;2016;2020;3
2025;87537;2016;2020;3
2025;1399488;2016;2020;3
2025;19434;2016;2020;3
2025;87537;2016;2019;3
2025;66248;2016;2019;3
2025;1257548;2016;2020;3
2025;19294;2016;2020;3
2025;54494;2016;2020;3
2025;1185076;2016;2019;3
2025;12015;2016;2018;3
2025;1185076;2016;2019;3
2025;1408259;2016;2020;3
2025;1178524;2016;2020;3
2025;58412;2016;2020;3
2025;20058;2016;2020;3
2025;1330031;2016;2020;3
2025;64918;2016;2020;3
2025;90059;2016;2020;3
2025;5000979;2016;2020;3
2025;1029204;2016;2020;3
2025;90483;2016;2016;3
2025;120983;2016;2020;3
2025;90059;2016;2020;3
2025;7676;2016;2020;3
2025;1185903;2016;2020;3
2025;12015;2016;2020;3
2025;1390317;2016;2020;3
2025;59414;2016;2020;3
2025;1421013;2016;2020;3
2025;108014;2016;2020;3
2025;1399478;2016;2020;3
2025;97679;2016;2020;3
2025;1399486;2016;2020;3
2025;87941;2016;2020;3
2025;12569;2016;2020;3
2025;1445016;2016;2020;3
2025;5001183;2016;2020;4
2025;13103;2016;2020;3
2025;11233;2016;2020;3
2025;18447;2016;2019;3
2025;1399618;2016;2020;4
2025;1399486;2016;2021;3
2025;13200;2016;2020;3
2025;98406;2016;2020;3
2025;1188900;2016;2020;3
2025;1455021;2016;2023;3
2025;8698;2016;2020;3
2025;82224;2016;2020;3
2025;1278877;2016;2020;3
2025;1399618;2016;2020;4
2025;1178524;2016;2020;3
2025;868;2016;2020;3
2025;5000979;2016;2020;3
2025;5000931;2016;2020;3
2025;5000979;2016;2020;3
2025;1399477;2016;2020;3
2025;18605;2016;2020;3
2025;18594;2016;2022;4
2025;4082;2016;2020;3
2025;1185076;2016;2019;3
2025;5000931;2016;2020;3
2025;107766;2016;2020;3
2025;19206;2016;2020;4
2025;87941;2016;2020;3
2025;1188900;2016;2020;3
2025;13601;2016;2020;3
2025;9805;2016;2019;3
2025;19206;2016;2020;4
2025;1342537;2016;2020;3
2025;10289;2016;2020;3
2025;1292713;2016;2020;3
2025;2304;2016;2020;3
2025;100956;2016;2020;3
2025;10289;2016;2020;3
2025;120983;2016;2020;3
2025;1427370;2016;2020;3
2025;100688;2016;2020;3
2025;64918;2016;2018;3
2025;13103;2016;2020;3
2025;49060;2016;2020;3
2025;66361;2016;2020;3
2025;1397772;2016;2020;3
2025;58412;2016;2020;3
2025;74655;2016;2020;3
2025;10224;2016;2020;3
2025;1214209;2016;2020;3
2025;1192188;2016;2020;3
2025;1192188;2016;2022;3
2025;4503;2016;2020;3
2025;1445016;2016;2020;3
2025;1190280;2016;2019;3
2025;1178524;2016;2020;3
2025;1178524;2016;2020;3
2025;9996;2016;2020;3
2025;87941;2016;2020;3
2025;1327450;2016;2020;3
2025;12692;2016;2020;3
2025;72767;2016;2018;3
2025;72767;2016;2020;3
2025;1188900;2016;2020;3
2025;13200;2016;2020;3
2025;1390317;2016;2020;3
2025;98406;2016;2020;3
2025;1108281;2016;2020;3
2025;1026;2016;2020;3
2025;49060;2016;2020;3
2025;13286;2016;2019;3
2025;1168313;2016;2020;3
2025;15783;2016;2020;3
2025;93001;2016;2020;3
2025;868;2016;2020;3
2025;11446;2016;2020;3
2025;5000979;2016;2020;3
2025;59174;2016;2022;3
2025;20249;2016;2020;3
2025;86288;2016;2020;3
2025;79007;2016;2022;3
2025;15839;2016;2022;3
2025;1276878;2016;2019;3
2025;13866;2016;2019;3
2025;87941;2016;2019;3
2025;1439;2016;2020;3
2025;71859;2016;2020;3
2025;97679;2016;2020;3
2025;51835;2016;2021;3
2025;14975;2016;2020;3
2025;5000979;2016;2020;3
2025;5001167;2016;2020;3
2025;1188900;2016;2020;3
2025;108884;2016;2020;3
2025;99476;2016;2021;3
2025;108884;2016;2020;3
2025;14975;2016;2020;3
2025;1399479;2016;2020;3
2025;1349675;2016;2020;3
2025;1390317;2016;2020;3
2025;7676;2016;2020;3
2025;1317634;2016;2020;3
2025;5000931;2016;2020;3
2025;1342536;2016;2020;3
2025;1258023;2016;2022;3
2025;1202539;2016;2020;3
2025;1189778;2016;2020;3
2025;19086;2016;2019;3
2025;1202553;2016;2020;3
2025;87941;2016;2020;3
2025;1189778;2016;2020;3
2025;74594;2016;2020;3
2025;69464;2016;2020;3
2025;1171609;2016;2020;3
2025;5000981;2016;2020;3
2025;18594;2016;2021;4
2025;1399618;2016;2020;4
2025;14359;2016;2019;3
2025;1257524;2016;2020;4
2025;758;2016;2020;3
2025;69624;2016;2020;3
2025;53338;2016;2020;3
2025;82224;2016;2022;3
2025;1163738;2016;2020;3
2025;1264844;2016;2020;3
2025;59414;2016;2020;3
2025;85652;2016;2020;3
2025;1188900;2016;2020;3
2025;14563;2016;2020;3
2025;66248;2016;2019;3
2025;1278877;2016;2020;3
2025;90483;2016;2016;3
2025;12970;2016;2021;1
2025;11446;2016;2020;3
2025;66248;2016;2019;3
2025;69624;2016;2020;3
2025;1317634;2016;2020;3
2025;2348;2016;2020;3
2025;11446;2016;2020;3
2025;1171609;2016;2020;3
2025;1397771;2016;2020;3
2025;1399619;2016;2020;3
2025;1321864;2016;2019;3
2025;64918;2016;2020;3
2025;1879;2016;2020;3
2025;6496;2016;2020;3
2025;5000979;2016;2020;3
2025;5000812;2016;2020;3
2025;5000979;2016;2020;3
2025;49060;2016;2020;3
2025;14615;2016;2019;3
2025;72667;2016;2019;3
2025;4720;2016;2020;3
2025;1189607;2016;2020;3
2025;11114;2016;2020;3
2025;1185903;2016;2020;3
2025;1439;2016;2019;3
2025;1101742;2016;2019;3
2025;1342449;2016;2020;3
2025;1342536;2016;2020;3
2025;87941;2016;2020;3
2025;1189607;2016;2019;3
2025;10591;2016;2020;3
2025;98406;2016;2019;3
2025;38071;2016;2020;3
2025;1399479;2016;2020;3
2025;15475;2016;2020;1
2025;1419799;2016;2020;3
2025;140;2016;2020;3
2025;14234;2016;2020;3
2025;1457006;2016;2020;3
2025;103596;2016;2020;3
2025;5345;2016;2020;3
2025;1171609;2016;2020;3
2025;85652;2016;2020;3
2025;14563;2016;2020;3
2025;11114;2016;2020;3
2025;1168313;2016;2022;3
2025;82224;2016;2020;3
2025;1725;2016;2020;3
2025;5000001;2016;2020;3
2025;1200712;2016;2020;3
2025;82224;2016;2024;3
2025;1163738;2016;2020;3
2025;8960;2016;2020;3
2025;1399618;2016;2020;4
2025;1408509;2016;2020;3
2025;16904;2016;2020;3
2025;1397773;2016;2020;3
2025;1029763;2016;2020;3
2025;1399618;2016;2020;4
2025;1439;2016;2020;3
2025;1029763;2016;2020;3
2025;9326;2016;2020;1
2025;1191415;2016;2020;3
2025;108884;2016;2020;3
2025;87537;2016;2020;3
2025;1187646;2016;2019;3
2025;5000979;2016;2020;3
2025;1109361;2016;2020;3
2025;99476;2016;2021;3
2025;1399618;2016;2020;4
2025;90483;2016;2016;3
2025;12345;2016;2020;3
2025;1397771;2016;2020;3
2025;12970;2016;2020;1
2025;87941;2016;2020;3
2025;1399480;2016;2020;3
2025;1163738;2016;2020;3
2025;5000979;2016;2020;3
2025;39415;2016;2020;3
2025;11114;2016;2020;3
2025;18594;2016;2022;4
2025;11316;2016;2020;3
2025;5000930;2016;2019;1
2025;5000930;2016;2020;1
2025;1448710;2016;2020;3
2025;1193264;2016;2020;3
2025;1438629;2016;2020;3
2025;13723;2016;2020;3
2025;9772;2016;2020;3
2025;90483;2016;2016;3
2025;5000930;2016;2020;1
2025;16236;2016;2020;3
2025;1109361;2016;2020;3
2025;90483;2016;2016;3
2025;1136509;2016;2019;3
2025;1107;2016;2020;3
2025;13601;2016;2020;3
2025;14563;2016;2020;3
2025;8554;2016;2020;3
2025;18605;2016;2019;3
2025;113504;2016;2020;3
2025;1408507;2016;2020;3
2025;14234;2016;2020;3
2025;1483768;2016;2020;3
2025;1349675;2016;2020;3
2025;1102360;2016;2020;3
2025;12569;2016;2019;3
2025;1214209;2016;2020;3
2025;1178672;2016;2020;3
2025;8960;2016;2020;3
2025;1427370;2016;2022;3
2025;100958;2016;2020;3
2025;1292713;2016;2020;3
2025;1202588;2016;2019;3
2025;13866;2016;2019;3
2025;71689;2016;2020;3
2025;15475;2016;2020;1
2025;1397773;2016;2020;3
2025;1178672;2016;2020;3
2025;1179501;2016;2020;3
2025;1261972;2016;2020;3
2025;1192237;2016;2020;3
2025;1136509;2016;2020;3
2025;10289;2016;2020;3
2025;13286;2016;2019;3
2025;1390317;2016;2020;3
2025;1427370;2016;2020;3
2025;12970;2016;2020;1
2025;1486298;2016;2020;3
2025;1257777;2016;2021;3
2025;12569;2016;2019;3
2025;7676;2016;2020;3
2025;90091;2016;2019;3
2025;91219;2016;2019;3
2025;10224;2016;2020;3
2025;1477973;2016;2020;3
2025;14359;2016;2020;3
2025;1439;2016;2019;3
2025;1342449;2016;2020;3
2025;5000933;2016;2020;3
2025;4082;2016;2020;3
2025;1427370;2016;2021;3
2025;4503;2016;2019;3
2025;5001300;2016;2020;3
2025;14725;2016;2020;3
2025;1278877;2016;2020;3
2025;8698;2016;2021;3
2025;1408259;2016;2020;3
2025;1486298;2016;2020;3
2025;65114;2016;2022;3
2025;90059;2016;2020;3
2025;1397771;2016;2020;3
2025;51835;2016;2020;3
2025;1059179;2016;2020;3
2025;72681;2016;2023;3
2025;12569;2016;2020;3
2025;12015;2016;2020;3
2025;5001294;2016;2020;3
2025;108882;2016;2020;3
2025;13286;2016;2019;3
2025;75821;2016;2019;3
2025;79007;2016;2020;3
2025;12692;2016;2020;3
2025;1457503;2016;2020;3
2025;1439;2016;2019;3
2025;11233;2016;2020;3
2025;10289;2016;2020;3
2025;51835;2016;2020;3
2025;1399485;2016;2020;3
2025;7676;2016;2020;3
2025;86288;2016;2020;3
2025;14725;2016;2020;3
2025;72767;2016;2020;3
2025;1292917;2016;2020;3
2025;12569;2016;2016;3
2025;5001300;2016;2020;3
2025;108882;2016;2020;3
2025;37304;2016;2020;4
2025;48854;2016;2020;3
2025;8554;2016;2020;3
2025;1399485;2016;2020;3
2025;74594;2016;2020;3
2025;20249;2016;2020;3
2025;120983;2016;2020;3
2025;5000930;2016;2020;1
2025;99476;2016;2021;3
2025;1178672;2016;2020;3
2025;100958;2016;2020;3
2025;15783;2016;2020;3
2025;66361;2016;2022;3
2025;65114;2016;2021;3
2025;1184325;2016;2020;3
2025;1108786;2016;2020;3
2025;13200;2016;2020;3
2025;1200712;2016;2020;3
2025;14725;2016;2021;3
2025;79007;2016;2020;3
2025;14725;2016;2020;3
2025;1108281;2016;2020;3
2025;3148;2016;2020;3
2025;19086;2016;2019;3
2025;5001101;2016;2020;3
2025;12569;2016;2018;3
2025;9996;2016;2020;3
2025;12;2016;2019;3
2025;11316;2016;2020;3
2025;1102360;2016;2020;3
2025;1399478;2016;2020;3
2025;11114;2016;2020;3
2025;91219;2016;2020;3
2025;5001466;2016;2020;3
2025;1399489;2016;2020;3
2025;18447;2016;2020;3
2025;14234;2016;2020;3
2025;2348;2016;2020;3
2025;10222;2016;2020;3
2025;1397772;2016;2020;3
2025;1477973;2016;2020;3
2025;140;2016;2020;3
2025;1193759;2016;2021;3
2025;58412;2016;2020;3
2025;51835;2016;2020;3
2025;5345;2016;2020;3
2025;85652;2016;2020;3
2025;1330031;2016;2019;3
2025;150039;2016;2019;3
2025;1406536;2016;2019;3
2025;1276878;2016;2019;3
2025;1180318;2016;2020;3
2025;91219;2016;2019;3
2025;7676;2016;2020;3
2025;8554;2016;2020;3
2025;1455021;2016;2020;3
2025;1050663;2016;2020;3
2025;100956;2016;2020;3
2025;1104264;2016;2020;3
2025;5909;2016;2020;3
2025;21542;2016;2019;3
2025;2348;2016;2020;3
2025;4720;2016;2020;3
2025;1438629;2016;2019;3
2025;1292713;2016;2019;3
2025;18447;2016;2019;3
2025;1278877;2016;2020;3
2025;1399478;2016;2020;3
2025;12692;2016;2020;3
2025;1136509;2016;2020;3
2025;12813;2016;2020;3
2025;7676;2016;2020;3
2025;1257548;2016;2020;3
2025;1188127;2016;2021;3
2025;11446;2016;2020;3
2025;1342536;2016;2020;3
2025;100688;2016;2020;3
2025;18594;2016;2020;4
2025;1295813;2016;2022;3
2025;107666;2016;2020;3
2025;1180318;2016;2020;3
2025;90483;2016;2016;3
2025;9326;2016;2020;1
2025;14725;2016;2020;3
2025;1191415;2016;2020;3
2025;1879;2016;2020;3
2025;1725;2016;2020;3
2025;1168313;2016;2020;3
2025;108884;2016;2020;3
2025;86288;2016;2020;3
2025;8437;2016;2020;3
2025;12345;2016;2019;3
2025;1486822;2016;2020;3
2025;1385538;2016;2020;3
2025;21542;2016;2020;3
2025;1184432;2016;2020;3
2025;8554;2016;2020;3
2025;1439;2016;2019;3
2025;10591;2016;2020;3
2025;1189778;2016;2020;3
2025;72663;2016;2020;3
2025;84352;2016;2020;3
2025;12345;2016;2020;3
2025;1419799;2016;2020;3
2025;1314146;2016;2020;3
2025;1321864;2016;2020;3
2025;389;2016;2019;1
2025;86288;2016;2020;3
2025;5001033;2016;2020;3
2025;5000930;2016;2020;3
2025;5001294;2016;2020;3
2025;4082;2016;2020;3
2025;1267038;2016;2020;3
2025;9326;2016;2020;1
2025;1397772;2016;2020;3
2025;9326;2016;2020;1
2025;16236;2016;2020;3
2025;58412;2016;2020;3
2025;13200;2016;2020;3
2025;5001183;2016;2020;4
2025;18594;2016;2020;4
2025;1399614;2016;2020;4
2025;1189778;2016;2020;3
2025;5000933;2016;2020;3
2025;13723;2016;2020;3
2025;4082;2016;2020;3
2025;14093;2016;2020;3
2025;1445016;2016;2020;3
2025;1477973;2016;2020;3
2025;5001101;2016;2019;3
2025;1292869;2016;2020;3
2025;1178524;2016;2020;3
2025;9326;2016;2020;1
2025;2918;2016;2020;3
2025;64706;2016;2020;3
2025;1200712;2016;2020;3
2025;9805;2016;2021;3
2025;108884;2016;2020;3
2025;15343;2016;2020;3
2025;2304;2016;2019;3
2025;1189778;2016;2020;3
2025;1292726;2016;2020;3
2025;1278877;2016;2020;3
2025;14563;2016;2020;3
2025;84408;2016;2020;3
2025;9988;2016;2020;3
2025;3418;2016;2020;3
2025;5000930;2016;2020;3
2025;91219;2016;2020;3
2025;1104264;2016;2020;3
2025;1408505;2016;2020;3
2025;7837;2016;2019;3
2025;1397772;2016;2020;3
2025;1184325;2016;2020;3
2025;12569;2016;2019;3
2025;1390317;2016;2020;3
2025;1879;2016;2020;3
2025;100956;2016;2021;3
2025;5000930;2016;2020;3
2025;14615;2016;2020;3
2025;1026;2016;2020;3
2025;14093;2016;2020;3
2025;14615;2016;2020;3
2025;5001167;2016;2020;3
2025;3148;2016;2020;3
2025;11446;2016;2020;3
2025;18594;2016;2022;4
2025;1399618;2016;2020;4
2025;13866;2016;2019;3
2025;90059;2016;2020;3
2025;2304;2016;2020;3
2025;14563;2016;2019;3
2025;11316;2016;2020;3
2025;1068548;2016;2019;3
2025;1188127;2016;2020;3
2025;1397771;2016;2019;3
2025;100956;2016;2020;3
2025;4082;2016;2020;3
2025;12970;2016;2020;1
2025;13866;2016;2020;3
2025;18447;2016;2019;3
2025;1108786;2016;2020;3
2025;1202573;2016;2020;3
2025;103596;2016;2020;3
2025;1108786;2016;2019;3
2025;12569;2016;2020;3
2025;4503;2016;2020;3
2025;65924;2016;2019;3
2025;12569;2016;2020;3
2025;91219;2016;2020;3
2025;12692;2016;2020;3
2025;103596;2016;2019;3
2025;1399479;2016;2020;3
2025;5001466;2016;2020;3
2025;3148;2016;2020;3
2025;98409;2016;2020;3
2025;1189607;2016;2020;3
2025;12569;2016;2019;3
2025;86356;2016;2020;3
2025;1257777;2016;2021;3
2025;12970;2016;2020;1
2025;13453;2016;2020;3
2025;1399489;2016;2020;3
2025;93001;2016;2020;3
2025;1342449;2016;2019;2
2025;1202573;2016;2020;3
2025;86288;2016;2020;3
2025;12569;2016;2020;3
2025;1342537;2016;2020;3
2025;1278877;2016;2020;3
2025;1187646;2016;2019;3
2025;1104264;2016;2020;3
2025;5001466;2016;2017;3
2025;303;2016;2019;1
2025;65114;2016;2022;3
2025;13286;2016;2019;3
2025;1399484;2016;2020;3
2025;5001294;2016;2018;3
2025;2304;2016;2022;3
2025;13723;2016;2020;3
2025;303;2016;2019;1
2025;12569;2016;2019;3
2025;1879;2016;2020;3
2025;87537;2016;2020;3
2025;1399618;2016;2020;4
2025;1317634;2016;2020;3
2025;12970;2016;2020;1
2025;5001466;2016;2020;3
2025;1390311;2016;2020;3
2025;1180318;2016;2020;3
2025;3148;2016;2020;3
2025;8554;2016;2020;3
2025;103596;2016;2020;3
2025;13424;2016;2019;3
2025;1184047;2016;2020;3
2025;1399478;2016;2020;3
2025;87537;2016;2020;3
2025;19294;2016;2018;3
2025;5001294;2016;2022;3
2025;91219;2016;2021;3
2025;87537;2016;2020;3
2025;5001101;2016;2020;3
2025;1026;2016;2020;3
2025;20058;2016;2020;3
2025;1725;2016;2020;3
2025;93001;2016;2020;3
2025;1399617;2016;2020;3
2025;5000930;2016;2020;1
2025;12813;2016;2020;3
2025;14234;2016;2020;3
2025;1171609;2016;2021;3
2025;7837;2016;2019;3
2025;93001;2016;2020;3
2025;1397772;2016;2020;3
2025;1477973;2016;2020;3
2025;1438629;2016;2020;3
2025;86288;2016;2020;3
2025;18605;2016;2019;3
2025;13424;2016;2019;3
2025;1399479;2016;2020;3
2025;1185903;2016;2020;3
2025;1257562;2016;2020;3
2025;12;2016;2020;3
2025;1399486;2016;2020;3
2025;1202573;2016;2020;3
2025;1264844;2016;2020;3
2025;11233;2016;2020;3
2025;12692;2016;2020;3
2025;15839;2016;2020;3
2025;74655;2016;2020;3
2025;1342505;2016;2019;3
2025;18594;2016;2020;4
2025;12569;2016;2020;3
2025;1026;2016;2025;3
2025;60660;2016;2018;3
2025;1321864;2016;2020;3
2025;9988;2016;2020;3
2025;4503;2016;2019;3
2025;91399;2016;2020;3
2025;12015;2016;2020;3
2025;10222;2016;2020;3
2025;59174;2016;2020;3
2025;1399478;2016;2019;3
2025;1399478;2016;2020;3
2025;1180318;2016;2020;3
2025;3148;2016;2020;3
2025;10591;2016;2020;3
2025;49060;2016;2020;3
2025;1390311;2016;2020;3
2025;13200;2016;2020;3
2025;1188127;2016;2020;3
2025;11114;2016;2020;3
2025;1180318;2016;2020;3
2025;1188127;2016;2020;3
2025;1190667;2016;2020;3
2025;1188127;2016;2021;3
2025;1200712;2016;2020;3
2025;1188127;2016;2020;3
2025;1408507;2016;2020;3
2025;1342505;2016;2019;3
2025;1188127;2016;2022;3
2025;1292869;2016;2019;3
2025;1342449;2016;2022;3
2025;13601;2016;2020;3
2025;1427370;2016;2021;3
2025;90059;2016;2020;3
2025;4503;2016;2020;3
2025;1321864;2016;2020;3
2025;1292713;2016;2019;3
2025;12569;2016;2019;3
2025;4503;2016;2020;3
2025;2304;2016;2020;3
2025;1188127;2016;2021;3
2025;72663;2016;2020;3
2025;1399618;2016;2020;4
2025;1457503;2016;2020;3
2025;1188849;2016;2021;3
2025;13723;2016;2020;3
2025;7837;2016;2019;3
2025;1292917;2016;2020;3
2025;1292725;2016;2018;3
2025;1399482;2016;2022;3
2025;86288;2016;2020;3
2025;5000978;2016;2020;3
2025;1193275;2016;2020;3
2025;1292917;2016;2020;3
2025;12345;2016;2020;3
2025;5000812;2016;2020;3
2025;5909;2016;2020;3
2025;1458090;2016;2019;3
2025;1188127;2016;2021;3
2025;1349675;2016;2020;3
2025;4082;2016;2020;3
2025;1397773;2016;2020;3
2025;9996;2016;2018;3
2025;1399481;2016;2020;3
2025;1188127;2016;2020;3
2025;5001033;2016;2020;3
2025;72669;2016;2019;3
2025;15475;2016;2019;1
2025;12345;2016;2020;3
2025;1399481;2016;2020;3
2025;14563;2016;2020;3
2025;5001300;2016;2020;3
2025;19206;2016;2020;4
2025;1445016;2016;2020;3
2025;10222;2016;2020;3
2025;1107;2016;2020;3
2025;1399618;2016;2020;4
2025;1104264;2016;2020;3
2025;1421100;2016;2020;3
2025;49060;2016;2021;3
2025;1399478;2016;2020;3
2025;1399618;2016;2020;4
2025;1439;2016;2019;3
2025;86356;2016;2020;3
2025;108014;2016;2020;3
2025;1408507;2016;2020;3
2025;1438629;2016;2020;3
2025;1191415;2016;2020;3
2025;2392;2016;2020;3
2025;1342536;2016;2020;3
2025;5001183;2016;2019;3
2025;1397773;2016;2022;3
2025;1457006;2016;2020;3
2025;12015;2016;2020;3
2025;1190621;2016;2019;3
2025;90059;2016;2020;3
2025;1399478;2016;2020;3
2025;1188127;2016;2021;3
2025;1192047;2016;2021;3
2025;1427370;2016;2019;3
2025;1188127;2016;2021;3
2025;72663;2016;2020;3
2025;93001;2016;2020;3
2025;5001294;2016;2018;3
2025;39415;2016;2020;3
2025;14234;2016;2020;3
2025;758;2016;2020;3
2025;3148;2016;2019;3
2025;20249;2016;2020;3
2025;14615;2016;2019;3
2025;59414;2016;2020;3
2025;93001;2016;2020;3
2025;1421013;2016;2020;3
2025;14359;2016;2020;3
2025;18605;2016;2020;3
2025;1267038;2016;2020;3
2025;5000930;2016;2020;3
2025;1190280;2016;2019;3
2025;49910;2016;2020;3
2025;1136509;2016;2020;3
2025;1349675;2016;2020;3
2025;1107;2016;2020;3
2025;1314146;2016;2020;3
2025;3148;2016;2020;3
2025;1135207;2016;2020;3
2025;1135207;2016;2020;3
2025;21542;2016;2019;3
2025;7676;2016;2020;3
2025;100956;2016;2020;3
2025;20058;2016;2021;3
2025;1178524;2016;2020;3
2025;868;2016;2020;3
2025;79007;2016;2022;3
2025;14975;2016;2020;3
2025;1399617;2016;2020;3
2025;60660;2016;2020;3
2025;108884;2016;2020;3
2025;1438629;2016;2020;3
2025;1399615;2016;2020;3
2025;15343;2016;2020;3
2025;72417;2016;2020;3
2025;72417;2016;2020;3
2025;1050663;2016;2020;3
2025;14975;2016;2020;3
2025;54494;2016;2019;3
2025;1390317;2016;2020;3
2025;1363536;2016;2020;3
2025;90059;2016;2020;3
2025;5001466;2016;2019;3
2025;1292869;2016;2020;3
2025;2392;2016;2020;3
2025;1421013;2016;2020;3
2025;21542;2016;2020;3
2025;1390311;2016;2020;3
2025;16904;2016;2018;3
2025;1261971;2016;2020;3
2025;1193264;2016;2020;3
2025;10222;2016;2020;3
2025;19206;2016;2023;4
2025;1445016;2016;2020;3
2025;18594;2016;2022;4
2025;2304;2016;2020;3
2025;1188900;2016;2020;3
2025;1439;2016;2022;3
2025;5000812;2016;2019;3
2025;1477973;2016;2020;3
2025;20249;2016;2020;3
2025;7837;2016;2016;3
2025;5001294;2016;2020;3
2025;107766;2016;2020;3
2025;49060;2016;2020;3
2025;72667;2016;2020;3
2025;5001101;2016;2020;3
2025;108882;2016;2020;3
2025;1399618;2016;2020;4
2025;12345;2016;2020;3
2025;1314146;2016;2020;3
2025;71859;2016;2019;3
2025;1200712;2016;2020;3
2025;12;2016;2020;3
2025;1214209;2016;2020;3
2025;5001466;2016;2020;3
2025;1317634;2016;2020;3
2025;1445016;2016;2020;3
2025;15783;2016;2020;3
2025;5001466;2016;2020;3
2025;16904;2016;2020;3
2025;69624;2016;2020;3
2025;1200712;2016;2020;3
2025;1518;2016;2019;3
2025;72663;2016;2020;3
2025;1725;2016;2020;3
2025;86288;2016;2021;3
2025;5001101;2016;2020;3
2025;38071;2016;2020;3
2025;1107;2016;2020;3
2025;90059;2016;2020;3
2025;93001;2016;2020;3
2025;12692;2016;2017;3
2025;1202546;2016;2021;3
2025;140;2016;2020;3
2025;5001294;2016;2020;3
2025;5001466;2016;2019;3
2025;9326;2016;2020;1
2025;1267038;2016;2020;3
2025;120983;2016;2020;3
2025;9805;2016;2020;3
2025;1108153;2016;2020;1
2025;7676;2016;2020;3
2025;85586;2016;2019;3
2025;1109361;2016;2020;3
2025;58412;2016;2019;3
2025;1029763;2016;2020;3
2025;9996;2016;2020;3
2025;1104264;2016;2020;3
2025;18594;2016;2020;4
2025;9805;2016;2020;3
2025;74655;2016;2020;3
2025;13866;2016;2020;3
2025;14563;2016;2020;3
2025;8437;2016;2019;3
2025;1178524;2016;2021;3
2025;86288;2016;2021;3
2025;1342449;2016;2020;3
2025;1390317;2016;2020;3
2025;12015;2016;2020;3
2025;5000980;2016;2020;3
2025;12569;2016;2020;3
2025;1397772;2016;2020;3
2025;1406536;2016;2019;3
2025;1109361;2016;2020;3
2025;1399616;2016;2018;3
2025;58412;2016;2020;3
2025;19206;2016;2020;4
2025;1180318;2016;2020;3
2025;9996;2016;2020;3
2025;1184325;2016;2021;3
2025;5000930;2016;2020;3
2025;1184325;2016;2020;3
2025;72675;2016;2020;3
2025;13723;2016;2020;3
2025;53338;2016;2020;3
2025;11114;2016;2020;3
2025;14615;2016;2019;3
2025;107766;2016;2020;3
2025;13286;2016;2019;3
2025;1314146;2016;2020;3
2025;14615;2016;2019;3
2025;51835;2016;2020;3
2025;7837;2016;2019;3
2025;1408508;2016;2020;4
2025;5001294;2016;2020;3
2025;14359;2016;2019;3
2025;59174;2016;2022;3
2025;1399478;2016;2021;3
2025;1108281;2016;2020;3
2025;90059;2016;2020;3
2025;93001;2016;2020;3
2025;66361;2016;2020;3
2025;1202539;2016;2020;3
2025;18594;2016;2020;4
2025;72663;2016;2020;3
2025;8698;2016;2023;3
2025;4503;2016;2019;3
2025;13286;2016;2019;3
2025;98506;2016;2021;3
2025;12569;2016;2017;3
2025;14563;2016;2019;3
2025;5001294;2016;2020;3
2025;80037;2016;2019;3
2025;13866;2016;2019;3
2025;1483759;2016;2020;3
2025;1192047;2016;2020;3
2025;1183958;2016;2019;3
2025;19850;2016;2020;3
2025;1292869;2016;2019;3
2025;1330031;2016;2021;3
2025;1330031;2016;2021;3
2025;1385538;2016;2017;3
2025;12569;2016;2020;3
2025;54494;2016;2020;3
2025;1190621;2016;2020;3
2025;93001;2016;2020;3
2025;868;2016;2020;3
2025;65114;2016;2021;3
2025;1264844;2016;2020;3
2025;49060;2016;2020;3
2025;1399617;2016;2020;3
2025;14563;2016;2020;3
2025;1390317;2016;2021;3
2025;1408505;2016;2020;3
2025;18605;2016;2019;3
2025;14725;2016;2019;3
2025;90483;2016;2016;3
2025;72669;2016;2020;3
2025;1408262;2016;2020;3
2025;1399483;2016;2020;3
2025;84408;2016;2020;3
2025;1192047;2016;2020;3
2025;87537;2016;2020;3
2025;1397773;2016;2021;3
2025;1334344;2016;2020;3
2025;59174;2016;2020;3
2025;15839;2016;2020;3
2025;57402;2016;2020;3
2025;15839;2016;2021;3
2025;12970;2016;2020;1
2025;150039;2016;2019;3
2025;7676;2016;2020;3
2025;1193264;2016;2020;3
2025;13453;2016;2020;3
2025;1191415;2016;2021;3
2025;1349675;2016;2020;3
2025;84352;2016;2020;3
2025;84408;2016;2020;3
2025;1314146;2016;2020;3
2025;5001294;2016;2021;3
2025;5000812;2016;2020;3
2025;5001294;2016;2020;3
2025;2392;2016;2020;3
2025;82224;2016;2020;3
2025;1184047;2016;2019;3
2025;9996;2016;2020;3
2025;97679;2016;2020;3
2025;1190621;2016;2018;3
2025;90483;2016;2016;3
2025;1188900;2016;2020;3
2025;5920;2016;2020;3
2025;1188900;2016;2020;3
2025;1173014;2016;2020;3
2025;1190667;2016;2020;3
2025;1292726;2016;2020;3
2025;1257524;2016;2020;4
2025;1438629;2016;2020;3
2025;1257562;2016;2020;3
2025;4503;2016;2020;3
2025;1171609;2016;2020;3
2025;20058;2016;2020;3
2025;1108786;2016;2020;3
2025;1399480;2016;2020;3
2025;1257777;2016;2020;3
2025;72681;2016;2020;3
2025;1518;2016;2020;3
2025;79007;2016;2020;3
2025;1349675;2016;2020;3
2025;1185076;2016;2019;3
2025;1180318;2016;2020;3
2025;90084;2016;2020;3
2025;13424;2016;2019;3
2025;100958;2016;2019;3
2025;1029204;2016;2020;3
2025;84408;2016;2020;3
2025;12970;2016;2020;1
2025;14234;2016;2020;3
2025;1879;2016;2020;3
2025;1408259;2016;2021;3
2025;1390317;2016;2020;3
2025;10222;2016;2020;3
2025;103596;2016;2021;3
2025;1135207;2016;2020;3
2025;1178524;2016;2020;3
2025;1518;2016;2019;3
2025;100956;2016;2020;3
2025;82224;2016;2020;3
2025;5001101;2016;2020;3
2025;103596;2016;2021;3
2025;12015;2016;2020;3
2025;90483;2016;2016;3
2025;82224;2016;2020;3
2025;4082;2016;2020;3
2025;65114;2016;2021;3
2025;57402;2016;2019;3
2025;1399483;2016;2020;3
2025;11233;2016;2020;3
2025;1184060;2016;2020;3
2025;1108786;2016;2020;3
2025;5000933;2016;2020;3
2025;1292869;2016;2020;3
2025;1261972;2016;2020;3
2025;13866;2016;2019;3
2025;1342449;2016;2019;3
2025;14563;2016;2020;3
2025;69624;2016;2019;3
2025;51835;2016;2020;3
2025;72675;2016;2020;3
2025;1202553;2016;2019;3
2025;12970;2016;2020;1
2025;5001314;2016;2020;3
2025;5001294;2016;2020;3
2025;1292713;2016;2019;3
2025;71689;2016;2020;3
2025;1349675;2016;2020;3
2025;1257524;2016;2021;4
2025;12813;2016;2019;3
2025;90059;2016;2020;3
2025;5909;2016;2020;3
2025;10591;2016;2020;3
2025;1026;2016;2020;3
2025;14563;2016;2020;3
2025;1399615;2016;2020;3
2025;85652;2016;2020;3
2025;13601;2016;2020;3
2025;12813;2016;2019;3
2025;1439;2016;2019;3
2025;1399485;2016;2020;3
2025;1438629;2016;2020;3
2025;58412;2016;2020;3
2025;1102360;2016;2020;3
2025;20249;2016;2020;3
2025;1278877;2016;2020;3
2025;1184325;2016;2020;3
2025;1292713;2016;2020;3
2025;53338;2016;2020;3
2025;90059;2016;2020;3
2025;1261972;2016;2020;3
2025;1188127;2016;2021;3
2025;12345;2016;2020;3
2025;4082;2016;2020;3
2025;1518495;2016;2020;3
2025;5000812;2016;2020;3
2025;3148;2016;2020;3
2025;12015;2016;2020;3
2025;1879;2016;2020;3
2025;51835;2016;2020;3
2025;74655;2016;2020;3
2025;13866;2016;2020;3
2025;9988;2016;2020;3
2025;19294;2016;2020;3
2025;4082;2016;2020;3
2025;1202573;2016;2019;3
2025;1163738;2016;2019;3
2025;1399478;2016;2020;3
2025;14093;2016;2017;3
2025;1399619;2016;2020;3
2025;1184060;2016;2020;3
2025;1029204;2016;2020;3
2025;1390317;2016;2020;3
2025;3677;2016;2020;3
2025;1272168;2016;2020;3
2025;8437;2016;2019;3
2025;1349675;2016;2020;3
2025;54494;2016;2019;3
2025;1292725;2016;2019;3
2025;57402;2016;2020;3
2025;12692;2016;2020;3
2025;1068548;2016;2019;3
2025;99476;2016;2021;3
2025;38071;2016;2020;3
2025;87941;2016;2019;3
2025;1342505;2016;2019;3
2025;1408259;2016;2020;3
2025;1200712;2016;2020;3
2025;1261972;2016;2020;3
2025;91219;2016;2019;3
2025;1178524;2016;2020;3
2025;15783;2016;2020;3
2025;5001341;2016;2020;3
2025;100958;2016;2020;3
2025;1292725;2016;2019;3
2025;15839;2016;2020;3
2025;12569;2016;2018;3
2025;91399;2016;2020;3
2025;5345;2016;2020;3
2025;14093;2016;2020;3
2025;5001294;2016;2021;3
2025;9805;2016;2020;3
2025;59414;2016;2020;3
2025;8554;2016;2020;3
2025;1200712;2016;2020;3
2025;1104264;2016;2020;3
2025;7105;2016;2020;3
2025;100688;2016;2020;3
2025;84352;2016;2020;3
2025;13200;2016;2020;3
2025;1184325;2016;2020;3
2025;1419799;2016;2020;3
2025;5000930;2016;2018;1
2025;1192188;2016;2019;3
2025;1200578;2016;2020;3
2025;10222;2016;2025;3
2025;13723;2016;2020;3
2025;11114;2016;2020;3
2025;1180318;2016;2020;3
2025;15343;2016;2020;3
2025;93001;2016;2020;3
2025;1200712;2016;2021;3
2025;1406536;2016;2019;3
2025;1050663;2016;2023;3
2025;1486298;2016;2020;3
2025;15475;2016;2020;1
2025;93001;2016;2020;3
2025;72767;2016;2020;3
2025;3148;2016;2020;3
2025;1184432;2016;2020;3
2025;1200578;2016;2019;3
2025;1518;2016;2019;3
2025;72675;2016;2018;3
2025;1179189;2016;2020;3
2025;74655;2016;2020;3
2025;9805;2016;2019;3
2025;1258023;2016;2021;3
2025;1202573;2016;2020;3
2025;90084;2016;2019;3
2025;5001294;2016;2021;3
2025;1188127;2016;2022;3
2025;1399483;2016;2020;3
2025;14975;2016;2020;3
2025;1399478;2016;2020;3
2025;13424;2016;2019;3
2025;1439;2016;2019;3
2025;7676;2016;2020;3
2025;12569;2016;2020;3
2025;12692;2016;2020;3
2025;5001167;2016;2019;3
2025;4503;2016;2020;3
2025;1485621;2016;2020;3
2025;1029204;2016;2020;3
2025;91219;2016;2020;3
2025;8960;2016;2020;3
2025;12970;2016;2020;1
2025;57852;2016;2020;3
2025;20360;2016;2020;3
2025;57402;2016;2020;3
2025;1399478;2016;2020;3
2025;100956;2016;2022;3
2025;1136509;2016;2020;3
2025;8554;2016;2020;3
2025;5909;2016;2020;3
2025;84352;2016;2020;3
2025;1518;2016;2019;3
2025;12015;2016;2020;3
2025;1109361;2016;2020;3
2025;1457503;2016;2019;3
2025;1518;2016;2019;3
2025;1202553;2016;2019;3
2025;99476;2016;2021;3
2025;14234;2016;2020;3
2025;1317634;2016;2020;3
2025;1390317;2016;2020;3
2025;11233;2016;2020;3
2025;18472;2016;2020;3
2025;1292869;2016;2020;3
2025;8554;2016;2020;3
2025;14093;2016;2020;3
2025;1107;2016;2020;3
2025;69624;2016;2020;3
2025;1438629;2016;2020;3
2025;5001294;2016;2019;3
2025;1399617;2016;2020;3
2025;37304;2016;2020;4
2025;1419799;2016;2020;3
2025;1179501;2016;2020;3
2025;14563;2016;2020;3
2025;1334344;2016;2020;3
2025;90084;2016;2022;3
2025;11316;2016;2020;3
2025;19206;2016;2020;4
2025;1349675;2016;2020;3
2025;1178524;2016;2020;3
2025;13286;2016;2018;3
2025;1278877;2016;2020;3
2025;1278877;2016;2020;3
2025;15343;2016;2020;3
2025;4082;2016;2020;3
2025;1317634;2016;2020;3
2025;1278877;2016;2020;3
2025;1879;2016;2020;3
2025;4082;2016;2020;3
2025;108014;2016;2020;3
2025;57402;2016;2018;3
2025;1292726;2016;2019;3
2025;1399484;2016;2020;3
2025;1439;2016;2019;3
2025;2348;2016;2020;3
2025;54494;2016;2019;3
2025;1168313;2016;2020;3
2025;13453;2016;2020;3
2025;1879;2016;2020;3
2025;1184432;2016;2020;3
2025;11114;2016;2020;3
2025;1448710;2016;2020;3
2025;5000930;2016;2020;3
2025;150039;2016;2019;3
2025;1399486;2016;2020;3
2025;1427370;2016;2020;3
2025;1419799;2016;2020;3
2025;1257524;2016;2020;4
2025;37304;2016;2020;4
2025;4082;2016;2020;3
2025;1292869;2016;2020;3
2025;64918;2016;2019;3
2025;66248;2016;2019;3
2025;758;2016;2020;3
2025;1292869;2016;2019;3
2025;1317634;2016;2020;3
2025;7705;2016;2020;3
2025;5000979;2016;2022;3
2025;303;2016;2019;1
2025;12970;2016;2019;1
2025;9988;2016;2020;3
2025;1184047;2016;2019;3
2025;72667;2016;2021;3
2025;65114;2016;2022;3
2025;5920;2016;2020;3
2025;1458090;2016;2020;3
2025;1399614;2016;2021;4
2025;13601;2016;2019;3
2025;1108786;2016;2020;3
2025;107766;2016;2020;3
2025;5000978;2016;2022;3
2025;98406;2016;2020;3
2025;18472;2016;2020;3
2025;103596;2016;2020;3
2025;5000980;2016;2020;3
2025;87537;2016;2020;3
2025;7676;2016;2020;3
2025;4503;2016;2020;3
2025;12970;2016;2020;1
2025;100688;2016;2020;3
2025;2348;2016;2020;3
2025;11114;2016;2020;3
2025;1261972;2016;2020;3
2025;1399615;2016;2021;3
2025;5001183;2016;2020;3
2025;5001183;2016;2020;3
2025;12692;2016;2020;3
2025;1184060;2016;2020;3
2025;1202553;2016;2019;3
2025;1102360;2016;2020;3
2025;1518;2016;2019;3
2025;1185903;2016;2020;3
2025;16236;2016;2020;3
2025;1179189;2016;2019;3
2025;1109361;2016;2018;3
2025;9996;2016;2020;3
2025;10224;2016;2020;3
2025;14234;2016;2020;3
2025;1267038;2016;2020;3
2025;1399481;2016;2020;3
2025;51835;2016;2020;3
2025;1397771;2016;2020;3
2025;1258023;2016;2021;3
2025;1257524;2016;2020;4
2025;71859;2016;2019;3
2025;1178524;2016;2020;3
2025;1399482;2016;2022;3
2025;1399614;2016;2020;4
2025;1399616;2016;2018;3
2025;1313341;2016;2020;3
2025;12569;2016;2016;3
2025;107666;2016;2020;3
2025;84352;2016;2020;3
2025;1173014;2016;2020;3
2025;1445016;2016;2019;3
2025;5920;2016;2020;3
2025;1349675;2016;2020;3
2025;91399;2016;2020;3
2025;1399484;2016;2020;3
2025;1390317;2016;2020;3
2025;14093;2016;2020;3
2025;1189778;2016;2020;3
2025;1421100;2016;2020;3
2025;97679;2016;2020;3
2025;87941;2016;2020;3
2025;19206;2016;2020;4
2025;5920;2016;2019;3
2025;1399480;2016;2020;3
2025;18594;2016;2020;4
2025;1108281;2016;2020;3
2025;1109361;2016;2020;3
2025;4503;2016;2020;3
2025;14234;2016;2020;3
2025;1408509;2016;2020;3
2025;1399614;2016;2019;4
2025;1363536;2016;2020;3
2025;20058;2016;2020;3
2025;18605;2016;2019;3
2025;13723;2016;2018;3
2025;72675;2016;2020;3
2025;65114;2016;2020;3
2025;1202573;2016;2020;3
2025;5000812;2016;2020;3
2025;51835;2016;2020;3
2025;5000812;2016;2018;3
2025;1192047;2016;2020;3
2025;74655;2016;2020;3
2025;5001314;2016;2020;3
2025;98406;2016;2020;3
2025;1408505;2016;2021;3
2025;14563;2016;2020;3
2025;13200;2016;2020;3
2025;1202547;2016;2019;3
2025;18594;2016;2020;4
2025;1518;2016;2019;3
2025;1518;2016;2019;3
2025;1192237;2016;2020;3
2025;16904;2016;2020;3
2025;5000980;2016;2020;3
2025;100688;2016;2020;3
2025;9996;2016;2020;3
2025;1178524;2016;2021;3
2025;1486822;2016;2022;3
2025;8437;2016;2019;3
2025;84408;2016;2020;3
2025;11114;2016;2020;3
2025;72767;2016;2020;3
2025;1406536;2016;2019;3
2025;5345;2016;2020;3
2025;5000933;2016;2020;3
2025;1166567;2016;2020;3
2025;9996;2016;2020;3
2025;91219;2016;2020;3
2025;1317634;2016;2020;3
2025;1261971;2016;2020;3
2025;4082;2016;2020;3
2025;1168313;2016;2020;3
2025;100956;2016;2020;3
2025;1455021;2016;2018;3
2025;3148;2016;2020;3
2025;7105;2016;2020;3
2025;1292726;2016;2020;3
2025;5345;2016;2020;3
2025;1184047;2016;2020;3
2025;1261972;2016;2020;3
2025;90483;2016;2016;3
2025;99476;2016;2020;3
2025;1725;2016;2020;3
2025;5000812;2016;2020;3
2025;72767;2016;2020;3
2025;79007;2016;2017;3
2025;7676;2016;2020;3
2025;1457503;2016;2021;3
2025;1390317;2016;2020;3
2025;90059;2016;2020;3
2025;1419799;2016;2020;3
2025;91219;2016;2020;3
2025;98506;2016;2020;3
2025;19294;2016;2018;3
2025;66361;2016;2022;3
2025;8437;2016;2020;3
2025;1295813;2016;2020;3
2025;90059;2016;2020;3
2025;9996;2016;2020;3
2025;49060;2016;2020;3
2025;1408262;2016;2020;3
2025;1518;2016;2018;3
2025;100958;2016;2020;3
2025;1390317;2016;2020;3
2025;9772;2016;2020;3
2025;1399482;2016;2022;3
2025;1200712;2016;2020;3
2025;1725;2016;2020;3
2025;11114;2016;2020;3
2025;64918;2016;2020;3
2025;14975;2016;2020;3
2025;12;2016;2020;3
2025;1258023;2016;2020;3
2025;15783;2016;2020;3
2025;5000980;2016;2020;3
2025;4720;2016;2020;3
2025;1363536;2016;2020;3
2025;8554;2016;2020;3
2025;7837;2016;2019;3
2025;1188127;2016;2020;3
2025;1184047;2016;2020;3
2025;72663;2016;2021;3
2025;107766;2016;2018;3
2025;1178524;2016;2020;3
2025;72667;2016;2024;3
2025;57852;2016;2021;3
2025;100958;2016;2020;3
2025;1518;2016;2019;3
2025;1408259;2016;2020;3
2025;1334344;2016;2021;3
2025;1629;2016;2020;3
2025;5000980;2016;2020;3
2025;12970;2016;2020;1
2025;1102360;2016;2020;3
2025;13103;2016;2019;3
2025;1184047;2016;2017;3
2025;14093;2016;2020;3
2025;7837;2016;2017;3
2025;12569;2016;2019;3
2025;12569;2016;2019;3
2025;5000812;2016;2020;3
2025;12569;2016;2020;3
2025;1264844;2016;2019;3
2025;65114;2016;2022;3
2025;12015;2016;2017;3
2025;1185076;2016;2020;3
2025;12015;2016;2020;3
2025;1029763;2016;2020;3
2025;1390317;2016;2020;3
2025;1257524;2016;2020;4
2025;14234;2016;2020;3
2025;1292725;2016;2020;3
2025;1408507;2016;2020;3
2025;1257562;2016;2020;3
2025;868;2016;2020;3
2025;1518;2016;2019;3
2025;1178524;2016;2020;3
2025;1258021;2016;2020;3
2025;87941;2016;2020;3
2025;1292917;2016;2020;3
2025;107766;2016;2020;3
2025;1321864;2016;2019;3
2025;1267038;2016;2021;3
2025;1419799;2016;2020;3
2025;1399489;2016;2020;3
2025;1313341;2016;2020;3
2025;37304;2016;2020;4
2025;1178672;2016;2020;3
2025;1108786;2016;2020;3
2025;1342536;2016;2020;3
2025;1629;2016;2020;3
2025;65114;2016;2021;3
2025;1029204;2016;2020;3
2025;5000930;2016;2020;3
2025;90059;2016;2018;3
2025;1109361;2016;2020;3
2025;1163738;2016;2019;3
2025;1408505;2016;2020;3
2025;75821;2016;2020;3
2025;13601;2016;2020;3
2025;1185025;2016;2020;3
2025;1397771;2016;2020;3
2025;14359;2016;2020;3
2025;59174;2016;2020;3
2025;1477973;2016;2020;3
2025;101228;2016;2020;3
2025;1258023;2016;2021;3
2025;1342537;2016;2019;3
2025;5000980;2016;2020;3
2025;1445016;2016;2020;3
2025;10224;2016;2020;3
2025;1183313;2016;2020;3
2025;4082;2016;2020;3
2025;1408509;2016;2020;3
2025;2392;2016;2020;3
2025;100956;2016;2020;3
2025;5001294;2016;2022;3
2025;1399489;2016;2020;3
2025;13866;2016;2018;3
2025;5001294;2016;2021;3
2025;5001294;2016;2021;3
2025;1188127;2016;2020;3
2025;59414;2016;2020;3
2025;87941;2016;2020;3
2025;58412;2016;2019;3
2025;1399618;2016;2022;4
2025;1725;2016;2020;3
2025;13200;2016;2017;3
2025;1518;2016;2019;3
2025;5000979;2016;2020;3
2025;86288;2016;2022;3
2025;1185903;2016;2020;3
2025;108882;2016;2019;3
2025;5000931;2016;2019;3
2025;11316;2016;2020;3
2025;1399477;2016;2018;3
2025;7414;2016;2020;3
2025;74655;2016;2020;3
2025;1385538;2016;2018;3
2025;1427370;2016;2020;3
2025;8437;2016;2021;3
2025;1136509;2016;2020;3
2025;1399619;2016;2020;3
2025;8554;2016;2020;3
2025;90483;2016;2016;3
2025;1029204;2016;2020;3
2025;1322329;2016;2022;3
2025;1399287;2016;2020;3
2025;19850;2016;2020;3
2025;84352;2016;2020;3
2025;5001294;2016;2016;3
2025;1408504;2016;2019;3
2025;1399478;2016;2020;3
2025;1334344;2016;2017;3
2025;1178524;2016;2020;3
2025;12692;2016;2020;3
2025;59174;2016;2020;3
2025;72669;2016;2021;3
2025;14359;2016;2020;3
2025;1399489;2016;2020;3
2025;1363536;2016;2020;3
2025;1202553;2016;2020;3
2025;90483;2016;2016;3
2025;1399287;2016;2023;3
2025;72417;2016;2020;3
2025;84352;2016;2019;3
2025;79007;2016;2019;3
2025;1399287;2016;2023;3
2025;93001;2016;2020;3
2025;18472;2016;2020;3
2025;6711;2016;2020;3
2025;12569;2016;2020;3
2025;100958;2016;2020;3
2025;1397773;2016;2019;3
2025;1445016;2016;2020;3
2025;1453564;2016;2020;3
2025;8554;2016;2020;3
2025;12569;2016;2020;3
2025;12569;2016;2018;3
2025;1184432;2016;2020;3
2025;1192047;2016;2019;3
2025;1178672;2016;2020;3
2025;18594;2016;2018;4
2025;54494;2016;2020;3
2025;1258021;2016;2020;3
2025;65114;2016;2021;3
2025;1202553;2016;2019;3
2025;1179189;2016;2019;3
2025;1342536;2016;2020;3
2025;6496;2016;2020;3
2025;1390317;2016;2020;3
2025;7676;2016;2020;3
2025;18594;2016;2018;4
2025;13601;2016;2020;3
2025;5000933;2016;2019;3
2025;1183313;2016;2020;3
2025;1184047;2016;2019;3
2025;1363536;2016;2020;3
2025;1438629;2016;2020;3
2025;4503;2016;2020;3
2025;7837;2016;2019;3
2025;87941;2016;2020;3
2025;1342537;2016;2020;3
2025;13453;2016;2020;3
2025;1187646;2016;2019;3
2025;5000980;2016;2020;3
2025;1202539;2016;2019;3
2025;1108786;2016;2020;3
2025;1390309;2016;2020;3
2025;1185903;2016;2022;3
2025;1427370;2016;2020;3
2025;113504;2016;2020;3
2025;1487290;2016;2020;3
2025;12015;2016;2020;3
2025;90483;2016;2016;3
2025;1321864;2016;2020;3
2025;1292726;2016;2020;3
2025;11446;2016;2020;3
2025;7676;2016;2020;3
2025;1317634;2016;2020;3
2025;1191415;2016;2020;3
2025;1725;2016;2020;3
2025;1518;2016;2019;3
2025;1390309;2016;2020;3
2025;1408505;2016;2020;3
2025;10224;2016;2020;3
2025;103596;2016;2021;3
2025;5000930;2016;2020;3
2025;1171609;2016;2018;3
2025;1108786;2016;2020;3
2025;20360;2016;2020;3
2025;66248;2016;2019;3
2025;1178672;2016;2020;3
2025;5001466;2016;2019;3
2025;90483;2016;2016;3
2025;1261972;2016;2019;3
2025;90483;2016;2016;3
2025;13424;2016;2019;3
2025;1408505;2016;2020;3
2025;2392;2016;2020;3
2025;12970;2016;2018;1
2025;74594;2016;2020;3
2025;10224;2016;2020;3
2025;90483;2016;2016;3
2025;1026;2016;2020;3
2025;91399;2016;2020;3
2025;1421100;2016;2020;3
2025;93001;2016;2020;3
2025;9772;2016;2020;3
2025;74655;2016;2020;3
2025;7705;2016;2020;3
2025;1390317;2016;2020;3
2025;1399617;2016;2020;3
2025;1330031;2016;2020;3
2025;13866;2016;2019;3
2025;5909;2016;2020;3
2025;3148;2016;2020;3
2025;1202539;2016;2019;3
2025;90483;2016;2016;3
2025;1267038;2016;2018;3
2025;5001300;2016;2020;3
2025;5206;2016;2021;3
2025;1390309;2016;2020;3
2025;100956;2016;2020;3
2025;7837;2016;2021;3
2025;75821;2016;2020;3
2025;5000812;2016;2020;3
2025;1317634;2016;2020;3
2025;108882;2016;2020;3
2025;5001033;2016;2020;3
2025;1272168;2016;2020;3
2025;5001033;2016;2020;3
2025;87941;2016;2021;3
2025;868;2016;2020;3
2025;1427370;2016;2019;3
2025;5001033;2016;2020;3
2025;1399618;2016;2020;4
2025;19206;2016;2025;4
2025;1163738;2016;2019;3
2025;1385538;2016;2019;3
2025;16904;2016;2020;3
2025;1059179;2016;2020;3
2025;15343;2016;2020;3
2025;20249;2016;2020;3
2025;58412;2016;2020;3
2025;7676;2016;2020;3
2025;1261972;2016;2020;3
2025;13601;2016;2020;3
2025;12569;2016;2020;3
2025;10224;2016;2020;3
2025;13286;2016;2019;3
2025;1264844;2016;2020;3
2025;14615;2016;2019;3
2025;13200;2016;2020;3
2025;7676;2016;2020;3
2025;1408261;2016;2019;3
2025;8554;2016;2020;3
2025;120983;2016;2020;3
2025;14359;2016;2020;3
2025;3677;2016;2020;3
2025;57402;2016;2019;3
2025;5001466;2016;2019;3
2025;10224;2016;2019;3
2025;5206;2016;2020;3
2025;1427370;2016;2022;3
2025;12692;2016;2019;3
2025;7676;2016;2020;3
2025;1399484;2016;2020;3
2025;2918;2016;2019;3
2025;90483;2016;2016;3
2025;1879;2016;2020;3
2025;100958;2016;2020;3
2025;1399481;2016;2021;3
2025;3418;2016;2020;3
2025;16904;2016;2020;3
2025;87941;2016;2020;3
2025;19850;2016;2020;3
2025;13200;2016;2019;3
2025;20360;2016;2020;3
2025;1190280;2016;2019;3
2025;1292726;2016;2020;3
2025;7705;2016;2021;3
2025;1399618;2016;2020;4
2025;1189778;2016;2020;3
2025;8437;2016;2017;3
2025;86288;2016;2020;3
2025;108014;2016;2020;3
2025;1202546;2016;2020;3
2025;1629;2016;2020;3
2025;14615;2016;2017;3
2025;1399481;2016;2021;3
2025;1399616;2016;2020;3
2025;20249;2016;2021;3
2025;1136509;2016;2019;3
2025;1173014;2016;2020;3
2025;6496;2016;2020;3
2025;21542;2016;2020;3
2025;13200;2016;2020;3
2025;1261972;2016;2019;3
2025;14359;2016;2020;3
2025;1313341;2016;2020;3
2025;5001033;2016;2020;3
2025;39415;2016;2019;3
2025;72669;2016;2020;3
2025;1257777;2016;2020;3
2025;100958;2016;2019;3
2025;8960;2016;2020;3
2025;5000812;2016;2018;3
2025;65114;2016;2022;3
2025;84352;2016;2020;3
2025;21542;2016;2019;3
2025;12569;2016;2019;3
2025;90483;2016;2016;3
2025;39415;2016;2020;3
2025;74655;2016;2020;3
2025;2304;2016;2020;3
2025;1448710;2016;2019;3
2025;1397771;2016;2020;3
2025;11114;2016;2021;3
2025;11233;2016;2020;3
2025;15343;2016;2020;3
2025;9326;2016;2020;1
2025;3148;2016;2020;3
2025;484;2016;2019;3
2025;5001294;2016;2020;3
2025;12015;2016;2020;3
2025;54494;2016;2020;3
2025;1292725;2016;2019;3
2025;5001294;2016;2018;3
2025;14975;2016;2020;3
2025;100958;2016;2019;3
2025;1385521;2016;2020;3
2025;1163738;2016;2020;3
2025;14234;2016;2020;3
2025;82224;2016;2023;3
2025;18605;2016;2018;3
2025;1136509;2016;2020;3
2025;74594;2016;2020;3
2025;5000930;2016;2019;3
2025;1261972;2016;2018;3
2025;72669;2016;2020;3
2025;1193275;2016;2020;3
2025;12692;2016;2020;3
2025;5000812;2016;2020;3
2025;1518;2016;2019;3
2025;1408259;2016;2020;3
2025;1399617;2016;2020;3
2025;93001;2016;2020;3
2025;1385538;2016;2020;3
2025;1026;2016;2020;3
2025;1427370;2016;2020;3
2025;49060;2016;2020;3
2025;1518;2016;2019;3
2025;20249;2016;2020;3
2025;66361;2016;2022;3
2025;64706;2016;2021;3
2025;19206;2016;2020;4
2025;12;2016;2019;3
2025;1399616;2016;2019;3
2025;868;2016;2020;3
2025;1184325;2016;2020;3
2025;100958;2016;2020;3
2025;12345;2016;2020;3
2025;5000841;2016;2020;3
2025;1257777;2016;2021;3
2025;1518;2016;2019;3
2025;1314146;2016;2020;3
2025;65114;2016;2021;3
2025;12970;2016;2020;1
2025;14093;2016;2020;3
2025;1292917;2016;2020;3
2025;66248;2016;2019;3
2025;14234;2016;2020;3
2025;5909;2016;2020;3
2025;1192237;2016;2020;3
2025;1261971;2016;2020;3
2025;1487290;2016;2020;3
2025;1408507;2016;2020;3
2025;86288;2016;2020;3
2025;1135207;2016;2020;3
2025;54494;2016;2019;3
2025;1192237;2016;2020;3
2025;18447;2016;2018;3
2025;13723;2016;2020;3
2025;1399488;2016;2020;3
2025;2392;2016;2020;3
2025;9996;2016;2020;3
2025;1029204;2016;2020;3
2025;1322329;2016;2020;3
2025;1421013;2016;2020;3
2025;1399616;2016;2020;3
2025;65924;2016;2019;3
2025;1399481;2016;2020;3
2025;91219;2016;2020;3
2025;1385521;2016;2020;3
2025;1292917;2016;2020;3
2025;20360;2016;2020;3
2025;10591;2016;2020;3
2025;13866;2016;2020;3
2025;12970;2016;2020;1
2025;72663;2016;2020;3
2025;1179189;2016;2020;3
2025;1439;2016;2020;3
2025;1292725;2016;2020;3
2025;108882;2016;2020;3
2025;1173014;2016;2019;3
2025;65114;2016;2022;3
2025;758;2016;2020;3
2025;79007;2016;2020;3
2025;1108786;2016;2021;3
2025;1399487;2016;2020;3
2025;72669;2016;2020;3
2025;1390311;2016;2019;3
2025;1518;2016;2019;3
2025;72767;2016;2020;3
2025;100958;2016;2020;3
2025;57852;2016;2020;3
2025;1292917;2016;2020;3
2025;64918;2016;2020;3
2025;20249;2016;2020;3
2025;3677;2016;2020;3
2025;1292725;2016;2019;3
2025;64918;2016;2020;3
2025;7705;2016;2019;3
2025;15343;2016;2020;3
2025;1421100;2016;2020;3
2025;1257562;2016;2020;3
2025;6711;2016;2020;3
2025;13103;2016;2020;3
2025;84408;2016;2020;3
2025;1202539;2016;2019;3
2025;10222;2016;2020;3
2025;5001294;2016;2021;3
2025;4720;2016;2020;3
2025;107766;2016;2020;3
2025;150039;2016;2019;3
2025;1272168;2016;2020;3
2025;1486298;2016;2020;3
2025;84408;2016;2020;3
2025;13723;2016;2020;3
2025;18447;2016;2019;3
2025;1178672;2016;2020;3
2025;1264844;2016;2017;3
2025;18594;2016;2020;4
2025;1406536;2016;2019;3
2025;98406;2016;2020;3
2025;86288;2016;2020;3
2025;19434;2016;2020;3
2025;1399487;2016;2020;3
2025;5001294;2016;2020;3
2025;5001314;2016;2020;3
2025;1397772;2016;2020;3
2025;5001101;2016;2020;3
2025;11446;2016;2020;3
2025;1408262;2016;2020;3
2025;12569;2016;2019;3
2025;10224;2016;2020;3
2025;11233;2016;2020;3
2025;1173014;2016;2020;3
2025;1327450;2016;2020;3
2025;85652;2016;2020;3
2025;7705;2016;2020;3
2025;1879;2016;2020;3
2025;12970;2016;2020;1
2025;1399614;2016;2020;4
2025;1483805;2016;2020;3
2025;14563;2016;2019;3
2025;1168313;2016;2020;3
2025;1187646;2016;2019;3
2025;86288;2016;2020;3
2025;108882;2016;2020;3
2025;8437;2016;2020;3
2025;51835;2016;2020;3
2025;82224;2016;2020;3
2025;1109361;2016;2020;3
2025;93001;2016;2020;3
2025;1180318;2016;2020;3
2025;1385521;2016;2020;3
2025;64706;2016;2020;3
2025;5001183;2016;2020;3
2025;11233;2016;2020;3
2025;66248;2016;2020;3
2025;113504;2016;2020;3
2025;1193264;2016;2020;3
2025;1322329;2016;2020;3
2025;1408261;2016;2020;3
2025;1879;2016;2021;3
2025;65924;2016;2019;3
2025;1421013;2016;2020;3
2025;1108786;2016;2020;3
2025;1385521;2016;2019;3
2025;1363536;2016;2020;3
2025;51835;2016;2020;3
2025;75821;2016;2020;3
2025;1385538;2016;2020;3
2025;100958;2016;2020;3
2025;1399487;2016;2020;3
2025;1385521;2016;2020;3
2025;85652;2016;2020;3
2025;91219;2016;2020;3
2025;65114;2016;2022;3
2025;1261971;2016;2020;3
2025;98506;2016;2020;3
2025;18472;2016;2020;3
2025;1485621;2016;2023;3
2025;9326;2016;2020;1
2025;1390317;2016;2020;3
2025;90483;2016;2016;3
2025;1399487;2016;2020;3
2025;868;2016;2020;3
2025;1399487;2016;2020;3
2025;1439;2016;2020;3
2025;12;2016;2020;3
2025;5000812;2016;2019;3
2025;1399617;2016;2019;3
2025;1202553;2016;2019;3
2025;1477973;2016;2020;3
2025;72669;2016;2020;3
2025;1385521;2016;2020;3
2025;66248;2016;2020;3
2025;87941;2016;2020;3
2025;1202553;2016;2019;3
2025;85652;2016;2019;3
2025;12345;2016;2021;3
2025;1342505;2016;2019;3
2025;1202539;2016;2020;3
2025;100958;2016;2020;3
2025;100956;2016;2021;3
2025;1399487;2016;2020;3
2025;1399487;2016;2020;3
2025;59414;2016;2019;3
2025;9772;2016;2020;3
2025;1184432;2016;2019;3
2025;54494;2016;2019;3
2025;12970;2016;2017;1
2025;5000001;2016;2020;3
2025;1136509;2016;2020;3
2025;1183313;2016;2020;3
2025;1321864;2016;2020;3
2025;1278877;2016;2020;3
2025;1190280;2016;2019;3
2025;1321864;2016;2020;3
2025;19850;2016;2020;3
2025;868;2016;2020;3
2025;1385521;2016;2020;3
2025;1183313;2016;2020;3
2025;1187646;2016;2019;3
2025;74655;2016;2020;3
2025;1183313;2016;2020;3
2025;37304;2016;2022;4
2025;91399;2016;2020;3
2025;85652;2016;2019;3
2025;5001033;2016;2020;3
2025;12;2016;2020;3
2025;1183313;2016;2020;3
2025;868;2016;2020;3
2025;39415;2016;2020;3
2025;1399487;2016;2020;3
2025;48854;2016;2022;3
2025;12970;2016;2020;1
2025;1477973;2016;2020;3
2025;1408262;2016;2020;3
2025;1202547;2016;2019;3
2025;1104264;2016;2020;3
2025;1108281;2016;2022;3
2025;91219;2016;2019;3
2025;21542;2016;2019;3
2025;1363536;2016;2021;3
2025;1399618;2016;2020;4
2025;87537;2016;2020;3
2025;5001033;2016;2020;3
2025;15839;2016;2020;3
2025;1108153;2016;2020;1
2025;4082;2016;2020;3
2025;99476;2016;2021;3
2025;2348;2016;2020;3
2025;1189778;2016;2020;3
2025;15783;2016;2019;3
2025;1190280;2016;2019;3
2025;6496;2016;2020;3
2025;1136509;2016;2020;3
2025;1321864;2016;2020;3
2025;72681;2016;2020;3
2025;1439;2016;2019;3
2025;19206;2016;2020;4
2025;87537;2016;2020;3
2025;1178672;2016;2020;3
2025;1183313;2016;2020;3
2025;1421100;2016;2020;3
2025;5920;2016;2020;3
2025;5000979;2016;2020;3
2025;1178524;2016;2020;3
2025;51835;2016;2020;3
2025;19434;2016;2019;3
2025;12970;2016;2020;1
2025;72681;2016;2020;3
2025;48854;2016;2020;3
2025;758;2016;2020;3
2025;1399479;2016;2020;3
2025;1408507;2016;2020;3
2025;1427370;2016;2020;3
2025;1385538;2016;2020;3
2025;1314146;2016;2020;3
2025;19850;2016;2020;3
2025;1192188;2016;2020;3
2025;6496;2016;2020;3
2025;12813;2016;2020;3
2025;1419799;2016;2020;3
2025;1399617;2016;2020;3
2025;85652;2016;2019;3
2025;1483768;2016;2020;3
2025;49060;2016;2019;3
2025;16904;2016;2019;3
2025;1108786;2016;2020;3
2025;1408507;2016;2020;3
2025;1427420;2016;2020;3
2025;6496;2016;2022;3
2025;1408507;2016;2020;3
2025;66248;2016;2020;3
2025;1185076;2016;2020;3
2025;13723;2016;2020;3
2025;1183313;2016;2020;3
2025;1202539;2016;2019;3
2025;4082;2016;2020;3
2025;5001466;2016;2018;3
2025;75821;2016;2019;3
2025;1261972;2016;2020;3
2025;1399478;2016;2020;3
2025;4503;2016;2020;3
2025;1173014;2016;2020;3
2025;1192188;2016;2020;3
2025;79007;2016;2020;3
2025;1518;2016;2019;3
2025;5001033;2016;2020;3
2025;10224;2016;2020;3
2025;15839;2016;2020;3
2025;64706;2016;2020;3
2025;5000979;2016;2020;3
2025;1439;2016;2020;3
2025;1518;2016;2021;3
2025;12569;2016;2020;3
2025;1321864;2016;2020;3
2025;1427370;2016;2023;3
2025;1399477;2016;2022;3
2025;12970;2016;2020;1
2025;1342505;2016;2019;3
2025;100688;2016;2020;3
2025;13866;2016;2020;3
2025;39415;2016;2020;3
2025;1438629;2016;2019;3
2025;1180318;2016;2020;3
2025;72663;2016;2020;3
2025;14615;2016;2020;3
2025;1483759;2016;2020;3
2025;60660;2016;2020;3
2025;9772;2016;2020;3
2025;72663;2016;2020;3
2025;1518;2016;2019;3
2025;1518;2016;2019;3
2025;4503;2016;2020;3
2025;1050663;2016;2020;3
2025;1171609;2016;2019;3
2025;97679;2016;2020;3
2025;5001341;2016;2020;3
2025;7676;2016;2020;3
2025;5206;2016;2019;3
2025;2392;2016;2020;3
2025;1178524;2016;2021;3
2025;1879;2016;2020;3
2025;87537;2016;2020;3
2025;18605;2016;2021;3
2025;1518;2016;2019;3
2025;1146605;2016;2019;3
2025;5001341;2016;2020;3
2025;108882;2016;2020;3
2025;19434;2016;2020;3
2025;2695;2016;2020;3
2025;4720;2016;2020;3
2025;19294;2016;2020;3
2025;1421013;2016;2021;3
2025;5000979;2016;2022;3
2025;13103;2016;2020;3
2025;84352;2016;2020;3
2025;13601;2016;2020;3
2025;2918;2016;2017;3
2025;1178524;2016;2022;3
2025;13286;2016;2019;3
2025;1408507;2016;2020;3
2025;1453564;2016;2019;3
2025;1629;2016;2020;3
2025;13103;2016;2020;3
2025;1101742;2016;2019;3
2025;5345;2016;2018;3
2025;1163738;2016;2020;3
2025;72663;2016;2020;3
2025;13286;2016;2019;3
2025;74655;2016;2020;3
2025;3677;2016;2020;3
2025;5000930;2016;2020;1
2025;1108786;2016;2020;3
2025;13424;2016;2019;3
2025;19206;2016;2020;4
2025;13453;2016;2020;3
2025;59174;2016;2020;3
2025;16236;2016;2020;3
2025;1427370;2016;2020;3
2025;1327450;2016;2020;3
2025;100958;2016;2020;3
2025;1185025;2016;2020;3
2025;11114;2016;2020;3
2025;6496;2016;2020;3
2025;11316;2016;2020;3
2025;11114;2016;2020;3
2025;1477973;2016;2020;3
2025;108882;2016;2020;3
2025;49910;2016;2019;3
2025;1629;2016;2020;3
2025;74655;2016;2020;3
2025;1427370;2016;2020;3
2025;72669;2016;2021;3
2025;1477973;2016;2020;3
2025;19850;2016;2020;3
2025;1399614;2016;2020;4
2025;8960;2016;2020;3
2025;12569;2016;2020;3
2025;1188849;2016;2020;3
2025;51835;2016;2020;3
2025;82224;2016;2021;3
2025;1421013;2016;2020;3
2025;72669;2016;2020;3
2025;7676;2016;2020;3
2025;11114;2016;2020;3
2025;12569;2016;2019;3
2025;75821;2016;2019;3
2025;5001294;2016;2021;3
2025;1108786;2016;2020;3
2025;1390309;2016;2020;3
2025;1399478;2016;2020;3
2025;1193275;2016;2020;3
2025;12569;2016;2020;3
2025;10222;2016;2020;3
2025;1327450;2016;2020;3
2025;13424;2016;2019;3
2025;66248;2016;2019;3
2025;98506;2016;2020;3
2025;758;2016;2020;3
2025;100956;2016;2020;3
2025;5001294;2016;2020;3
2025;82224;2016;2020;3
2025;1399489;2016;2020;3
2025;1292725;2016;2020;3
2025;1108281;2016;2020;3
2025;84352;2016;2019;3
2025;59414;2016;2020;3
2025;140;2016;2021;3
2025;1399618;2016;2020;4
2025;1399489;2016;2020;3
2025;1397772;2016;2020;3
2025;1399484;2016;2020;3
2025;1163738;2016;2019;3
2025;1026;2016;2019;3
2025;57402;2016;2020;3
2025;5000979;2016;2020;3
2025;13723;2016;2020;3
2025;1448710;2016;2020;3
2025;1135207;2016;2020;3
2025;84352;2016;2020;3
2025;91219;2016;2020;3
2025;4503;2016;2020;3
2025;64918;2016;2020;3
2025;8437;2016;2020;3
2025;8698;2016;2019;3
2025;1725;2016;2020;3
2025;1448710;2016;2020;3
2025;59414;2016;2020;3
2025;72767;2016;2018;3
2025;84408;2016;2020;3
2025;72669;2016;2020;3
2025;98506;2016;2020;3
2025;2695;2016;2019;3
2025;15839;2016;2020;3
2025;108884;2016;2020;3
2025;1029204;2016;2020;3
2025;5001427;2016;2020;3
2025;57852;2016;2020;3
2025;1438629;2016;2020;3
2025;1261971;2016;2020;3
2025;107766;2016;2020;3
2025;1029204;2016;2020;3
2025;8698;2016;2020;3
2025;20249;2016;2020;3
2025;65114;2016;2021;3
2025;1439;2016;2020;3
2025;5000001;2016;2019;3
2025;1185903;2016;2020;3
2025;5001183;2016;2020;3
2025;1178672;2016;2020;3
2025;1102360;2016;2020;3
2025;1477973;2016;2020;3
2025;1421013;2016;2020;3
2025;1257524;2016;2020;4
2025;64918;2016;2020;3
2025;11114;2016;2020;3
2025;1168313;2016;2020;3
2025;1180318;2016;2020;3
2025;1399484;2016;2020;3
2025;97679;2016;2020;3
2025;1327450;2016;2020;3
2025;5000979;2016;2022;3
2025;108882;2016;2020;3
2025;1050663;2016;2020;3
2025;93001;2016;2020;3
2025;1342449;2016;2019;3
2025;13103;2016;2020;3
2025;1192188;2016;2020;3
2025;1399617;2016;2020;3
2025;1408259;2016;2020;3
2025;1399477;2016;2023;3
2025;2304;2016;2020;3
2025;4082;2016;2020;3
2025;5000979;2016;2020;3
2025;9326;2016;2020;1
2025;72663;2016;2020;3
2025;19294;2016;2021;3
2025;8554;2016;2020;3
2025;72663;2016;2020;3
2025;8960;2016;2020;3
2025;13453;2016;2020;3
2025;1427419;2016;2019;3
2025;1397772;2016;2023;3
2025;1202553;2016;2018;3
2025;13286;2016;2019;3
2025;86356;2016;2020;3
2025;1178524;2016;2020;3
2025;14563;2016;2020;3
2025;15343;2016;2020;3
2025;1445016;2016;2020;3
2025;868;2016;2021;3
2025;13286;2016;2019;3
2025;90059;2016;2020;3
2025;13103;2016;2020;3
2025;4503;2016;2019;3
2025;90059;2016;2020;3
2025;1272168;2016;2020;3
2025;65114;2016;2022;3
2025;84408;2016;2020;3
2025;20249;2016;2020;3
2025;13103;2016;2020;3
2025;75821;2016;2020;3
2025;1477973;2016;2020;3
2025;1453564;2016;2020;3
2025;82224;2016;2020;3
2025;15343;2016;2020;3
2025;5000812;2016;2020;3
2025;1192237;2016;2020;3
2025;1104264;2016;2020;3
2025;1448710;2016;2020;3
2025;1427419;2016;2019;3
2025;3148;2016;2020;3
2025;5000979;2016;2020;3
2025;1879;2016;2020;3
2025;1050663;2016;2020;3
2025;4503;2016;2020;3
2025;4503;2016;2019;3
2025;60660;2016;2020;3
2025;108884;2016;2020;3
2025;1399478;2016;2020;3
2025;5920;2016;2019;3
2025;108882;2016;2020;3
2025;60660;2016;2020;3
2025;51835;2016;2020;3
2025;1397771;2016;2020;3
2025;12970;2016;2020;1
2025;1178524;2016;2020;3
2025;82224;2016;2020;3
2025;64918;2016;2020;3
2025;1108786;2016;2020;3
2025;103596;2016;2020;3
2025;1399481;2016;2020;3
2025;1342536;2016;2021;3
2025;140;2016;2020;3
2025;85652;2016;2020;3
2025;108884;2016;2020;3
2025;1457503;2016;2020;3
2025;15343;2016;2020;3
2025;108882;2016;2020;3
2025;108882;2016;2020;3
2025;39415;2016;2020;3
2025;10591;2016;2020;3
2025;9772;2016;2020;3
2025;1184325;2016;2020;3
2025;72667;2016;2020;3
2025;59174;2016;2020;3
2025;16236;2016;2020;3
2025;108884;2016;2020;3
2025;72667;2016;2020;3
2025;1173014;2016;2020;3
2025;12970;2016;2020;1
2025;108882;2016;2020;3
2025;1629;2016;2020;3
2025;1185076;2016;2018;3
2025;1135207;2016;2020;3
2025;1321864;2016;2020;3
2025;84352;2016;2019;3
2025;108884;2016;2020;3
2025;868;2016;2020;3
2025;100958;2016;2020;3
2025;1191415;2016;2020;3
2025;9326;2016;2020;1
2025;1202553;2016;2020;3
2025;1200712;2016;2020;3
2025;1146605;2016;2019;3
2025;1321864;2016;2020;3
2025;72669;2016;2020;3
2025;1399616;2016;2020;3
2025;90091;2016;2020;3
2025;1192237;2016;2020;3
2025;108884;2016;2020;3
2025;90059;2016;2020;3
2025;1108786;2016;2020;3
2025;1278877;2016;2020;3
2025;11316;2016;2020;3
2025;3148;2016;2020;3
2025;7705;2016;2020;3
2025;86356;2016;2020;3
2025;1399486;2016;2020;3
2025;100958;2016;2019;3
2025;14093;2016;2020;3
2025;108884;2016;2020;3
2025;1518495;2016;2020;3
2025;108882;2016;2020;3
2025;108884;2016;2020;3
2025;1184325;2016;2020;3
2025;100958;2016;2019;3
2025;58412;2016;2019;3
2025;1427419;2016;2019;3
2025;1438629;2016;2020;3
2025;1321864;2016;2020;3
2025;5001466;2016;2019;3
2025;11446;2016;2020;3
2025;97679;2016;2020;3
2025;1202553;2016;2020;3
2025;108884;2016;2020;3
2025;1385538;2016;2019;3
2025;108884;2016;2020;3
2025;59174;2016;2022;3
2025;11114;2016;2020;3
2025;1136509;2016;2020;3
2025;48854;2016;2020;3
2025;1190280;2016;2019;3
2025;5001341;2016;2020;3
2025;12015;2016;2020;3
2025;108882;2016;2020;3
2025;19294;2016;2020;3
2025;5000930;2016;2020;3
2025;72667;2016;2019;3
2025;108884;2016;2020;3
2025;9772;2016;2020;3
2025;1399486;2016;2020;3
2025;1257524;2016;2020;4
2025;86356;2016;2020;3
2025;51835;2016;2020;3
2025;108884;2016;2020;3
2025;82224;2016;2020;3
2025;1397771;2016;2020;3
2025;1457006;2016;2019;3
2025;64918;2016;2019;3
2025;54494;2016;2020;3
2025;7705;2016;2020;3
2025;1390309;2016;2020;3
2025;1188127;2016;2021;3
2025;1202553;2016;2020;3
2025;12813;2016;2020;3
2025;7105;2016;2020;3
2025;1385538;2016;2020;3
2025;18472;2016;2020;3
2025;12015;2016;2020;3
2025;38071;2016;2020;3
2025;5000980;2016;2020;3
2025;13103;2016;2020;3
2025;14234;2016;2020;3
2025;1214209;2016;2021;3
2025;11316;2016;2020;3
2025;5001450;2016;2020;3
2025;5001450;2016;2020;3
2025;5001450;2016;2020;3
2025;74655;2016;2020;3
2025;4082;2016;2020;3
2025;1399484;2016;2020;3
2025;1399487;2016;2020;3
2025;15839;2016;2017;3
2025;1192237;2016;2020;3
2025;1397772;2016;2020;3
2025;37304;2016;2020;4
2025;108884;2016;2020;3
2025;5345;2016;2020;3
2025;1180318;2016;2020;3
2025;1295813;2016;2020;3
2025;57402;2016;2020;3
2025;13424;2016;2018;3
2025;108884;2016;2020;3
2025;69624;2016;2020;3
2025;150039;2016;2019;3
2025;1173014;2016;2020;3
2025;1292726;2016;2018;3
2025;108884;2016;2020;3
2025;57402;2016;2019;3
2025;12813;2016;2019;3
2025;1257524;2016;2021;4
2025;11114;2016;2020;3
2025;13103;2016;2020;3
2025;101228;2016;2020;3
2025;108884;2016;2020;3
2025;108014;2016;2020;3
2025;108884;2016;2020;3
2025;4082;2016;2020;3
2025;5001450;2016;2020;3
2025;58412;2016;2020;3
2025;1349675;2016;2020;3
2025;5001450;2016;2020;3
2025;1184325;2016;2020;3
2025;12970;2016;2020;1
2025;758;2016;2020;3
2025;5001101;2016;2020;3
2025;107666;2016;2020;3
2025;1192237;2016;2020;3
2025;11233;2016;2020;3
2025;1399484;2016;2020;2
2025;93001;2016;2020;3
2025;1185076;2016;2020;3
2025;1180318;2016;2020;3
2025;18472;2016;2020;3
2025;11233;2016;2020;3
2025;1399480;2016;2020;3
2025;1214209;2016;2020;3
2025;6496;2016;2020;3
2025;74655;2016;2020;3
2025;1406536;2016;2019;3
2025;1272168;2016;2020;3
2025;1185076;2016;2019;3
2025;65114;2016;2021;3
2025;1419799;2016;2020;3
2025;8437;2016;2020;3
2025;1272168;2016;2020;3
2025;1342610;2016;2019;3
2025;1487491;2016;2019;3
2025;1108281;2016;2020;3
2025;15839;2016;2020;3
2025;5001450;2016;2020;3
2025;1334344;2016;2018;3
2025;1408505;2016;2020;3
2025;72669;2016;2020;3
2025;13453;2016;2020;3
2025;1477973;2016;2020;3
2025;91399;2016;2020;3
2025;86356;2016;2020;3
2025;12692;2016;2017;3
2025;7705;2016;2020;3
2025;1258021;2016;2020;3
2025;74655;2016;2020;3
2025;1399484;2016;2020;3
2025;86356;2016;2020;3
2025;13723;2016;2020;3
2025;86356;2016;2020;3
2025;86356;2016;2020;3
2025;1202553;2016;2020;3
2025;1419799;2016;2020;3
2025;12569;2016;2020;3
2025;2695;2016;2020;3
2025;1455021;2016;2018;3
2025;87537;2016;2020;3
2025;5000931;2016;2020;3
2025;8554;2016;2020;3
2025;75821;2016;2020;3
2025;7705;2016;2020;3
2025;108884;2016;2020;3
2025;1342449;2016;2022;3
2025;1292917;2016;2020;3
2025;72669;2016;2020;3
2025;1050663;2016;2019;3
2025;5001183;2016;2020;4
2025;108884;2016;2020;3
2025;18472;2016;2021;3
2025;12015;2016;2021;3
2025;1178672;2016;2020;3
2025;80037;2016;2019;3
2025;5001300;2016;2020;3
2025;1029204;2016;2020;3
2025;108014;2016;2021;3
2025;72667;2016;2020;3
2025;1725;2016;2020;3
2025;18605;2016;2020;3
2025;93001;2016;2017;3
2025;14725;2016;2019;3
2025;1108786;2016;2019;3
2025;97679;2016;2020;3
2025;85652;2016;2020;3
2025;64918;2016;2020;3
2025;1397771;2016;2020;3
2025;13103;2016;2020;3
2025;86356;2016;2019;3
2025;1399617;2016;2020;3
2025;18447;2016;2020;3
2025;86356;2016;2020;3
2025;108884;2016;2022;3
2025;87941;2016;2020;3
2025;72667;2016;2020;3
2025;1104264;2016;2020;3
2025;1202553;2016;2019;3
2025;97679;2016;2020;3
2025;1342537;2016;2020;3
2025;1200578;2016;2020;3
2025;14359;2016;2020;3
2025;9996;2016;2020;3
2025;72667;2016;2019;3
2025;5000812;2016;2020;3
2025;21542;2016;2020;3
2025;13453;2016;2020;3
2025;8698;2016;2020;3
2025;18594;2016;2020;4
2025;1184432;2016;2020;3
2025;18472;2016;2020;3
2025;87537;2016;2020;3
2025;1185903;2016;2021;3
2025;1135207;2016;2020;3
2025;93001;2016;2020;3
2025;12569;2016;2020;3
2025;84352;2016;2020;3
2025;108882;2016;2020;3
2025;100958;2016;2019;3
2025;1390317;2016;2020;3
2025;1399478;2016;2020;3
2025;1050663;2016;2020;3
2025;74655;2016;2020;3
2025;12813;2016;2019;3
2025;98409;2016;2020;3
2025;1427370;2016;2019;3
2025;12813;2016;2021;3
2025;5000812;2016;2021;3
2025;15783;2016;2020;3
2025;57852;2016;2020;3
2025;98506;2016;2020;3
2025;51835;2016;2021;3
2025;12569;2016;2020;3
2025;16904;2016;2020;3
2025;74594;2016;2020;3
2025;5000930;2016;2020;3
2025;12692;2016;2020;3
2025;13103;2016;2020;3
2025;14359;2016;2020;3
2025;1050663;2016;2020;3
2025;5000981;2016;2020;3
2025;1185076;2016;2019;3
2025;90483;2016;2016;3
2025;9326;2016;2020;1
2025;1399480;2016;2020;3
2025;1427420;2016;2023;3
2025;5000978;2016;2020;3
2025;13723;2016;2020;3
2025;74655;2016;2020;3
2025;1317634;2016;2020;3
2025;13424;2016;2019;3
2025;97679;2016;2020;3
2025;18472;2016;2020;3
2025;60660;2016;2020;3
2025;5001101;2016;2020;3
2025;5920;2016;2020;3
2025;37304;2016;2020;4
2025;5001183;2016;2022;4
2025;5000978;2016;2020;3
2025;1399481;2016;2020;3
2025;74655;2016;2020;3
2025;1257524;2016;2021;4
2025;1317634;2016;2020;3
2025;57402;2016;2021;3
2025;97679;2016;2018;3
2025;389;2016;2019;1
2025;7676;2016;2020;3
2025;18605;2016;2017;3
2025;1292725;2016;2020;3
2025;1390317;2016;2020;3
2025;1193759;2016;2021;3
2025;99476;2016;2021;3
2025;49910;2016;2019;3
2025;14359;2016;2020;3
2025;11446;2016;2020;3
2025;18594;2016;2018;4
2025;1190280;2016;2019;3
2025;12970;2016;2020;1
2025;9996;2016;2020;3
2025;1342449;2016;2018;3
2025;1317634;2016;2020;3
2025;72669;2016;2019;3
2025;5000979;2016;2021;3
2025;1184325;2016;2020;3
2025;1295813;2016;2020;3
2025;5000980;2016;2020;3
2025;100958;2016;2019;3
2025;21542;2016;2019;3
2025;66361;2016;2020;3
2025;1342536;2016;2018;3
2025;108882;2016;2020;3
2025;20249;2016;2020;3
2025;98406;2016;2020;3
2025;13723;2016;2020;3
2025;12813;2016;2020;3
2025;1178672;2016;2020;3
2025;1518;2016;2018;3
2025;1390311;2016;2020;3
2025;1295813;2016;2020;3
2025;868;2016;2020;3
2025;1135207;2016;2020;3
2025;1184432;2016;2020;3
2025;14975;2016;2019;3
2025;1188849;2016;2020;3
2025;140;2016;2022;3
2025;1214209;2016;2020;3
2025;1408507;2016;2020;3
2025;1059179;2016;2020;3
2025;75821;2016;2021;3
2025;1313341;2016;2020;3
2025;5000981;2016;2020;3
2025;11114;2016;2020;3
2025;5001101;2016;2020;3
2025;9996;2016;2020;3
2025;98406;2016;2017;3
2025;5001101;2016;2019;3
2025;4720;2016;2020;3
2025;100956;2016;2021;3
2025;103596;2016;2020;3
2025;13286;2016;2019;3
2025;21542;2016;2020;3
2025;1292917;2016;2020;3
2025;1108786;2016;2018;3
2025;65114;2016;2022;3
2025;5000979;2016;2020;3
2025;1135207;2016;2020;3
2025;1101742;2016;2020;3
2025;108014;2016;2020;3
2025;1179501;2016;2020;3
2025;1406536;2016;2019;3
2025;72669;2016;2020;3
2025;65114;2016;2021;3
2025;1184325;2016;2020;3
2025;49060;2016;2019;3
2025;1725;2016;2020;3
2025;85652;2016;2020;3
2025;84408;2016;2020;3
2025;13286;2016;2019;3
2025;1629;2016;2020;3
2025;65114;2016;2021;3
2025;7837;2016;2021;3
2025;1399484;2016;2020;3
2025;1146605;2016;2019;3
2025;1257777;2016;2020;3
2025;5001427;2016;2022;3
2025;49060;2016;2020;3
2025;1427370;2016;2020;3
2025;85586;2016;2019;3
2025;10224;2016;2020;3
2025;5000930;2016;2020;1
2025;11114;2016;2020;3
2025;5001101;2016;2020;3
2025;1183313;2016;2020;3
2025;14975;2016;2019;3
2025;1314146;2016;2019;3
2025;5000980;2016;2020;3
2025;59174;2016;2019;3
2025;84352;2016;2020;3
2025;72663;2016;2020;3
2025;10222;2016;2020;3
2025;13601;2016;2020;3
2025;15839;2016;2021;3
2025;72675;2016;2020;3
2025;19850;2016;2020;3
2025;97679;2016;2020;3
2025;16236;2016;2020;3
2025;13424;2016;2018;3
2025;1399478;2016;2020;3
2025;1399481;2016;2020;3
2025;1313341;2016;2020;3
2025;14975;2016;2020;3
2025;1202553;2016;2018;3
2025;8960;2016;2020;3
2025;5001427;2016;2019;3
2025;60660;2016;2020;3
2025;14093;2016;2020;3
2025;71689;2016;2020;3
2025;1191415;2016;2019;3
2025;1399480;2016;2020;3
2025;868;2016;2020;3
2025;1026;2016;2020;3
2025;1399486;2016;2020;3
2025;15839;2016;2020;3
2025;65114;2016;2022;3
2025;64918;2016;2019;3
2025;100958;2016;2020;3
2025;5000980;2016;2020;3
2025;57852;2016;2020;3
2025;100958;2016;2019;3
2025;60660;2016;2020;3
2025;14975;2016;2020;3
2025;85652;2016;2020;3
2025;8960;2016;2020;3
2025;5000930;2016;2020;1
2025;1390309;2016;2020;3
2025;37304;2016;2023;4
2025;4503;2016;2019;3
2025;1477973;2016;2020;3
2025;1385538;2016;2018;3
2025;1190280;2016;2019;3
2025;12970;2016;2020;1
2025;758;2016;2020;3
2025;1408262;2016;2020;3
2025;9326;2016;2020;1
2025;13200;2016;2020;3
2025;1879;2016;2020;3
2025;1029204;2016;2020;3
2025;1399614;2016;2020;4
2025;1457006;2016;2020;3
2025;18447;2016;2019;3
2025;1439;2016;2020;3
2025;15783;2016;2018;3
2025;303;2016;2019;1
2025;98409;2016;2020;3
2025;10222;2016;2020;3
2025;868;2016;2020;3
2025;90059;2016;2020;3
2025;1261971;2016;2016;3
2025;1477973;2016;2020;3
2025;1406536;2016;2020;3
2025;1261972;2016;2020;3
2025;1483768;2016;2020;3
2025;8698;2016;2021;3
2025;1487290;2016;2020;3
2025;1136509;2016;2020;3
2025;6711;2016;2019;3
2025;1185903;2016;2021;3
2025;1390317;2016;2020;3
2025;5001183;2016;2020;3
2025;11446;2016;2020;3
2025;72767;2016;2020;3
2025;140;2016;2020;3
2025;5001300;2016;2020;3
2025;1421013;2016;2020;3
2025;90483;2016;2016;3
2025;59414;2016;2020;3
2025;10224;2016;2020;3
2025;8437;2016;2019;3
2025;1397772;2016;2020;3
2025;100958;2016;2020;3
2025;66248;2016;2019;3
2025;1190667;2016;2020;3
2025;85652;2016;2019;3
2025;1487290;2016;2020;3
2025;57402;2016;2020;3
2025;1317634;2016;2020;3
2025;1399618;2016;2020;4
2025;37304;2016;2020;4
2025;5001183;2016;2022;3
2025;868;2016;2020;3
2025;1421100;2016;2023;3
2025;90091;2016;2020;3
2025;1483768;2016;2020;3
2025;39415;2016;2020;3
2025;1292726;2016;2020;3
2025;4503;2016;2020;3
2025;5001466;2016;2020;3
2025;12569;2016;2019;3
2025;12569;2016;2020;3
2025;1295813;2016;2020;3
2025;8960;2016;2020;3
2025;12569;2016;2020;3
2025;1185076;2016;2019;3
2025;98409;2016;2019;3
2025;14725;2016;2020;3
2025;1029204;2016;2020;3
2025;12569;2016;2020;3
2025;8698;2016;2020;3
2025;100958;2016;2020;3
2025;100958;2016;2023;3
2025;5001341;2016;2020;3
2025;1257777;2016;2020;3
2025;14093;2016;2019;3
2025;5000930;2016;2020;3
2025;1419799;2016;2019;3
2025;1399618;2016;2020;4
2025;64918;2016;2020;3
2025;108014;2016;2020;3
2025;1191415;2016;2020;3
2025;1292713;2016;2019;3
2025;10224;2016;2020;3
2025;71859;2016;2018;3
2025;12692;2016;2020;3
2025;87537;2016;2020;3
2025;91219;2016;2020;3
2025;10289;2016;2020;3
2025;51835;2016;2020;3
2025;1397772;2016;2020;3
2025;84352;2016;2020;3
2025;12970;2016;2020;1
2025;98409;2016;2020;3
2025;1295813;2016;2019;3
2025;100958;2016;2020;3
2025;1257777;2016;2020;3
2025;1171609;2016;2020;3
2025;5000981;2016;2020;3
2025;51835;2016;2020;3
2025;108882;2016;2020;3
2025;12345;2016;2020;3
2025;91219;2016;2020;3
2025;65114;2016;2021;3
2025;1427419;2016;2020;3
2025;85652;2016;2019;3
2025;98406;2016;2020;3
2025;12345;2016;2020;3
2025;868;2016;2020;3
2025;100956;2016;2020;3
2025;21542;2016;2020;3
2025;1278877;2016;2020;3
2025;72675;2016;2020;3
2025;1292726;2016;2020;3
2025;1406536;2016;2019;3
2025;100958;2016;2019;3
2025;303;2016;2019;1
2025;12569;2016;2019;3
2025;90483;2016;2016;3
2025;9988;2016;2020;3
2025;11114;2016;2020;3
2025;13723;2016;2020;3
2025;15343;2016;2020;3
2025;1292725;2016;2019;3
2025;98406;2016;2020;3
2025;11446;2016;2020;3
2025;100958;2016;2019;3
2025;4082;2016;2020;3
2025;86288;2016;2021;3
2025;3148;2016;2020;3
2025;82224;2016;2020;3
2025;103596;2016;2020;3
2025;85652;2016;2020;3
2025;14615;2016;2019;3
2025;2348;2016;2020;3
2025;12692;2016;2020;3
2025;1136509;2016;2020;3
2025;72669;2016;2020;3
2025;87537;2016;2020;3
2025;1408509;2016;2020;3
2025;303;2016;2019;1
2025;6711;2016;2019;3
2025;80037;2016;2019;3
2025;8960;2016;2020;3
2025;7676;2016;2018;3
2025;1188900;2016;2020;3
2025;1439;2016;2019;3
2025;5920;2016;2020;3
2025;1399484;2016;2019;3
2025;5000980;2016;2020;3
2025;1136509;2016;2020;3
2025;9326;2016;2020;1
2025;12569;2016;2019;3
2025;1109361;2016;2020;3
2025;1486822;2016;2020;3
2025;1136509;2016;2020;3
2025;72681;2016;2020;3
2025;8960;2016;2020;3
2025;5001294;2016;2020;3
2025;1257777;2016;2021;3
2025;19206;2016;2020;4
2025;15783;2016;2020;3
2025;90059;2016;2020;3
2025;1136509;2016;2020;3
2025;100956;2016;2020;3
2025;58412;2016;2020;3
2025;1189607;2016;2020;3
2025;11233;2016;2020;3
2025;1399479;2016;2020;3
2025;1399486;2016;2020;3
2025;12970;2016;2020;1
2025;18605;2016;2020;3
2025;5000979;2016;2019;3
2025;1188900;2016;2020;3
2025;15783;2016;2020;3
2025;1321864;2016;2020;3
2025;1109361;2016;2020;3
2025;85652;2016;2020;3
2025;91399;2016;2020;3
2025;1179501;2016;2020;3
2025;13453;2016;2019;3
2025;14725;2016;2020;3
2025;1292726;2016;2020;3
2025;5909;2016;2020;3
2025;1385538;2016;2017;3
2025;100688;2016;2020;3
2025;1445016;2017;2020;3
2025;65114;2017;2021;3
2025;1180318;2017;2018;3
2025;18605;2017;2019;3
2025;1184325;2017;2020;3
2025;72667;2017;2020;3
2025;1399477;2017;2022;3
2025;1317634;2017;2020;3
2025;2392;2017;2020;3
2025;5345;2017;2020;3
2025;14359;2017;2020;3
2025;82224;2017;2020;3
2025;1292726;2017;2020;3
2025;5001300;2017;2019;3
2025;14563;2017;2020;3
2025;13723;2017;2020;3
2025;3148;2017;2020;3
2025;12813;2017;2020;3
2025;48854;2017;2020;3
2025;1438629;2017;2020;3
2025;74655;2017;2020;3
2025;7705;2017;2020;3
2025;1202553;2017;2019;3
2025;1295813;2017;2020;3
2025;91219;2017;2020;3
2025;5001101;2017;2020;3
2025;1399481;2017;2020;3
2025;14563;2017;2020;3
2025;5000981;2017;2020;3
2025;72767;2017;2020;3
2025;1408509;2017;2020;3
2025;100958;2017;2020;3
2025;48854;2017;2020;3
2025;59414;2017;2020;3
2025;72667;2017;2020;3
2025;5000978;2017;2020;3
2025;7414;2017;2020;3
2025;1202573;2017;2020;3
2025;1184432;2017;2019;3
2025;1190667;2017;2020;3
2025;14093;2017;2020;3
2025;5001300;2017;2020;3
2025;1317634;2017;2020;3
2025;7414;2017;2019;3
2025;1399486;2017;2020;3
2025;39415;2017;2019;3
2025;87537;2017;2020;3
2025;19850;2017;2020;3
2025;1390311;2017;2020;3
2025;12813;2017;2020;3
2025;71859;2017;2019;3
2025;15783;2017;2020;3
2025;1185025;2017;2020;3
2025;7414;2017;2020;3
2025;16904;2017;2020;3
2025;1108281;2017;2020;3
2025;1173014;2017;2020;3
2025;7414;2017;2019;3
2025;2695;2017;2020;3
2025;7105;2017;2020;3
2025;1399618;2017;2020;4
2025;1267038;2017;2021;3
2025;71859;2017;2020;3
2025;1879;2017;2020;3
2025;5001101;2017;2020;3
2025;5001341;2017;2020;3
2025;72663;2017;2020;3
2025;1180318;2017;2020;3
2025;1317634;2017;2020;3
2025;74594;2017;2020;3
2025;1292725;2017;2020;3
2025;20249;2017;2020;3
2025;39415;2017;2019;3
2025;1163738;2017;2020;3
2025;7676;2017;2020;3
2025;91219;2017;2020;3
2025;1453564;2017;2020;3
2025;86288;2017;2020;3
2025;1408508;2017;2022;4
2025;8554;2017;2020;3
2025;39415;2017;2020;3
2025;1399481;2017;2021;3
2025;91399;2017;2020;3
2025;37304;2017;2018;4
2025;85652;2017;2020;3
2025;5920;2017;2020;3
2025;13866;2017;2020;3
2025;1342536;2017;2020;3
2025;87941;2017;2020;3
2025;1408261;2017;2020;3
2025;1188127;2017;2021;3
2025;59414;2017;2020;3
2025;80037;2017;2019;3
2025;18594;2017;2020;4
2025;91219;2017;2020;3
2025;1190280;2017;2019;3
2025;5000981;2017;2020;3
2025;1173014;2017;2020;3
2025;1173014;2017;2019;3
2025;1180318;2017;2020;3
2025;11114;2017;2020;3
2025;1173014;2017;2020;3
2025;1216474;2017;2020;3
2025;11316;2017;2020;3
2025;1173014;2017;2020;3
2025;107766;2017;2020;3
2025;39415;2017;2019;3
2025;1399477;2017;2020;3
2025;1187646;2017;2019;3
2025;86288;2017;2020;3
2025;1483805;2017;2020;3
2025;57852;2017;2019;3
2025;7705;2017;2020;3
2025;18472;2017;2020;3
2025;1261971;2017;2020;3
2025;86356;2017;2020;3
2025;11233;2017;2020;3
2025;1399480;2017;2020;3
2025;14359;2017;2020;3
2025;1334344;2017;2020;3
2025;1385538;2017;2020;3
2025;868;2017;2020;3
2025;1879;2017;2020;3
2025;14359;2017;2020;3
2025;1107;2017;2020;3
2025;1193264;2017;2020;3
2025;1399486;2017;2021;3
2025;8437;2017;2019;3
2025;1363536;2017;2020;3
2025;1257562;2017;2020;3
2025;1453564;2017;2020;3
2025;85652;2017;2020;3
2025;5001466;2017;2019;3
2025;1399482;2017;2021;3
2025;72667;2017;2020;3
2025;10222;2017;2020;3
2025;85652;2017;2020;3
2025;5909;2017;2020;3
2025;5000981;2017;2020;3
2025;16904;2017;2020;3
2025;868;2017;2020;3
2025;4082;2017;2020;3
2025;11446;2017;2020;3
2025;5000981;2017;2020;3
2025;13453;2017;2020;3
2025;87537;2017;2020;3
2025;3148;2017;2020;3
2025;1421013;2017;2019;3
2025;97679;2017;2020;3
2025;5000981;2017;2020;3
2025;74655;2017;2020;3
2025;1202539;2017;2020;3
2025;1390309;2017;2020;3
2025;85652;2017;2020;3
2025;84352;2017;2020;3
2025;1202573;2017;2020;3
2025;18605;2017;2020;3
2025;38071;2017;2020;3
2025;98406;2017;2020;3
2025;74655;2017;2020;3
2025;100688;2017;2020;3
2025;74655;2017;2020;3
2025;74655;2017;2020;3
2025;11233;2017;2020;3
2025;59174;2017;2020;3
2025;1192047;2017;2019;3
2025;66248;2017;2020;3
2025;1188900;2017;2020;3
2025;5000930;2017;2019;3
2025;1264844;2017;2020;3
2025;5000980;2017;2020;3
2025;66248;2017;2020;3
2025;1191415;2017;2020;3
2025;5000930;2017;2020;1
2025;1408505;2017;2020;3
2025;86288;2017;2020;3
2025;66248;2017;2020;3
2025;57402;2017;2020;3
2025;72675;2017;2019;3
2025;5001101;2017;2020;3
2025;1399481;2017;2022;3
2025;1202573;2017;2020;3
2025;1278877;2017;2020;3
2025;101228;2017;2020;3
2025;1427419;2017;2020;3
2025;98506;2017;2020;3
2025;5001101;2017;2020;3
2025;12970;2017;2020;1
2025;1363536;2017;2020;3
2025;1342537;2017;2020;3
2025;5000930;2017;2020;1
2025;1399618;2017;2020;4
2025;8554;2017;2020;3
2025;11114;2017;2020;3
2025;97679;2017;2020;3
2025;1317634;2017;2020;3
2025;5000981;2017;2020;3
2025;10224;2017;2020;3
2025;12345;2017;2020;3
2025;12569;2017;2020;3
2025;1438629;2017;2020;3
2025;13866;2017;2019;3
2025;57402;2017;2021;3
2025;1342610;2017;2019;3
2025;5001450;2017;2020;3
2025;7705;2017;2020;3
2025;5000930;2017;2020;1
2025;49910;2017;2019;3
2025;38071;2017;2020;3
2025;72767;2017;2020;3
2025;15475;2017;2020;1
2025;6711;2017;2019;3
2025;5000930;2017;2020;3
2025;1399487;2017;2020;3
2025;1108153;2017;2020;1
2025;1191415;2017;2020;3
2025;13866;2017;2019;3
2025;1399478;2017;2020;3
2025;15475;2017;2019;1
2025;1427419;2017;2020;3
2025;69624;2017;2020;3
2025;1327450;2017;2020;3
2025;72681;2017;2020;3
2025;1050663;2017;2020;3
2025;1427370;2017;2020;3
2025;1629;2017;2020;3
2025;69624;2017;2020;3
2025;16904;2017;2020;3
2025;1390309;2017;2020;3
2025;1135207;2017;2020;3
2025;16236;2017;2020;3
2025;1408505;2017;2020;3
2025;1068548;2017;2019;3
2025;1163738;2017;2020;3
2025;1483759;2017;2020;3
2025;54494;2017;2019;3
2025;84352;2017;2020;3
2025;1202573;2017;2020;3
2025;84352;2017;2020;3
2025;1178672;2017;2020;3
2025;90483;2017;2017;3
2025;12569;2017;2020;3
2025;10289;2017;2020;3
2025;2695;2017;2020;3
2025;19434;2017;2020;3
2025;72667;2017;2020;3
2025;1518495;2017;2021;3
2025;4503;2017;2020;3
2025;54494;2017;2020;3
2025;1029763;2017;2020;3
2025;150039;2017;2019;3
2025;58412;2017;2020;3
2025;57852;2017;2020;3
2025;1168313;2017;2020;3
2025;1202553;2017;2020;3
2025;868;2017;2020;3
2025;49060;2017;2020;3
2025;1408507;2017;2020;3
2025;7676;2017;2020;3
2025;48854;2017;2020;3
2025;1317634;2017;2020;3
2025;1171609;2017;2020;3
2025;1180318;2017;2020;3
2025;99476;2017;2021;3
2025;107766;2017;2019;3
2025;5001294;2017;2020;3
2025;14359;2017;2020;3
2025;87537;2017;2020;3
2025;86356;2017;2020;3
2025;1188900;2017;2020;3
2025;1408508;2017;2024;4
2025;1108281;2017;2020;3
2025;57852;2017;2020;3
2025;5000812;2017;2021;3
2025;13601;2017;2020;3
2025;57402;2017;2020;3
2025;10222;2017;2020;3
2025;1184060;2017;2019;3
2025;14093;2017;2020;3
2025;13723;2017;2020;3
2025;1330031;2017;2020;3
2025;1178672;2017;2020;3
2025;15783;2017;2020;3
2025;3677;2017;2020;3
2025;82224;2017;2020;3
2025;14093;2017;2020;3
2025;1185076;2017;2020;3
2025;86288;2017;2022;3
2025;1445016;2017;2019;3
2025;54494;2017;2019;3
2025;1879;2017;2020;3
2025;1200712;2017;2020;3
2025;72681;2017;2020;3
2025;12569;2017;2020;3
2025;1399478;2017;2020;3
2025;101228;2017;2020;3
2025;1408509;2017;2019;3
2025;1180318;2017;2020;3
2025;1190280;2017;2019;3
2025;150039;2017;2019;3
2025;13200;2017;2020;3
2025;1184325;2017;2020;3
2025;4082;2017;2020;3
2025;19434;2017;2020;3
2025;11114;2017;2020;3
2025;1202546;2017;2020;3
2025;100958;2017;2019;3
2025;1292725;2017;2020;3
2025;8437;2017;2020;3
2025;11114;2017;2020;3
2025;11114;2017;2020;3
2025;1518495;2017;2021;3
2025;1342536;2017;2021;3
2025;1193275;2017;2020;3
2025;90483;2017;2017;3
2025;1439;2017;2020;3
2025;18594;2017;2019;4
2025;758;2017;2020;3
2025;59414;2017;2020;3
2025;1166567;2017;2020;3
2025;1171609;2017;2020;3
2025;1399486;2017;2020;3
2025;1102360;2017;2020;3
2025;1102360;2017;2020;3
2025;1202539;2017;2019;3
2025;53338;2017;2020;3
2025;13723;2017;2020;3
2025;1135207;2017;2020;3
2025;1029204;2017;2020;3
2025;5000981;2017;2020;3
2025;1264844;2017;2020;3
2025;12569;2017;2018;3
2025;11316;2017;2020;3
2025;75821;2017;2020;3
2025;90483;2017;2017;3
2025;18594;2017;2018;4
2025;1439;2017;2019;3
2025;19206;2017;2020;4
2025;1179501;2017;2020;3
2025;98406;2017;2020;3
2025;1518495;2017;2020;3
2025;1487290;2017;2020;3
2025;5000933;2017;2020;3
2025;5000979;2017;2022;3
2025;65114;2017;2022;3
2025;2918;2017;2018;3
2025;38071;2017;2019;3
2025;98409;2017;2019;3
2025;1390309;2017;2020;3
2025;1178524;2017;2020;3
2025;1486298;2017;2020;3
2025;100958;2017;2020;3
2025;1202539;2017;2020;3
2025;4503;2017;2020;3
2025;93001;2017;2020;3
2025;1342536;2017;2021;3
2025;6711;2017;2019;3
2025;98506;2017;2020;3
2025;85652;2017;2020;3
2025;74655;2017;2020;3
2025;4082;2017;2020;3
2025;1408509;2017;2020;3
2025;1136509;2017;2020;3
2025;1879;2017;2020;3
2025;5001300;2017;2020;3
2025;12569;2017;2020;3
2025;5909;2017;2020;3
2025;51835;2017;2020;3
2025;1399478;2017;2020;3
2025;11114;2017;2020;3
2025;49910;2017;2019;3
2025;1257777;2017;2020;3
2025;10222;2017;2020;3
2025;1179189;2017;2020;3
2025;1178672;2017;2020;3
2025;11446;2017;2021;3
2025;107666;2017;2020;3
2025;12692;2017;2020;3
2025;1629;2017;2020;3
2025;14359;2017;2020;3
2025;12569;2017;2020;3
2025;1184432;2017;2020;3
2025;1050663;2017;2020;3
2025;1192047;2017;2019;3
2025;1342610;2017;2019;3
2025;7676;2017;2020;3
2025;1445016;2017;2020;3
2025;8554;2017;2020;3
2025;59414;2017;2020;3
2025;14975;2017;2019;3
2025;1190667;2017;2020;3
2025;1486298;2017;2020;3
2025;84352;2017;2020;3
2025;58412;2017;2020;3
2025;58412;2017;2019;3
2025;1317634;2017;2020;3
2025;5000979;2017;2020;3
2025;1342536;2017;2020;3
2025;1108786;2017;2019;3
2025;90483;2017;2017;3
2025;1184047;2017;2020;3
2025;1725;2017;2020;3
2025;85652;2017;2020;3
2025;1399477;2017;2019;3
2025;1292713;2017;2019;3
2025;7705;2017;2020;3
2025;1408505;2017;2020;3
2025;12970;2017;2020;1
2025;4503;2017;2020;3
2025;12345;2017;2020;3
2025;1189778;2017;2020;3
2025;100958;2017;2020;3
2025;5345;2017;2020;3
2025;1408261;2017;2020;3
2025;1399485;2017;2020;3
2025;90483;2017;2017;3
2025;9996;2017;2020;3
2025;5000930;2017;2020;3
2025;12970;2017;2020;1
2025;20360;2017;2020;3
2025;39415;2017;2020;3
2025;14093;2017;2020;3
2025;8960;2017;2020;3
2025;86288;2017;2020;3
2025;1397773;2017;2020;3
2025;1483768;2017;2020;3
2025;1321864;2017;2020;3
2025;1313341;2017;2020;3
2025;13601;2017;2020;3
2025;1178672;2017;2020;3
2025;16904;2017;2020;3
2025;1408505;2017;2020;3
2025;1342536;2017;2020;3
2025;6496;2017;2020;3
2025;59414;2017;2020;3
2025;1317634;2017;2020;3
2025;37304;2017;2021;4
2025;18594;2017;2020;4
2025;1477973;2017;2020;3
2025;38071;2017;2020;3
2025;1399477;2017;2020;3
2025;4720;2017;2020;3
2025;10222;2017;2020;3
2025;108882;2017;2020;3
2025;8554;2017;2020;3
2025;1292726;2017;2020;3
2025;1399480;2017;2020;3
2025;1179189;2017;2020;3
2025;21542;2017;2019;3
2025;98506;2017;2018;3
2025;4082;2017;2020;3
2025;12813;2017;2020;3
2025;108882;2017;2020;3
2025;90483;2017;2017;3
2025;11446;2017;2020;3
2025;80037;2017;2019;3
2025;60660;2017;2020;3
2025;74655;2017;2020;3
2025;1166567;2017;2021;3
2025;1180318;2017;2020;3
2025;100956;2017;2020;3
2025;1399487;2017;2019;3
2025;2348;2017;2020;3
2025;12569;2017;2019;3
2025;19086;2017;2019;3
2025;12692;2017;2020;3
2025;15475;2017;2020;1
2025;18594;2017;2020;4
2025;1439;2017;2019;3
2025;72669;2017;2020;3
2025;1629;2017;2020;3
2025;1187646;2017;2019;3
2025;6496;2017;2020;3
2025;8437;2017;2019;3
2025;91399;2017;2020;3
2025;1292726;2017;2020;3
2025;1342536;2017;2021;3
2025;5001341;2017;2020;3
2025;71689;2017;2020;3
2025;5920;2017;2020;3
2025;1202553;2017;2019;3
2025;1399486;2017;2020;3
2025;11233;2017;2020;3
2025;1483768;2017;2020;3
2025;58412;2017;2020;3
2025;10591;2017;2020;3
2025;8698;2017;2022;3
2025;8554;2017;2020;3
2025;3418;2017;2020;3
2025;1059179;2017;2019;3
2025;12813;2017;2019;3
2025;72667;2017;2019;3
2025;1399480;2017;2020;3
2025;90483;2017;2017;3
2025;72667;2017;2019;3
2025;1399485;2017;2020;3
2025;15343;2017;2020;3
2025;1108786;2017;2020;3
2025;11114;2017;2020;3
2025;1108281;2017;2020;3
2025;71859;2017;2020;3
2025;1190667;2017;2020;3
2025;7705;2017;2020;3
2025;13286;2017;2019;3
2025;1190280;2017;2019;3
2025;5920;2017;2020;3
2025;1108786;2017;2020;3
2025;1408507;2017;2020;3
2025;5920;2017;2020;3
2025;72681;2017;2019;3
2025;12970;2017;2020;1
2025;4082;2017;2020;3
2025;5001341;2017;2020;3
2025;1477973;2017;2020;3
2025;72767;2017;2019;3
2025;5001101;2017;2020;3
2025;97679;2017;2020;3
2025;86288;2017;2020;3
2025;72669;2017;2020;3
2025;59414;2017;2020;3
2025;98506;2017;2020;3
2025;1257562;2017;2020;3
2025;13723;2017;2020;3
2025;12970;2017;2020;1
2025;12569;2017;2020;3
2025;5000981;2017;2020;3
2025;1390309;2017;2020;3
2025;72681;2017;2021;3
2025;1192237;2017;2020;3
2025;11316;2017;2020;3
2025;5909;2017;2020;3
2025;74594;2017;2020;3
2025;1483768;2017;2020;3
2025;57402;2017;2020;3
2025;20058;2017;2020;3
2025;100956;2017;2020;3
2025;1486298;2017;2020;3
2025;100958;2017;2019;3
2025;14563;2017;2020;3
2025;91219;2017;2020;3
2025;5909;2017;2020;3
2025;1184325;2017;2019;3
2025;1385538;2017;2020;3
2025;4720;2017;2020;3
2025;1399480;2017;2020;3
2025;1485621;2017;2020;3
2025;86288;2017;2020;3
2025;98506;2017;2020;3
2025;9326;2017;2020;1
2025;1257524;2017;2020;4
2025;12569;2017;2019;3
2025;1477973;2017;2020;3
2025;12692;2017;2020;3
2025;12970;2017;2020;1
2025;15475;2017;2020;1
2025;8554;2017;2020;3
2025;6496;2017;2020;3
2025;11233;2017;2020;3
2025;12970;2017;2020;1
2025;39415;2017;2020;3
2025;98506;2017;2020;3
2025;2304;2017;2020;3
2025;1180318;2017;2019;3
2025;87537;2017;2020;3
2025;9326;2017;2020;1
2025;1179501;2017;2020;3
2025;8960;2017;2020;3
2025;98506;2017;2020;3
2025;86288;2017;2020;3
2025;13200;2017;2020;3
2025;54494;2017;2020;3
2025;13103;2017;2020;3
2025;12015;2017;2020;3
2025;15475;2017;2020;1
2025;10222;2017;2020;3
2025;303;2017;2019;1
2025;1101742;2017;2020;3
2025;1068548;2017;2019;3
2025;1257777;2017;2020;3
2025;5001450;2017;2020;3
2025;103596;2017;2020;3
2025;11114;2017;2020;3
2025;5920;2017;2020;3
2025;1258023;2017;2020;3
2025;5001450;2017;2020;3
2025;1192237;2017;2020;3
2025;5001450;2017;2020;3
2025;74594;2017;2020;3
2025;13723;2017;2020;3
2025;5000979;2017;2022;3
2025;5001450;2017;2020;3
2025;1483805;2017;2020;3
2025;1108786;2017;2020;3
2025;1168313;2017;2020;3
2025;5001466;2017;2019;3
2025;59414;2017;2020;3
2025;5001450;2017;2020;3
2025;5001450;2017;2020;3
2025;1200712;2017;2020;3
2025;5001450;2017;2020;3
2025;12015;2017;2020;3
2025;1191415;2017;2020;3
2025;1292726;2017;2020;3
2025;1399477;2017;2020;3
2025;93001;2017;2020;3
2025;72767;2017;2020;3
2025;5000930;2017;2020;1
2025;1321864;2017;2020;3
2025;1200712;2017;2021;3
2025;5000980;2017;2020;3
2025;65114;2017;2022;3
2025;1108786;2017;2020;3
2025;87941;2017;2020;3
2025;1399488;2017;2020;3
2025;5001450;2017;2020;3
2025;5001450;2017;2020;3
2025;1399480;2017;2020;3
2025;8437;2017;2020;3
2025;5001450;2017;2020;3
2025;5001450;2017;2020;3
2025;1216474;2017;2020;3
2025;1192237;2017;2020;3
2025;5001450;2017;2020;3
2025;15839;2017;2020;3
2025;1187646;2017;2019;3
2025;15783;2017;2020;3
2025;1184060;2017;2020;3
2025;1200578;2017;2020;3
2025;15839;2017;2020;3
2025;1192047;2017;2021;3
2025;72767;2017;2021;3
2025;1184060;2017;2020;3
2025;8554;2017;2020;3
2025;1399617;2017;2020;3
2025;19086;2017;2019;3
2025;1292726;2017;2020;3
2025;1399481;2017;2021;3
2025;103596;2017;2020;3
2025;1445016;2017;2020;3
2025;1399619;2017;2020;3
2025;5001450;2017;2020;3
2025;10289;2017;2019;3
2025;1192237;2017;2020;3
2025;1725;2017;2020;3
2025;5001101;2017;2020;3
2025;4720;2017;2020;3
2025;1192237;2017;2020;3
2025;1168313;2017;2020;3
2025;6711;2017;2019;3
2025;15475;2017;2020;1
2025;85652;2017;2020;3
2025;5000979;2017;2020;3
2025;93001;2017;2020;3
2025;1421100;2017;2020;3
2025;5001450;2017;2020;3
2025;1629;2017;2020;3
2025;1349675;2017;2020;3
2025;12569;2017;2019;3
2025;1330031;2017;2020;3
2025;1321864;2017;2020;3
2025;1180318;2017;2020;3
2025;9988;2017;2022;1
2025;868;2017;2020;3
2025;12970;2017;2020;1
2025;1192237;2017;2020;3
2025;19206;2017;2020;4
2025;1399479;2017;2020;3
2025;4720;2017;2020;3
2025;5000930;2017;2020;3
2025;1185076;2017;2019;3
2025;1202588;2017;2019;3
2025;19206;2017;2020;4
2025;1397772;2017;2020;3
2025;3148;2017;2020;3
2025;54494;2017;2019;3
2025;1104264;2017;2020;3
2025;5001450;2017;2020;3
2025;1390317;2017;2020;3
2025;20249;2017;2020;3
2025;59414;2017;2020;3
2025;1399485;2017;2020;3
2025;1408508;2017;2021;4
2025;1192237;2017;2020;3
2025;14359;2017;2020;3
2025;15783;2017;2020;3
2025;5920;2017;2020;3
2025;64918;2017;2021;3
2025;1108281;2017;2020;3
2025;12015;2017;2020;3
2025;59414;2017;2020;3
2025;303;2017;2019;1
2025;85652;2017;2020;3
2025;59414;2017;2020;3
2025;14563;2017;2020;3
2025;1200712;2017;2020;3
2025;79007;2017;2020;3
2025;13424;2017;2019;3
2025;1321864;2017;2020;3
2025;1349675;2017;2020;3
2025;1390309;2017;2020;3
2025;18594;2017;2020;4
2025;389;2017;2019;1
2025;1330031;2017;2020;3
2025;140;2017;2020;3
2025;1192047;2017;2020;3
2025;1202546;2017;2020;3
2025;51835;2017;2020;3
2025;4082;2017;2020;3
2025;5000930;2017;2020;3
2025;8554;2017;2020;3
2025;1185076;2017;2019;3
2025;1178672;2017;2020;3
2025;72681;2017;2022;3
2025;5001341;2017;2020;3
2025;1184060;2017;2019;3
2025;1385538;2017;2020;3
2025;1399617;2017;2020;3
2025;140;2017;2020;3
2025;5000001;2017;2020;3
2025;69464;2017;2020;3
2025;5000812;2017;2020;3
2025;100958;2017;2020;3
2025;19206;2017;2020;4
2025;12970;2017;2020;1
2025;85652;2017;2020;3
2025;1029204;2017;2020;3
2025;4082;2017;2020;3
2025;1629;2017;2020;3
2025;1171609;2017;2019;3
2025;1390309;2017;2020;3
2025;1180318;2017;2020;3
2025;1192047;2017;2019;3
2025;72669;2017;2020;3
2025;13286;2017;2019;3
2025;87941;2017;2020;3
2025;60660;2017;2020;3
2025;1184047;2017;2019;3
2025;1399488;2017;2020;3
2025;5345;2017;2020;3
2025;84352;2017;2020;3
2025;389;2017;2018;1
2025;1399486;2017;2019;3
2025;1406536;2017;2019;3
2025;51835;2017;2020;3
2025;10222;2017;2020;3
2025;4503;2017;2020;3
2025;18472;2017;2020;3
2025;1188900;2017;2020;3
2025;1385538;2017;2020;3
2025;1408259;2017;2020;3
2025;86356;2017;2020;3
2025;14975;2017;2020;3
2025;100956;2017;2020;3
2025;1278877;2017;2020;3
2025;108882;2017;2020;3
2025;91219;2017;2020;3
2025;1202539;2017;2020;3
2025;5000980;2017;2020;3
2025;5001033;2017;2020;3
2025;14093;2017;2020;3
2025;13424;2017;2019;3
2025;87537;2017;2020;3
2025;15475;2017;2020;1
2025;3677;2017;2020;3
2025;19206;2017;2020;4
2025;13200;2017;2020;3
2025;87537;2017;2020;3
2025;1200712;2017;2019;3
2025;90059;2017;2020;3
2025;1385538;2017;2020;3
2025;5001101;2017;2020;3
2025;98409;2017;2020;3
2025;7105;2017;2020;3
2025;15475;2017;2019;1
2025;10222;2017;2020;3
2025;51835;2017;2020;3
2025;98409;2017;2021;3
2025;54494;2017;2020;3
2025;1200578;2017;2020;3
2025;5000930;2017;2020;1
2025;7676;2017;2020;3
2025;389;2017;2018;1
2025;66361;2017;2022;3
2025;1179189;2017;2020;3
2025;4503;2017;2020;3
2025;1445016;2017;2020;3
2025;19294;2017;2019;3
2025;1163738;2017;2020;3
2025;72767;2017;2020;3
2025;98409;2017;2020;3
2025;5920;2017;2020;3
2025;1184432;2017;2020;3
2025;90059;2017;2019;3
2025;1385538;2017;2020;3
2025;1200712;2017;2020;3
2025;1390309;2017;2020;3
2025;1406536;2017;2020;3
2025;1399482;2017;2020;3
2025;98506;2017;2020;3
2025;12692;2017;2020;3
2025;98409;2017;2020;3
2025;90483;2017;2017;3
2025;1104264;2017;2020;3
2025;5000979;2017;2020;3
2025;1278877;2017;2020;3
2025;1108281;2017;2020;3
2025;82224;2017;2020;3
2025;1202553;2017;2019;3
2025;91399;2017;2020;3
2025;1188127;2017;2021;3
2025;14093;2017;2020;3
2025;1163738;2017;2020;3
2025;868;2017;2020;3
2025;1185076;2017;2020;3
2025;1317634;2017;2018;3
2025;1278877;2017;2020;3
2025;5000930;2017;2020;1
2025;1385538;2017;2020;3
2025;1192188;2017;2019;3
2025;1408259;2017;2021;3
2025;1183313;2017;2020;3
2025;868;2017;2020;3
2025;1264844;2017;2020;3
2025;5000979;2017;2020;3
2025;19294;2017;2020;3
2025;1385538;2017;2018;3
2025;59174;2017;2020;3
2025;5000812;2017;2020;3
2025;13996;2017;2018;1
2025;1179189;2017;2020;3
2025;93001;2017;2020;3
2025;1192188;2017;2020;3
2025;1200578;2017;2020;3
2025;1029204;2017;2020;3
2025;14359;2017;2020;3
2025;90084;2017;2020;3
2025;7676;2017;2020;3
2025;1200578;2017;2020;3
2025;9805;2017;2021;3
2025;14359;2017;2020;3
2025;85652;2017;2020;3
2025;86288;2017;2020;3
2025;84352;2017;2019;3
2025;12692;2017;2020;3
2025;14563;2017;2019;3
2025;91219;2017;2018;3
2025;1183313;2017;2023;3
2025;1183313;2017;2019;3
2025;1477973;2017;2020;3
2025;1408259;2017;2021;3
2025;64918;2017;2020;3
2025;84408;2017;2020;3
2025;1192188;2017;2020;3
2025;1184060;2017;2019;3
2025;1166567;2017;2020;3
2025;12970;2017;2020;1
2025;11446;2017;2020;3
2025;1029204;2017;2020;3
2025;1399487;2017;2020;3
2025;1183313;2017;2020;3
2025;1399487;2017;2020;3
2025;12015;2017;2020;3
2025;1399487;2017;2020;3
2025;1183313;2017;2020;3
2025;1399487;2017;2020;3
2025;100956;2017;2021;3
2025;1399487;2017;2020;3
2025;49060;2017;2020;3
2025;87537;2017;2020;3
2025;1399487;2017;2020;3
2025;1330031;2017;2020;3
2025;1135207;2017;2020;3
2025;51835;2017;2020;3
2025;1183313;2017;2020;3
2025;100956;2017;2020;3
2025;1399487;2017;2020;3
2025;3148;2017;2020;3
2025;87941;2017;2019;3
2025;1399487;2017;2020;3
2025;4082;2017;2020;3
2025;12015;2017;2020;3
2025;1399487;2017;2020;3
2025;1399487;2017;2020;3
2025;12970;2017;2020;1
2025;1171609;2017;2021;3
2025;1183313;2017;2019;3
2025;1321864;2017;2020;3
2025;7705;2017;2020;3
2025;5000981;2017;2020;3
2025;1330031;2017;2020;3
2025;14359;2017;2020;3
2025;1399487;2017;2020;3
2025;1136509;2017;2020;3
2025;1292726;2017;2020;3
2025;1109361;2017;2020;3
2025;12015;2017;2020;3
2025;5000980;2017;2020;3
2025;74594;2017;2020;3
2025;1200712;2017;2020;3
2025;5001314;2017;2020;3
2025;10222;2017;2020;3
2025;1173014;2017;2020;3
2025;1202546;2017;2020;3
2025;12970;2017;2020;1
2025;1104264;2017;2020;3
2025;15475;2017;2020;1
2025;1313341;2017;2020;3
2025;1397771;2017;2018;3
2025;1173014;2017;2020;3
2025;9805;2017;2020;3
2025;4720;2017;2020;3
2025;1166567;2017;2020;3
2025;12970;2017;2020;1
2025;18594;2017;2020;4
2025;1399488;2017;2020;3
2025;1292917;2017;2020;3
2025;84352;2017;2020;3
2025;1173014;2017;2020;3
2025;1190667;2017;2020;3
2025;1173014;2017;2019;3
2025;1173014;2017;2020;3
2025;87537;2017;2020;3
2025;1173014;2017;2019;3
2025;49060;2017;2020;3
2025;1108153;2017;2020;1
2025;64918;2017;2020;3
2025;74594;2017;2020;3
2025;86288;2017;2020;3
2025;1399487;2017;2020;3
2025;49060;2017;2020;3
2025;1173014;2017;2020;3
2025;57852;2017;2020;3
2025;758;2017;2020;3
2025;13723;2017;2020;3
2025;15839;2017;2020;3
2025;1173014;2017;2020;3
2025;90483;2017;2017;3
2025;1173014;2017;2020;3
2025;1408259;2017;2020;3
2025;87537;2017;2020;3
2025;100956;2017;2021;3
2025;10222;2017;2020;3
2025;1427420;2017;2020;3
2025;1629;2017;2020;3
2025;74594;2017;2020;3
2025;1202553;2017;2019;3
2025;1163738;2017;2020;3
2025;48854;2017;2020;3
2025;1200578;2017;2020;3
2025;72669;2017;2020;3
2025;1109361;2017;2020;3
2025;90084;2017;2020;3
2025;12970;2017;2020;1
2025;1330031;2017;2019;3
2025;1349675;2017;2020;3
2025;51835;2017;2020;3
2025;13200;2017;2020;3
2025;1408505;2017;2020;3
2025;7705;2017;2020;3
2025;1163738;2017;2020;3
2025;1192188;2017;2020;3
2025;5206;2017;2020;3
2025;16236;2017;2020;3
2025;1178524;2017;2020;3
2025;1179189;2017;2019;3
2025;100956;2017;2020;3
2025;1399619;2017;2020;3
2025;12692;2017;2020;3
2025;1135207;2017;2020;3
2025;1191415;2017;2020;3
2025;69624;2017;2020;3
2025;71859;2017;2020;3
2025;1272168;2017;2020;3
2025;1109361;2017;2020;3
2025;15475;2017;2020;1
2025;1193264;2017;2020;3
2025;5000980;2017;2020;3
2025;7414;2017;2020;3
2025;1173014;2017;2019;3
2025;1390317;2017;2020;3
2025;90483;2017;2017;3
2025;1171609;2017;2018;3
2025;1390317;2017;2024;3
2025;75821;2017;2020;3
2025;14359;2017;2020;3
2025;1184432;2017;2020;3
2025;1185025;2017;2020;3
2025;1629;2017;2020;3
2025;74655;2017;2020;3
2025;18472;2017;2020;3
2025;5206;2017;2020;3
2025;1179189;2017;2020;3
2025;74594;2017;2020;3
2025;49060;2017;2024;3
2025;20249;2017;2020;3
2025;71859;2017;2020;3
2025;39415;2017;2020;3
2025;99476;2017;2021;3
2025;7105;2017;2020;3
2025;13723;2017;2020;3
2025;1419799;2017;2020;3
2025;1179189;2017;2020;3
2025;5001341;2017;2020;3
2025;15475;2017;2020;1
2025;57852;2017;2020;3
2025;1399616;2017;2020;3
2025;13866;2017;2019;3
2025;1327450;2017;2020;3
2025;86288;2017;2020;3
2025;1292725;2017;2020;3
2025;1408507;2017;2020;3
2025;1399616;2017;2020;3
2025;7705;2017;2020;3
2025;74655;2017;2020;3
2025;1408505;2017;2020;3
2025;1108281;2017;2020;3
2025;72669;2017;2020;3
2025;1108786;2017;2020;3
2025;1408259;2017;2020;3
2025;18594;2017;2020;4
2025;51835;2017;2020;3
2025;1190280;2017;2019;3
2025;82224;2017;2020;3
2025;51835;2017;2020;3
2025;99476;2017;2021;3
2025;1421013;2017;2020;3
2025;1399486;2017;2020;3
2025;90059;2017;2020;3
2025;103596;2017;2020;3
2025;1397771;2017;2020;3
2025;1390317;2017;2022;3
2025;1408509;2017;2020;3
2025;9772;2017;2021;3
2025;1399614;2017;2021;4
2025;1185025;2017;2020;3
2025;59414;2017;2020;3
2025;90084;2017;2020;3
2025;9772;2017;2020;3
2025;1408505;2017;2020;3
2025;5000978;2017;2020;3
2025;5000812;2017;2021;3
2025;1190667;2017;2020;3
2025;9772;2017;2020;3
2025;57852;2017;2020;3
2025;5206;2017;2020;3
2025;5206;2017;2020;3
2025;79007;2017;2020;3
2025;72669;2017;2020;3
2025;69624;2017;2020;3
2025;1342505;2017;2019;3
2025;51835;2017;2020;3
2025;1029204;2017;2020;3
2025;13424;2017;2019;3
2025;19294;2017;2019;3
2025;1399479;2017;2020;3
2025;1179189;2017;2020;3
2025;1408508;2017;2021;4
2025;1317634;2017;2020;3
2025;100958;2017;2020;3
2025;7676;2017;2020;3
2025;1178672;2017;2020;3
2025;1178672;2017;2020;3
2025;1261972;2017;2020;3
2025;9772;2017;2020;3
2025;1408508;2017;2020;4
2025;1399615;2017;2020;3
2025;14234;2017;2020;3
2025;13424;2017;2019;3
2025;5206;2017;2020;3
2025;5206;2017;2020;3
2025;87537;2017;2020;3
2025;51835;2017;2020;3
2025;9772;2017;2020;3
2025;9772;2017;2018;3
2025;9988;2017;2019;3
2025;90084;2017;2020;3
2025;1178524;2017;2020;3
2025;72669;2017;2020;3
2025;86356;2017;2020;3
2025;10222;2017;2020;3
2025;39415;2017;2020;3
2025;2304;2017;2020;3
2025;20360;2017;2020;3
2025;1399478;2017;2020;3
2025;1408259;2017;2021;3
2025;5206;2017;2020;3
2025;1427419;2017;2019;3
2025;1178672;2017;2020;3
2025;37304;2017;2020;4
2025;5000001;2017;2021;3
2025;1397773;2017;2020;3
2025;86356;2017;2020;3
2025;1725;2017;2020;3
2025;14359;2017;2020;3
2025;82224;2017;2020;3
2025;1327450;2017;2020;3
2025;5000981;2017;2020;3
2025;1180318;2017;2020;3
2025;5909;2017;2020;3
2025;21542;2017;2019;3
2025;97679;2017;2020;3
2025;1397772;2017;2020;3
2025;6496;2017;2020;3
2025;84352;2017;2020;3
2025;14093;2017;2020;3
2025;53338;2017;2020;3
2025;1485621;2017;2020;3
2025;58412;2017;2020;3
2025;90084;2017;2022;3
2025;1438629;2017;2020;3
2025;1202553;2017;2019;3
2025;12970;2017;2020;1
2025;1050663;2017;2020;3
2025;1408505;2017;2020;3
2025;1399487;2017;2020;3
2025;14563;2017;2020;3
2025;84408;2017;2020;3
2025;1050663;2017;2020;3
2025;1108786;2017;2020;3
2025;15343;2017;2020;3
2025;90059;2017;2020;3
2025;87537;2017;2020;3
2025;12970;2017;2020;1
2025;90084;2017;2017;3
2025;12813;2017;2020;3
2025;16236;2017;2020;3
2025;1184060;2017;2020;3
2025;5206;2017;2020;3
2025;75821;2017;2020;3
2025;5000812;2017;2020;3
2025;1879;2017;2020;3
2025;87537;2017;2020;3
2025;74594;2017;2020;3
2025;13286;2017;2018;3
2025;1163738;2017;2020;3
2025;85652;2017;2020;3
2025;57852;2017;2020;3
2025;1168313;2017;2020;3
2025;1397772;2017;2020;3
2025;1408507;2017;2020;3
2025;10222;2017;2020;3
2025;108014;2017;2020;3
2025;15343;2017;2020;3
2025;8554;2017;2020;3
2025;13601;2017;2020;3
2025;74594;2017;2020;3
2025;18447;2017;2020;3
2025;1050663;2017;2020;3
2025;12569;2017;2019;3
2025;9805;2017;2020;3
2025;12813;2017;2020;3
2025;12345;2017;2020;3
2025;5000001;2017;2023;3
2025;12015;2017;2020;3
2025;87537;2017;2020;3
2025;1879;2017;2021;3
2025;21542;2017;2020;3
2025;98409;2017;2020;3
2025;1190280;2017;2019;3
2025;107766;2017;2020;3
2025;12692;2017;2020;3
2025;91219;2017;2019;3
2025;1408259;2017;2021;3
2025;11233;2017;2020;3
2025;1184060;2017;2020;3
2025;64918;2017;2019;3
2025;90084;2017;2021;3
2025;91399;2017;2020;3
2025;18472;2017;2020;3
2025;72663;2017;2020;3
2025;1190667;2017;2020;3
2025;1185076;2017;2020;3
2025;84408;2017;2020;3
2025;1135207;2017;2020;3
2025;1399477;2017;2020;3
2025;1178672;2017;2020;3
2025;12569;2017;2020;3
2025;1029204;2017;2020;3
2025;1191415;2017;2020;3
2025;86356;2017;2020;3
2025;1408262;2017;2020;3
2025;1317634;2017;2020;3
2025;1102360;2017;2020;3
2025;1399482;2017;2021;3
2025;21542;2017;2020;3
2025;20360;2017;2020;3
2025;72663;2017;2020;3
2025;13723;2017;2020;3
2025;98506;2017;2019;3
2025;4720;2017;2020;3
2025;150039;2017;2019;3
2025;69624;2017;2020;3
2025;72663;2017;2020;3
2025;1399479;2017;2022;3
2025;14093;2017;2020;3
2025;3677;2017;2020;3
2025;1185076;2017;2020;3
2025;90084;2017;2020;3
2025;90084;2017;2020;3
2025;13601;2017;2020;3
2025;72417;2017;2020;3
2025;90084;2017;2020;3
2025;18472;2017;2020;3
2025;1330031;2017;2020;3
2025;1188900;2017;2020;3
2025;12970;2017;2022;1
2025;1184325;2017;2020;3
2025;12970;2017;2020;1
2025;57402;2017;2020;3
2025;90084;2017;2020;3
2025;84408;2017;2020;3
2025;90084;2017;2020;3
2025;1342537;2017;2020;3
2025;98406;2017;2020;3
2025;1399486;2017;2020;3
2025;8960;2017;2020;3
2025;91219;2017;2020;3
2025;90084;2017;2019;3
2025;7676;2017;2020;3
2025;1168313;2017;2020;3
2025;1050663;2017;2020;3
2025;1059179;2017;2020;3
2025;11114;2017;2020;3
2025;18594;2017;2019;4
2025;5000933;2017;2020;3
2025;74594;2017;2020;3
2025;12015;2017;2020;3
2025;4082;2017;2020;3
2025;1261972;2017;2020;3
2025;1518495;2017;2020;3
2025;72669;2017;2020;3
2025;5000001;2017;2020;3
2025;12569;2017;2019;3
2025;1399488;2017;2020;3
2025;1179189;2017;2020;3
2025;1050663;2017;2020;3
2025;90084;2017;2020;3
2025;1109361;2017;2020;3
2025;57402;2017;2020;3
2025;5001300;2017;2020;3
2025;8437;2017;2020;3
2025;12;2017;2020;3
2025;868;2017;2020;3
2025;91219;2017;2020;3
2025;1483759;2017;2020;3
2025;19850;2017;2020;3
2025;1180318;2017;2020;3
2025;1408262;2017;2020;3
2025;72669;2017;2020;3
2025;1050663;2017;2020;3
2025;1184047;2017;2020;3
2025;5000981;2017;2020;3
2025;72663;2017;2020;3
2025;11114;2017;2021;3
2025;14093;2017;2020;3
2025;5000812;2017;2020;3
2025;5000001;2017;2019;3
2025;8554;2017;2020;3
2025;484;2017;2019;3
2025;1363536;2017;2020;3
2025;7705;2017;2021;3
2025;14563;2017;2020;3
2025;87537;2017;2020;3
2025;72667;2017;2020;3
2025;1363536;2017;2020;3
2025;1029204;2017;2019;3
2025;10591;2017;2020;3
2025;90059;2017;2020;3
2025;1438629;2017;2020;3
2025;1408259;2017;2020;3
2025;5920;2017;2020;3
2025;15783;2017;2020;3
2025;90084;2017;2019;3
2025;72663;2017;2020;3
2025;15839;2017;2021;3
2025;15343;2017;2020;3
2025;90084;2017;2019;3
2025;11316;2017;2020;3
2025;98406;2017;2019;3
2025;758;2017;2020;3
2025;90084;2017;2020;3
2025;59414;2017;2020;3
2025;90084;2017;2020;3
2025;1278877;2017;2020;3
2025;2348;2017;2020;3
2025;5001341;2017;2020;3
2025;7676;2017;2020;3
2025;1190621;2017;2020;3
2025;5000981;2017;2020;3
2025;90059;2017;2020;3
2025;1190621;2017;2020;3
2025;5000930;2017;2020;1
2025;90084;2017;2020;3
2025;12569;2017;2019;3
2025;2304;2017;2020;3
2025;9996;2017;2020;3
2025;90059;2017;2020;3
2025;2304;2017;2020;3
2025;71859;2017;2019;3
2025;91399;2017;2020;3
2025;72663;2017;2020;3
2025;10222;2017;2020;3
2025;1179501;2017;2020;3
2025;108014;2017;2020;3
2025;1202547;2017;2018;3
2025;1179189;2017;2020;3
2025;3677;2017;2020;3
2025;1193275;2017;2020;3
2025;9326;2017;2020;1
2025;58412;2017;2020;3
2025;1184047;2017;2020;3
2025;1029204;2017;2020;3
2025;5000812;2017;2019;3
2025;1399481;2017;2020;3
2025;9326;2017;2020;1
2025;97679;2017;2020;3
2025;5001300;2017;2020;3
2025;1399480;2017;2020;3
2025;1185025;2017;2020;3
2025;72681;2017;2020;3
2025;1330031;2017;2020;3
2025;15343;2017;2020;3
2025;1399618;2017;2020;4
2025;93001;2017;2019;3
2025;1178672;2017;2020;3
2025;868;2017;2020;3
2025;100956;2017;2020;3
2025;90084;2017;2020;3
2025;1202573;2017;2020;3
2025;5000001;2017;2020;3
2025;65924;2017;2019;3
2025;72663;2017;2020;3
2025;20360;2017;2020;3
2025;84352;2017;2021;3
2025;11446;2017;2020;3
2025;19434;2017;2019;3
2025;14725;2017;2020;3
2025;11316;2017;2020;3
2025;1192188;2017;2019;3
2025;5001300;2017;2020;3
2025;1190621;2017;2020;3
2025;1200712;2017;2020;3
2025;1725;2017;2019;3
2025;97679;2017;2020;3
2025;1193275;2017;2020;3
2025;108014;2017;2020;3
2025;9988;2017;2020;3
2025;1321864;2017;2020;3
2025;1399481;2017;2020;3
2025;2304;2017;2020;3
2025;4503;2017;2020;3
2025;86288;2017;2020;3
2025;1180318;2017;2020;3
2025;3148;2017;2020;3
2025;5909;2017;2020;3
2025;1179189;2017;2019;3
2025;18472;2017;2020;3
2025;72663;2017;2020;3
2025;99476;2017;2021;3
2025;1399478;2017;2020;3
2025;108014;2017;2020;3
2025;1399478;2017;2020;3
2025;72663;2017;2020;3
2025;1188849;2017;2020;3
2025;2304;2017;2020;3
2025;1184325;2017;2020;3
2025;1408509;2017;2021;3
2025;54494;2017;2020;3
2025;5345;2017;2020;3
2025;87537;2017;2020;3
2025;1216474;2017;2020;3
2025;1189778;2017;2020;3
2025;1264844;2017;2020;3
2025;9326;2017;2020;1
2025;2304;2017;2023;3
2025;5001033;2017;2020;3
2025;98406;2017;2020;3
2025;18447;2017;2020;3
2025;1178524;2017;2020;3
2025;2304;2017;2020;3
2025;758;2017;2020;3
2025;1108786;2017;2020;3
2025;1421100;2017;2020;3
2025;10222;2017;2020;3
2025;82224;2017;2020;3
2025;1399488;2017;2020;3
2025;13424;2017;2019;3
2025;5001033;2017;2020;3
2025;5000980;2017;2020;3
2025;59174;2017;2020;3
2025;1399489;2017;2020;3
2025;1390309;2017;2020;3
2025;100956;2017;2020;3
2025;12813;2017;2019;3
2025;101228;2017;2020;3
2025;1257524;2017;2020;4
2025;2304;2017;2020;3
2025;84352;2017;2020;3
2025;1421013;2017;2020;3
2025;2304;2017;2020;3
2025;13601;2017;2020;3
2025;5909;2017;2020;3
2025;9805;2017;2020;3
2025;11446;2017;2020;3
2025;12813;2017;2019;3
2025;1399479;2017;2020;3
2025;100956;2017;2021;3
2025;72669;2017;2020;3
2025;2304;2017;2020;3
2025;2304;2017;2020;3
2025;2304;2017;2022;3
2025;1399618;2017;2020;4
2025;59174;2017;2020;3
2025;9988;2017;2020;3
2025;9805;2017;2020;3
2025;108882;2017;2020;3
2025;2304;2017;2020;3
2025;1438629;2017;2020;3
2025;65114;2017;2022;3
2025;18605;2017;2020;3
2025;2304;2017;2020;3
2025;9988;2017;2020;3
2025;5000001;2017;2020;3
2025;69464;2017;2020;3
2025;1179501;2017;2020;3
2025;15839;2017;2020;3
2025;2304;2017;2020;3
2025;9772;2017;2020;3
2025;9988;2017;2020;3
2025;2695;2017;2020;3
2025;1184325;2017;2020;3
2025;9326;2017;2020;1
2025;5000930;2017;2020;3
2025;9326;2017;2020;1
2025;57402;2017;2020;3
2025;93001;2017;2020;3
2025;1136509;2017;2020;3
2025;12015;2017;2020;3
2025;1178672;2017;2020;3
2025;39415;2017;2020;3
2025;2304;2017;2020;3
2025;1408504;2017;2019;3
2025;19086;2017;2020;3
2025;59414;2017;2020;3
2025;5001033;2017;2020;3
2025;57402;2017;2020;3
2025;5000979;2017;2020;3
2025;1419799;2017;2021;3
2025;5345;2017;2020;3
2025;2304;2017;2020;3
2025;51835;2017;2020;3
2025;1068548;2017;2018;3
2025;1200712;2017;2020;3
2025;1258023;2017;2020;3
2025;59414;2017;2020;3
2025;2304;2017;2020;3
2025;1879;2017;2021;3
2025;93001;2017;2021;3
2025;18472;2017;2020;3
2025;1419799;2017;2020;3
2025;1278877;2017;2020;3
2025;9996;2017;2020;3
2025;1390317;2017;2020;3
2025;1179501;2017;2020;3
2025;1108786;2017;2020;3
2025;1349675;2017;2020;3
2025;11233;2017;2020;3
2025;2304;2017;2020;3
2025;85652;2017;2020;3
2025;108882;2017;2020;3
2025;16236;2017;2020;3
2025;21542;2017;2019;3
2025;121850;2017;2018;3
2025;5001033;2017;2020;3
2025;87537;2017;2020;3
2025;12569;2017;2020;3
2025;1408509;2017;2020;3
2025;18605;2017;2021;3
2025;5920;2017;2020;3
2025;1278877;2017;2020;3
2025;1029204;2017;2020;3
2025;1188900;2017;2020;3
2025;1178672;2017;2020;3
2025;39415;2017;2019;3
2025;5000930;2017;2020;1
2025;1029204;2017;2020;3
2025;1485621;2017;2020;3
2025;7676;2017;2020;3
2025;54494;2017;2019;3
2025;13723;2017;2020;3
2025;1342537;2017;2020;3
2025;14359;2017;2019;3
2025;72667;2017;2020;3
2025;90483;2017;2017;3
2025;4720;2017;2020;3
2025;14615;2017;2019;3
2025;57402;2017;2020;3
2025;1457503;2017;2019;3
2025;100958;2017;2020;3
2025;71859;2017;2020;3
2025;82224;2017;2020;3
2025;2348;2017;2020;3
2025;1406536;2017;2019;3
2025;14093;2017;2020;3
2025;5001314;2017;2020;3
2025;1178524;2017;2020;3
2025;1390309;2017;2020;3
2025;1190280;2017;2019;3
2025;7105;2017;2020;3
2025;14234;2017;2020;3
2025;1342536;2017;2020;3
2025;1178672;2017;2020;3
2025;15783;2017;2020;3
2025;100688;2017;2020;3
2025;72767;2017;2019;3
2025;1453564;2017;2020;3
2025;107766;2017;2020;3
2025;14563;2017;2020;3
2025;90059;2017;2020;3
2025;5001033;2017;2020;3
2025;11114;2017;2020;3
2025;98406;2017;2020;3
2025;1292869;2017;2019;3
2025;13866;2017;2020;3
2025;1408508;2017;2020;4
2025;72669;2017;2020;3
2025;9996;2017;2020;3
2025;1399479;2017;2020;3
2025;14234;2017;2020;3
2025;11316;2017;2020;3
2025;51835;2017;2020;3
2025;12970;2017;2020;1
2025;5001183;2017;2020;3
2025;14234;2017;2020;3
2025;5001033;2017;2020;3
2025;72669;2017;2019;3
2025;5001033;2017;2020;3
2025;5001101;2017;2020;3
2025;1136509;2017;2020;3
2025;1168313;2017;2020;3
2025;1421013;2017;2020;3
2025;1399489;2017;2020;3
2025;1399615;2017;2020;3
2025;1390309;2017;2020;3
2025;13866;2017;2020;3
2025;74655;2017;2020;3
2025;91219;2017;2019;3
2025;7676;2017;2020;3
2025;11114;2017;2020;3
2025;5000979;2017;2020;3
2025;18594;2017;2020;4
2025;108014;2017;2020;3
2025;1187646;2017;2019;3
2025;1183313;2017;2020;3
2025;66248;2017;2020;3
2025;1317634;2017;2020;3
2025;64918;2017;2020;3
2025;1399484;2017;2020;3
2025;1136509;2017;2020;3
2025;59414;2017;2020;3
2025;5909;2017;2020;3
2025;18605;2017;2022;3
2025;1190280;2017;2019;3
2025;85652;2017;2020;3
2025;14615;2017;2020;3
2025;1108786;2017;2019;3
2025;13424;2017;2018;3
2025;758;2017;2020;3
2025;15783;2017;2020;3
2025;4720;2017;2020;3
2025;84408;2017;2020;3
2025;5000930;2017;2020;1
2025;1487290;2017;2020;3
2025;72669;2017;2019;3
2025;1292725;2017;2019;3
2025;1261972;2017;2020;3
2025;79007;2017;2020;3
2025;1725;2017;2022;3
2025;1477973;2017;2020;3
2025;1108786;2017;2020;3
2025;12569;2017;2020;3
2025;69464;2017;2020;3
2025;1257562;2017;2020;3
2025;13723;2017;2020;3
2025;2695;2017;2020;3
2025;72663;2017;2020;3
2025;1408262;2017;2020;3
2025;91219;2017;2019;3
2025;1292725;2017;2019;3
2025;1108786;2017;2020;3
2025;2392;2017;2020;3
2025;1486298;2017;2020;3
2025;2304;2017;2020;3
2025;12970;2017;2020;1
2025;65114;2017;2021;3
2025;1292869;2017;2019;3
2025;65114;2017;2022;3
2025;13424;2017;2019;3
2025;5001101;2017;2020;3
2025;11114;2017;2020;3
2025;13424;2017;2019;3
2025;80037;2017;2019;3
2025;12569;2017;2020;3
2025;303;2017;2019;1
2025;49060;2017;2020;3
2025;100958;2017;2020;3
2025;1178524;2017;2020;3
2025;868;2017;2020;3
2025;1185903;2017;2020;3
2025;57402;2017;2020;3
2025;15783;2017;2020;3
2025;12970;2017;2020;1
2025;1189778;2017;2020;3
2025;82224;2017;2020;3
2025;1193264;2017;2020;3
2025;5001300;2017;2020;3
2025;37304;2017;2020;4
2025;5000001;2017;2020;3
2025;97679;2017;2020;3
2025;103596;2017;2020;3
2025;18447;2017;2020;3
2025;5001183;2017;2020;3
2025;20249;2017;2020;3
2025;1458090;2017;2020;3
2025;107766;2017;2020;3
2025;1390317;2017;2020;3
2025;13286;2017;2019;3
2025;1879;2017;2020;3
2025;98406;2017;2020;3
2025;1278877;2017;2020;3
2025;5345;2017;2019;3
2025;18472;2017;2019;3
2025;5001033;2017;2020;3
2025;10591;2017;2020;3
2025;7676;2017;2020;3
2025;5001183;2017;2020;3
2025;5000812;2017;2020;3
2025;1190280;2017;2019;3
2025;9988;2017;2020;1
2025;90847;2017;2018;3
2025;12569;2017;2019;3
2025;12692;2017;2020;3
2025;1487290;2017;2020;3
2025;8960;2017;2020;3
2025;1399616;2017;2020;3
2025;1399477;2017;2020;3
2025;82224;2017;2020;3
2025;16236;2017;2020;3
2025;1200578;2017;2020;3
2025;758;2017;2019;3
2025;84408;2017;2019;3
2025;51835;2017;2020;3
2025;1399617;2017;2019;3
2025;1427370;2017;2020;3
2025;90847;2017;2018;3
2025;90847;2017;2018;3
2025;1448710;2017;2020;3
2025;6496;2017;2020;3
2025;90847;2017;2018;3
2025;90847;2017;2018;3
2025;3418;2017;2020;3
2025;90847;2017;2018;3
2025;1026;2017;2019;3
2025;72417;2017;2020;3
2025;1322329;2017;2020;3
2025;87537;2017;2020;3
2025;15343;2017;2020;3
2025;100956;2017;2020;3
2025;5001033;2017;2020;3
2025;66361;2017;2022;3
2025;14563;2017;2020;3
2025;1390309;2017;2020;3
2025;1419799;2017;2020;3
2025;5000979;2017;2020;3
2025;1399614;2017;2021;4
2025;1399479;2017;2020;3
2025;484;2017;2019;3
2025;1178672;2017;2020;3
2025;1292869;2017;2019;3
2025;108882;2017;2021;3
2025;12569;2017;2020;3
2025;84352;2017;2020;3
2025;1193275;2017;2020;3
2025;1485621;2017;2023;3
2025;1178672;2017;2020;3
2025;12015;2017;2020;3
2025;5001183;2017;2020;3
2025;1390309;2017;2020;3
2025;100958;2017;2020;3
2025;82224;2017;2020;3
2025;72767;2017;2019;3
2025;1390317;2017;2020;3
2025;18447;2017;2020;3
2025;1108786;2017;2018;3
2025;1187646;2017;2019;3
2025;1108786;2017;2020;3
2025;98506;2017;2020;3
2025;9326;2017;2020;1
2025;9996;2017;2020;3
2025;2304;2017;2020;3
2025;6496;2017;2020;3
2025;4082;2017;2020;3
2025;12015;2017;2020;3
2025;1408505;2017;2020;3
2025;1184432;2017;2020;3
2025;1188849;2017;2020;3
2025;85652;2017;2020;3
2025;1292869;2017;2020;3
2025;12970;2017;2020;1
2025;11233;2017;2020;3
2025;4503;2017;2020;3
2025;1190667;2017;2020;3
2025;84352;2017;2019;3
2025;2695;2017;2020;3
2025;20058;2017;2021;3
2025;5001300;2017;2020;3
2025;48854;2017;2020;3
2025;2918;2017;2018;3
2025;18605;2017;2020;3
2025;5001341;2017;2020;3
2025;13601;2017;2019;3
2025;1349675;2017;2019;3
2025;1317634;2017;2020;3
2025;69464;2017;2020;3
2025;13200;2017;2020;3
2025;12692;2017;2020;3
2025;19434;2017;2020;3
2025;1399614;2017;2020;4
2025;1390317;2017;2022;3
2025;1725;2017;2020;3
2025;65114;2017;2021;3
2025;9326;2017;2020;1
2025;1029204;2017;2020;3
2025;1193275;2017;2020;3
2025;1427419;2017;2020;3
2025;100958;2017;2020;3
2025;1200712;2017;2019;3
2025;58412;2017;2020;3
2025;13601;2017;2020;3
2025;1879;2017;2020;3
2025;85652;2017;2020;3
2025;1439;2017;2020;3
2025;5909;2017;2020;3
2025;5001294;2017;2021;3
2025;1363536;2017;2019;3
2025;9805;2017;2020;3
2025;100956;2017;2020;3
2025;10224;2017;2020;3
2025;100956;2017;2021;3
2025;1399485;2017;2020;3
2025;1486298;2017;2020;3
2025;2695;2017;2020;3
2025;82224;2017;2020;3
2025;2348;2017;2020;3
2025;1188849;2017;2020;3
2025;20249;2017;2020;3
2025;5001300;2017;2020;3
2025;100956;2017;2020;3
2025;1295813;2017;2020;3
2025;58412;2017;2020;3
2025;86288;2017;2020;3
2025;9988;2017;2020;3
2025;100958;2017;2020;3
2025;12015;2017;2020;3
2025;18447;2017;2020;3
2025;19850;2017;2020;3
2025;53338;2017;2020;3
2025;11114;2017;2020;3
2025;14093;2017;2020;3
2025;7837;2017;2019;3
2025;1163738;2017;2020;3
2025;5920;2017;2020;3
2025;84408;2017;2020;3
2025;1107;2017;2020;3
2025;14093;2017;2020;3
2025;1349675;2017;2020;3
2025;1188900;2017;2020;3
2025;54494;2017;2020;3
2025;65114;2017;2022;3
2025;14359;2017;2020;3
2025;5000979;2017;2020;3
2025;1399615;2017;2020;3
2025;9988;2017;2020;1
2025;1518495;2017;2020;3
2025;18594;2017;2020;4
2025;1188900;2017;2020;3
2025;13424;2017;2019;3
2025;1107;2017;2020;3
2025;74655;2017;2020;3
2025;84408;2017;2020;3
2025;59174;2017;2020;3
2025;8698;2017;2020;3
2025;7705;2017;2020;3
2025;1202546;2017;2020;3
2025;15343;2017;2020;3
2025;1107;2017;2020;3
2025;3418;2017;2020;3
2025;5001183;2017;2021;3
2025;1171609;2017;2021;3
2025;1453564;2017;2020;3
2025;8698;2017;2020;3
2025;12569;2017;2019;3
2025;6496;2017;2020;3
2025;9988;2017;2017;3
2025;1189607;2017;2019;3
2025;10222;2017;2020;3
2025;59414;2017;2020;3
2025;84408;2017;2020;3
2025;1178672;2017;2020;3
2025;12970;2017;2020;1
2025;1408261;2017;2020;3
2025;65924;2017;2020;3
2025;9988;2017;2020;3
2025;97679;2017;2020;3
2025;1135207;2017;2020;3
2025;13200;2017;2020;3
2025;5000001;2017;2020;3
2025;9326;2017;2020;1
2025;38071;2017;2020;3
2025;64918;2017;2020;3
2025;5000001;2017;2023;3
2025;97679;2017;2020;3
2025;1202553;2017;2019;3
2025;72669;2017;2020;3
2025;389;2017;2019;1
2025;72663;2017;2020;3
2025;14234;2017;2020;3
2025;20249;2017;2020;3
2025;74655;2017;2020;3
2025;1445016;2017;2020;3
2025;87941;2017;2020;3
2025;5000980;2017;2020;3
2025;1408508;2017;2020;4
2025;1629;2017;2020;3
2025;2695;2017;2020;3
2025;1349675;2017;2020;3
2025;84352;2017;2020;3
2025;5920;2017;2020;3
2025;87537;2017;2020;3
2025;1477973;2017;2020;3
2025;1458090;2017;2020;3
2025;1390317;2017;2020;3
2025;1189778;2017;2020;3
2025;1185076;2017;2020;3
2025;1421013;2017;2018;3
2025;18594;2017;2020;4
2025;48854;2017;2020;3
2025;1135207;2017;2020;3
2025;1187646;2017;2019;3
2025;1185076;2017;2019;3
2025;84352;2017;2020;3
2025;12569;2017;2019;3
2025;1408508;2017;2020;4
2025;90059;2017;2019;3
2025;18605;2017;2021;3
2025;1108786;2017;2019;3
2025;7414;2017;2019;3
2025;1879;2017;2020;3
2025;12970;2017;2020;1
2025;1399614;2017;2020;4
2025;74655;2017;2020;3
2025;1399477;2017;2022;3
2025;18594;2017;2020;4
2025;1399481;2017;2021;3
2025;1327450;2017;2020;3
2025;5001033;2017;2020;3
2025;66248;2017;2019;3
2025;12970;2017;2020;1
2025;1399617;2017;2020;3
2025;78256;2017;2020;3
2025;1188849;2017;2020;3
2025;1178672;2017;2020;3
2025;1173014;2017;2020;3
2025;90483;2017;2017;3
2025;54494;2017;2019;3
2025;82224;2017;2020;3
2025;21542;2017;2019;3
2025;69624;2017;2020;3
2025;7676;2017;2020;3
2025;14359;2017;2020;3
2025;1200578;2017;2020;3
2025;1399617;2017;2020;3
2025;11114;2017;2021;3
2025;87941;2017;2020;3
2025;5000001;2017;2020;3
2025;1109361;2017;2019;3
2025;1445016;2017;2020;3
2025;1421013;2017;2020;3
2025;1178672;2017;2020;3
2025;49060;2017;2020;3
2025;140;2017;2020;3
2025;12569;2017;2019;3
2025;4720;2017;2020;3
2025;14975;2017;2020;3
2025;98506;2017;2020;3
2025;1445016;2017;2020;3
2025;10224;2017;2020;3
2025;59414;2017;2019;3
2025;97679;2017;2020;3
2025;1180318;2017;2019;3
2025;1399614;2017;2021;4
2025;100956;2017;2021;3
2025;1029204;2017;2020;3
2025;12569;2017;2019;3
2025;5000979;2017;2023;3
2025;97679;2017;2020;3
2025;1629;2017;2020;3
2025;51835;2017;2020;3
2025;14563;2017;2020;3
2025;18447;2017;2020;3
2025;2918;2017;2018;3
2025;1185076;2017;2020;3
2025;5920;2017;2020;3
2025;59174;2017;2020;3
2025;16236;2017;2020;3
2025;1178672;2017;2020;3
2025;18594;2017;2022;4
2025;14359;2017;2020;3
2025;1184432;2017;2021;3
2025;1445016;2017;2020;3
2025;1191415;2017;2020;3
2025;1136509;2017;2020;3
2025;1421013;2017;2020;3
2025;100688;2017;2020;3
2025;8960;2017;2020;3
2025;1178672;2017;2020;3
2025;5920;2017;2020;3
2025;12345;2017;2020;3
2025;5000001;2017;2020;3
2025;5000930;2017;2020;1
2025;14093;2017;2018;3
2025;74655;2017;2020;3
2025;1026;2017;2019;3
2025;108014;2017;2020;3
2025;90059;2017;2020;3
2025;18594;2017;2020;4
2025;1257548;2017;2024;3
2025;1518;2017;2020;3
2025;5000001;2017;2020;3
2025;5000001;2017;2020;3
2025;868;2017;2020;3
2025;1408505;2017;2020;3
2025;1397773;2017;2020;3
2025;1518495;2017;2020;3
2025;1180318;2017;2020;3
2025;14975;2017;2020;3
2025;57402;2017;2020;3
2025;7676;2017;2020;3
2025;5000979;2017;2020;3
2025;5000001;2017;2020;3
2025;11114;2017;2020;3
2025;79007;2017;2020;3
2025;1404416;2017;2018;3
2025;5000001;2017;2020;3
2025;5000931;2017;2020;3
2025;84352;2017;2020;3
2025;5000931;2017;2020;3
2025;5001033;2017;2020;3
2025;5001167;2017;2020;3
2025;100688;2017;2020;3
2025;5000931;2017;2020;3
2025;2695;2017;2020;3
2025;1477973;2017;2020;3
2025;86288;2017;2022;3
2025;1191415;2017;2020;3
2025;1408508;2017;2020;4
2025;1050663;2017;2020;3
2025;108882;2017;2020;3
2025;49060;2017;2020;3
2025;59414;2017;2020;3
2025;1178524;2017;2020;3
2025;12569;2017;2019;3
2025;1408259;2017;2021;3
2025;5000930;2017;2020;3
2025;9996;2017;2020;3
2025;1457503;2017;2020;3
2025;1629;2017;2020;3
2025;13286;2017;2019;3
2025;5001183;2017;2020;3
2025;86356;2017;2018;3
2025;8554;2017;2020;3
2025;1483773;2017;2020;3
2025;1419799;2017;2020;3
2025;1879;2017;2020;3
2025;1261972;2017;2019;3
2025;1136509;2017;2020;3
2025;20360;2017;2020;3
2025;1363536;2017;2020;3
2025;98406;2017;2020;3
2025;12015;2017;2020;3
2025;1457006;2017;2020;3
2025;58412;2017;2020;3
2025;12345;2017;2020;3
2025;80037;2017;2019;3
2025;13286;2017;2018;3
2025;57402;2017;2020;3
2025;1178672;2017;2020;3
2025;1068548;2017;2019;3
2025;98506;2017;2021;3
2025;1185903;2017;2021;3
2025;1102360;2017;2020;3
2025;100688;2017;2020;3
2025;1180318;2017;2020;3
2025;1107;2017;2020;3
2025;1108786;2017;2020;3
2025;1399478;2017;2020;3
2025;1879;2017;2020;3
2025;38071;2017;2020;3
2025;1029204;2017;2020;3
2025;100956;2017;2020;3
2025;1135207;2017;2020;3
2025;1188849;2017;2020;3
2025;5000001;2017;2020;3
2025;2695;2017;2020;3
2025;1202588;2017;2019;3
2025;1385538;2017;2020;3
2025;1725;2017;2020;3
2025;14975;2017;2019;3
2025;12970;2017;2020;1
2025;37304;2017;2020;4
2025;868;2017;2020;3
2025;12813;2017;2020;3
2025;1200712;2017;2020;3
2025;59174;2017;2020;3
2025;59414;2017;2020;3
2025;5000001;2017;2020;3
2025;6496;2017;2020;3
2025;14975;2017;2019;3
2025;1399478;2017;2020;3
2025;1173014;2017;2020;3
2025;37304;2017;2020;4
2025;59174;2017;2019;3
2025;18472;2017;2020;3
2025;98409;2017;2019;3
2025;5909;2017;2020;3
2025;1399616;2017;2020;3
2025;1292869;2017;2019;3
2025;74655;2017;2020;3
2025;1185025;2017;2020;3
2025;13286;2017;2019;3
2025;5000933;2017;2019;3
2025;5000812;2017;2020;3
2025;87537;2017;2020;3
2025;1173014;2017;2020;3
2025;5000812;2017;2020;3
2025;1173014;2017;2020;3
2025;59414;2017;2020;3
2025;12692;2017;2020;3
2025;1342536;2017;2020;3
2025;1173014;2017;2020;3
2025;1173014;2017;2018;3
2025;12569;2017;2020;3
2025;74655;2017;2020;3
2025;1202553;2017;2019;3
2025;87537;2017;2020;3
2025;6496;2017;2020;3
2025;1059179;2017;2020;3
2025;1173014;2017;2020;3
2025;86356;2017;2020;3
2025;1399617;2017;2020;3
2025;1330031;2017;2020;3
2025;1108281;2017;2020;3
2025;11114;2017;2020;3
2025;65114;2017;2021;3
2025;72669;2017;2019;3
2025;5000981;2017;2020;3
2025;758;2017;2020;3
2025;98406;2017;2020;3
2025;7676;2017;2020;3
2025;5000933;2017;2020;3
2025;1059179;2017;2019;3
2025;1399618;2017;2020;4
2025;1486822;2017;2022;3
2025;13200;2017;2019;3
2025;1173014;2017;2020;3
2025;86288;2017;2020;3
2025;14563;2017;2020;3
2025;1104264;2017;2020;3
2025;1104264;2017;2022;3
2025;14093;2017;2020;3
2025;1026;2017;2019;3
2025;1399479;2017;2021;3
2025;7705;2017;2020;3
2025;1408261;2017;2019;3
2025;108882;2017;2020;3
2025;14563;2017;2020;3
2025;15343;2017;2020;3
2025;12015;2017;2020;3
2025;66248;2017;2020;3
2025;75821;2017;2020;3
2025;8960;2017;2020;3
2025;1330031;2017;2020;3
2025;86356;2017;2020;3
2025;20360;2017;2020;3
2025;1163738;2017;2019;3
2025;1390309;2017;2020;3
2025;1188900;2017;2020;3
2025;1200712;2017;2020;3
2025;1202547;2017;2018;3
2025;37304;2017;2020;4
2025;10222;2017;2020;3
2025;97679;2017;2020;3
2025;1108281;2017;2020;3
2025;1399486;2017;2020;3
2025;1487491;2017;2019;3
2025;1202588;2017;2019;3
2025;5001300;2017;2020;3
2025;1321864;2017;2020;3
2025;1427419;2017;2020;3
2025;11316;2017;2020;3
2025;5001101;2017;2020;3
2025;5000812;2017;2020;3
2025;1193275;2017;2020;3
2025;1168313;2017;2020;3
2025;7837;2017;2019;3
2025;12692;2017;2020;3
2025;1173014;2017;2019;3
2025;12015;2017;2020;3
2025;5000931;2017;2019;3
2025;51699;2017;2020;3
2025;19086;2017;2019;3
2025;49060;2017;2020;3
2025;5000931;2017;2020;3
2025;1184047;2017;2020;3
2025;5000931;2017;2020;3
2025;7105;2017;2020;3
2025;1261972;2017;2019;3
2025;11233;2017;2020;3
2025;5000931;2017;2020;3
2025;10222;2017;2020;3
2025;1059179;2017;2020;3
2025;7676;2017;2020;3
2025;5000001;2017;2020;3
2025;49060;2017;2019;3
2025;65924;2017;2018;3
2025;1321864;2017;2020;3
2025;51835;2017;2020;3
2025;65114;2017;2023;3
2025;1399480;2017;2020;3
2025;65114;2017;2022;3
2025;5920;2017;2020;3
2025;98406;2017;2020;3
2025;5001427;2017;2020;3
2025;1059179;2017;2020;3
2025;1458090;2017;2020;3
2025;1257524;2017;2020;4
2025;1059179;2017;2020;3
2025;1518495;2017;2020;3
2025;15475;2017;2020;1
2025;13200;2017;2020;3
2025;82224;2017;2020;3
2025;9326;2017;2020;1
2025;1185025;2017;2019;3
2025;1408505;2017;2020;3
2025;4082;2017;2020;3
2025;1385538;2017;2020;3
2025;140;2017;2020;3
2025;1408504;2017;2020;3
2025;1202553;2017;2019;3
2025;1257777;2017;2020;3
2025;19206;2017;2020;4
2025;1178524;2017;2020;3
2025;57852;2017;2020;3
2025;1059179;2017;2020;3
2025;8960;2017;2020;3
2025;1399488;2017;2020;3
2025;84352;2017;2020;3
2025;10224;2017;2020;3
2025;1190667;2017;2020;3
2025;1104264;2017;2020;3
2025;1879;2017;2020;3
2025;51835;2017;2020;3
2025;18594;2017;2019;4
2025;1059179;2017;2019;3
2025;57402;2017;2020;3
2025;1439;2017;2020;3
2025;1193275;2017;2020;3
2025;1427370;2017;2021;3
2025;1184432;2017;2020;3
2025;1399477;2017;2022;3
2025;1059179;2017;2019;3
2025;65114;2017;2022;3
2025;1408509;2017;2020;3
2025;5001341;2017;2020;3
2025;1059179;2017;2019;3
2025;97679;2017;2020;3
2025;5909;2017;2020;3
2025;15343;2017;2020;3
2025;1278877;2017;2020;3
2025;100956;2017;2020;3
2025;1059179;2017;2019;3
2025;484;2017;2019;3
2025;1068548;2017;2019;3
2025;51835;2017;2019;3
2025;1408259;2017;2022;3
2025;14359;2017;2020;3
2025;1399478;2017;2020;3
2025;9996;2017;2021;3
2025;484;2017;2019;3
2025;39415;2017;2020;3
2025;66248;2017;2019;3
2025;1187646;2017;2019;3
2025;1330031;2017;2020;3
2025;5001300;2017;2020;3
2025;1427370;2017;2020;3
2025;5000980;2017;2020;3
2025;72663;2017;2020;3
2025;1399486;2017;2020;3
2025;85652;2017;2020;3
2025;100956;2017;2020;3
2025;1102360;2017;2020;3
2025;1264844;2017;2020;3
2025;1178672;2017;2020;3
2025;8554;2017;2020;3
2025;107666;2017;2020;3
2025;100956;2017;2020;3
2025;1050663;2017;2020;3
2025;72669;2017;2020;3
2025;90847;2017;2019;3
2025;8554;2017;2020;3
2025;14563;2017;2020;3
2025;1363536;2017;2019;3
2025;1390311;2017;2020;3
2025;1448710;2017;2020;3
2025;1029204;2017;2020;3
2025;1385538;2017;2020;3
2025;1200578;2017;2020;3
2025;14563;2017;2020;3
2025;5000930;2017;2020;3
2025;5000930;2017;2019;3
2025;100956;2017;2020;3
2025;1408507;2017;2020;3
2025;84352;2017;2020;3
2025;14725;2017;2020;3
2025;1202573;2017;2020;3
2025;1185076;2017;2019;3
2025;7105;2017;2020;3
2025;1427419;2017;2020;3
2025;18594;2017;2021;4
2025;14234;2017;2020;3
2025;20058;2017;2020;3
2025;72667;2017;2020;3
2025;1292869;2017;2019;3
2025;1725;2017;2020;3
2025;85652;2017;2020;3
2025;6711;2017;2019;3
2025;1399477;2017;2021;3
2025;7105;2017;2020;3
2025;1192047;2017;2020;3
2025;86288;2017;2020;3
2025;3418;2017;2020;3
2025;1399486;2017;2020;3
2025;1408504;2017;2020;3
2025;1029204;2017;2020;3
2025;1483773;2017;2020;3
2025;1188900;2017;2020;3
2025;19086;2017;2020;3
2025;13866;2017;2019;3
2025;74594;2017;2020;3
2025;14563;2017;2020;3
2025;51835;2017;2020;3
2025;38071;2017;2020;3
2025;4082;2017;2020;3
2025;5000933;2017;2020;3
2025;8554;2017;2020;3
2025;5000001;2017;2022;3
2025;1185076;2017;2019;3
2025;5000812;2017;2020;3
2025;1725;2017;2020;3
2025;19294;2017;2019;3
2025;5001466;2017;2019;3
2025;5000930;2017;2020;3
2025;100956;2017;2023;3
2025;53338;2017;2020;3
2025;1192047;2017;2020;3
2025;14563;2017;2020;3
2025;1102360;2017;2020;3
2025;2304;2017;2019;3
2025;108014;2017;2020;3
2025;1330031;2017;2020;3
2025;1385538;2017;2017;3
2025;5001033;2017;2020;3
2025;1399487;2017;2020;3
2025;1200712;2017;2020;3
2025;1408504;2017;2019;3
2025;4503;2017;2020;3
2025;12015;2017;2020;3
2025;1390309;2017;2020;3
2025;90059;2017;2020;3
2025;1135207;2017;2020;3
2025;82224;2017;2018;3
2025;1317634;2017;2020;3
2025;1408509;2017;2020;3
2025;8960;2017;2020;3
2025;82224;2017;2020;3
2025;12569;2017;2019;3
2025;1879;2017;2020;3
2025;1202553;2017;2020;3
2025;19434;2017;2020;3
2025;1264844;2017;2020;3
2025;5000001;2017;2020;3
2025;4082;2017;2020;3
2025;97679;2017;2019;3
2025;1292869;2017;2020;3
2025;60660;2017;2020;3
2025;11316;2017;2020;3
2025;98406;2017;2020;3
2025;4720;2017;2020;3
2025;12345;2017;2018;3
2025;8960;2017;2020;3
2025;72667;2017;2020;3
2025;1455021;2017;2020;3
2025;1108786;2017;2020;3
2025;1408504;2017;2020;3
2025;86356;2017;2020;3
2025;7676;2017;2020;3
2025;21542;2017;2019;3
2025;84408;2017;2020;3
2025;9996;2017;2020;3
2025;5000930;2017;2020;3
2025;5920;2017;2020;3
2025;86356;2017;2020;3
2025;72669;2017;2020;3
2025;1399489;2017;2020;3
2025;19086;2017;2020;3
2025;9805;2017;2020;3
2025;6711;2017;2019;3
2025;86288;2017;2020;3
2025;1029204;2017;2020;3
2025;140;2017;2019;3
2025;8554;2017;2020;3
2025;9988;2017;2020;3
2025;1385538;2017;2020;3
2025;1385538;2017;2020;3
2025;1483773;2017;2020;3
2025;57402;2017;2020;3
2025;13601;2017;2020;3
2025;13200;2017;2020;3
2025;1399484;2017;2020;3
2025;1184060;2017;2019;3
2025;1483773;2017;2020;3
2025;7414;2017;2020;3
2025;16236;2017;2020;3
2025;8554;2017;2020;3
2025;1445016;2017;2020;3
2025;1202553;2017;2019;3
2025;8554;2017;2020;3
2025;1179501;2017;2020;3
2025;1399488;2017;2021;3
2025;1399618;2017;2020;4
2025;1399616;2017;2020;3
2025;5001294;2017;2019;3
2025;1725;2017;2020;3
2025;1278877;2017;2019;3
2025;72767;2017;2019;3
2025;5001183;2017;2018;4
2025;1193264;2017;2020;3
2025;108014;2017;2021;3
2025;7705;2017;2020;3
2025;1419799;2017;2020;3
2025;1518;2017;2019;3
2025;5000980;2017;2020;3
2025;14093;2017;2020;3
2025;13866;2017;2020;3
2025;11114;2017;2020;3
2025;12;2017;2019;3
2025;7414;2017;2020;3
2025;8437;2017;2019;3
2025;1136509;2017;2020;3
2025;120983;2017;2020;3
2025;13286;2017;2019;3
2025;1399481;2017;2021;3
2025;13723;2017;2020;3
2025;11233;2017;2020;3
2025;1385538;2017;2019;3
2025;19434;2017;2020;3
2025;1178524;2017;2020;3
2025;140;2017;2020;3
2025;1168313;2017;2020;3
2025;1168313;2017;2020;3
2025;1385538;2017;2020;3
2025;48854;2017;2020;3
2025;16236;2017;2020;3
2025;1427420;2017;2018;3
2025;1399615;2017;2020;3
2025;120983;2017;2020;3
2025;97679;2017;2020;3
2025;108882;2017;2020;3
2025;1399486;2017;2020;3
2025;100688;2017;2020;3
2025;13723;2017;2019;3
2025;20058;2017;2020;3
2025;86356;2017;2020;3
2025;5000001;2017;2020;3
2025;100956;2017;2021;3
2025;1457503;2017;2019;3
2025;3148;2017;2020;3
2025;1408509;2017;2021;3
2025;14234;2017;2020;3
2025;57402;2017;2020;3
2025;13723;2017;2020;3
2025;20058;2017;2020;3
2025;4082;2017;2020;3
2025;140;2017;2017;3
2025;140;2017;2021;3
2025;20058;2017;2020;3
2025;1184432;2017;2020;3
2025;1178524;2017;2020;3
2025;5000930;2017;2020;3
2025;12345;2017;2020;3
2025;82224;2017;2020;3
2025;1257524;2017;2020;4
2025;1108786;2017;2020;3
2025;14359;2017;2020;3
2025;14359;2017;2020;3
2025;107666;2017;2020;3
2025;758;2017;2020;3
2025;84352;2017;2020;3
2025;1202539;2017;2019;3
2025;12970;2017;2020;1
2025;20058;2017;2020;3
2025;86288;2017;2020;3
2025;91219;2017;2020;3
2025;11233;2017;2020;3
2025;1102360;2017;2020;3
2025;3148;2017;2020;3
2025;5909;2017;2020;3
2025;1108281;2017;2020;3
2025;98406;2017;2020;3
2025;20360;2017;2020;3
2025;1168313;2017;2020;3
2025;1317634;2017;2020;3
2025;1278877;2017;2020;3
2025;1421100;2017;2020;3
2025;98406;2017;2020;3
2025;1202573;2017;2020;3
2025;1107;2017;2020;3
2025;18447;2017;2020;3
2025;1408261;2017;2020;3
2025;90483;2017;2017;3
2025;12970;2017;2019;1
2025;107766;2017;2020;3
2025;1187646;2017;2019;3
2025;51699;2017;2020;3
2025;1108281;2017;2020;3
2025;11114;2017;2020;3
2025;98406;2017;2020;3
2025;20058;2017;2020;3
2025;90483;2017;2017;3
2025;1408505;2017;2020;3
2025;19086;2017;2019;3
2025;11446;2017;2020;3
2025;87941;2017;2020;3
2025;1385538;2017;2019;3
2025;5001183;2017;2022;3
2025;74655;2017;2020;3
2025;86288;2017;2020;3
2025;20058;2017;2020;3
2025;20058;2017;2020;3
2025;19294;2017;2021;3
2025;1399479;2017;2020;3
2025;6496;2017;2020;3
2025;99476;2017;2021;3
2025;93001;2017;2020;3
2025;100958;2017;2020;3
2025;1178524;2017;2020;3
2025;5000979;2017;2020;3
2025;100958;2017;2020;3
2025;91219;2017;2020;3
2025;1184432;2017;2020;3
2025;7105;2017;2020;3
2025;1202553;2017;2020;3
2025;1399481;2017;2021;3
2025;87537;2017;2020;3
2025;18447;2017;2020;3
2025;87941;2017;2020;3
2025;868;2017;2020;3
2025;1406536;2017;2020;3
2025;13601;2017;2020;3
2025;5000981;2017;2020;3
2025;1292726;2017;2021;3
2025;5000979;2017;2021;3
2025;100958;2017;2020;3
2025;19294;2017;2020;3
2025;108882;2017;2020;3
2025;1629;2017;2020;3
2025;5000931;2017;2020;3
2025;1108786;2017;2020;3
2025;1135207;2017;2019;3
2025;1178524;2017;2020;3
2025;18594;2017;2020;4
2025;93001;2017;2020;3
2025;5000931;2017;2020;3
2025;108884;2017;2020;3
2025;18605;2017;2020;3
2025;5000931;2017;2019;3
2025;99476;2017;2021;3
2025;1390317;2017;2020;3
2025;1397772;2017;2020;3
2025;86356;2017;2020;3
2025;5000930;2017;2020;3
2025;1193275;2017;2020;3
2025;91219;2017;2020;3
2025;12015;2017;2020;3
2025;1257562;2017;2020;3
2025;1408259;2017;2020;3
2025;100958;2017;2020;3
2025;90091;2017;2020;3
2025;18605;2017;2020;3
2025;74655;2017;2020;3
2025;82224;2017;2020;3
2025;1202539;2017;2018;3
2025;98406;2017;2020;3
2025;9805;2017;2020;3
2025;1421013;2017;2020;3
2025;1390309;2017;2020;3
2025;101228;2017;2020;3
2025;5001183;2017;2020;4
2025;19206;2017;2020;4
2025;5000981;2017;2020;3
2025;1399614;2017;2020;4
2025;1184060;2017;2019;3
2025;6711;2017;2019;3
2025;14359;2017;2020;3
2025;13601;2017;2020;3
2025;5001300;2017;2019;3
2025;1408508;2017;2021;4
2025;15475;2017;2021;1
2025;1102360;2017;2020;3
2025;11114;2017;2020;3
2025;868;2017;2020;3
2025;82224;2017;2020;3
2025;16904;2017;2020;3
2025;108884;2017;2020;3
2025;5000931;2017;2020;3
2025;1342449;2017;2020;3
2025;1399482;2017;2022;3
2025;12015;2017;2020;3
2025;5000979;2017;2020;3
2025;1439;2017;2019;3
2025;66361;2017;2022;3
2025;10289;2017;2020;3
2025;5000980;2017;2020;3
2025;1725;2017;2020;3
2025;107666;2017;2019;3
2025;87537;2017;2020;3
2025;60660;2017;2020;3
2025;64918;2017;2020;3
2025;9996;2017;2020;3
2025;5001300;2017;2018;3
2025;20058;2017;2020;3
2025;1192188;2017;2020;3
2025;868;2017;2020;3
2025;64918;2017;2020;3
2025;20058;2017;2020;3
2025;82224;2017;2022;3
2025;1292725;2017;2019;3
2025;100958;2017;2020;3
2025;758;2017;2020;3
2025;1483759;2017;2020;3
2025;100958;2017;2020;3
2025;13601;2017;2020;3
2025;1029204;2017;2020;3
2025;12970;2017;2020;1
2025;868;2017;2020;3
2025;120983;2017;2020;3
2025;1399618;2017;2020;4
2025;7837;2017;2019;3
2025;1399482;2017;2020;3
2025;5001466;2017;2020;3
2025;13424;2017;2019;3
2025;1399478;2017;2020;3
2025;15475;2017;2020;1
2025;1109361;2017;2020;3
2025;2695;2017;2020;3
2025;82224;2017;2022;3
2025;84408;2017;2020;3
2025;868;2017;2020;3
2025;1486822;2017;2022;3
2025;87537;2017;2020;3
2025;1104264;2017;2020;3
2025;64918;2017;2020;3
2025;1188900;2017;2020;3
2025;1272168;2017;2020;3
2025;1188900;2017;2020;3
2025;1193275;2017;2020;3
2025;1202553;2017;2019;3
2025;69464;2017;2020;3
2025;5000979;2017;2022;3
2025;74655;2017;2020;3
2025;69624;2017;2020;3
2025;2392;2017;2020;3
2025;87537;2017;2020;3
2025;13723;2017;2020;3
2025;13601;2017;2020;3
2025;20360;2017;2020;3
2025;5000931;2017;2019;3
2025;84408;2017;2020;3
2025;5000931;2017;2019;3
2025;758;2017;2020;3
2025;1135207;2017;2020;3
2025;5000931;2017;2020;3
2025;5000931;2017;2020;3
2025;14615;2017;2019;3
2025;13286;2017;2019;3
2025;303;2017;2019;1
2025;19206;2017;2020;4
2025;1399485;2017;2020;3
2025;7837;2017;2019;3
2025;1399618;2017;2019;4
2025;5000930;2017;2020;1
2025;15783;2017;2020;3
2025;1313341;2017;2020;3
2025;484;2017;2019;3
2025;1185903;2017;2020;3
2025;1725;2017;2020;3
2025;5000981;2017;2020;3
2025;1399618;2017;2020;4
2025;1292917;2017;2020;3
2025;1184325;2017;2020;3
2025;100688;2017;2020;3
2025;1188900;2017;2020;3
2025;1179501;2017;2020;3
2025;1214209;2017;2020;3
2025;87537;2017;2020;3
2025;100958;2017;2021;3
2025;12569;2017;2020;3
2025;1104264;2017;2020;3
2025;13286;2017;2018;3
2025;51699;2017;2020;3
2025;13286;2017;2019;3
2025;59414;2017;2020;3
2025;2695;2017;2020;3
2025;97679;2017;2018;3
2025;1179501;2017;2020;3
2025;75821;2017;2020;3
2025;1184047;2017;2020;3
2025;868;2017;2021;3
2025;69624;2017;2019;3
2025;1189778;2017;2020;3
2025;12569;2017;2020;3
2025;10222;2017;2020;3
2025;2348;2017;2020;3
2025;1178672;2017;2020;3
2025;64918;2017;2019;3
2025;14093;2017;2020;3
2025;1399481;2017;2020;3
2025;1292726;2017;2020;3
2025;57852;2017;2020;3
2025;13200;2017;2020;3
2025;14093;2017;2020;3
2025;1399481;2017;2020;3
2025;1108786;2017;2020;3
2025;14563;2017;2020;3
2025;100958;2017;2019;3
2025;84352;2017;2020;3
2025;72669;2017;2019;3
2025;1108153;2017;2020;1
2025;57852;2017;2020;3
2025;12;2017;2019;3
2025;1321864;2017;2020;3
2025;1026;2017;2019;3
2025;1200712;2017;2020;3
2025;86288;2017;2020;3
2025;57402;2017;2020;3
2025;1399617;2017;2020;3
2025;74655;2017;2020;3
2025;13424;2017;2019;3
2025;5000979;2017;2020;3
2025;18605;2017;2020;3
2025;1292917;2017;2020;3
2025;1399478;2017;2020;3
2025;72767;2017;2019;3
2025;1188849;2017;2021;3
2025;64918;2017;2020;3
2025;8554;2017;2020;3
2025;12692;2017;2020;3
2025;1439;2017;2019;3
2025;1399479;2017;2020;3
2025;91219;2017;2020;3
2025;120983;2017;2020;3
2025;5000930;2017;2020;1
2025;1178672;2017;2020;3
2025;4082;2017;2020;3
2025;108014;2017;2021;3
2025;108884;2017;2020;3
2025;12569;2017;2020;3
2025;1342449;2017;2020;3
2025;1193759;2017;2020;3
2025;1292869;2017;2019;3
2025;1200712;2017;2020;3
2025;120983;2017;2019;3
2025;82224;2017;2021;3
2025;14975;2017;2020;3
2025;1390317;2017;2020;3
2025;18594;2017;2020;4
2025;18472;2017;2020;3
2025;2348;2017;2020;3
2025;100956;2017;2020;3
2025;13601;2017;2020;3
2025;1317634;2017;2020;3
2025;13286;2017;2019;3
2025;14975;2017;2020;3
2025;1202553;2017;2019;3
2025;150039;2017;2019;3
2025;1185076;2017;2019;3
2025;1178672;2017;2020;3
2025;1342505;2017;2019;3
2025;5001167;2017;2020;3
2025;100958;2017;2020;3
2025;1136509;2017;2020;3
2025;1455021;2017;2023;3
2025;5000979;2017;2020;3
2025;5206;2017;2020;3
2025;15343;2017;2020;3
2025;5000930;2017;2020;1
2025;1397772;2017;2020;3
2025;13286;2017;2018;3
2025;1390317;2017;2020;3
2025;12015;2017;2020;3
2025;11114;2017;2020;3
2025;1168313;2017;2020;3
2025;1399485;2017;2021;3
2025;5920;2017;2020;3
2025;9772;2017;2020;3
2025;6711;2017;2019;3
2025;1135207;2017;2020;3
2025;107766;2017;2020;3
2025;20360;2017;2020;3
2025;1399480;2017;2020;3
2025;49060;2017;2020;3
2025;7705;2017;2020;3
2025;1390317;2017;2020;3
2025;1342536;2017;2020;3
2025;11316;2017;2020;3
2025;1187646;2017;2019;3
2025;1399488;2017;2020;3
2025;72681;2017;2020;3
2025;1185076;2017;2019;3
2025;103596;2017;2020;3
2025;5000930;2017;2020;3
2025;1334344;2017;2020;3
2025;14725;2017;2020;3
2025;12970;2017;2020;1
2025;1190280;2017;2019;3
2025;1200712;2017;2020;3
2025;1342536;2017;2020;3
2025;1397773;2017;2020;3
2025;1457707;2017;2022;4
2025;13723;2017;2019;3
2025;150039;2017;2019;3
2025;21542;2017;2019;3
2025;16236;2017;2020;3
2025;65114;2017;2020;3
2025;389;2017;2020;1
2025;1629;2017;2020;3
2025;12692;2017;2020;3
2025;1419799;2017;2020;3
2025;59414;2017;2020;3
2025;12970;2017;2020;1
2025;1190280;2017;2019;3
2025;49060;2017;2019;3
2025;72767;2017;2020;3
2025;14975;2017;2020;3
2025;72669;2017;2019;3
2025;1261972;2017;2020;3
2025;1390309;2017;2020;3
2025;1397771;2017;2020;3
2025;10591;2017;2020;3
2025;2918;2017;2020;3
2025;1397773;2017;2020;3
2025;2348;2017;2020;3
2025;2392;2017;2020;3
2025;79007;2017;2020;3
2025;1483773;2017;2020;3
2025;51835;2017;2020;3
2025;1399478;2017;2019;3
2025;49060;2017;2020;3
2025;54494;2017;2019;3
2025;1200712;2017;2020;3
2025;11114;2017;2020;3
2025;11114;2017;2020;3
2025;12569;2017;2019;3
2025;1390317;2017;2020;3
2025;2392;2017;2020;3
2025;11114;2017;2020;3
2025;82224;2017;2019;3
2025;5909;2017;2020;3
2025;14563;2017;2020;3
2025;868;2017;2020;3
2025;1397773;2017;2020;3
2025;1399614;2017;2020;4
2025;12015;2017;2020;3
2025;1189778;2017;2020;3
2025;12569;2017;2020;3
2025;1439;2017;2019;3
2025;1108153;2017;2020;1
2025;11114;2017;2020;3
2025;1399616;2017;2020;3
2025;2695;2017;2020;3
2025;90059;2017;2020;3
2025;98506;2017;2020;3
2025;140;2017;2020;3
2025;1397773;2017;2020;3
2025;82224;2017;2020;3
2025;1427370;2017;2020;3
2025;69464;2017;2020;3
2025;1342537;2017;2020;3
2025;9326;2017;2020;1
2025;5001183;2017;2020;3
2025;1168313;2017;2020;3
2025;19434;2017;2020;3
2025;1725;2017;2024;3
2025;1879;2017;2020;3
2025;1439;2017;2019;3
2025;5909;2017;2020;3
2025;74655;2017;2020;3
2025;14093;2017;2020;3
2025;1295813;2017;2020;3
2025;7676;2017;2020;3
2025;18447;2017;2020;3
2025;5000930;2017;2020;3
2025;15783;2017;2020;3
2025;72667;2017;2020;3
2025;5001427;2017;2020;3
2025;1399480;2017;2020;3
2025;10289;2017;2020;3
2025;1399477;2017;2020;3
2025;1166567;2017;2022;3
2025;1108786;2017;2020;3
2025;5000930;2017;2020;1
2025;1397773;2017;2022;3
2025;1399617;2017;2020;3
2025;60660;2017;2020;3
2025;1102360;2017;2020;3
2025;11233;2017;2020;3
2025;1399618;2017;2020;4
2025;12692;2017;2020;3
2025;1399485;2017;2020;3
2025;82224;2017;2020;3
2025;1108153;2017;2020;1
2025;4720;2017;2020;3
2025;1399485;2017;2020;3
2025;1189778;2017;2020;3
2025;87537;2017;2020;3
2025;2348;2017;2020;3
2025;1189607;2017;2019;3
2025;1879;2017;2020;3
2025;1202588;2017;2019;3
2025;11114;2017;2020;3
2025;19086;2017;2019;3
2025;69464;2017;2020;3
2025;1399617;2017;2020;3
2025;1483773;2017;2020;3
2025;1136509;2017;2020;3
2025;15343;2017;2020;3
2025;1188849;2017;2020;3
2025;7676;2017;2020;3
2025;14725;2017;2020;3
2025;12;2017;2019;3
2025;18594;2017;2020;4
2025;1026;2017;2019;3
2025;20249;2017;2020;3
2025;75821;2017;2020;3
2025;1168313;2017;2020;3
2025;5909;2017;2020;3
2025;57852;2017;2020;3
2025;4082;2017;2020;3
2025;1192047;2017;2021;3
2025;72669;2017;2020;3
2025;1317634;2017;2020;3
2025;1214209;2017;2018;3
2025;7676;2017;2020;3
2025;87941;2017;2020;3
2025;150039;2017;2019;3
2025;13866;2017;2019;3
2025;1321864;2017;2020;3
2025;6496;2017;2019;3
2025;13286;2017;2019;3
2025;16236;2017;2020;3
2025;51835;2017;2020;3
2025;99476;2017;2021;3
2025;12970;2017;2020;1
2025;1399485;2017;2020;3
2025;1427370;2017;2020;3
2025;1178672;2017;2020;3
2025;5000933;2017;2020;3
2025;18472;2017;2019;3
2025;1278877;2017;2020;3
2025;1108281;2017;2020;3
2025;2918;2017;2018;3
2025;91219;2017;2020;3
2025;75821;2017;2020;3
2025;1342449;2017;2018;3
2025;11114;2017;2020;3
2025;19434;2017;2020;3
2025;1108281;2017;2020;3
2025;1629;2017;2019;3
2025;15343;2017;2020;3
2025;5001341;2017;2020;3
2025;20360;2017;2020;3
2025;5000979;2017;2020;3
2025;82224;2017;2020;3
2025;1445016;2017;2020;3
2025;1108281;2017;2020;3
2025;13286;2017;2019;3
2025;86288;2017;2020;3
2025;7676;2017;2020;3
2025;12970;2017;2020;1
2025;13601;2017;2020;3
2025;5001300;2017;2019;3
2025;2695;2017;2020;3
2025;59414;2017;2020;3
2025;57852;2017;2020;3
2025;1445016;2017;2020;3
2025;1187646;2017;2019;3
2025;10222;2017;2020;3
2025;1135207;2017;2020;3
2025;12345;2017;2020;3
2025;1399616;2017;2019;3
2025;1185076;2017;2020;3
2025;1399481;2017;2021;3
2025;1050663;2017;2020;3
2025;91219;2017;2019;3
2025;12970;2017;2020;1
2025;1390309;2017;2020;3
2025;10222;2017;2020;3
2025;12970;2017;2020;1
2025;1107;2017;2020;3
2025;38071;2017;2020;3
2025;82224;2017;2020;3
2025;86288;2017;2020;3
2025;12692;2017;2020;3
2025;18594;2017;2020;4
2025;91219;2017;2020;3
2025;868;2017;2020;3
2025;1399617;2017;2020;3
2025;1189778;2017;2020;3
2025;18594;2017;2020;4
2025;87941;2017;2020;3
2025;1457503;2017;2020;3
2025;12345;2017;2020;3
2025;82224;2017;2020;3
2025;19086;2017;2019;3
2025;1408507;2017;2020;3
2025;1629;2017;2020;3
2025;66361;2017;2022;3
2025;6496;2017;2020;3
2025;14975;2017;2020;3
2025;120983;2017;2020;3
2025;1445016;2017;2020;3
2025;10591;2017;2020;3
2025;13453;2017;2021;3
2025;1026;2017;2019;3
2025;1191415;2017;2020;3
2025;1108786;2017;2020;3
2025;1193264;2017;2020;3
2025;15343;2017;2020;3
2025;57402;2017;2020;3
2025;1180318;2017;2020;3
2025;5000979;2017;2019;3
2025;1408507;2017;2020;3
2025;82224;2017;2020;3
2025;5001341;2017;2020;3
2025;1397771;2017;2020;3
2025;1879;2017;2020;3
2025;6496;2017;2020;3
2025;3148;2017;2020;3
2025;1163738;2017;2020;3
2025;1178672;2017;2020;3
2025;65924;2017;2019;3
2025;1397771;2017;2020;3
2025;1399487;2017;2020;3
2025;2695;2017;2020;3
2025;82224;2017;2019;3
2025;12970;2017;2020;1
2025;108884;2017;2020;3
2025;98406;2017;2020;3
2025;1108786;2017;2020;3
2025;1193264;2017;2023;3
2025;1322329;2017;2020;3
2025;1267038;2017;2020;3
2025;1399617;2017;2020;3
2025;1342449;2017;2019;3
2025;6496;2017;2020;3
2025;100958;2017;2020;3
2025;1267038;2017;2020;3
2025;1185903;2017;2020;3
2025;758;2017;2020;3
2025;5909;2017;2020;3
2025;11114;2017;2020;3
2025;1189607;2017;2020;3
2025;90483;2017;2017;3
2025;66248;2017;2020;3
2025;19294;2017;2020;3
2025;1342537;2017;2020;3
2025;1200712;2017;2020;3
2025;14975;2017;2019;3
2025;87941;2017;2020;3
2025;1292869;2017;2020;3
2025;1168313;2017;2020;3
2025;93001;2017;2020;3
2025;90059;2017;2020;3
2025;1399480;2017;2020;3
2025;1349675;2017;2020;3
2025;1257524;2017;2020;4
2025;21542;2017;2019;3
2025;10224;2017;2020;3
2025;5000933;2017;2020;3
2025;97679;2017;2020;3
2025;1399484;2017;2020;3
2025;1313341;2017;2020;3
2025;13424;2017;2019;3
2025;87537;2017;2020;1
2025;1399481;2017;2020;3
2025;1317634;2017;2020;3
2025;72681;2017;2020;3
2025;11316;2017;2020;3
2025;21542;2017;2020;3
2025;4503;2017;2020;3
2025;11316;2017;2020;3
2025;1399488;2017;2020;3
2025;1342536;2017;2020;3
2025;1257777;2017;2020;3
2025;7676;2017;2020;3
2025;57852;2017;2020;3
2025;1200712;2017;2020;3
2025;12345;2017;2020;3
2025;3148;2017;2020;3
2025;1448710;2017;2020;3
2025;9326;2017;2020;1
2025;1178672;2017;2020;3
2025;1457503;2017;2020;3
2025;13723;2017;2020;3
2025;1178672;2017;2020;3
2025;1178672;2017;2020;3
2025;1321864;2017;2020;3
2025;72767;2017;2020;3
2025;60660;2017;2020;3
2025;1171609;2017;2021;3
2025;1178672;2017;2020;3
2025;1629;2017;2020;3
2025;13601;2017;2020;3
2025;100688;2017;2020;3
2025;1190667;2017;2020;3
2025;51835;2017;2020;3
2025;4720;2017;2020;3
2025;4503;2017;2020;3
2025;13286;2017;2019;3
2025;5000812;2017;2020;3
2025;5909;2017;2020;3
2025;11114;2017;2020;3
2025;87941;2017;2020;3
2025;1102360;2017;2020;3
2025;12692;2017;2020;3
2025;13601;2017;2019;3
2025;13424;2017;2019;3
2025;13286;2017;2019;3
2025;14093;2017;2020;3
2025;1390317;2017;2020;3
2025;1399478;2017;2020;3
2025;1178672;2017;2020;3
2025;3148;2017;2020;3
2025;90483;2017;2017;3
2025;2695;2017;2020;3
2025;1185076;2017;2019;3
2025;1202573;2017;2020;3
2025;1399478;2017;2020;3
2025;13723;2017;2020;3
2025;5000930;2017;2020;3
2025;72669;2017;2020;3
2025;65924;2017;2019;3
2025;18605;2017;2020;3
2025;1408259;2017;2022;3
2025;11114;2017;2020;3
2025;100958;2017;2019;3
2025;1399488;2017;2020;3
2025;97679;2017;2020;3
2025;13424;2017;2019;3
2025;12970;2017;2020;1
2025;4082;2017;2020;3
2025;108882;2017;2020;3
2025;12569;2017;2020;3
2025;1879;2017;2020;3
2025;1184047;2017;2020;3
2025;5000930;2017;2020;3
2025;13601;2017;2020;3
2025;91219;2017;2019;3
2025;12970;2017;2020;1
2025;1178524;2017;2019;3
2025;1029204;2017;2020;3
2025;5920;2017;2020;3
2025;14975;2017;2020;3
2025;107666;2017;2020;3
2025;1485621;2017;2020;3
2025;107766;2017;2020;3
2025;1189778;2017;2020;3
2025;75821;2017;2019;3
2025;12692;2017;2018;3
2025;1292726;2017;2020;3
2025;108882;2017;2020;3
2025;5000812;2017;2019;3
2025;1421013;2017;2020;3
2025;101228;2017;2020;3
2025;1202573;2017;2019;3
2025;15343;2017;2020;3
2025;15783;2017;2020;3
2025;12692;2017;2020;3
2025;1200712;2017;2020;3
2025;1183313;2017;2020;3
2025;1190667;2017;2021;3
2025;15475;2017;2019;1
2025;4082;2017;2020;3
2025;100958;2017;2020;3
2025;9988;2017;2020;3
2025;1107;2017;2022;3
2025;15343;2017;2020;3
2025;5000930;2017;2019;3
2025;90483;2017;2017;3
2025;1189778;2017;2020;3
2025;1068548;2017;2019;3
2025;1408505;2017;2021;3
2025;5001294;2017;2020;3
2025;1189778;2017;2020;3
2025;15783;2017;2020;3
2025;71859;2017;2020;3
2025;5920;2017;2020;3
2025;11233;2017;2020;3
2025;5909;2017;2020;3
2025;1202539;2017;2020;3
2025;1108786;2017;2020;3
2025;93001;2017;2020;3
2025;1171609;2017;2019;3
2025;14975;2017;2020;3
2025;758;2017;2020;3
2025;71689;2017;2020;3
2025;12970;2017;2020;1
2025;1292726;2017;2021;3
2025;54494;2017;2020;3
2025;1445016;2017;2020;3
2025;11233;2017;2020;3
2025;49910;2017;2019;3
2025;74655;2017;2020;3
2025;9805;2017;2020;3
2025;57402;2017;2020;3
2025;13601;2017;2020;3
2025;1187646;2017;2019;3
2025;1292869;2017;2019;3
2025;19294;2017;2020;3
2025;1725;2017;2020;3
2025;38071;2017;2020;3
2025;5001314;2017;2020;3
2025;12015;2017;2020;3
2025;49060;2017;2020;3
2025;1264844;2017;2020;3
2025;1178524;2017;2020;3
2025;107666;2017;2020;3
2025;21542;2017;2019;3
2025;1292726;2017;2020;3
2025;87537;2017;2020;3
2025;72681;2017;2020;3
2025;5000979;2017;2020;3
2025;93001;2017;2020;3
2025;1108153;2017;2020;1
2025;1108786;2017;2019;3
2025;1439;2017;2019;3
2025;1349675;2017;2020;3
2025;1202539;2017;2019;3
2025;1258021;2017;2020;3
2025;1427419;2017;2020;3
2025;91219;2017;2020;3
2025;5001466;2017;2020;3
2025;5000812;2017;2020;3
2025;1202553;2017;2020;3
2025;18594;2017;2020;4
2025;2392;2017;2020;3
2025;20249;2017;2020;3
2025;1168313;2017;2020;3
2025;65924;2017;2020;3
2025;1193264;2017;2020;3
2025;1202553;2017;2020;3
2025;90059;2017;2020;3
2025;66361;2017;2020;3
2025;1399482;2017;2022;3
2025;1349675;2017;2020;3
2025;1136509;2017;2020;3
2025;1257524;2017;2021;4
2025;65114;2017;2022;3
2025;1629;2017;2020;3
2025;87537;2017;2020;3
2025;97679;2017;2020;3
2025;1399481;2017;2021;3
2025;18447;2017;2020;3
2025;19294;2017;2020;3
2025;91399;2017;2020;3
2025;1399614;2017;2021;4
2025;1399614;2017;2020;4
2025;1171609;2017;2020;3
2025;1202546;2017;2020;3
2025;108884;2017;2020;3
2025;19850;2017;2020;3
2025;1408259;2017;2020;3
2025;1200578;2017;2019;3
2025;1179501;2017;2020;3
2025;100688;2017;2020;3
2025;93001;2017;2020;3
2025;1427370;2017;2020;3
2025;69464;2017;2020;3
2025;12692;2017;2020;3
2025;90059;2017;2020;3
2025;82224;2017;2020;3
2025;13424;2017;2019;3
2025;13424;2017;2019;3
2025;1193275;2017;2020;3
2025;65114;2017;2021;3
2025;93001;2017;2020;3
2025;72667;2017;2020;3
2025;72667;2017;2020;3
2025;1183958;2017;2019;3
2025;1102360;2017;2020;3
2025;1135207;2017;2020;3
2025;9326;2017;2020;1
2025;1399480;2017;2020;3
2025;8698;2017;2020;3
2025;1292726;2017;2019;3
2025;19294;2017;2020;3
2025;12692;2017;2020;3
2025;1399616;2017;2020;3
2025;2348;2017;2020;3
2025;74655;2017;2020;3
2025;1408505;2017;2020;3
2025;1725;2017;2020;3
2025;1180318;2017;2020;3
2025;758;2017;2020;3
2025;72667;2017;2020;3
2025;1342536;2017;2020;3
2025;9805;2017;2021;3
2025;8554;2017;2020;3
2025;100688;2017;2020;3
2025;1321864;2017;2020;3
2025;1214209;2017;2020;3
2025;14725;2017;2020;3
2025;7105;2017;2020;3
2025;5001466;2017;2020;3
2025;1399486;2017;2020;3
2025;1399618;2017;2019;4
2025;1108786;2017;2020;3
2025;12015;2017;2020;3
2025;18472;2017;2020;3
2025;1399478;2017;2020;3
2025;1399481;2017;2021;3
2025;1518495;2017;2020;3
2025;1188127;2017;2020;3
2025;64918;2017;2020;3
2025;1188127;2017;2020;3
2025;14234;2017;2020;3
2025;19206;2017;2020;4
2025;1399485;2017;2022;3
2025;1188127;2017;2020;3
2025;1385521;2017;2020;3
2025;1188900;2017;2020;3
2025;66248;2017;2019;3
2025;13424;2017;2019;3
2025;1188127;2017;2021;3
2025;1363536;2017;2020;3
2025;13424;2017;2019;3
2025;1408509;2017;2020;3
2025;1188127;2017;2019;3
2025;15343;2017;2020;3
2025;1189778;2017;2020;3
2025;1191415;2017;2020;3
2025;1202546;2017;2020;3
2025;72669;2017;2020;3
2025;1258023;2017;2021;3
2025;1180318;2017;2020;3
2025;1026;2017;2019;3
2025;12015;2017;2020;3
2025;85652;2017;2020;3
2025;18594;2017;2020;4
2025;15839;2017;2020;3
2025;1188127;2017;2020;3
2025;1292713;2017;2019;3
2025;1322329;2017;2020;3
2025;1257777;2017;2020;3
2025;1188127;2017;2020;3
2025;1390309;2017;2020;3
2025;1108786;2017;2020;3
2025;100958;2017;2019;3
2025;1192237;2017;2020;3
2025;1188127;2017;2020;3
2025;1026;2017;2020;3
2025;108014;2017;2020;3
2025;1188127;2017;2021;3
2025;16904;2017;2020;3
2025;4082;2017;2020;3
2025;4503;2017;2020;3
2025;5909;2017;2020;3
2025;4082;2017;2020;3
2025;1188127;2017;2020;3
2025;1399616;2017;2019;3
2025;1136509;2017;2020;3
2025;1313341;2017;2020;3
2025;1457006;2017;2019;3
2025;5001300;2017;2020;3
2025;1438629;2017;2020;3
2025;21542;2017;2019;3
2025;1399619;2017;2020;3
2025;1188127;2017;2020;3
2025;5000930;2017;2020;3
2025;1188849;2017;2020;3
2025;1439;2017;2019;3
2025;1188127;2017;2021;3
2025;1188127;2017;2020;3
2025;1029204;2017;2020;3
2025;4720;2017;2020;3
2025;11316;2017;2020;3
2025;103596;2017;2019;3
2025;12692;2017;2020;3
2025;1257777;2017;2020;3
2025;11446;2017;2020;3
2025;1188127;2017;2021;3
2025;12569;2017;2020;3
2025;1202546;2017;2020;3
2025;1189778;2017;2020;3
2025;18447;2017;2020;3
2025;1188127;2017;2022;3
2025;1408509;2017;2020;3
2025;1397773;2017;2020;3
2025;1322329;2017;2020;3
2025;1257777;2017;2021;3
2025;86288;2017;2020;3
2025;1408505;2017;2020;3
2025;1026;2017;2019;3
2025;1188127;2017;2021;3
2025;1397773;2017;2020;3
2025;72681;2017;2020;3
2025;1026;2017;2019;3
2025;100956;2017;2019;3
2025;1188127;2017;2021;3
2025;5001101;2017;2020;3
2025;1421013;2017;2020;3
2025;14359;2017;2020;3
2025;9996;2017;2020;3
2025;1438629;2017;2021;3
2025;107666;2017;2018;3
2025;7837;2017;2019;3
2025;1321864;2017;2020;3
2025;21542;2017;2020;3
2025;1108786;2017;2020;3
2025;15839;2017;2020;3
2025;7105;2017;2020;3
2025;1317634;2017;2020;3
2025;59174;2017;2020;3
2025;1278877;2017;2020;3
2025;14359;2017;2020;3
2025;5000930;2017;2020;1
2025;1184047;2017;2020;3
2025;72669;2017;2019;3
2025;15839;2017;2020;3
2025;12692;2017;2020;3
2025;10222;2017;2020;3
2025;1408508;2017;2020;4
2025;8554;2017;2020;3
2025;8698;2017;2020;3
2025;4503;2017;2019;3
2025;1108786;2017;2019;3
2025;1107;2017;2020;3
2025;18472;2017;2020;3
2025;100958;2017;2019;3
2025;15343;2017;2020;3
2025;13200;2017;2020;3
2025;10222;2017;2020;3
2025;1257777;2017;2021;3
2025;1189778;2017;2020;3
2025;1188900;2017;2020;3
2025;1408507;2017;2020;3
2025;1334344;2017;2020;3
2025;90059;2017;2020;3
2025;14615;2017;2020;3
2025;98406;2017;2020;3
2025;107666;2017;2020;3
2025;72417;2017;2020;3
2025;1200578;2017;2020;3
2025;1349675;2017;2020;3
2025;1187646;2017;2019;3
2025;11233;2017;2020;3
2025;12692;2017;2020;3
2025;12692;2017;2020;3
2025;4082;2017;2020;3
2025;7676;2017;2020;3
2025;1334344;2017;2020;3
2025;13723;2017;2020;3
2025;20249;2017;2020;3
2025;84352;2017;2020;3
2025;38071;2017;2020;3
2025;1189778;2017;2020;3
2025;1397772;2017;2020;3
2025;1272168;2017;2020;3
2025;1183958;2017;2019;3
2025;6496;2017;2020;3
2025;19434;2017;2020;3
2025;113504;2017;2020;3
2025;18472;2017;2020;3
2025;7676;2017;2020;3
2025;15783;2017;2020;3
2025;1171609;2017;2020;3
2025;54494;2017;2019;3
2025;1445016;2017;2020;3
2025;2392;2017;2019;3
2025;6496;2017;2020;3
2025;5001466;2017;2020;3
2025;98406;2017;2021;3
2025;13286;2017;2019;3
2025;13424;2017;2019;3
2025;54494;2017;2020;3
2025;1261971;2017;2020;3
2025;5000981;2017;2020;3
2025;66248;2017;2019;3
2025;18594;2017;2020;4
2025;16236;2017;2020;3
2025;14234;2017;2020;3
2025;1445016;2017;2020;3
2025;90084;2017;2020;3
2025;87537;2017;2020;3
2025;84352;2017;2020;3
2025;1171609;2017;2020;3
2025;1171609;2017;2020;3
2025;1192237;2017;2021;3
2025;5001300;2017;2019;3
2025;4503;2017;2020;3
2025;54494;2017;2019;3
2025;100956;2017;2020;3
2025;13424;2017;2019;3
2025;1317634;2017;2020;3
2025;1314146;2017;2020;3
2025;10224;2017;2020;3
2025;1408507;2017;2020;3
2025;1408508;2017;2020;4
2025;5920;2017;2020;3
2025;10222;2017;2020;3
2025;108882;2017;2019;3
2025;758;2017;2020;3
2025;1342536;2017;2019;3
2025;8554;2017;2020;3
2025;1439;2017;2020;3
2025;87941;2017;2020;3
2025;38071;2017;2020;3
2025;1104264;2017;2020;3
2025;85586;2017;2019;3
2025;5000812;2017;2021;3
2025;1171609;2017;2020;3
2025;1397772;2017;2020;3
2025;9772;2017;2019;3
2025;1399481;2017;2020;3
2025;72669;2017;2020;3
2025;1879;2017;2020;3
2025;1399617;2017;2020;3
2025;1390317;2017;2020;3
2025;18472;2017;2020;3
2025;1109361;2017;2020;3
2025;1179189;2017;2020;3
2025;1187646;2017;2019;3
2025;1026;2017;2020;3
2025;1190621;2017;2020;3
2025;1292869;2017;2019;3
2025;1292869;2017;2019;3
2025;5909;2017;2020;3
2025;2348;2017;2020;3
2025;1109361;2017;2020;3
2025;71859;2017;2020;3
2025;14234;2017;2020;3
2025;1342505;2017;2019;3
2025;13866;2017;2020;3
2025;868;2017;2020;3
2025;1327450;2017;2020;3
2025;1629;2017;2020;3
2025;3677;2017;2020;3
2025;72669;2017;2020;3
2025;1399481;2017;2022;3
2025;9326;2017;2020;1
2025;90084;2017;2019;3
2025;1399478;2017;2020;3
2025;97679;2017;2020;3
2025;8437;2017;2020;3
2025;4720;2017;2020;3
2025;14234;2017;2020;3
2025;13424;2017;2019;3
2025;113504;2017;2020;3
2025;6496;2017;2020;3
2025;1342536;2017;2019;3
2025;1168313;2017;2020;3
2025;1261972;2017;2019;3
2025;1349675;2017;2020;3
2025;11114;2017;2020;3
2025;1399481;2017;2021;3
2025;66361;2017;2021;3
2025;1163738;2017;2019;3
2025;11446;2017;2020;3
2025;14563;2017;2020;3
2025;100956;2017;2019;3
2025;71859;2017;2020;3
2025;15783;2017;2020;3
2025;5001466;2017;2020;3
2025;13601;2017;2020;3
2025;71859;2017;2020;3
2025;1191415;2017;2017;3
2025;93001;2017;2020;3
2025;1166567;2017;2020;3
2025;1184325;2017;2020;3
2025;98406;2017;2019;3
2025;6496;2017;2020;3
2025;1427419;2017;2020;3
2025;1399480;2017;2020;3
2025;6496;2017;2020;3
2025;12813;2017;2019;3
2025;5000930;2017;2020;1
2025;90084;2017;2020;3
2025;1314146;2017;2020;3
2025;1108786;2017;2020;3
2025;53338;2017;2020;3
2025;21542;2017;2020;3
2025;71859;2017;2020;3
2025;13601;2017;2020;3
2025;69464;2017;2020;3
2025;1438629;2017;2021;3
2025;5001466;2017;2020;3
2025;1109361;2017;2020;3
2025;1193275;2017;2020;3
2025;57852;2017;2020;3
2025;14975;2017;2020;3
2025;1193759;2017;2021;3
2025;1399478;2017;2020;3
2025;1399618;2017;2020;4
2025;1399618;2017;2020;4
2025;1439;2017;2020;3
2025;1408261;2017;2020;3
2025;7676;2017;2020;3
2025;1349675;2017;2020;3
2025;19434;2017;2020;3
2025;1278877;2017;2021;3
2025;82224;2017;2020;3
2025;1180318;2017;2020;3
2025;5001294;2017;2019;3
2025;13601;2017;2020;3
2025;84352;2017;2020;3
2025;1179501;2017;2020;3
2025;1108281;2017;2020;3
2025;1108786;2017;2020;3
2025;100956;2017;2020;3
2025;87537;2017;2020;3
2025;66361;2017;2020;3
2025;11114;2017;2020;3
2025;5000979;2017;2020;3
2025;1314146;2017;2019;3
2025;1427419;2017;2020;3
2025;1314146;2017;2020;3
2025;1399485;2017;2020;3
2025;1108786;2017;2020;3
2025;1314146;2017;2020;3
2025;75821;2017;2019;3
2025;72767;2017;2020;3
2025;1390317;2017;2020;3
2025;1314146;2017;2020;3
2025;18594;2017;2018;4
2025;12569;2017;2020;3
2025;1399614;2017;2019;4
2025;1108281;2017;2020;3
2025;1202588;2017;2019;3
2025;5000979;2017;2020;3
2025;13424;2017;2019;3
2025;1390317;2017;2020;3
2025;57402;2017;2020;3
2025;12813;2017;2020;3
2025;12569;2017;2019;3
2025;13601;2017;2020;3
2025;79007;2017;2020;3
2025;1399485;2017;2020;3
2025;80037;2017;2019;3
2025;14563;2017;2020;3
2025;14975;2017;2019;3
2025;1192047;2017;2022;3
2025;108882;2017;2020;3
2025;100688;2017;2020;3
2025;99476;2017;2021;3
2025;1486822;2017;2020;3
2025;72669;2017;2020;3
2025;57852;2017;2020;3
2025;1292869;2017;2020;3
2025;1102360;2017;2020;3
2025;93001;2017;2020;3
2025;100956;2017;2020;3
2025;1399485;2017;2020;3
2025;12569;2017;2019;3
2025;1171609;2017;2020;3
2025;100958;2017;2020;3
2025;389;2017;2019;1
2025;14359;2017;2020;3
2025;72681;2017;2020;3
2025;1314146;2017;2020;3
2025;1397773;2017;2020;3
2025;8554;2017;2020;3
2025;1399481;2017;2021;3
2025;1190621;2017;2019;3
2025;5000978;2017;2020;3
2025;57402;2017;2020;3
2025;100956;2017;2020;3
2025;1107;2017;2020;3
2025;2695;2017;2020;3
2025;10591;2017;2020;3
2025;1183958;2017;2019;3
2025;5000933;2017;2020;3
2025;14615;2017;2020;3
2025;1314146;2017;2020;3
2025;1180318;2017;2020;3
2025;1408507;2017;2020;3
2025;14359;2017;2020;3
2025;13424;2017;2019;3
2025;4720;2017;2020;3
2025;1399618;2017;2020;4
2025;13200;2017;2020;3
2025;9326;2017;2020;1
2025;103596;2017;2020;3
2025;11114;2017;2020;3
2025;5000933;2017;2019;3
2025;11114;2017;2020;3
2025;1399614;2017;2020;4
2025;1629;2017;2020;3
2025;49910;2017;2019;3
2025;1334344;2017;2020;3
2025;79007;2017;2020;3
2025;1448710;2017;2020;3
2025;15475;2017;2020;1
2025;10224;2017;2020;3
2025;14234;2017;2020;3
2025;15839;2017;2020;3
2025;1397772;2017;2020;3
2025;11114;2017;2020;3
2025;1168313;2017;2020;3
2025;1185076;2017;2019;3
2025;1408259;2017;2021;3
2025;8698;2017;2018;3
2025;1397771;2017;2020;3
2025;7676;2017;2020;3
2025;1185903;2017;2020;3
2025;1349675;2017;2020;3
2025;1321864;2017;2020;3
2025;19850;2017;2020;3
2025;1314146;2017;2020;3
2025;1278877;2017;2021;3
2025;6496;2017;2020;3
2025;1342449;2017;2020;3
2025;1518495;2017;2020;3
2025;86356;2017;2020;3
2025;1267038;2017;2020;3
2025;1314146;2017;2020;3
2025;75821;2017;2020;3
2025;13286;2017;2019;3
2025;65114;2017;2019;3
2025;1190280;2017;2019;3
2025;72667;2017;2023;3
2025;1192047;2017;2020;3
2025;1193759;2017;2019;3
2025;3148;2017;2020;3
2025;12015;2017;2020;3
2025;108882;2017;2020;3
2025;7105;2017;2022;3
2025;1314146;2017;2020;3
2025;1390317;2017;2020;3
2025;11446;2017;2020;3
2025;12;2017;2019;3
2025;72669;2017;2020;3
2025;85652;2017;2020;3
2025;1518;2017;2020;3
2025;72669;2017;2020;3
2025;85586;2017;2019;3
2025;1399614;2017;2020;4
2025;16236;2017;2020;3
2025;18594;2017;2020;4
2025;51835;2017;2020;3
2025;2348;2017;2020;3
2025;4082;2017;2020;3
2025;18605;2017;2020;3
2025;5000981;2017;2020;3
2025;15839;2017;2020;3
2025;5000930;2017;2020;3
2025;1327450;2017;2020;3
2025;1349675;2017;2020;3
2025;1390309;2017;2020;3
2025;18447;2017;2020;3
2025;98406;2017;2020;3
2025;1349675;2017;2020;3
2025;4082;2017;2020;3
2025;1108281;2017;2020;3
2025;8554;2017;2020;3
2025;1879;2017;2020;3
2025;59414;2017;2020;3
2025;120983;2017;2020;3
2025;5000930;2017;2020;3
2025;1202573;2017;2020;3
2025;57402;2017;2020;3
2025;303;2017;2019;1
2025;1406536;2017;2019;3
2025;20360;2017;2020;3
2025;12692;2017;2020;3
2025;98506;2017;2020;3
2025;1314146;2017;2020;3
2025;1457503;2017;2020;3
2025;1322329;2017;2023;3
2025;1879;2017;2020;3
2025;72667;2017;2019;3
2025;11114;2017;2020;3
2025;1192188;2017;2020;3
2025;5001101;2017;2020;3
2025;1292713;2017;2019;3
2025;15783;2017;2019;3
2025;1104264;2017;2020;3
2025;5001101;2017;2020;3
2025;1408507;2017;2019;3
2025;1445016;2017;2020;3
2025;91219;2017;2021;3
2025;9805;2017;2020;3
2025;12569;2017;2020;3
2025;5001466;2017;2020;3
2025;5909;2017;2020;3
2025;10289;2017;2020;3
2025;57402;2017;2020;3
2025;7837;2017;2019;3
2025;98406;2017;2020;3
2025;38071;2017;2020;3
2025;90059;2017;2020;3
2025;1276878;2017;2019;3
2025;12345;2017;2020;3
2025;120983;2017;2020;3
2025;11316;2017;2020;3
2025;1257562;2017;2020;3
2025;1136509;2017;2020;3
2025;14359;2017;2020;3
2025;39415;2017;2020;3
2025;19206;2017;2020;4
2025;11114;2017;2020;3
2025;3418;2017;2020;3
2025;1629;2017;2020;3
2025;1399478;2017;2020;3
2025;98506;2017;2020;3
2025;18605;2017;2020;3
2025;12970;2017;2020;1
2025;1408259;2017;2020;3
2025;19294;2017;2023;3
2025;16236;2017;2020;3
2025;1363536;2017;2020;3
2025;100958;2017;2020;3
2025;758;2017;2020;3
2025;13453;2017;2020;3
2025;71859;2017;2020;3
2025;1406536;2017;2020;3
2025;1408507;2017;2020;3
2025;1109361;2017;2020;3
2025;1408507;2017;2020;3
2025;1445016;2017;2020;3
2025;1202553;2017;2019;3
2025;1278877;2017;2020;3
2025;7676;2017;2020;3
2025;12015;2017;2020;3
2025;100956;2017;2020;3
2025;15343;2017;2020;3
2025;1278877;2017;2020;3
2025;72663;2017;2020;3
2025;7105;2017;2020;3
2025;12813;2017;2020;3
2025;14725;2017;2020;3
2025;5909;2017;2020;3
2025;13286;2017;2019;3
2025;1518;2017;2019;3
2025;1408259;2017;2020;3
2025;1397773;2017;2020;3
2025;13866;2017;2018;3
2025;10224;2017;2020;3
2025;72663;2017;2020;3
2025;57402;2017;2019;3
2025;1180318;2017;2020;3
2025;15343;2017;2019;3
2025;1330031;2017;2020;3
2025;5000979;2017;2020;3
2025;100958;2017;2020;3
2025;1184325;2017;2020;3
2025;1185903;2017;2020;3
2025;54490;2017;2018;3
2025;1725;2017;2020;3
2025;1879;2017;2020;3
2025;1399616;2017;2020;3
2025;11114;2017;2020;3
2025;13200;2017;2020;3
2025;64918;2017;2020;3
2025;1264844;2017;2020;3
2025;12813;2017;2020;3
2025;1397773;2017;2020;3
2025;7837;2017;2021;3
2025;1349675;2017;2020;3
2025;57852;2017;2020;3
2025;1179189;2017;2020;3
2025;13286;2017;2019;3
2025;87941;2017;2020;3
2025;72767;2017;2021;3
2025;18605;2017;2020;3
2025;13200;2017;2020;3
2025;1408261;2017;2020;3
2025;1190280;2017;2019;3
2025;1102360;2017;2020;3
2025;1349675;2017;2020;3
2025;1518;2017;2020;3
2025;11233;2017;2020;3
2025;99476;2017;2021;3
2025;9326;2017;2020;1
2025;12970;2017;2020;1
2025;15475;2017;2020;1
2025;12569;2017;2020;3
2025;1408505;2017;2020;3
2025;48854;2017;2020;3
2025;1202539;2017;2019;3
2025;1184047;2017;2020;3
2025;1486822;2017;2022;3
2025;57852;2017;2020;2
2025;12970;2017;2020;1
2025;1448710;2017;2020;3
2025;91219;2017;2019;3
2025;1184325;2017;2020;3
2025;8437;2017;2019;3
2025;1457503;2017;2020;3
2025;6496;2017;2020;3
2025;1399618;2017;2020;4
2025;13723;2017;2020;3
2025;868;2017;2020;3
2025;82224;2017;2020;3
2025;15783;2017;2020;3
2025;1200712;2017;2020;3
2025;11233;2017;2020;3
2025;90483;2017;2017;3
2025;57402;2017;2020;3
2025;5001450;2017;2020;3
2025;3148;2017;2020;3
2025;1629;2017;2020;3
2025;1725;2017;2020;3
2025;85586;2017;2019;3
2025;1184432;2017;2019;3
2025;13723;2017;2020;3
2025;1108281;2017;2020;3
2025;51835;2017;2020;3
2025;1342536;2017;2021;3
2025;66248;2017;2022;3
2025;18594;2017;2020;4
2025;5001033;2017;2020;3
2025;3148;2017;2020;3
2025;5001341;2017;2020;3
2025;12;2017;2019;3
2025;1390317;2017;2020;3
2025;12970;2017;2020;1
2025;1485621;2017;2020;3
2025;84408;2017;2020;3
2025;7676;2017;2020;3
2025;1185903;2017;2020;3
2025;1399619;2017;2020;3
2025;3148;2017;2020;3
2025;12015;2017;2020;3
2025;5001183;2017;2020;3
2025;120983;2017;2020;3
2025;1399480;2017;2020;3
2025;1104264;2017;2022;3
2025;1108153;2017;2020;1
2025;1184047;2017;2020;3
2025;12569;2017;2020;3
2025;72669;2017;2020;3
2025;5001167;2017;2020;3
2025;13453;2017;2020;3
2025;1258021;2017;2020;3
2025;21542;2017;2019;3
2025;16904;2017;2020;3
2025;7676;2017;2020;3
2025;1068548;2017;2019;3
2025;5000812;2017;2020;3
2025;1399488;2017;2020;3
2025;1457503;2017;2020;3
2025;10222;2017;2020;3
2025;12345;2017;2020;3
2025;20058;2017;2020;3
2025;5001294;2017;2020;3
2025;1184047;2017;2020;3
2025;5345;2017;2020;3
2025;1200712;2017;2020;3
2025;12813;2017;2020;3
2025;1399481;2017;2020;3
2025;9326;2017;2020;1
2025;389;2017;2019;1
2025;5000930;2017;2020;3
2025;15343;2017;2020;3
2025;54494;2017;2020;3
2025;1109361;2017;2020;3
2025;1399483;2017;2018;3
2025;86288;2017;2020;3
2025;69464;2017;2020;3
2025;1188849;2017;2024;3
2025;98406;2017;2020;3
2025;58412;2017;2020;3
2025;1184060;2017;2019;3
2025;1168313;2017;2020;3
2025;1321864;2017;2020;3
2025;11446;2017;2020;3
2025;13200;2017;2020;3
2025;1200578;2017;2020;3
2025;72675;2017;2020;3
2025;85652;2017;2020;3
2025;2348;2017;2020;3
2025;13866;2017;2020;3
2025;98406;2017;2020;3
2025;2348;2017;2020;3
2025;1184432;2017;2020;3
2025;1399486;2017;2020;3
2025;1397773;2017;2020;3
2025;13286;2017;2018;3
2025;64918;2017;2020;3
2025;15475;2017;2019;1
2025;1397773;2017;2020;3
2025;1399483;2017;2020;3
2025;87537;2017;2020;3
2025;1439;2017;2019;3
2025;100688;2017;2020;3
2025;1419799;2017;2020;3
2025;1399483;2017;2020;3
2025;97679;2017;2020;3
2025;1399615;2017;2020;3
2025;1399483;2017;2020;3
2025;93001;2017;2020;3
2025;98406;2017;2020;3
2025;1406536;2017;2020;3
2025;71859;2017;2019;3
2025;16236;2017;2020;3
2025;1184060;2017;2020;3
2025;1427370;2017;2020;3
2025;1399489;2017;2020;3
2025;4082;2017;2020;3
2025;1399486;2017;2020;3
2025;1258021;2017;2018;3
2025;1399485;2017;2020;3
2025;1390311;2017;2020;3
2025;37304;2017;2020;4
2025;1187646;2017;2019;3
2025;1457503;2017;2020;3
2025;1029204;2017;2020;3
2025;74594;2017;2020;3
2025;8554;2017;2020;3
2025;64918;2017;2019;3
2025;1408505;2017;2020;3
2025;19206;2017;2020;4
2025;18472;2017;2020;3
2025;1178672;2017;2019;3
2025;1109361;2017;2020;3
2025;84408;2017;2020;3
2025;1026;2017;2019;3
2025;1390309;2017;2020;3
2025;1399486;2017;2020;3
2025;1363536;2017;2020;3
2025;1109361;2017;2020;3
2025;1397771;2017;2020;3
2025;1278877;2017;2020;3
2025;1419799;2017;2021;3
2025;1184047;2017;2020;3
2025;1261972;2017;2020;3
2025;9326;2017;2020;1
2025;1200712;2017;2020;3
2025;1439;2017;2019;3
2025;1193264;2017;2020;3
2025;5000933;2017;2020;3
2025;5909;2017;2020;3
2025;5000933;2017;2020;3
2025;1390309;2017;2020;3
2025;1179501;2017;2020;3
2025;71859;2017;2020;3
2025;1185025;2017;2018;3
2025;2392;2017;2020;3
2025;13424;2017;2019;3
2025;5000812;2017;2020;3
2025;72669;2017;2020;3
2025;10289;2017;2020;3
2025;72667;2017;2020;3
2025;1202588;2017;2019;3
2025;15343;2017;2020;3
2025;5001427;2017;2020;3
2025;1397771;2017;2020;3
2025;1397772;2017;2020;3
2025;5909;2017;2020;3
2025;10289;2017;2019;3
2025;5000980;2017;2020;3
2025;5001341;2017;2020;3
2025;1202553;2017;2019;3
2025;1399481;2017;2021;3
2025;1183313;2017;2020;3
2025;1292713;2017;2019;3
2025;1518;2017;2021;3
2025;5000930;2017;2020;3
2025;1278877;2017;2020;3
2025;100958;2017;2020;3
2025;1109361;2017;2020;3
2025;10222;2017;2020;3
2025;1406536;2017;2020;3
2025;13601;2017;2020;3
2025;1109361;2017;2020;3
2025;12813;2017;2019;3
2025;20058;2017;2020;3
2025;8554;2017;2020;3
2025;5909;2017;2020;3
2025;1483768;2017;2020;3
2025;4082;2017;2020;3
2025;14975;2017;2020;3
2025;1109361;2017;2020;3
2025;1104264;2017;2020;3
2025;5001033;2017;2020;3
2025;1190280;2017;2019;3
2025;37304;2017;2020;4
2025;86288;2017;2019;3
2025;1390309;2017;2020;3
2025;38071;2017;2019;3
2025;5000979;2017;2020;3
2025;1399489;2017;2021;3
2025;82224;2017;2020;3
2025;1108153;2017;2021;1
2025;9996;2017;2020;3
2025;1438629;2017;2020;3
2025;1399484;2017;2020;3
2025;16236;2017;2019;3
2025;21542;2017;2019;3
2025;1879;2017;2020;3
2025;90059;2017;2020;3
2025;5909;2017;2020;3
2025;72767;2017;2020;3
2025;10222;2017;2020;3
2025;9996;2017;2021;3
2025;1168313;2017;2020;3
2025;13200;2017;2020;3
2025;1193275;2017;2020;3
2025;5000812;2017;2020;3
2025;15839;2017;2020;3
2025;1278877;2017;2020;3
2025;1419799;2017;2020;3
2025;93001;2017;2020;3
2025;8698;2017;2020;3
2025;4082;2017;2020;3
2025;82224;2017;2020;3
2025;100956;2017;2020;3
2025;1342610;2017;2019;3
2025;74594;2017;2020;3
2025;84352;2017;2020;3
2025;90059;2017;2020;3
2025;12569;2017;2019;3
2025;19294;2017;2020;3
2025;5920;2017;2020;3
2025;1390309;2017;2019;3
2025;1292869;2017;2020;3
2025;1278877;2017;2020;3
2025;1107;2017;2020;3
2025;11114;2017;2020;3
2025;82224;2017;2020;3
2025;13866;2017;2020;3
2025;72681;2017;2020;3
2025;65114;2017;2020;3
2025;1184047;2017;2020;3
2025;93001;2017;2020;3
2025;1108281;2017;2020;3
2025;1166567;2017;2023;3
2025;1399618;2017;2021;4
2025;5000980;2017;2020;3
2025;13424;2017;2019;3
2025;1185076;2017;2019;3
2025;69464;2017;2020;3
2025;15343;2017;2020;3
2025;97679;2017;2020;3
2025;5000980;2017;2020;3
2025;1397771;2017;2020;3
2025;4503;2017;2020;3
2025;16236;2017;2020;3
2025;75821;2017;2020;3
2025;1200578;2017;2020;3
2025;5345;2017;2020;3
2025;1408259;2017;2021;3
2025;66361;2017;2022;3
2025;1399616;2017;2019;3
2025;5909;2017;2020;3
2025;5001294;2017;2017;3
2025;1419799;2017;2019;3
2025;9996;2017;2021;3
2025;5000812;2017;2020;3
2025;12015;2017;2020;3
2025;5001300;2017;2019;3
2025;11446;2017;2019;3
2025;1342610;2017;2019;3
2025;1257777;2017;2020;3
2025;1485621;2017;2023;3
2025;1334344;2017;2021;3
2025;1334344;2017;2021;3
2025;1334344;2017;2021;3
2025;107766;2017;2019;3
2025;1408505;2017;2020;3
2025;90483;2017;2017;3
2025;12970;2017;2018;1
2025;12970;2017;2020;1
2025;16904;2017;2019;3
2025;97679;2017;2020;3
2025;5909;2017;2020;3
2025;1457006;2017;2020;3
2025;12569;2017;2020;3
2025;5000980;2017;2020;3
2025;1445016;2017;2020;3
2025;12569;2017;2020;3
2025;12970;2017;2020;1
2025;12813;2017;2020;3
2025;1107;2017;2020;3
2025;8437;2017;2019;3
2025;15343;2017;2020;3
2025;1184047;2017;2020;3
2025;85652;2017;2020;3
2025;5000933;2017;2020;3
2025;57402;2017;2020;3
2025;87941;2017;2020;3
2025;72669;2017;2019;3
2025;39415;2017;2020;3
2025;1363536;2017;2020;3
2025;1518;2017;2019;3
2025;1445016;2017;2020;3
2025;12;2017;2019;3
2025;12345;2017;2020;3
2025;9996;2017;2020;3
2025;868;2017;2020;3
2025;868;2017;2020;3
2025;72663;2017;2020;3
2025;868;2017;2020;3
2025;868;2017;2020;3
2025;868;2017;2020;3
2025;100958;2017;2020;3
2025;15475;2017;2021;1
2025;59174;2017;2020;3
2025;1349675;2017;2020;3
2025;107766;2017;2020;3
2025;85652;2017;2020;3
2025;107766;2017;2020;3
2025;107766;2017;2020;3
2025;5001033;2017;2020;3
2025;1178672;2017;2020;3
2025;107766;2017;2020;3
2025;100958;2017;2020;3
2025;15475;2017;2020;1
2025;107766;2017;2020;3
2025;1184325;2017;2020;3
2025;1321864;2017;2020;3
2025;1342536;2017;2020;3
2025;1109361;2017;2020;3
2025;15783;2017;2020;3
2025;1445016;2017;2021;3
2025;1068548;2017;2019;3
2025;1192188;2017;2019;3
2025;72663;2017;2021;3
2025;74655;2017;2020;3
2025;84352;2017;2019;3
2025;1292713;2017;2020;3
2025;1178524;2017;2020;3
2025;113504;2017;2020;3
2025;5000933;2017;2020;3
2025;5920;2017;2020;3
2025;1184047;2017;2020;3
2025;5001033;2017;2020;3
2025;9805;2017;2024;3
2025;1202546;2017;2020;3
2025;1314146;2017;2020;3
2025;1184325;2017;2020;3
2025;1629;2017;2020;3
2025;84408;2017;2020;3
2025;1108281;2017;2020;3
2025;5909;2017;2020;3
2025;58412;2017;2020;3
2025;5000980;2017;2020;3
2025;93001;2017;2020;3
2025;9996;2017;2019;3
2025;64918;2017;2020;3
2025;1107;2017;2020;3
2025;4082;2017;2020;3
2025;10222;2017;2020;3
2025;484;2017;2019;3
2025;1190667;2017;2020;3
2025;72663;2017;2019;3
2025;12813;2017;2019;3
2025;5000930;2017;2020;1
2025;14359;2017;2020;3
2025;5345;2017;2019;3
2025;71689;2017;2020;3
2025;5000980;2017;2020;3
2025;5001294;2017;2022;3
2025;1108153;2017;2020;1
2025;72663;2017;2019;3
2025;113504;2017;2018;3
2025;72669;2017;2019;3
2025;19850;2017;2019;3
2025;1261972;2017;2020;3
2025;103596;2017;2020;3
2025;58412;2017;2019;3
2025;3148;2017;2020;3
2025;1397773;2017;2020;3
2025;5000979;2017;2020;3
2025;8437;2017;2019;3
2025;1059179;2017;2020;3
2025;1399477;2017;2020;3
2025;15343;2017;2020;3
2025;59414;2017;2020;3
2025;100956;2017;2019;3
2025;1399479;2017;2018;3
2025;64918;2017;2019;3
2025;1399485;2017;2020;3
2025;1408261;2017;2020;3
2025;5001183;2017;2022;4
2025;5000980;2017;2020;3
2025;74594;2017;2018;3
2025;14563;2017;2020;3
2025;2304;2017;2020;3
2025;72767;2017;2020;3
2025;1390309;2017;2018;3
2025;1185903;2017;2020;3
2025;91219;2017;2020;3
2025;37304;2017;2020;4
2025;1399617;2017;2020;3
2025;1399616;2017;2020;3
2025;1485621;2017;2023;3
2025;1104264;2017;2020;3
2025;1184047;2017;2020;3
2025;14725;2017;2020;3
2025;12569;2017;2020;3
2025;13200;2017;2020;3
2025;91399;2017;2020;3
2025;71859;2017;2020;3
2025;74594;2017;2020;3
2025;107766;2017;2020;3
2025;1334344;2017;2021;3
2025;1317634;2017;2020;3
2025;11114;2017;2020;3
2025;11114;2017;2020;3
2025;1193759;2017;2021;3
2025;1399478;2017;2020;3
2025;51835;2017;2020;3
2025;1050663;2017;2019;3
2025;2392;2017;2020;3
2025;11446;2017;2020;3
2025;11114;2017;2020;3
2025;12569;2017;2020;3
2025;1399614;2017;2020;4
2025;13103;2017;2020;3
2025;19206;2017;2020;4
2025;12569;2017;2020;3
2025;1322329;2017;2023;3
2025;15343;2017;2020;3
2025;1029204;2017;2020;3
2025;1257777;2017;2021;3
2025;49060;2017;2019;3
2025;13601;2017;2020;3
2025;1399287;2017;2020;3
2025;12569;2017;2020;3
2025;1171609;2017;2020;3
2025;12569;2017;2020;3
2025;1399489;2017;2020;3
2025;1457006;2017;2020;3
2025;19294;2017;2020;3
2025;12569;2017;2020;3
2025;1178672;2017;2020;3
2025;1108786;2017;2020;3
2025;84408;2017;2018;3
2025;93001;2017;2020;3
2025;84408;2017;2020;3
2025;10224;2017;2020;3
2025;16904;2017;2019;3
2025;7676;2017;2020;3
2025;107766;2017;2020;3
2025;107766;2017;2020;3
2025;13866;2017;2020;3
2025;107766;2017;2020;3
2025;72767;2017;2020;3
2025;1200712;2017;2020;3
2025;1448710;2017;2020;3
2025;14359;2017;2020;3
2025;1408508;2017;2021;4
2025;868;2017;2020;3
2025;90059;2017;2020;3
2025;1399617;2017;2020;3
2025;66248;2017;2020;3
2025;1185076;2017;2020;3
2025;7105;2017;2020;3
2025;72669;2017;2019;3
2025;18472;2017;2019;3
2025;49910;2017;2020;3
2025;103596;2017;2020;3
2025;1477973;2017;2020;3
2025;14615;2017;2020;3
2025;1397771;2017;2020;3
2025;1163738;2017;2020;3
2025;18594;2017;2018;4
2025;5000979;2017;2020;3
2025;1257548;2017;2024;3
2025;1399617;2017;2025;3
2025;5345;2017;2020;3
2025;18472;2017;2018;3
2025;7676;2017;2020;3
2025;7676;2017;2020;3
2025;1725;2017;2020;3
2025;9996;2017;2018;3
2025;1408507;2017;2020;3
2025;12970;2017;2020;1
2025;1349675;2017;2020;3
2025;11446;2017;2020;3
2025;12692;2017;2020;3
2025;1399484;2017;2020;3
2025;12970;2017;2020;1
2025;1135207;2017;2020;3
2025;1202553;2017;2020;3
2025;87941;2017;2020;3
2025;1321864;2017;2020;3
2025;54494;2017;2020;3
2025;19206;2017;2020;4
2025;1179501;2017;2019;3
2025;57402;2017;2020;3
2025;5909;2017;2020;3
2025;87941;2017;2022;3
2025;71859;2017;2021;3
2025;5000930;2017;2020;3
2025;82224;2017;2020;3
2025;4503;2017;2019;3
2025;20360;2017;2019;3
2025;1397771;2017;2025;3
2025;5001294;2017;2020;3
2025;1439;2017;2020;3
2025;90483;2017;2017;3
2025;13723;2017;2020;3
2025;1399618;2017;2020;4
2025;8698;2017;2020;3
2025;11446;2017;2020;3
2025;90483;2017;2017;3
2025;87941;2017;2020;3
2025;7676;2017;2020;3
2025;1321864;2017;2020;3
2025;5345;2017;2020;3
2025;12970;2017;2020;1
2025;87941;2017;2020;3
2025;19086;2017;2020;3
2025;1192047;2017;2023;3
2025;87941;2017;2018;3
2025;87941;2017;2020;3
2025;1363536;2017;2020;3
2025;1397771;2017;2020;3
2025;8960;2017;2020;3
2025;1445016;2017;2020;3
2025;87941;2017;2020;3
2025;1397773;2017;2020;3
2025;1183313;2017;2020;3
2025;5000979;2017;2020;3
2025;1029204;2017;2020;3
2025;14615;2017;2020;3
2025;9772;2017;2020;3
2025;9996;2017;2020;3
2025;2392;2017;2020;3
2025;9988;2017;2020;3
2025;1272168;2017;2019;3
2025;72663;2017;2020;3
2025;10591;2017;2020;3
2025;14975;2017;2020;3
2025;19206;2017;2020;4
2025;1397771;2017;2020;3
2025;74655;2017;2020;3
2025;87941;2017;2019;3
2025;9996;2017;2020;3
2025;19086;2017;2019;3
2025;3677;2017;2020;3
2025;12692;2017;2020;3
2025;7676;2017;2020;3
2025;74594;2017;2020;3
2025;1397772;2017;2020;3
2025;87941;2017;2020;3
2025;9326;2017;2020;1
2025;1184432;2017;2020;3
2025;1200712;2017;2020;3
2025;87941;2017;2020;3
2025;1050663;2017;2020;3
2025;87941;2017;2020;3
2025;87941;2017;2020;3
2025;51835;2017;2020;3
2025;1408259;2017;2020;3
2025;87941;2017;2020;3
2025;20058;2017;2020;3
2025;87941;2017;2020;3
2025;5001466;2017;2019;3
2025;87941;2017;2020;3
2025;87941;2017;2020;3
2025;54490;2017;2018;3
2025;87941;2017;2020;3
2025;1193264;2017;2020;3
2025;5909;2017;2020;3
2025;87941;2017;2020;3
2025;59174;2017;2021;3
2025;86288;2017;2021;3
2025;1050663;2017;2019;3
2025;1385521;2017;2020;3
2025;1278877;2017;2020;3
2025;1397771;2017;2019;3
2025;150039;2017;2019;3
2025;38071;2017;2020;3
2025;14975;2017;2020;3
2025;74655;2017;2020;3
2025;5001341;2017;2020;3
2025;14975;2017;2020;3
2025;1200712;2017;2020;3
2025;1178672;2017;2020;3
2025;14615;2017;2020;3
2025;1136509;2017;2020;3
2025;1518;2017;2020;3
2025;1267038;2017;2020;3
2025;57852;2017;2020;3
2025;1399480;2017;2020;3
2025;5206;2017;2020;3
2025;71689;2017;2020;3
2025;13723;2017;2020;3
2025;1397771;2017;2020;3
2025;1385538;2017;2017;3
2025;12813;2017;2020;3
2025;5206;2017;2020;3
2025;1419799;2017;2020;3
2025;1261971;2017;2020;3
2025;1399619;2017;2021;3
2025;107666;2017;2020;3
2025;1178524;2017;2019;3
2025;5000930;2017;2020;3
2025;13103;2017;2020;3
2025;1397771;2017;2020;3
2025;18447;2017;2020;3
2025;5001033;2017;2020;3
2025;18447;2017;2020;3
2025;1397771;2017;2020;3
2025;1397773;2017;2020;3
2025;4082;2017;2020;3
2025;1725;2017;2020;3
2025;1408505;2017;2020;3
2025;93001;2017;2020;3
2025;9996;2017;2020;3
2025;1399617;2017;2020;3
2025;1486822;2017;2020;3
2025;74655;2017;2020;3
2025;12692;2017;2020;3
2025;18472;2017;2020;3
2025;2695;2017;2020;3
2025;1292713;2017;2020;3
2025;57852;2017;2020;3
2025;1399481;2017;2021;3
2025;1321864;2017;2020;3
2025;2392;2017;2020;3
2025;1184325;2017;2020;3
2025;2695;2017;2020;3
2025;65114;2017;2021;3
2025;1267038;2017;2020;3
2025;13723;2017;2020;3
2025;66248;2017;2020;3
2025;72767;2017;2019;3
2025;66248;2017;2020;3
2025;72667;2017;2020;3
2025;75821;2017;2018;3
2025;1173014;2017;2019;3
2025;1179189;2017;2020;3
2025;5000930;2017;2019;3
2025;1399489;2017;2020;3
2025;484;2017;2019;3
2025;1725;2017;2020;3
2025;2695;2017;2020;3
2025;14975;2017;2020;3
2025;14975;2017;2019;3
2025;13200;2017;2020;3
2025;107666;2017;2020;3
2025;1184047;2017;2020;3
2025;389;2017;2019;1
2025;1108786;2017;2019;3
2025;1397772;2017;2020;3
2025;5001183;2017;2019;4
2025;13601;2017;2019;3
2025;64918;2017;2020;3
2025;1399617;2017;2020;3
2025;1342449;2017;2020;3
2025;5001466;2017;2020;3
2025;1108153;2017;2020;1
2025;5001466;2017;2020;3
2025;1184325;2017;2020;3
2025;1292869;2017;2019;3
2025;1178672;2017;2020;3
2025;1188849;2017;2023;3
2025;1192237;2017;2020;3
2025;13424;2017;2019;3
2025;1108153;2017;2020;1
2025;1136509;2017;2020;3
2025;13103;2017;2020;3
2025;37304;2017;2020;4
2025;10222;2017;2020;3
2025;1399618;2017;2021;4
2025;1408507;2017;2020;3
2025;72767;2017;2019;3
2025;1399488;2017;2020;3
2025;72681;2017;2022;3
2025;1399480;2017;2020;3
2025;5920;2017;2020;3
2025;1313341;2017;2020;3
2025;5000812;2017;2020;3
2025;1399482;2017;2022;3
2025;1438629;2017;2020;3
2025;5000979;2017;2020;3
2025;49910;2017;2019;3
2025;16904;2017;2020;3
2025;1135207;2017;2020;3
2025;100956;2017;2023;3
2025;72663;2017;2020;3
2025;1421013;2017;2020;3
2025;5001294;2017;2021;3
2025;1399287;2017;2019;3
2025;72669;2017;2019;3
2025;1192237;2017;2020;3
2025;1168313;2017;2020;3
2025;15783;2017;2020;3
2025;1408505;2017;2020;3
2025;1518;2017;2019;3
2025;5001294;2017;2020;3
2025;2695;2017;2020;3
2025;21542;2017;2020;3
2025;1518;2017;2019;3
2025;9996;2017;2019;3
2025;20360;2017;2020;3
2025;12569;2017;2020;3
2025;90059;2017;2020;3
2025;7705;2017;2020;3
2025;1518;2017;2019;3
2025;1439;2017;2020;3
2025;11446;2017;2020;3
2025;13453;2017;2020;3
2025;13424;2017;2019;3
2025;1439;2017;2020;3
2025;80037;2017;2019;3
2025;2695;2017;2020;3
2025;1399482;2017;2020;3
2025;97679;2017;2020;3
2025;59414;2017;2020;3
2025;64918;2017;2019;3
2025;1518;2017;2019;3
2025;1192237;2017;2020;3
2025;1192237;2017;2020;3
2025;1399619;2017;2019;3
2025;1192237;2017;2020;3
2025;1390317;2017;2020;3
2025;71859;2017;2020;3
2025;1399617;2017;2020;3
2025;90483;2017;2017;3
2025;15783;2017;2020;3
2025;1178672;2017;2020;3
2025;74655;2017;2020;3
2025;7676;2017;2020;3
2025;1059179;2017;2021;3
2025;1438629;2017;2020;3
2025;9996;2017;2020;3
2025;13866;2017;2019;3
2025;1438629;2017;2020;3
2025;5001167;2017;2020;3
2025;59174;2017;2021;3
2025;84408;2017;2022;3
2025;1314146;2017;2020;3
2025;72669;2017;2020;3
2025;74655;2017;2020;3
2025;1108786;2017;2020;3
2025;1518;2017;2020;3
2025;85652;2017;2021;3
2025;15783;2017;2020;3
2025;1518;2017;2020;3
2025;1518;2017;2021;3
2025;1518;2017;2020;3
2025;54494;2017;2020;3
2025;1438629;2017;2020;3
2025;1026;2017;2019;3
2025;1518;2017;2019;3
2025;74655;2017;2020;3
2025;48854;2017;2020;3
2025;1202588;2017;2018;3
2025;1453564;2017;2020;3
2025;4082;2017;2020;3
2025;1518;2017;2019;3
2025;1406536;2017;2019;3
2025;87941;2017;2020;3
2025;1518;2017;2021;3
2025;1518;2017;2019;3
2025;1104264;2017;2020;3
2025;1408259;2017;2020;3
2025;1518;2017;2019;3
2025;71859;2017;2020;3
2025;1257777;2017;2021;3
2025;1399614;2017;2021;4
2025;1397771;2017;2020;3
2025;5920;2017;2020;3
2025;5001314;2017;2020;3
2025;5345;2017;2020;3
2025;1278877;2017;2020;3
2025;5206;2017;2021;3
2025;1518;2017;2020;3
2025;103596;2017;2021;3
2025;1438629;2017;2020;3
2025;1322329;2017;2022;3
2025;1518;2017;2019;3
2025;72767;2017;2020;3
2025;1178672;2017;2020;3
2025;1202553;2017;2020;3
2025;1179189;2017;2019;3
2025;303;2017;2019;1
2025;1408261;2017;2020;3
2025;72663;2017;2020;3
2025;74655;2017;2020;3
2025;1342536;2017;2020;3
2025;1385521;2017;2020;3
2025;1427419;2017;2020;3
2025;1313341;2017;2020;3
2025;868;2017;2020;3
2025;13424;2017;2019;3
2025;1185903;2017;2020;3
2025;1163738;2017;2019;3
2025;90483;2017;2017;3
2025;59414;2017;2020;3
2025;1879;2017;2020;3
2025;5001341;2017;2020;3
2025;1322329;2017;2023;3
2025;93001;2017;2020;3
2025;13286;2017;2019;3
2025;1029204;2017;2020;3
2025;10224;2017;2020;3
2025;7676;2017;2020;3
2025;1178672;2017;2020;3
2025;5001033;2017;2020;3
2025;16236;2017;2020;3
2025;9326;2017;2020;1
2025;11114;2017;2020;3
2025;13424;2017;2019;3
2025;1421013;2017;2020;3
2025;1399480;2017;2020;3
2025;1399616;2017;2020;3
2025;1399614;2017;2020;4
2025;5000979;2017;2020;3
2025;14725;2017;2020;3
2025;8437;2017;2019;3
2025;1185076;2017;2019;3
2025;1349675;2017;2020;3
2025;1108281;2017;2020;3
2025;57852;2017;2020;3
2025;12;2017;2020;3
2025;1427370;2017;2019;3
2025;85652;2017;2020;3
2025;1439;2017;2019;3
2025;21542;2017;2020;3
2025;10289;2017;2020;3
2025;1445016;2017;2020;3
2025;1399489;2017;2020;3
2025;85586;2017;2019;3
2025;4503;2017;2020;3
2025;14093;2017;2020;3
2025;5000930;2017;2018;3
2025;1397771;2017;2020;3
2025;1406536;2017;2019;3
2025;65114;2017;2021;3
2025;868;2017;2020;3
2025;4082;2017;2020;3
2025;1178524;2017;2019;3
2025;1192237;2017;2020;3
2025;1408504;2017;2019;3
2025;4720;2017;2020;3
2025;1180318;2017;2020;3
2025;1184325;2017;2020;3
2025;120983;2017;2020;3
2025;1185076;2017;2019;3
2025;1399618;2017;2020;4
2025;1399619;2017;2020;3
2025;7676;2017;2020;3
2025;100956;2017;2020;3
2025;12813;2017;2019;3
2025;1188127;2017;2021;3
2025;7105;2017;2021;3
2025;1190280;2017;2019;3
2025;72669;2017;2020;3
2025;1399480;2017;2020;3
2025;72663;2017;2020;3
2025;1108153;2017;2021;1
2025;1457006;2017;2020;3
2025;90059;2017;2019;3
2025;5909;2017;2020;3
2025;8554;2017;2020;3
2025;3148;2017;2020;3
2025;1216474;2017;2020;3
2025;1185076;2017;2019;3
2025;868;2017;2020;3
2025;1163738;2017;2020;3
2025;72663;2017;2020;3
2025;3677;2017;2020;3
2025;1029204;2017;2020;3
2025;1191415;2017;2019;3
2025;18472;2017;2020;3
2025;108014;2017;2020;3
2025;60660;2017;2019;3
2025;69464;2017;2020;3
2025;18447;2017;2020;3
2025;1385538;2017;2020;3
2025;11233;2017;2020;3
2025;1427419;2017;2020;3
2025;10224;2017;2020;3
2025;1363536;2017;2020;3
2025;90483;2017;2017;3
2025;14975;2017;2019;3
2025;98506;2017;2020;3
2025;5000933;2017;2020;3
2025;15839;2017;2020;3
2025;103596;2017;2020;3
2025;98406;2017;2020;3
2025;7105;2017;2020;3
2025;1421013;2017;2018;3
2025;1321864;2017;2020;3
2025;12970;2017;2020;1
2025;1183313;2017;2020;3
2025;1202546;2017;2020;3
2025;59414;2017;2020;3
2025;90059;2017;2020;3
2025;74655;2017;2020;3
2025;1136509;2017;2019;3
2025;7105;2017;2020;3
2025;1292713;2017;2019;3
2025;758;2017;2020;3
2025;1202553;2017;2019;3
2025;2392;2017;2020;3
2025;1068548;2017;2019;3
2025;10289;2017;2020;3
2025;85586;2017;2019;3
2025;86288;2017;2020;3
2025;1385521;2017;2020;3
2025;20249;2017;2019;3
2025;1322329;2017;2020;3
2025;91399;2017;2020;3
2025;12015;2017;2020;3
2025;5909;2017;2020;3
2025;72669;2017;2020;3
2025;65924;2017;2019;3
2025;74594;2017;2020;3
2025;74655;2017;2020;3
2025;86356;2017;2020;3
2025;1385521;2017;2020;3
2025;20249;2017;2020;3
2025;1385521;2017;2020;3
2025;1029204;2017;2020;3
2025;1178672;2017;2020;3
2025;1421013;2017;2020;3
2025;14615;2017;2020;3
2025;65924;2017;2019;3
2025;90091;2017;2018;3
2025;99476;2017;2020;3
2025;1135207;2017;2020;3
2025;1399484;2017;2018;3
2025;1399615;2017;2020;3
2025;1448710;2017;2020;3
2025;1200578;2017;2020;3
2025;11233;2017;2020;3
2025;1202573;2017;2020;3
2025;1292725;2017;2019;3
2025;1399487;2017;2020;3
2025;49060;2017;2019;3
2025;1135207;2017;2020;3
2025;12345;2017;2020;3
2025;1439;2017;2020;3
2025;11233;2017;2020;3
2025;13601;2017;2020;3
2025;1477973;2017;2020;3
2025;1448710;2017;2020;3
2025;1322329;2017;2020;3
2025;1477973;2017;2020;3
2025;5001033;2017;2020;3
2025;91399;2017;2020;3
2025;21542;2017;2020;3
2025;5000930;2017;2020;1
2025;1483768;2017;2020;3
2025;84408;2017;2020;3
2025;90483;2017;2017;3
2025;1518;2017;2019;3
2025;1399617;2017;2020;3
2025;90091;2017;2025;3
2025;59414;2017;2020;3
2025;11114;2017;2020;3
2025;60660;2017;2020;3
2025;1026;2017;2019;3
2025;98506;2017;2020;3
2025;2918;2017;2018;3
2025;90483;2017;2017;3
2025;12970;2017;2020;1
2025;5001466;2017;2019;3
2025;1183313;2017;2020;3
2025;1135207;2017;2019;3
2025;74655;2017;2020;3
2025;1264844;2017;2020;3
2025;98406;2017;2020;3
2025;90059;2017;2020;3
2025;5001294;2017;2021;3
2025;1202547;2017;2019;3
2025;1190667;2017;2020;3
2025;1183313;2017;2020;3
2025;4503;2017;2019;3
2025;1518495;2017;2020;3
2025;1202539;2017;2020;3
2025;16904;2017;2019;3
2025;1477973;2017;2020;3
2025;5001033;2017;2020;3
2025;1278877;2017;2020;3
2025;72669;2017;2024;3
2025;1408507;2017;2020;3
2025;2392;2017;2020;3
2025;1518;2017;2020;3
2025;20058;2017;2021;3
2025;14975;2017;2019;3
2025;72663;2017;2020;3
2025;20360;2017;2020;3
2025;13723;2017;2019;3
2025;100958;2017;2021;3
2025;1200712;2017;2020;3
2025;2392;2017;2020;3
2025;13453;2017;2020;3
2025;1108153;2017;2020;1
2025;87941;2017;2020;3
2025;1178672;2017;2020;3
2025;1321864;2017;2020;3
2025;1321864;2017;2020;3
2025;113504;2017;2020;3
2025;38071;2017;2020;3
2025;51835;2017;2020;3
2025;19206;2017;2020;4
2025;1184325;2017;2020;3
2025;3677;2017;2020;3
2025;1390317;2017;2020;3
2025;1399616;2017;2019;3
2025;90091;2017;2020;3
2025;18472;2017;2020;3
2025;16904;2017;2020;3
2025;16904;2017;2020;3
2025;13424;2017;2019;3
2025;1385521;2017;2020;3
2025;1399481;2017;2021;3
2025;1457006;2017;2020;3
2025;1258021;2017;2021;3
2025;65114;2017;2022;3
2025;12970;2017;2020;1
2025;1183313;2017;2019;3
2025;1390317;2017;2024;3
2025;1399287;2017;2019;3
2025;72681;2017;2020;3
2025;90091;2017;2020;3
2025;14615;2017;2019;3
2025;1342536;2017;2021;3
2025;15783;2017;2020;3
2025;1108786;2017;2020;3
2025;1292725;2017;2019;3
2025;1408508;2017;2020;4
2025;66248;2017;2020;3
2025;13866;2017;2020;3
2025;1107;2017;2020;3
2025;14234;2017;2020;3
2025;39415;2017;2020;3
2025;1183313;2017;2020;3
2025;1189778;2017;2020;3
2025;85586;2017;2019;3
2025;18447;2017;2019;3
2025;98506;2017;2020;3
2025;1178672;2017;2020;3
2025;10591;2017;2020;3
2025;11114;2017;2020;3
2025;1445016;2017;2020;3
2025;1518;2017;2020;3
2025;1183313;2017;2020;3
2025;1108786;2017;2020;3
2025;1408507;2017;2020;3
2025;3148;2017;2020;3
2025;389;2017;2019;1
2025;3148;2017;2020;3
2025;1267038;2017;2020;3
2025;1292869;2017;2020;3
2025;4720;2017;2020;3
2025;11114;2017;2020;3
2025;1334344;2017;2020;3
2025;1183313;2017;2020;3
2025;1135207;2017;2020;3
2025;1313341;2017;2020;3
2025;5920;2017;2020;3
2025;60660;2017;2020;3
2025;5000930;2017;2020;3
2025;1108786;2017;2020;3
2025;12692;2017;2020;3
2025;18472;2017;2020;3
2025;7705;2017;2020;3
2025;1457006;2017;2020;3
2025;72669;2017;2019;3
2025;74594;2017;2020;3
2025;59174;2017;2019;3
2025;1342505;2017;2019;3
2025;1399478;2017;2020;3
2025;10591;2017;2020;3
2025;51835;2017;2021;3
2025;1438629;2017;2020;3
2025;12345;2017;2020;3
2025;51835;2017;2020;3
2025;14975;2017;2020;3
2025;74655;2017;2020;3
2025;1385521;2017;2020;3
2025;12970;2017;2020;1
2025;1477973;2017;2020;3
2025;4720;2017;2020;3
2025;79007;2017;2020;3
2025;13286;2017;2017;3
2025;5000979;2017;2020;3
2025;74594;2017;2020;3
2025;80037;2017;2019;3
2025;2392;2017;2020;3
2025;16236;2017;2020;3
2025;1399616;2017;2020;3
2025;5000930;2017;2020;3
2025;10222;2017;2020;3
2025;74655;2017;2020;3
2025;1327450;2017;2020;3
2025;13601;2017;2019;3
2025;93001;2017;2020;3
2025;1200578;2017;2020;3
2025;1193264;2017;2020;3
2025;1483759;2017;2020;3
2025;9772;2017;2020;3
2025;72663;2017;2020;3
2025;72417;2017;2020;3
2025;1108153;2017;2020;1
2025;1408507;2017;2020;3
2025;1166567;2017;2023;3
2025;1342536;2017;2021;3
2025;85652;2017;2019;3
2025;1264844;2017;2020;3
2025;74594;2017;2020;3
2025;1518;2017;2021;3
2025;1200712;2017;2020;3
2025;11316;2017;2020;3
2025;85652;2017;2019;3
2025;93001;2017;2020;3
2025;1317634;2017;2020;3
2025;5000979;2017;2020;3
2025;15783;2017;2020;3
2025;80037;2017;2019;3
2025;3677;2017;2020;3
2025;1136509;2017;2020;3
2025;71859;2017;2020;3
2025;2392;2017;2020;3
2025;1029204;2017;2020;3
2025;758;2017;2020;3
2025;12015;2017;2020;3
2025;4503;2017;2020;3
2025;1190280;2017;2019;3
2025;13453;2017;2020;3
2025;1397771;2017;2020;3
2025;5001341;2017;2020;3
2025;1292713;2017;2019;3
2025;14093;2017;2020;3
2025;1135207;2017;2020;3
2025;5001183;2017;2020;4
2025;90091;2017;2020;3
2025;64706;2017;2020;3
2025;5001183;2017;2020;3
2025;1399487;2017;2020;3
2025;100688;2017;2020;3
2025;1166567;2017;2021;3
2025;1192237;2017;2020;3
2025;1029204;2017;2019;3
2025;14725;2017;2020;3
2025;101228;2017;2020;3
2025;38071;2017;2020;3
2025;74655;2017;2020;3
2025;13453;2017;2020;3
2025;93001;2017;2020;3
2025;58412;2017;2020;3
2025;5000979;2017;2020;3
2025;1180318;2017;2020;3
2025;1629;2017;2020;3
2025;1193264;2017;2020;3
2025;14359;2017;2020;3
2025;1404416;2017;2018;3
2025;1190667;2017;2020;3
2025;1486298;2017;2020;3
2025;84352;2017;2020;3
2025;12813;2017;2019;3
2025;15783;2017;2020;3
2025;39415;2017;2019;3
2025;1399478;2017;2020;3
2025;20249;2017;2019;3
2025;20360;2017;2020;3
2025;93001;2017;2020;3
2025;85652;2017;2020;3
2025;72669;2017;2020;3
2025;1408262;2017;2020;3
2025;18447;2017;2020;3
2025;72663;2017;2020;3
2025;16904;2017;2019;3
2025;84408;2017;2020;3
2025;1187646;2017;2019;3
2025;1188849;2017;2021;3
2025;1399614;2017;2021;4
2025;1879;2017;2020;3
2025;1725;2017;2020;3
2025;9772;2017;2022;3
2025;11114;2017;2020;3
2025;2695;2017;2020;3
2025;1399489;2017;2020;3
2025;91399;2017;2020;3
2025;72663;2017;2020;3
2025;57402;2017;2019;3
2025;1029204;2017;2021;3
2025;1272168;2017;2020;3
2025;1295813;2017;2020;3
2025;1135207;2017;2019;3
2025;868;2017;2020;3
2025;1292713;2017;2020;3
2025;93001;2017;2020;3
2025;3418;2017;2020;3
2025;1257777;2017;2021;3
2025;21542;2017;2019;3
2025;54494;2017;2019;3
2025;72663;2017;2020;3
2025;72663;2017;2020;3
2025;10289;2017;2020;3
2025;8437;2017;2019;3
2025;1257562;2017;2020;3
2025;72663;2017;2020;3
2025;1029204;2017;2020;3
2025;85652;2017;2020;3
2025;72663;2017;2018;3
2025;1518;2017;2019;3
2025;72663;2017;2020;3
2025;48854;2017;2020;3
2025;91399;2017;2020;3
2025;84352;2017;2020;3
2025;1518;2017;2019;3
2025;13424;2017;2019;3
2025;74594;2017;2020;3
2025;93001;2017;2020;3
2025;4720;2017;2020;3
2025;74594;2017;2020;3
2025;1342536;2017;2020;3
2025;72663;2017;2020;3
2025;9326;2017;2020;1
2025;5345;2017;2020;3
2025;87941;2017;2020;3
2025;75821;2017;2020;3
2025;5206;2017;2020;3
2025;11114;2017;2020;3
2025;1397771;2017;2020;3
2025;1202546;2017;2020;3
2025;97679;2017;2020;3
2025;1178672;2017;2020;3
2025;1486822;2017;2020;3
2025;74655;2017;2020;3
2025;13424;2017;2019;3
2025;59414;2017;2020;3
2025;4503;2017;2020;3
2025;15783;2017;2020;3
2025;1184325;2017;2020;3
2025;72663;2017;2020;3
2025;59414;2017;2020;3
2025;4082;2017;2020;3
2025;13453;2017;2020;3
2025;1059179;2017;2021;3
2025;65114;2017;2022;3
2025;21542;2017;2019;3
2025;1107;2017;2020;3
2025;1439;2017;2019;3
2025;12692;2017;2020;3
2025;1292725;2017;2020;3
2025;1178672;2017;2020;3
2025;14234;2017;2020;3
2025;74655;2017;2020;3
2025;1178672;2017;2020;3
2025;13453;2017;2020;3
2025;72669;2017;2020;3
2025;1185076;2017;2019;3
2025;1200712;2017;2020;3
2025;5000979;2017;2020;3
2025;1457006;2017;2020;3
2025;1421100;2017;2020;3
2025;86288;2017;2020;3
2025;1399481;2017;2020;3
2025;51835;2017;2020;3
2025;9805;2017;2020;3
2025;86356;2017;2020;3
2025;9772;2017;2020;3
2025;1342505;2017;2019;3
2025;2695;2017;2020;3
2025;98409;2017;2020;3
2025;5001101;2017;2020;3
2025;303;2017;2019;1
2025;11446;2017;2020;3
2025;1399478;2017;2020;3
2025;11233;2017;2020;3
2025;1725;2017;2020;3
2025;85652;2017;2020;3
2025;98409;2017;2020;3
2025;13286;2017;2019;3
2025;51835;2017;2020;3
2025;66361;2017;2021;3
2025;1108281;2017;2020;3
2025;1292713;2017;2020;3
2025;7705;2017;2021;3
2025;5001101;2017;2020;3
2025;13453;2017;2020;3
2025;5001294;2017;2020;3
2025;100958;2017;2019;3
2025;1313341;2017;2020;3
2025;65114;2017;2021;3
2025;1342449;2017;2019;3
2025;1163738;2017;2019;3
2025;1399480;2017;2020;3
2025;5909;2017;2020;3
2025;5001167;2017;2020;3
2025;1518495;2017;2020;3
2025;64918;2017;2020;3
2025;99476;2017;2021;3
2025;19850;2017;2020;3
2025;100688;2017;2020;3
2025;14725;2017;2020;3
2025;51835;2017;2020;3
2025;1629;2017;2020;3
2025;1179501;2017;2020;3
2025;10222;2017;2020;3
2025;5000981;2017;2020;3
2025;10289;2017;2020;3
2025;54494;2017;2020;3
2025;1101742;2017;2019;3
2025;14359;2017;2020;3
2025;90059;2017;2020;3
2025;1397771;2017;2018;3
2025;75821;2017;2019;3
2025;64918;2017;2020;3
2025;72669;2017;2020;3
2025;4720;2017;2020;3
2025;74655;2017;2020;3
2025;59174;2017;2020;3
2025;5345;2017;2020;3
2025;9772;2017;2020;3
2025;1399483;2017;2020;3
2025;72663;2017;2020;3
2025;18447;2017;2020;3
2025;11114;2017;2020;3
2025;5000930;2017;2020;1
2025;15783;2017;2020;3
2025;18447;2017;2020;3
2025;1399484;2017;2020;3
2025;91219;2017;2020;3
2025;14359;2017;2020;3
2025;82224;2017;2020;3
2025;5000979;2017;2020;3
2025;74655;2017;2020;3
2025;7676;2017;2020;3
2025;1399478;2017;2020;3
2025;1295813;2017;2020;3
2025;11316;2017;2020;3
2025;1399481;2017;2020;3
2025;5000812;2017;2021;3
2025;69624;2017;2020;3
2025;1185076;2017;2020;3
2025;91399;2017;2020;3
2025;7676;2017;2020;3
2025;5920;2017;2019;3
2025;14359;2017;2020;3
2025;1397772;2017;2018;3
2025;51835;2017;2021;3
2025;1214209;2017;2020;3
2025;1399617;2017;2020;3
2025;1108786;2017;2020;3
2025;1455021;2017;2020;3
2025;54494;2017;2019;3
2025;13200;2017;2020;3
2025;72767;2017;2020;3
2025;1108786;2017;2020;3
2025;14234;2017;2020;3
2025;1109361;2017;2019;3
2025;1399478;2017;2020;3
2025;91399;2017;2020;3
2025;1629;2017;2020;3
2025;100688;2017;2020;3
2025;1397772;2017;2020;3
2025;99476;2017;2021;3
2025;9772;2017;2020;3
2025;13200;2017;2020;3
2025;1183958;2017;2019;3
2025;5001167;2017;2020;3
2025;14725;2017;2019;3
2025;1257777;2017;2020;3
2025;12569;2017;2020;3
2025;5000812;2017;2019;3
2025;9772;2017;2020;3
2025;10289;2017;2020;3
2025;4503;2017;2019;3
2025;5001101;2017;2020;3
2025;18472;2017;2021;3
2025;1109361;2017;2020;3
2025;64706;2017;2020;3
2025;1725;2017;2020;3
2025;1477973;2017;2020;3
2025;8437;2017;2019;3
2025;18605;2017;2019;3
2025;1102360;2017;2019;3
2025;12692;2017;2020;3
2025;1421013;2017;2020;3
2025;74655;2017;2020;3
2025;5000979;2017;2020;3
2025;54494;2017;2019;3
2025;1438629;2017;2020;3
2025;97679;2017;2020;3
2025;91219;2017;2020;3
2025;1399481;2017;2021;3
2025;1178672;2017;2020;3
2025;72669;2017;2020;3
2025;19294;2017;2020;3
2025;1185025;2017;2019;3
2025;108882;2017;2020;3
2025;13866;2017;2020;3
2025;98409;2017;2020;3
2025;72667;2017;2020;3
2025;6496;2017;2019;3
2025;13286;2017;2018;3
2025;1059179;2017;2019;3
2025;91399;2017;2020;3
2025;100958;2017;2020;3
2025;5920;2017;2020;3
2025;7676;2017;2020;3
2025;1406536;2017;2020;3
2025;1135207;2017;2020;3
2025;5000930;2017;2020;3
2025;1314146;2017;2020;3
2025;72669;2017;2020;3
2025;1272168;2017;2020;3
2025;93001;2017;2020;3
2025;16904;2017;2020;3
2025;5001427;2017;2019;3
2025;1202588;2017;2019;3
2025;90059;2017;2020;3
2025;13286;2017;2019;3
2025;5000980;2017;2020;3
2025;1399482;2017;2021;3
2025;72669;2017;2020;3
2025;1188900;2017;2020;3
2025;72669;2017;2020;3
2025;108882;2017;2020;3
2025;1342536;2017;2020;3
2025;72417;2017;2020;3
2025;57402;2017;2020;3
2025;13601;2017;2020;3
2025;4082;2017;2020;3
2025;1725;2017;2020;3
2025;303;2017;2019;1
2025;1108786;2017;2019;3
2025;74655;2017;2020;3
2025;12015;2017;2019;3
2025;1438629;2017;2020;3
2025;303;2017;2019;1
2025;64918;2017;2020;3
2025;108882;2017;2020;3
2025;7837;2017;2018;3
2025;758;2017;2020;3
2025;12015;2017;2020;3
2025;1257777;2017;2019;3
2025;1390317;2017;2020;3
2025;18447;2017;2020;3
2025;1188900;2017;2020;3
2025;8554;2017;2020;3
2025;1192237;2017;2020;3
2025;1399617;2017;2020;3
2025;5000812;2017;2019;3
2025;18447;2017;2018;3
2025;1421013;2017;2020;3
2025;1629;2017;2020;3
2025;11114;2017;2020;3
2025;1180318;2017;2020;3
2025;1184432;2017;2020;3
2025;1136509;2017;2020;3
2025;108884;2017;2020;3
2025;1399484;2017;2020;3
2025;1427419;2017;2020;3
2025;108884;2017;2018;3
2025;1171609;2017;2021;3
2025;7676;2017;2020;3
2025;1192237;2017;2020;3
2025;64918;2017;2020;3
2025;90091;2017;2020;3
2025;18605;2017;2020;3
2025;8698;2017;2020;3
2025;1189607;2017;2020;3
2025;57402;2017;2021;3
2025;107666;2017;2020;3
2025;66361;2017;2021;3
2025;13103;2017;2020;3
2025;74655;2017;2020;3
2025;74655;2017;2020;3
2025;74594;2017;2020;3
2025;87941;2017;2020;3
2025;13723;2017;2020;3
2025;1427370;2017;2020;3
2025;72417;2017;2020;3
2025;84408;2017;2020;3
2025;19206;2017;2020;4
2025;1104264;2017;2020;3
2025;1163738;2017;2019;3
2025;1292713;2017;2020;3
2025;1189607;2017;2020;3
2025;1179501;2017;2018;3
2025;1184325;2017;2020;3
2025;1108786;2017;2020;3
2025;84408;2017;2020;3
2025;1295813;2017;2020;3
2025;51835;2017;2020;3
2025;2695;2017;2020;3
2025;5001466;2017;2020;3
2025;108882;2017;2020;3
2025;5000979;2017;2020;3
2025;84408;2017;2020;3
2025;75821;2017;2019;3
2025;10222;2017;2020;3
2025;59174;2017;2020;3
2025;1108786;2017;2020;3
2025;1189778;2017;2020;3
2025;108882;2017;2020;3
2025;108882;2017;2020;3
2025;108884;2017;2020;3
2025;1202553;2017;2019;3
2025;100688;2017;2020;3
2025;8698;2017;2020;3
2025;87537;2017;2020;3
2025;4503;2017;2020;3
2025;1185076;2017;2020;3
2025;54494;2017;2020;3
2025;5001294;2017;2020;3
2025;108882;2017;2020;3
2025;64706;2017;2020;3
2025;9326;2017;2020;1
2025;108882;2017;2020;3
2025;108882;2017;2020;3
2025;108882;2017;2020;3
2025;1187646;2017;2019;3
2025;108882;2017;2020;3
2025;12569;2017;2020;3
2025;65924;2017;2019;3
2025;108882;2017;2018;3
2025;87941;2017;2020;3
2025;1477973;2017;2020;3
2025;86356;2017;2020;3
2025;9326;2017;2020;1
2025;1321864;2017;2020;3
2025;108882;2017;2020;3
2025;108882;2017;2020;3
2025;7676;2017;2020;3
2025;100956;2017;2020;3
2025;1421013;2017;2020;3
2025;108882;2017;2020;3
2025;12813;2017;2020;3
2025;1200712;2017;2020;3
2025;1879;2017;2020;3
2025;60660;2017;2020;3
2025;9326;2017;2020;1
2025;38071;2017;2020;3
2025;98506;2017;2021;3
2025;108884;2017;2020;3
2025;1399617;2017;2020;3
2025;389;2017;2019;1
2025;9996;2017;2020;3
2025;20249;2017;2020;3
2025;1278877;2017;2020;3
2025;12015;2017;2020;3
2025;74655;2017;2020;3
2025;1317634;2017;2020;3
2025;74594;2017;2020;3
2025;100958;2017;2019;3
2025;1321864;2017;2020;3
2025;5000933;2017;2020;3
2025;59174;2017;2019;3
2025;15475;2017;2020;1
2025;1385538;2017;2020;3
2025;1184432;2017;2019;3
2025;14359;2017;2020;3
2025;74655;2017;2020;3
2025;108884;2017;2020;3
2025;1136509;2017;2020;3
2025;14093;2017;2020;3
2025;14563;2017;2020;3
2025;1397772;2017;2020;3
2025;120983;2017;2020;3
2025;87537;2017;2020;3
2025;1264844;2017;2020;3
2025;1180318;2017;2021;3
2025;1029204;2017;2020;3
2025;13723;2017;2020;3
2025;108884;2017;2020;3
2025;10222;2017;2020;3
2025;5000980;2017;2020;3
2025;15783;2017;2020;3
2025;5001101;2017;2020;3
2025;9996;2017;2020;3
2025;72669;2017;2020;3
2025;5001183;2017;2020;3
2025;72681;2017;2020;3
2025;108884;2017;2020;3
2025;1477973;2017;2020;3
2025;1188900;2017;2020;3
2025;1029204;2017;2022;3
2025;1202546;2017;2020;3
2025;85586;2017;2019;3
2025;108882;2017;2020;3
2025;1421013;2017;2020;3
2025;19206;2017;2020;4
2025;37304;2017;2020;4
2025;1180318;2017;2020;3
2025;1399489;2017;2020;3
2025;1342536;2017;2020;3
2025;101228;2017;2020;3
2025;1390317;2017;2022;3
2025;1879;2017;2020;3
2025;98506;2017;2020;3
2025;108884;2017;2019;3
2025;11316;2017;2020;3
2025;1136509;2017;2019;3
2025;1406536;2017;2020;3
2025;1029204;2017;2020;3
2025;74655;2017;2020;3
2025;84352;2017;2020;3
2025;74655;2017;2020;3
2025;1278877;2017;2020;3
2025;1059179;2017;2019;3
2025;1193264;2017;2020;3
2025;107666;2017;2020;3
2025;15475;2017;2020;1
2025;1185025;2017;2020;3
2025;108884;2017;2020;3
2025;1486822;2017;2020;3
2025;13601;2017;2020;3
2025;108884;2017;2020;3
2025;74655;2017;2020;3
2025;1518;2017;2019;3
2025;10591;2017;2020;3
2025;5000979;2017;2020;3
2025;3148;2017;2020;3
2025;20249;2017;2020;3
2025;18447;2017;2018;3
2025;72667;2017;2020;3
2025;13866;2017;2019;3
2025;5001427;2017;2020;3
2025;86288;2017;2019;3
2025;15475;2017;2019;1
2025;5920;2017;2020;3
2025;84352;2017;2020;3
2025;66248;2017;2020;3
2025;1485621;2017;2020;3
2025;14975;2017;2020;3
2025;1163738;2017;2020;3
2025;2695;2017;2020;3
2025;1385538;2017;2017;3
2025;79007;2017;2020;3
2025;1295813;2017;2020;3
2025;74655;2017;2020;3
2025;5001294;2017;2018;3
2025;13424;2017;2019;3
2025;1108281;2017;2020;3
2025;1390309;2017;2020;3
2025;9988;2017;2020;3
2025;1399614;2017;2022;4
2025;1214209;2017;2020;3
2025;1349675;2017;2020;3
2025;12970;2017;2020;1
2025;108882;2017;2020;3
2025;8960;2017;2020;3
2025;1399481;2017;2021;3
2025;1193264;2017;2020;3
2025;1109361;2017;2020;3
2025;1879;2017;2020;3
2025;1879;2017;2020;3
2025;108884;2017;2020;3
2025;13424;2017;2019;3
2025;72681;2017;2019;3
2025;72417;2017;2020;3
2025;5000930;2017;2020;3
2025;100958;2017;2019;3
2025;108884;2017;2020;3
2025;59174;2017;2019;3
2025;5001450;2017;2020;3
2025;1168313;2017;2020;3
2025;1399482;2017;2021;3
2025;71859;2017;2019;3
2025;1173014;2017;2020;3
2025;9988;2017;2020;3
2025;13723;2017;2020;3
2025;108884;2017;2020;3
2025;1445016;2017;2020;3
2025;13601;2017;2020;3
2025;58412;2017;2020;3
2025;1421100;2017;2020;3
2025;4082;2017;2020;3
2025;37304;2017;2020;4
2025;87941;2017;2020;3
2025;66248;2017;2020;3
2025;1399480;2017;2020;3
2025;1408509;2017;2020;3
2025;1399618;2017;2020;4
2025;59414;2017;2020;3
2025;108882;2017;2020;3
2025;1390309;2017;2020;3
2025;90059;2017;2020;3
2025;13601;2017;2020;3
2025;85652;2017;2020;3
2025;1261972;2017;2019;3
2025;39415;2017;2019;3
2025;71859;2017;2019;3
2025;1184060;2017;2020;3
2025;10591;2017;2020;3
2025;18447;2017;2020;3
2025;1397771;2017;2023;3
2025;7105;2017;2020;3
2025;8698;2017;2020;3
2025;1399614;2017;2020;4
2025;1185903;2017;2020;3
2025;1321864;2017;2020;3
2025;48854;2017;2020;3
2025;1725;2017;2020;3
2025;5206;2017;2021;3
2025;1321864;2017;2020;3
2025;1108786;2017;2020;3
2025;1427420;2017;2020;3
2025;1200578;2017;2020;3
2025;1202553;2017;2020;3
2025;1518495;2017;2020;3
2025;1487491;2017;2020;3
2025;11114;2017;2018;3
2025;1399486;2017;2020;3
2025;5001450;2017;2020;3
2025;6711;2017;2019;3
2025;1190280;2017;2019;3
2025;1109361;2017;2020;3
2025;8437;2017;2019;3
2025;9772;2017;2020;3
2025;108884;2017;2020;3
2025;1202553;2017;2019;3
2025;1427420;2017;2020;3
2025;91399;2017;2020;3
2025;1390317;2017;2020;3
2025;5001450;2017;2020;3
2025;108884;2017;2020;3
2025;7705;2017;2020;3
2025;1029763;2017;2019;3
2025;72767;2017;2020;3
2025;51835;2017;2020;3
2025;1317634;2017;2020;3
2025;5001450;2017;2020;3
2025;108884;2017;2020;3
2025;3677;2017;2020;3
2025;65114;2017;2022;3
2025;51835;2017;2020;3
2025;140;2017;2020;3
2025;65114;2017;2020;3
2025;72767;2017;2019;3
2025;1399482;2017;2021;3
2025;91399;2017;2020;3
2025;12970;2017;2019;1
2025;108882;2017;2020;3
2025;3148;2017;2020;3
2025;11316;2017;2020;3
2025;108884;2017;2020;3
2025;74655;2017;2020;3
2025;59174;2017;2024;3
2025;4503;2017;2020;3
2025;11114;2017;2020;3
2025;1385538;2017;2020;3
2025;9996;2017;2020;3
2025;74655;2017;2020;3
2025;108884;2017;2020;3
2025;1486822;2017;2020;3
2025;74655;2017;2020;3
2025;5000001;2017;2020;3
2025;1349675;2017;2020;3
2025;39415;2017;2022;3
2025;1408507;2017;2019;3
2025;1399616;2017;2020;3
2025;5000930;2017;2023;1
2025;12569;2017;2020;3
2025;5000979;2017;2022;3
2025;87941;2017;2020;3
2025;8554;2017;2020;3
2025;5001450;2017;2020;3
2025;8554;2017;2020;3
2025;12569;2017;2020;3
2025;1439;2017;2019;3
2025;7676;2017;2019;3
2025;1202547;2017;2018;3
2025;1629;2017;2020;3
2025;758;2017;2020;3
2025;74655;2017;2020;3
2025;19086;2017;2019;3
2025;9988;2017;2019;3
2025;13103;2017;2020;3
2025;87941;2017;2020;3
2025;8554;2017;2020;3
2025;1108786;2017;2020;3
2025;4082;2017;2020;3
2025;1485621;2017;2020;3
2025;5000812;2017;2020;3
2025;18447;2017;2020;3
2025;4082;2017;2020;3
2025;1399287;2017;2020;3
2025;82224;2017;2020;3
2025;84408;2017;2020;3
2025;13453;2017;2020;3
2025;5345;2017;2020;3
2025;93001;2017;2019;3
2025;1108786;2017;2020;3
2025;1390309;2017;2020;3
2025;1399481;2017;2021;3
2025;86356;2017;2020;3
2025;39415;2017;2020;3
2025;1342537;2017;2020;3
2025;86356;2017;2020;3
2025;9996;2017;2020;3
2025;5001300;2017;2020;3
2025;1629;2017;2020;3
2025;5001300;2017;2020;3
2025;5000980;2017;2020;3
2025;11316;2017;2020;3
2025;1192237;2017;2020;3
2025;6711;2017;2019;3
2025;1399480;2017;2020;3
2025;14563;2017;2020;3
2025;14563;2017;2020;3
2025;1427419;2017;2020;3
2025;1163738;2017;2020;3
2025;5001300;2017;2020;3
2025;1178524;2017;2020;3
2025;12;2017;2019;3
2025;5001183;2017;2019;3
2025;1408505;2017;2020;3
2025;1258021;2017;2020;3
2025;5909;2017;2020;3
2025;1264844;2017;2020;3
2025;1295813;2017;2020;3
2025;1445016;2017;2021;3
2025;1068548;2017;2019;3
2025;1185903;2017;2020;3
2025;1518495;2017;2020;3
2025;98409;2017;2019;3
2025;19850;2017;2018;3
2025;7705;2017;2021;3
2025;1399481;2017;2021;3
2025;1457006;2017;2020;3
2025;49060;2017;2020;3
2025;74655;2017;2020;3
2025;19206;2017;2020;4
2025;5920;2017;2020;3
2025;74655;2017;2020;3
2025;84352;2017;2020;3
2025;1399616;2017;2020;3
2025;1399482;2017;2021;3
2025;1202553;2017;2019;3
2025;59414;2017;2020;3
2025;4082;2017;2020;3
2025;1408259;2017;2020;3
2025;14234;2017;2020;3
2025;13601;2017;2020;3
2025;5000001;2017;2022;3
2025;1427370;2017;2020;3
2025;1216474;2017;2020;3
2025;868;2017;2022;3
2025;12;2017;2020;3
2025;64706;2017;2020;3
2025;5920;2017;2020;3
2025;8960;2017;2020;3
2025;1725;2017;2020;3
2025;1068548;2017;2018;3
2025;87537;2017;2020;3
2025;75821;2017;2020;3
2025;60660;2017;2020;3
2025;71859;2017;2022;3
2025;8698;2017;2020;3
2025;15343;2017;2020;3
2025;1725;2017;2020;3
2025;13723;2017;2020;3
2025;1029204;2017;2020;3
2025;18447;2017;2019;3
2025;14093;2017;2020;3
2025;85652;2017;2020;3
2025;12569;2017;2019;3
2025;1421013;2017;2020;3
2025;1108153;2017;2020;1
2025;18594;2017;2020;4
2025;5000930;2017;2020;1
2025;1487491;2017;2020;3
2025;1108786;2017;2020;3
2025;1173014;2017;2020;3
2025;7676;2017;2019;3
2025;7676;2017;2020;3
2025;5000979;2017;2022;3
2025;1445016;2017;2021;3
2025;87941;2017;2020;3
2025;65114;2017;2022;3
2025;72681;2017;2020;3
2025;1399618;2017;2020;4
2025;5000930;2017;2022;1
2025;57852;2017;2020;3
2025;18594;2017;2020;4
2025;84408;2017;2020;3
2025;98406;2017;2019;3
2025;12692;2017;2020;3
2025;5001466;2017;2019;3
2025;66361;2017;2020;3
2025;84352;2017;2020;3
2025;5000978;2017;2020;3
2025;18594;2017;2020;4
2025;82224;2017;2019;3
2025;1185076;2017;2020;3
2025;5000930;2017;2020;1
2025;19086;2017;2019;3
2025;19434;2017;2020;3
2025;1104264;2017;2020;3
2025;5909;2017;2020;3
2025;84408;2017;2020;3
2025;20249;2017;2021;3
2025;1313341;2017;2020;3
2025;7105;2017;2020;3
2025;10289;2017;2020;3
2025;107766;2017;2018;3
2025;1397771;2017;2020;3
2025;15343;2017;2020;3
2025;87537;2017;2020;3
2025;5000979;2017;2020;3
2025;1173014;2017;2020;3
2025;1390317;2017;2020;3
2025;1483805;2017;2020;3
2025;103596;2017;2020;3
2025;107766;2017;2020;3
2025;100956;2017;2020;3
2025;1363536;2017;2019;3
2025;6711;2017;2020;3
2025;11114;2017;2020;3
2025;4503;2017;2020;3
2025;1397771;2017;2020;3
2025;4503;2017;2020;3
2025;1104264;2017;2020;3
2025;107666;2017;2020;3
2025;1102360;2017;2020;3
2025;1427419;2017;2020;3
2025;20249;2017;2020;3
2025;14725;2017;2020;3
2025;54494;2017;2020;3
2025;38071;2017;2020;3
2025;58412;2017;2020;3
2025;90059;2017;2020;3
2025;1397771;2017;2020;3
2025;1193264;2017;2020;3
2025;1327450;2017;2020;3
2025;1185903;2017;2023;3
2025;1163738;2017;2020;3
2025;3677;2017;2020;3
2025;3677;2017;2020;3
2025;7705;2017;2020;3
2025;1188900;2017;2020;3
2025;16236;2017;2020;3
2025;20249;2017;2020;3
2025;15475;2017;2020;1
2025;1399614;2017;2020;4
2025;1188900;2017;2020;3
2025;1188900;2017;2020;3
2025;85652;2017;2020;3
2025;1068548;2017;2019;3
2025;18472;2017;2020;3
2025;16236;2017;2020;3
2025;1397773;2017;2020;3
2025;1163738;2017;2020;3
2025;98406;2017;2020;3
2025;74655;2017;2020;3
2025;18594;2017;2020;4
2025;87537;2017;2020;3
2025;91219;2017;2020;3
2025;11446;2017;2020;3
2025;100688;2017;2020;3
2025;74655;2017;2020;3
2025;5000980;2017;2020;3
2025;74655;2017;2020;3
2025;1399481;2017;2020;3
2025;74655;2017;2020;3
2025;19206;2017;2023;4
2025;57402;2017;2019;3
2025;1136509;2017;2020;3
2025;1050663;2017;2020;3
2025;74655;2017;2020;3
2025;12569;2017;2020;3
2025;21542;2017;2020;3
2025;9996;2017;2020;3
2025;91399;2017;2020;3
2025;5001300;2017;2019;3
2025;19206;2017;2020;4
2025;1397771;2017;2020;3
2025;14093;2017;2020;3
2025;11233;2017;2020;3
2025;1184432;2017;2020;3
2025;1107;2017;2020;3
2025;14234;2017;2020;3
2025;1136509;2017;2020;3
2025;18447;2017;2020;3
2025;108882;2017;2020;3
2025;5000933;2017;2020;3
2025;1202553;2017;2019;3
2025;140;2017;2020;3
2025;74655;2017;2020;3
2025;1108153;2017;2020;1
2025;5001300;2017;2020;3
2025;1188127;2017;2021;3
2025;10224;2017;2019;3
2025;100688;2017;2020;3
2025;12;2017;2019;3
2025;8554;2017;2020;3
2025;75821;2017;2020;3
2025;1295813;2017;2020;3
2025;18594;2017;2021;4
2025;97679;2017;2020;3
2025;90059;2017;2020;3
2025;1108786;2017;2020;3
2025;1135207;2017;2020;3
2025;1029204;2017;2021;3
2025;72681;2017;2020;3
2025;57402;2017;2020;3
2025;1295813;2017;2020;3
2025;4503;2017;2020;3
2025;1184047;2017;2020;3
2025;12015;2017;2019;3
2025;1421013;2017;20;3
2025;1629;2017;2020;3
2025;98409;2017;2020;3
2025;15839;2017;2020;3
2025;12692;2017;2020;3
2025;48854;2017;2020;3
2025;12;2017;2019;3
2025;3148;2017;2020;3
2025;18472;2017;2020;3
2025;84408;2017;2020;3
2025;1486298;2017;2020;3
2025;91399;2017;2020;3
2025;5000979;2017;2020;3
2025;1314146;2017;2020;3
2025;1399486;2017;2020;3
2025;71859;2017;2020;3
2025;1202553;2017;2019;3
2025;100956;2017;2019;3
2025;12970;2017;2020;1
2025;5001450;2017;2020;3
2025;16904;2017;2020;3
2025;49060;2017;2020;3
2025;1486298;2017;2022;3
2025;1427420;2017;2020;3
2025;13601;2017;2020;3
2025;87537;2017;2020;3
2025;49910;2017;2019;3
2025;5000978;2017;2022;3
2025;107666;2017;2020;3
2025;14563;2017;2020;3
2025;12345;2017;2018;3
2025;1457006;2017;2018;3
2025;1029204;2017;2020;3
2025;15475;2017;2020;1
2025;1163738;2017;2019;3
2025;19294;2017;2020;3
2025;389;2017;2018;1
2025;2392;2017;2020;3
2025;18594;2017;2020;4
2025;108014;2017;2020;3
2025;19206;2017;2020;4
2025;1399486;2017;2020;3
2025;1178672;2017;2020;3
2025;71859;2017;2020;3
2025;1190280;2017;2019;3
2025;7105;2017;2020;3
2025;51699;2017;2020;3
2025;758;2017;2020;3
2025;90059;2017;2020;3
2025;108882;2017;2020;3
2025;84352;2017;2020;3
2025;5920;2017;2020;3
2025;1029204;2017;2019;3
2025;3148;2017;2020;3
2025;1321864;2017;2019;3
2025;20360;2017;2020;3
2025;5000978;2017;2020;3
2025;14563;2017;2020;3
2025;2918;2017;2018;3
2025;107666;2017;2020;3
2025;1317634;2017;2020;3
2025;1278877;2017;2020;3
2025;12692;2017;2020;3
2025;9326;2017;2020;1
2025;1313341;2017;2020;3
2025;1408259;2017;2021;3
2025;12692;2017;2020;3
2025;51835;2017;2020;3
2025;108882;2017;2020;3
2025;7105;2017;2020;3
2025;1178524;2017;2020;3
2025;11316;2017;2020;3
2025;10591;2017;2020;3
2025;1399486;2017;2020;3
2025;1342536;2017;2021;3
2025;1725;2017;2020;3
2025;758;2017;2020;3
2025;103596;2017;2020;3
2025;12569;2017;2020;3
2025;5000933;2017;2021;3
2025;1179501;2017;2020;3
2025;868;2017;2020;3
2025;1272168;2017;2020;3
2025;16236;2017;2020;3
2025;90483;2017;2017;3
2025;12970;2017;2020;1
2025;13424;2017;2019;3
2025;1439;2017;2020;3
2025;1397772;2017;2020;3
2025;49910;2017;2019;3
2025;1457006;2017;2019;3
2025;107766;2017;2020;3
2025;74655;2017;2020;3
2025;5000979;2017;2022;3
2025;19850;2017;2020;3
2025;1629;2017;2020;3
2025;1342449;2017;2019;3
2025;1257524;2017;2021;4
2025;12015;2017;2020;3
2025;7676;2017;2020;3
2025;1483759;2017;2020;3
2025;1317634;2017;2020;3
2025;1135207;2017;2020;3
2025;14093;2017;2020;3
2025;4503;2017;2020;3
2025;100956;2017;2020;3
2025;1190280;2017;2019;3
2025;37304;2017;2020;4
2025;93001;2017;2020;3
2025;18594;2017;2019;4
2025;7414;2017;2020;3
2025;14563;2017;2020;3
2025;12692;2017;2020;3
2025;1202573;2017;2020;3
2025;57402;2017;2020;3
2025;84352;2017;2020;3
2025;38071;2017;2020;3
2025;1421100;2017;2022;3
2025;1399477;2017;2022;3
2025;91219;2017;2019;3
2025;14093;2017;2018;3
2025;39415;2017;2020;3
2025;51835;2017;2021;3
2025;74594;2017;2020;3
2025;8698;2017;2020;3
2025;4503;2017;2020;3
2025;59414;2017;2020;3
2025;868;2017;2020;3
2025;12692;2017;2020;3
2025;13286;2017;2019;3
2025;20360;2017;2019;3
2025;90483;2017;2017;3
2025;1439;2017;2020;3
2025;5001101;2017;2020;3
2025;1068548;2017;2019;3
2025;82224;2017;2021;3
2025;1029204;2017;2020;3
2025;97679;2017;2020;3
2025;90483;2017;2017;3
2025;16236;2017;2020;3
2025;15839;2017;2021;3
2025;1342536;2017;2021;3
2025;1397771;2017;2022;3
2025;87537;2017;2020;3
2025;1184325;2017;2020;3
2025;72681;2017;2020;3
2025;1390311;2017;2020;3
2025;1483768;2017;2020;3
2025;1427419;2017;2020;3
2025;8698;2017;2020;3
2025;54494;2017;2020;3
2025;86356;2017;2020;3
2025;13866;2017;2020;3
2025;1399614;2017;2020;4
2025;5920;2017;2020;3
2025;86288;2017;2020;3
2025;1629;2017;2020;3
2025;1179501;2017;2020;3
2025;87941;2017;2020;3
2025;59174;2017;2019;3
2025;93001;2017;2020;3
2025;18594;2017;2022;4
2025;1317634;2017;2020;3
2025;5909;2017;2020;3
2025;14093;2017;2020;3
2025;1295813;2017;2019;3
2025;72417;2017;2020;3
2025;12569;2017;2020;3
2025;1109361;2017;2020;3
2025;11114;2017;2020;3
2025;12569;2017;2020;3
2025;13723;2017;2020;3
2025;86288;2017;2021;3
2025;7676;2017;2020;3
2025;8698;2017;2020;3
2025;1101742;2017;2020;3
2025;1427419;2017;2020;3
2025;20360;2017;2018;3
2025;11446;2017;2020;3
2025;1191415;2017;2019;3
2025;99476;2017;2021;3
2025;5001466;2017;2020;3
2025;1184060;2017;2020;3
2025;1421100;2017;2020;3
2025;1136509;2017;2020;3
2025;1385538;2017;2019;3
2025;16236;2017;2020;3
2025;1427419;2017;2020;3
2025;3148;2017;2020;3
2025;1879;2017;2020;3
2025;1188900;2017;2020;3
2025;72767;2017;2019;3
2025;1108786;2017;2019;3
2025;1427419;2017;2020;3
2025;1330031;2017;2020;3
2025;14359;2017;2020;3
2025;5001183;2017;2020;4
2025;51835;2017;2020;3
2025;86288;2017;2020;3
2025;100956;2017;2020;3
2025;1202588;2017;2019;3
2025;8698;2017;2019;3
2025;90483;2017;2017;3
2025;13866;2017;2020;3
2025;1178524;2017;2020;3
2025;1317634;2017;2020;3
2025;1200712;2017;2020;3
2025;8698;2017;2020;3
2025;303;2017;2019;1
2025;87537;2017;2020;3
2025;14975;2017;2020;3
2025;64918;2017;2019;3
2025;1399617;2017;2020;3
2025;100688;2017;2020;3
2025;389;2017;2019;1
2025;1487290;2017;2020;3
2025;5909;2017;2020;3
2025;100956;2017;2020;3
2025;82224;2017;2020;3
2025;12692;2017;2020;3
2025;11114;2017;2020;3
2025;1188127;2017;2020;3
2025;64918;2017;2020;3
2025;1399618;2017;2019;4
2025;7705;2017;2020;3
2025;1385538;2017;2019;3
2025;1397773;2017;2020;3
2025;5909;2017;2020;3
2025;1178672;2017;2020;3
2025;51835;2017;2020;3
2025;758;2017;2020;3
2025;12569;2017;2019;3
2025;5000001;2017;2020;3
2025;5000978;2017;2020;3
2025;1321864;2017;2020;3
2025;1295813;2017;2022;3
2025;19850;2017;2020;3
2025;72675;2017;2020;3
2025;8960;2017;2020;3
2025;1879;2017;2020;3
2025;3677;2017;2020;3
2025;15839;2017;2020;3
2025;64918;2017;2020;3
2025;8698;2017;2020;3
2025;90483;2017;2017;3
2025;66361;2017;2022;3
2025;1399478;2017;2020;3
2025;8698;2017;2020;3
2025;5001183;2017;2020;4
2025;15783;2017;2020;3
2025;1278877;2017;2019;3
2025;18594;2017;2020;4
2025;1179501;2017;2020;3
2025;1136509;2017;2020;3
2025;1136509;2017;2020;3
2025;1261971;2017;2020;3
2025;1179501;2017;2020;3
2025;12970;2017;2020;1
2025;12813;2017;2020;3
2025;59174;2017;2020;3
2025;1179501;2017;2020;3
2025;1399477;2017;2022;3
2025;1421013;2017;2020;3
2025;108014;2017;2020;3
2025;1135207;2017;2020;3
2025;1189778;2017;2020;3
2025;1390311;2017;2020;3
2025;1136509;2017;2020;3
2025;1184325;2017;2020;3
2025;1136509;2017;2020;3
2025;1390311;2017;2020;3
2025;1136509;2017;2020;3
2025;5001314;2017;2020;3
2025;9326;2017;2020;1
2025;1101742;2017;2019;3
2025;1421013;2017;2020;3
2025;1408259;2017;2020;3
2025;1427419;2017;2020;3
2025;1334344;2017;2021;3
2025;1725;2017;2020;3
2025;1397771;2017;2020;3
2025;1399477;2017;2020;3
2025;1202573;2017;2020;3
2025;11114;2017;2020;3
2025;5001101;2017;2020;3
2025;1188900;2017;2020;3
2025;71859;2017;2020;3
2025;1136509;2017;2020;3
2025;60660;2017;2020;3
2025;2695;2017;2020;3
2025;11233;2017;2020;3
2025;1258023;2017;2020;3
2025;90059;2017;2020;3
2025;12569;2017;2020;3
2025;1399485;2017;2020;3
2025;1342536;2017;2021;3
2025;1267038;2017;2021;3
2025;5000930;2017;2020;3
2025;1390311;2017;2020;3
2025;1399480;2017;2020;3
2025;5001450;2017;2020;3
2025;1363536;2017;2020;3
2025;1136509;2017;2020;3
2025;60660;2017;2020;3
2025;1342536;2017;2020;3
2025;1295813;2017;2020;3
2025;1136509;2017;2020;3
2025;4720;2017;2020;3
2025;1179501;2017;2020;3
2025;1202546;2017;2020;3
2025;1101742;2017;2020;3
2025;91219;2017;2019;3
2025;1188900;2017;2020;3
2025;18472;2017;2020;3
2025;14359;2017;2020;3
2025;1202546;2017;2020;3
2025;1399478;2017;2020;3
2025;1342536;2017;2021;3
2025;15343;2017;2020;3
2025;1399478;2017;2020;3
2025;1136509;2017;2020;3
2025;58412;2017;2020;3
2025;1188900;2017;2020;3
2025;107666;2017;2020;3
2025;1190667;2017;2021;3
2025;1189607;2017;2020;3
2025;15343;2017;2020;3
2025;1399489;2017;2020;3
2025;13453;2017;2020;3
2025;90483;2017;2017;3
2025;11233;2017;2020;3
2025;72663;2017;2020;3
2025;1136509;2017;2020;3
2025;107766;2017;2020;3
2025;14615;2017;2019;3
2025;1136509;2017;2020;3
2025;1327450;2017;2020;3
2025;8960;2017;2020;3
2025;1188900;2017;2020;3
2025;4082;2017;2020;3
2025;9772;2017;2020;3
2025;1168313;2017;2020;3
2025;12692;2017;2020;3
2025;101228;2017;2020;3
2025;9772;2017;2020;3
2025;65114;2017;2022;3
2025;12970;2017;2019;1
2025;11233;2017;2020;3
2025;1188900;2017;2020;3
2025;74655;2017;2020;3
2025;57402;2017;2020;3
2025;7414;2017;2022;3
2025;1397773;2017;2021;3
2025;1399481;2017;2021;3
2025;10224;2017;2020;3
2025;5000933;2017;2020;3
2025;1445016;2017;2020;3
2025;85652;2017;2020;3
2025;13723;2018;2019;3
2025;13286;2018;2019;3
2025;1349675;2018;2020;3
2025;1257562;2018;2020;3
2025;108014;2018;2021;3
2025;5001183;2018;2020;4
2025;12015;2018;2020;3
2025;1477973;2018;2020;3
2025;1485621;2018;2020;3
2025;19294;2018;2020;3
2025;1184432;2018;2019;3
2025;120983;2018;2020;3
2025;19294;2018;2020;3
2025;100688;2018;2020;3
2025;12015;2018;2020;3
2025;82224;2018;2020;3
2025;1363536;2018;2020;3
2025;39415;2018;2020;3
2025;60660;2018;2020;3
2025;1202553;2018;2020;3
2025;8437;2018;2019;3
2025;5000812;2018;2020;3
2025;90091;2018;2020;3
2025;1453564;2018;2020;3
2025;7414;2018;2020;3
2025;1399486;2018;2020;3
2025;91219;2018;2019;3
2025;54494;2018;2019;3
2025;85652;2018;2019;3
2025;10224;2018;2020;3
2025;3148;2018;2020;3
2025;1363536;2018;2019;3
2025;91219;2018;2020;3
2025;1342536;2018;2020;3
2025;11114;2018;2020;3
2025;85652;2018;2020;3
2025;1295813;2018;2020;3
2025;7414;2018;2023;3
2025;5920;2018;2020;3
2025;1257524;2018;2020;4
2025;12692;2018;2020;3
2025;7414;2018;2020;3
2025;15475;2018;2020;1
2025;2348;2018;2020;3
2025;12970;2018;2020;1
2025;5001300;2018;2020;3
2025;5001300;2018;2019;3
2025;1390317;2018;2020;3
2025;5000979;2018;2020;3
2025;5000980;2018;2020;3
2025;1179501;2018;2020;3
2025;98406;2018;2020;3
2025;74594;2018;2020;3
2025;1399488;2018;2019;3
2025;2392;2018;2020;3
2025;1173014;2018;2019;3
2025;1173014;2018;2020;3
2025;1173014;2018;2020;3
2025;1173014;2018;2020;3
2025;64918;2018;2020;3
2025;5345;2018;2019;3
2025;1427419;2018;2020;3
2025;4503;2018;2019;3
2025;90483;2018;2018;3
2025;1453564;2018;2020;3
2025;1427370;2018;2019;3
2025;39415;2018;2020;3
2025;1321864;2018;2020;3
2025;1321864;2018;2020;3
2025;1068548;2018;2019;3
2025;1399486;2018;2020;3
2025;1439;2018;2020;3
2025;108014;2018;2021;3
2025;14563;2018;2020;3
2025;13601;2018;2020;3
2025;1399617;2018;2020;3
2025;1399486;2018;2020;3
2025;5345;2018;2020;3
2025;1408505;2018;2020;3
2025;5000980;2018;2020;3
2025;5001341;2018;2020;3
2025;10224;2018;2020;3
2025;5000930;2018;2020;1
2025;1257562;2018;2020;3
2025;14725;2018;2020;3
2025;5001183;2018;2020;4
2025;101228;2018;2020;3
2025;1108153;2018;2020;1
2025;1399486;2018;2020;3
2025;5000980;2018;2020;3
2025;1629;2018;2020;3
2025;5001183;2018;2020;4
2025;19206;2018;2020;4
2025;100956;2018;2020;3
2025;57852;2018;2020;3
2025;10224;2018;2020;3
2025;14563;2018;2020;3
2025;2918;2018;2019;3
2025;72667;2018;2020;3
2025;1477973;2018;2020;3
2025;99476;2018;2021;3
2025;8554;2018;2020;3
2025;1173014;2018;2020;3
2025;84408;2018;2020;3
2025;1385538;2018;2020;3
2025;1173014;2018;2020;3
2025;1183958;2018;2019;3
2025;1173014;2018;2020;3
2025;1342536;2018;2021;3
2025;71859;2018;2018;3
2025;1173014;2018;2020;3
2025;1408259;2018;2020;3
2025;1173014;2018;2020;3
2025;1399483;2018;2020;3
2025;1173014;2018;2020;3
2025;10224;2018;2019;3
2025;1173014;2018;2020;3
2025;1421100;2018;2020;3
2025;75821;2018;2020;3
2025;1518;2018;2019;3
2025;21542;2018;2020;3
2025;14615;2018;2019;3
2025;1029204;2018;2020;3
2025;59414;2018;2020;3
2025;72667;2018;2020;3
2025;5000981;2018;2020;3
2025;103596;2018;2020;3
2025;1178524;2018;2020;3
2025;11446;2018;2020;3
2025;1107;2018;2020;3
2025;1453564;2018;2019;3
2025;1385538;2018;2020;3
2025;1457006;2018;2020;3
2025;84352;2018;2019;3
2025;1399481;2018;2020;3
2025;1453564;2018;2020;3
2025;39415;2018;2020;3
2025;5000978;2018;2020;3
2025;1171609;2018;2019;3
2025;72667;2018;2020;3
2025;51835;2018;2020;3
2025;868;2018;2020;3
2025;5000979;2018;2020;3
2025;1448710;2018;2020;3
2025;13723;2018;2020;3
2025;1399619;2018;2020;3
2025;1257777;2018;2020;3
2025;15475;2018;2020;1
2025;1314146;2018;2020;3
2025;103596;2018;2020;3
2025;140;2018;2020;3
2025;1453564;2018;2019;3
2025;1108281;2018;2020;3
2025;48854;2018;2020;3
2025;1438629;2018;2020;3
2025;5000981;2018;2020;3
2025;1453564;2018;2020;3
2025;64918;2018;2020;3
2025;868;2018;2020;3
2025;1399486;2018;2020;3
2025;1453564;2018;2020;3
2025;1399618;2018;2020;4
2025;140;2018;2020;3
2025;1477973;2018;2020;3
2025;1108281;2018;2020;3
2025;1267038;2018;2020;3
2025;4503;2018;2019;3
2025;5000981;2018;2020;3
2025;10222;2018;2020;3
2025;2918;2018;2019;3
2025;84408;2018;2020;3
2025;13424;2018;2019;3
2025;91219;2018;2020;3
2025;1629;2018;2020;3
2025;12345;2018;2020;3
2025;72669;2018;2020;3
2025;74655;2018;2020;3
2025;1349675;2018;2020;3
2025;13453;2018;2020;3
2025;15343;2018;2020;3
2025;1408259;2018;2020;3
2025;100958;2018;2019;3
2025;19206;2018;2019;4
2025;91219;2018;2023;3
2025;11114;2018;2020;3
2025;1419799;2018;2020;3
2025;8437;2018;2020;3
2025;72417;2018;2020;3
2025;1183958;2018;2019;3
2025;74655;2018;2020;3
2025;1390317;2018;2020;3
2025;75821;2018;2020;3
2025;1408505;2018;2020;3
2025;868;2018;2020;3
2025;100958;2018;2019;3
2025;19850;2018;2020;3
2025;19850;2018;2020;3
2025;1399478;2018;2020;3
2025;140;2018;2020;3
2025;4503;2018;2020;3
2025;1163738;2018;2019;3
2025;13453;2018;2020;3
2025;51835;2018;2020;3
2025;49060;2018;2019;3
2025;1104264;2018;2020;3
2025;1108281;2018;2020;3
2025;1183958;2018;2019;3
2025;98506;2018;2020;3
2025;60660;2018;2020;3
2025;1202573;2018;2020;3
2025;85652;2018;2020;3
2025;1427420;2018;2020;3
2025;12345;2018;2020;3
2025;98506;2018;2020;3
2025;19434;2018;2020;3
2025;19086;2018;2019;3
2025;12970;2018;2020;1
2025;5000979;2018;2020;3
2025;87537;2018;2020;3
2025;98506;2018;2020;3
2025;1629;2018;2020;3
2025;1107;2018;2020;3
2025;8554;2018;2020;3
2025;1216474;2018;2020;3
2025;12692;2018;2020;3
2025;18594;2018;2020;4
2025;5000980;2018;2020;3
2025;37304;2018;2020;4
2025;1180318;2018;2020;3
2025;1292869;2018;2019;3
2025;1342505;2018;2019;3
2025;21542;2018;2019;3
2025;100958;2018;2020;3
2025;49060;2018;2020;3
2025;12970;2018;2020;1
2025;5001183;2018;2020;3
2025;86288;2018;2020;3
2025;57402;2018;2020;3
2025;9996;2018;2020;3
2025;3677;2018;2020;3
2025;18605;2018;2019;3
2025;74655;2018;2020;3
2025;66248;2018;2022;3
2025;5001300;2018;2019;3
2025;1399480;2018;2020;3
2025;1163738;2018;2020;3
2025;4720;2018;2020;3
2025;74655;2018;2020;3
2025;10222;2018;2020;3
2025;14563;2018;2020;3
2025;79007;2018;2020;3
2025;1421100;2018;2019;3
2025;79007;2018;2019;3
2025;12569;2018;2020;3
2025;66361;2018;2021;3
2025;7705;2018;2020;3
2025;5001167;2018;2020;3
2025;74655;2018;2020;3
2025;5000930;2018;2020;1
2025;1183958;2018;2019;3
2025;1399486;2018;2019;3
2025;1487290;2018;2020;3
2025;1178672;2018;2020;3
2025;1397772;2018;2022;3
2025;57852;2018;2020;3
2025;389;2018;2019;1
2025;1399480;2018;2020;3
2025;1191415;2018;2020;3
2025;103596;2018;2020;3
2025;87537;2018;2020;3
2025;1109361;2018;2020;3
2025;57402;2018;2020;3
2025;12970;2018;2020;1
2025;66248;2018;2020;3
2025;1477973;2018;2020;3
2025;1399480;2018;2020;3
2025;1399486;2018;2020;3
2025;1135207;2018;2020;3
2025;65924;2018;2019;3
2025;8698;2018;2022;3
2025;1390309;2018;2020;3
2025;1477973;2018;2020;3
2025;74655;2018;2020;3
2025;389;2018;2019;1
2025;1408505;2018;2020;3
2025;71859;2018;2019;3
2025;1278877;2018;2020;3
2025;1184325;2018;2020;3
2025;1342536;2018;2020;3
2025;10222;2018;2020;3
2025;93001;2018;2020;3
2025;1317634;2018;2020;3
2025;91219;2018;2020;3
2025;12970;2018;2020;1
2025;5000930;2018;2020;1
2025;1108153;2018;2020;1
2025;65114;2018;2022;3
2025;6496;2018;2020;3
2025;1050663;2018;2020;3
2025;13200;2018;2020;3
2025;87941;2018;2019;3
2025;87941;2018;2020;3
2025;13723;2018;2020;3
2025;1408505;2018;2020;3
2025;1108786;2018;2020;3
2025;1216474;2018;2020;3
2025;389;2018;2019;1
2025;59414;2018;2020;3
2025;5000933;2018;2020;3
2025;72767;2018;2021;3
2025;2392;2018;2020;3
2025;1135207;2018;2020;3
2025;59414;2018;2020;3
2025;18447;2018;2020;3
2025;59174;2018;2020;3
2025;1399480;2018;2020;3
2025;72667;2018;2020;3
2025;64918;2018;2020;3
2025;74594;2018;2020;3
2025;72667;2018;2020;3
2025;72667;2018;2020;3
2025;1342536;2018;2021;3
2025;7705;2018;2020;3
2025;5001341;2018;2020;3
2025;72767;2018;2020;3
2025;1408507;2018;2020;3
2025;1214209;2018;2020;3
2025;7105;2018;2020;3
2025;4082;2018;2020;3
2025;1399486;2018;2020;3
2025;7705;2018;2020;3
2025;1342505;2018;2019;3
2025;12569;2018;2020;3
2025;12015;2018;2020;3
2025;1487290;2018;2020;3
2025;84352;2018;2020;3
2025;90483;2018;2018;3
2025;19294;2018;2020;3
2025;1408507;2018;2020;3
2025;758;2018;2020;3
2025;10289;2018;2020;3
2025;1191415;2018;2020;3
2025;1135207;2018;2020;3
2025;5001294;2018;2021;3
2025;1136509;2018;2020;3
2025;1183958;2018;2019;3
2025;79007;2018;2019;3
2025;12569;2018;2019;3
2025;10591;2018;2020;3
2025;1202553;2018;2019;3
2025;1518;2018;2019;3
2025;7105;2018;2021;3
2025;1390309;2018;2020;3
2025;1397772;2018;2020;3
2025;1193275;2018;2020;3
2025;1408508;2018;2020;4
2025;7837;2018;2019;3
2025;97679;2018;2020;3
2025;86288;2018;2020;3
2025;1185903;2018;2020;3
2025;113504;2018;2020;3
2025;1390317;2018;2020;3
2025;14615;2018;2020;3
2025;51835;2018;2020;3
2025;1202553;2018;2020;3
2025;8437;2018;2020;3
2025;1342536;2018;2020;3
2025;6496;2018;2020;3
2025;14093;2018;2020;3
2025;868;2018;2020;3
2025;1408505;2018;2020;3
2025;98406;2018;2020;3
2025;15475;2018;2020;1
2025;1408508;2018;2020;4
2025;90483;2018;2018;3
2025;8437;2018;2019;3
2025;1879;2018;2020;3
2025;7676;2018;2020;3
2025;11446;2018;2020;3
2025;20058;2018;2020;3
2025;9996;2018;2020;3
2025;1445016;2018;2020;3
2025;5000980;2018;2020;3
2025;72669;2018;2020;3
2025;1399478;2018;2020;3
2025;1104264;2018;2020;3
2025;1261971;2018;2020;3
2025;1188900;2018;2020;3
2025;97679;2018;2020;3
2025;1321864;2018;2020;3
2025;38071;2018;2020;3
2025;1399618;2018;2019;4
2025;69624;2018;2020;3
2025;72667;2018;2020;3
2025;1292725;2018;2020;3
2025;1390317;2018;2020;3
2025;1342536;2018;2020;3
2025;1059179;2018;2020;3
2025;5000812;2018;2019;3
2025;87537;2018;2020;3
2025;9772;2018;2020;3
2025;1427419;2018;2019;3
2025;1200578;2018;2020;3
2025;13866;2018;2020;3
2025;93001;2018;2020;3
2025;66248;2018;2019;3
2025;103596;2018;2020;3
2025;1453564;2018;2020;3
2025;7105;2018;2020;3
2025;15783;2018;2020;3
2025;13286;2018;2019;3
2025;74655;2018;2020;3
2025;14563;2018;2020;3
2025;5001466;2018;2020;3
2025;1439;2018;2020;3
2025;1399483;2018;2020;3
2025;1399484;2018;2020;3
2025;1026;2018;2019;3
2025;1342610;2018;2019;3
2025;1200712;2018;2020;3
2025;1397771;2018;2020;3
2025;84352;2018;2020;3
2025;1397772;2018;2020;3
2025;13424;2018;2019;3
2025;1193264;2018;2020;3
2025;12015;2018;2020;3
2025;1330031;2018;2020;3
2025;1178524;2018;2020;3
2025;16236;2018;2020;3
2025;1029204;2018;2020;3
2025;72669;2018;2020;3
2025;98506;2018;2020;3
2025;97679;2018;2020;3
2025;1342536;2018;2021;3
2025;10222;2018;2020;3
2025;49060;2018;2020;3
2025;1292726;2018;2020;3
2025;37304;2018;2021;4
2025;5345;2018;2020;3
2025;5000979;2018;2020;3
2025;1317634;2018;2020;3
2025;1342536;2018;2020;3
2025;65114;2018;2021;3
2025;98406;2018;2020;3
2025;1188849;2018;2020;3
2025;1330031;2018;2020;3
2025;12970;2018;2020;1
2025;1408261;2018;2020;3
2025;8554;2018;2020;3
2025;65114;2018;2021;3
2025;86288;2018;2020;3
2025;84408;2018;2022;3
2025;1029763;2018;2020;3
2025;75821;2018;2019;3
2025;1390317;2018;2020;3
2025;93001;2018;2020;3
2025;57852;2018;2019;3
2025;6496;2018;2020;3
2025;13424;2018;2019;3
2025;8554;2018;2020;3
2025;87537;2018;2021;3
2025;20249;2018;2020;3
2025;13723;2018;2020;3
2025;74655;2018;2020;3
2025;868;2018;2020;3
2025;1190280;2018;2019;3
2025;1136509;2018;2020;3
2025;74655;2018;2020;3
2025;12970;2018;2020;1
2025;59414;2018;2020;3
2025;100956;2018;2020;3
2025;7705;2018;2020;3
2025;1185025;2018;2020;3
2025;1188849;2018;2021;3
2025;87941;2018;2020;3
2025;18472;2018;2020;3
2025;5000812;2018;2019;3
2025;5345;2018;2020;3
2025;18594;2018;2020;4
2025;1879;2018;2020;3
2025;71859;2018;2020;3
2025;5000980;2018;2020;3
2025;59414;2018;2020;3
2025;5001300;2018;2020;3
2025;59414;2018;2020;3
2025;19850;2018;2020;3
2025;389;2018;2019;1
2025;12692;2018;2020;3
2025;10224;2018;2020;3
2025;1192047;2018;2020;3
2025;84352;2018;2020;3
2025;107666;2018;2020;3
2025;13103;2018;2020;3
2025;1397772;2018;2020;3
2025;1059179;2018;2019;3
2025;1342536;2018;2020;3
2025;1026;2018;2019;3
2025;82224;2018;2020;3
2025;90483;2018;2018;3
2025;1202539;2018;2020;3
2025;9996;2018;2020;3
2025;1399619;2018;2020;3
2025;1166567;2018;2020;3
2025;13286;2018;2019;3
2025;15839;2018;2020;3
2025;1399485;2018;2020;3
2025;72669;2018;2021;3
2025;90483;2018;2018;3
2025;1390311;2018;2020;3
2025;6711;2018;2020;3
2025;98506;2018;2020;3
2025;1136509;2018;2020;3
2025;98506;2018;2020;3
2025;1200578;2018;2020;3
2025;74655;2018;2020;3
2025;4720;2018;2020;3
2025;37304;2018;2020;4
2025;1178524;2018;2020;3
2025;1188849;2018;2021;3
2025;1342536;2018;2020;3
2025;10224;2018;2020;3
2025;1399479;2018;2020;3
2025;98506;2018;2020;3
2025;7676;2018;2020;3
2025;13286;2018;2019;3
2025;19206;2018;2020;4
2025;74655;2018;2020;3
2025;2304;2018;2020;3
2025;19850;2018;2021;3
2025;7676;2018;2020;3
2025;5909;2018;2020;3
2025;11114;2018;2020;3
2025;57402;2018;2020;3
2025;9805;2018;2020;3
2025;1399484;2018;2020;3
2025;71859;2018;2020;3
2025;1257777;2018;2020;3
2025;1439;2018;2020;3
2025;11114;2018;2020;3
2025;1107;2018;2020;3
2025;1216474;2018;2021;3
2025;7676;2018;2020;3
2025;1399477;2018;2020;3
2025;18472;2018;2020;3
2025;6496;2018;2019;3
2025;1408262;2018;2020;3
2025;2695;2018;2020;3
2025;90483;2018;2018;3
2025;5001300;2018;2020;3
2025;59414;2018;2020;3
2025;86288;2018;2020;3
2025;84352;2018;2020;3
2025;12970;2018;2020;1
2025;12015;2018;2020;3
2025;100958;2018;2019;3
2025;48854;2018;2020;3
2025;12813;2018;2020;3
2025;14234;2018;2019;3
2025;1317634;2018;2020;3
2025;64918;2018;2020;3
2025;84408;2018;2020;3
2025;1321864;2018;2020;3
2025;1342536;2018;2021;3
2025;7705;2018;2020;3
2025;1399618;2018;2020;4
2025;1438629;2018;2020;3
2025;1185076;2018;2019;3
2025;12569;2018;2019;3
2025;1342536;2018;2020;3
2025;13200;2018;2020;3
2025;98506;2018;2019;3
2025;12970;2018;2020;1
2025;93001;2018;2020;3
2025;87537;2018;2020;3
2025;1485621;2018;2020;3
2025;98506;2018;2020;3
2025;1029204;2018;2019;3
2025;1445016;2018;2020;3
2025;1390311;2018;2020;3
2025;13453;2018;2020;3
2025;1725;2018;2020;3
2025;20249;2018;2020;3
2025;5345;2018;2020;3
2025;9996;2018;2020;3
2025;19434;2018;2020;3
2025;1321864;2018;2020;3
2025;1385538;2018;2019;3
2025;20249;2018;2020;3
2025;100958;2018;2020;3
2025;98506;2018;2020;3
2025;1202553;2018;2019;3
2025;1457503;2018;2020;3
2025;5909;2018;2020;3
2025;13286;2018;2019;3
2025;14563;2018;2020;3
2025;1399489;2018;2020;3
2025;82224;2018;2020;3
2025;87537;2018;2020;3
2025;84408;2018;2020;3
2025;1342536;2018;2020;3
2025;7676;2018;2020;3
2025;8960;2018;2020;3
2025;107766;2018;2020;3
2025;1399485;2018;2020;3
2025;64918;2018;2020;3
2025;1108281;2018;2020;3
2025;1059179;2018;2019;3
2025;5000980;2018;2020;3
2025;1192237;2018;2020;3
2025;1408507;2018;2020;3
2025;97679;2018;2020;3
2025;1399485;2018;2020;3
2025;1438629;2018;2020;3
2025;15783;2018;2020;3
2025;1725;2018;2020;3
2025;19086;2018;2020;3
2025;75821;2018;2020;3
2025;5920;2018;2020;3
2025;5206;2018;2020;3
2025;84352;2018;2020;3
2025;12970;2018;2020;1
2025;1342536;2018;2021;3
2025;12015;2018;2020;3
2025;2918;2018;2019;3
2025;8437;2018;2019;3
2025;8437;2018;2020;3
2025;1109361;2018;2020;3
2025;12692;2018;2020;3
2025;5000933;2018;2020;3
2025;1185076;2018;2019;3
2025;1192237;2018;2020;3
2025;1184325;2018;2020;3
2025;13286;2018;2019;3
2025;1408505;2018;2020;3
2025;1455021;2018;2023;3
2025;5000933;2018;2020;3
2025;1059179;2018;2019;3
2025;5001101;2018;2020;3
2025;71689;2018;2020;3
2025;10224;2018;2020;3
2025;1179501;2018;2020;3
2025;1173014;2018;2020;3
2025;59174;2018;2022;3
2025;7705;2018;2020;3
2025;7705;2018;2020;3
2025;20058;2018;2020;3
2025;14234;2018;2021;3
2025;12692;2018;2020;3
2025;1397773;2018;2020;3
2025;98506;2018;2020;3
2025;5001033;2018;2020;3
2025;8437;2018;2019;3
2025;5001033;2018;2020;3
2025;8698;2018;2020;3
2025;12970;2018;2020;1
2025;868;2018;2020;3
2025;2695;2018;2020;3
2025;1108281;2018;2020;3
2025;1445016;2018;2020;3
2025;72767;2018;2019;3
2025;11114;2018;2020;3
2025;1178672;2018;2020;3
2025;1163738;2018;2019;3
2025;98409;2018;2020;3
2025;5345;2018;2020;3
2025;100958;2018;2020;3
2025;1399481;2018;2020;3
2025;1108786;2018;2020;3
2025;18447;2018;2020;3
2025;1399615;2018;2020;3
2025;18472;2018;2020;3
2025;5001341;2018;2020;3
2025;4503;2018;2020;3
2025;5001314;2018;2020;3
2025;1029204;2018;2020;3
2025;18594;2018;2021;4
2025;1178672;2018;2020;3
2025;59414;2018;2020;3
2025;15783;2018;2020;3
2025;64918;2018;2020;3
2025;1399479;2018;2021;3
2025;64918;2018;2019;3
2025;1399478;2018;2019;3
2025;5001294;2018;2021;3
2025;8437;2018;2020;3
2025;14359;2018;2020;3
2025;98506;2018;2020;3
2025;82224;2018;2020;3
2025;1485621;2018;2020;3
2025;1278877;2018;2020;3
2025;13286;2018;2019;3
2025;1184432;2018;2020;3
2025;140;2018;2020;3
2025;10289;2018;2020;3
2025;10224;2018;2020;3
2025;13866;2018;2019;3
2025;1257562;2018;2020;3
2025;7705;2018;2020;3
2025;7676;2018;2020;3
2025;7676;2018;2020;3
2025;1385538;2018;2019;3
2025;1321864;2018;2020;3
2025;13286;2018;2019;3
2025;1629;2018;2020;3
2025;1163738;2018;2020;3
2025;1485621;2018;2023;3
2025;16236;2018;2020;3
2025;58412;2018;2019;3
2025;13103;2018;2020;3
2025;74655;2018;2020;3
2025;1485621;2018;2021;3
2025;100956;2018;2020;3
2025;13286;2018;2019;3
2025;1390309;2018;2020;3
2025;1185076;2018;2019;3
2025;5001450;2018;2020;3
2025;8554;2018;2020;3
2025;5001450;2018;2021;3
2025;14725;2018;2020;3
2025;1108786;2018;2020;3
2025;1445016;2018;2020;3
2025;82224;2018;2020;3
2025;90059;2018;2020;3
2025;113504;2018;2020;3
2025;5001450;2018;2020;3
2025;5001450;2018;2020;3
2025;90483;2018;2018;3
2025;1192237;2018;2020;3
2025;12970;2018;2020;1
2025;98506;2018;2020;3
2025;108014;2018;2020;3
2025;72681;2018;2019;3
2025;87537;2018;2020;3
2025;1192237;2018;2020;3
2025;57402;2018;2020;3
2025;14359;2018;2020;3
2025;64918;2018;2020;3
2025;5001450;2018;2021;3
2025;7705;2018;2020;3
2025;1192237;2018;2020;3
2025;98409;2018;2020;3
2025;1399480;2018;2020;3
2025;12970;2018;2020;1
2025;1216474;2018;2021;3
2025;150039;2018;2019;3
2025;100958;2018;2020;3
2025;1629;2018;2020;3
2025;5001101;2018;2020;3
2025;5001450;2018;2021;3
2025;84352;2018;2020;3
2025;1192237;2018;2020;3
2025;5001450;2018;2020;3
2025;5001450;2018;2020;3
2025;1725;2018;2020;3
2025;65114;2018;2021;3
2025;72767;2018;2020;3
2025;11233;2018;2020;3
2025;5000979;2018;2020;3
2025;107766;2018;2020;3
2025;1399618;2018;2020;4
2025;5001450;2018;2020;3
2025;5920;2018;2020;3
2025;5000933;2018;2020;3
2025;59174;2018;2020;3
2025;1184432;2018;2019;3
2025;8554;2018;2020;3
2025;19850;2018;2020;3
2025;5001450;2018;2020;3
2025;1180318;2018;2020;3
2025;1029763;2018;2020;3
2025;1107;2018;2020;3
2025;59414;2018;2020;3
2025;5920;2018;2020;3
2025;868;2018;2020;3
2025;1439;2018;2019;3
2025;82224;2018;2020;3
2025;12813;2018;2020;3
2025;93001;2018;2020;3
2025;14975;2018;2020;3
2025;57402;2018;2020;3
2025;1399483;2018;2020;3
2025;107766;2018;2020;3
2025;90059;2018;2020;3
2025;86288;2018;2023;3
2025;1385538;2018;2020;3
2025;72669;2018;2020;3
2025;19206;2018;2020;4
2025;87941;2018;2020;3
2025;11233;2018;2020;3
2025;1349675;2018;2019;3
2025;12015;2018;2020;3
2025;1321864;2018;2020;3
2025;1390309;2018;2020;3
2025;74655;2018;2020;3
2025;18447;2018;2019;3
2025;7676;2018;2020;3
2025;59414;2018;2020;3
2025;1334344;2018;2020;3
2025;1408259;2018;2022;3
2025;1399480;2018;2020;3
2025;5000812;2018;2020;3
2025;37304;2018;2020;4
2025;7105;2018;2020;3
2025;11316;2018;2020;3
2025;5000812;2018;2019;3
2025;79007;2018;2020;3
2025;1421100;2018;2020;3
2025;86288;2018;2020;3
2025;6496;2018;2020;3
2025;13601;2018;2020;3
2025;74655;2018;2020;3
2025;14359;2018;2020;3
2025;84408;2018;2020;3
2025;72669;2018;2020;3
2025;85586;2018;2019;3
2025;82224;2018;2020;3
2025;1399481;2018;2020;3
2025;16904;2018;2020;3
2025;1330031;2018;2021;3
2025;1267038;2018;2020;3
2025;5920;2018;2020;3
2025;11114;2018;2020;3
2025;71859;2018;2020;3
2025;5001341;2018;2020;3
2025;1321864;2018;2020;3
2025;1448710;2018;2020;3
2025;1189778;2018;2020;3
2025;1321864;2018;2020;3
2025;108882;2018;2020;3
2025;84408;2018;2022;3
2025;59414;2018;2020;3
2025;1342536;2018;2021;3
2025;1135207;2018;2019;3
2025;1178672;2018;2020;3
2025;389;2018;2019;1
2025;100958;2018;2020;3
2025;10224;2018;2020;3
2025;98506;2018;2020;3
2025;90483;2018;2018;3
2025;85652;2018;2019;3
2025;1399617;2018;2020;3
2025;18605;2018;2019;3
2025;90059;2018;2020;3
2025;87537;2018;2019;3
2025;5001341;2018;2020;3
2025;85652;2018;2020;3
2025;1202553;2018;2020;3
2025;5000979;2018;2020;3
2025;5001341;2018;2020;3
2025;18605;2018;2018;3
2025;72669;2018;2020;3
2025;1385538;2018;2020;3
2025;72681;2018;2020;3
2025;1192188;2018;2019;3
2025;1192237;2018;2020;3
2025;20249;2018;2020;3
2025;1216474;2018;2021;3
2025;1192188;2018;2020;3
2025;11114;2018;2020;3
2025;1108786;2018;2020;3
2025;1457503;2018;2020;3
2025;1419799;2018;2020;3
2025;5001183;2018;2020;4
2025;14975;2018;2022;3
2025;1292725;2018;2020;3
2025;74594;2018;2020;3
2025;72675;2018;2020;3
2025;100958;2018;2020;3
2025;1317634;2018;2020;3
2025;15343;2018;2020;3
2025;1390317;2018;2020;3
2025;64918;2018;2020;3
2025;1257777;2018;2020;3
2025;15475;2018;2020;1
2025;1421013;2018;2020;3
2025;97679;2018;2020;3
2025;91219;2018;2020;3
2025;85652;2018;2020;3
2025;1397772;2018;2020;3
2025;1258023;2018;2020;3
2025;1257777;2018;2020;3
2025;64918;2018;2020;3
2025;98409;2018;2020;3
2025;1421100;2018;2020;3
2025;1321864;2018;2020;3
2025;14563;2018;2020;3
2025;64918;2018;2022;3
2025;6711;2018;2020;3
2025;1180318;2018;2020;3
2025;1185076;2018;2019;3
2025;84352;2018;2020;3
2025;5000980;2018;2020;3
2025;38071;2018;2020;3
2025;12692;2018;2020;3
2025;90059;2018;2021;3
2025;1192237;2018;2020;3
2025;1059179;2018;2020;3
2025;1342536;2018;2020;3
2025;1486298;2018;2020;3
2025;5000001;2018;2019;3
2025;100958;2018;2020;3
2025;1385538;2018;2019;3
2025;1190667;2018;2020;3
2025;15783;2018;2020;3
2025;868;2018;2021;3
2025;1190667;2018;2020;3
2025;11446;2018;2020;3
2025;5000001;2018;2020;3
2025;98409;2018;2020;3
2025;1629;2018;2020;3
2025;11114;2018;2020;3
2025;59174;2018;2019;3
2025;10591;2018;2020;3
2025;12015;2018;2020;3
2025;5001167;2018;2019;3
2025;1202588;2018;2019;3
2025;1059179;2018;2020;3
2025;8437;2018;2019;3
2025;98409;2018;2020;3
2025;1050663;2018;2020;3
2025;15475;2018;2020;1
2025;1108786;2018;2020;3
2025;1189607;2018;2020;3
2025;85652;2018;2020;3
2025;18447;2018;2020;3
2025;1190667;2018;2020;3
2025;1135207;2018;2020;3
2025;1317634;2018;2020;3
2025;4503;2018;2020;3
2025;90084;2018;2020;3
2025;98409;2018;2020;3
2025;5001314;2018;2020;3
2025;3677;2018;2020;3
2025;72669;2018;2019;3
2025;2348;2018;2020;3
2025;1629;2018;2020;3
2025;5000979;2018;2020;3
2025;7705;2018;2020;3
2025;7676;2018;2020;3
2025;98409;2018;2019;3
2025;72667;2018;2020;3
2025;74655;2018;2020;3
2025;100958;2018;2019;3
2025;14615;2018;2020;3
2025;1408508;2018;2021;4
2025;1026;2018;2019;3
2025;13200;2018;2020;3
2025;2695;2018;2020;3
2025;5000841;2018;2019;3
2025;1399619;2018;2019;3
2025;1050663;2018;2020;3
2025;21542;2018;2019;3
2025;1264844;2018;2020;3
2025;1184432;2018;2021;3
2025;13866;2018;2019;3
2025;1184047;2018;2020;3
2025;108882;2018;2020;3
2025;18605;2018;2020;3
2025;57852;2018;2020;3
2025;1342536;2018;2021;3
2025;1183313;2018;2020;3
2025;1166567;2018;2020;3
2025;98506;2018;2020;3
2025;5000979;2018;2020;3
2025;1183313;2018;2020;3
2025;1192188;2018;2020;3
2025;18447;2018;2019;3
2025;1136509;2018;2020;3
2025;12;2018;2020;3
2025;12692;2018;2020;3
2025;87537;2018;2020;3
2025;1166567;2018;2020;3
2025;1166567;2018;2023;3
2025;7705;2018;2020;3
2025;8437;2018;2019;3
2025;59414;2018;2020;3
2025;11233;2018;2020;3
2025;64918;2018;2020;3
2025;1399478;2018;2020;3
2025;90483;2018;2018;3
2025;1173014;2018;2020;3
2025;1192188;2018;2019;3
2025;1192188;2018;2019;3
2025;91219;2018;2020;3
2025;1166567;2018;2020;3
2025;1192188;2018;2020;3
2025;4082;2018;2020;3
2025;1166567;2018;2020;3
2025;120983;2018;2020;3
2025;1109361;2018;2020;3
2025;15783;2018;2020;3
2025;84408;2018;2020;3
2025;8698;2018;2022;3
2025;4503;2018;2019;3
2025;87537;2018;2020;3
2025;7676;2018;2020;3
2025;7676;2018;2020;3
2025;1457006;2018;2020;3
2025;7105;2018;2020;3
2025;1191415;2018;2020;3
2025;1183313;2018;2020;3
2025;1183313;2018;2020;3
2025;1183313;2018;2020;3
2025;1179189;2018;2020;3
2025;1179189;2018;2020;3
2025;5345;2018;2019;3
2025;1399487;2018;2020;3
2025;5000979;2018;2020;3
2025;5001183;2018;2020;4
2025;1879;2018;2020;3
2025;1399484;2018;2020;3
2025;90483;2018;2018;3
2025;1408505;2018;2020;3
2025;1399487;2018;2021;3
2025;13866;2018;2020;3
2025;1399487;2018;2020;3
2025;1399487;2018;2020;3
2025;1183313;2018;2020;3
2025;1183313;2018;2020;3
2025;59174;2018;2019;3
2025;1399487;2018;2020;3
2025;8960;2018;2020;3
2025;1399487;2018;2020;3
2025;9805;2018;2020;3
2025;75821;2018;2020;3
2025;1399487;2018;2020;3
2025;74594;2018;2020;3
2025;1107;2018;2020;3
2025;5001183;2018;2020;3
2025;4720;2018;2020;3
2025;37304;2018;2020;4
2025;12569;2018;2019;3
2025;10289;2018;2020;3
2025;5000979;2018;2019;3
2025;108884;2018;2020;3
2025;21542;2018;2020;3
2025;1445016;2018;2020;3
2025;1188900;2018;2020;3
2025;1173014;2018;2020;3
2025;69624;2018;2021;3
2025;1257524;2018;2021;4
2025;5000001;2018;2023;3
2025;15783;2018;2020;3
2025;72675;2018;2019;3
2025;1173014;2018;2019;3
2025;11114;2018;2021;3
2025;1173014;2018;2020;3
2025;1173014;2018;2020;3
2025;1173014;2018;2020;3
2025;15783;2018;2020;3
2025;7676;2018;2020;3
2025;10224;2018;2020;3
2025;10591;2018;2020;3
2025;5001300;2018;2020;3
2025;1168313;2018;2020;3
2025;100956;2018;2020;3
2025;97679;2018;2020;3
2025;74594;2018;2020;3
2025;49060;2018;2019;3
2025;87537;2018;2020;3
2025;90483;2018;2018;3
2025;1180318;2018;2020;3
2025;1330031;2018;2020;3
2025;108014;2018;2020;3
2025;1879;2018;2020;3
2025;1272168;2018;2020;3
2025;1173014;2018;2020;3
2025;1173014;2018;2020;3
2025;1313341;2018;2020;3
2025;1363536;2018;2020;3
2025;1173014;2018;2020;3
2025;5001300;2018;2020;3
2025;10224;2018;2020;3
2025;1173014;2018;2019;3
2025;11114;2018;2020;3
2025;8437;2018;2019;3
2025;7676;2018;2020;3
2025;1173014;2018;2020;3
2025;12692;2018;2020;3
2025;1101742;2018;2020;3
2025;2348;2018;2020;3
2025;91219;2018;2019;3
2025;1408505;2018;2020;3
2025;9996;2018;2020;3
2025;1179189;2018;2020;3
2025;1330031;2018;2020;3
2025;15839;2018;2020;3
2025;1184432;2018;2021;3
2025;1278877;2018;2020;3
2025;1173014;2018;2019;3
2025;98406;2018;2020;3
2025;1179189;2018;2020;3
2025;91219;2018;2020;3
2025;11114;2018;2020;3
2025;82224;2018;2019;3
2025;5000812;2018;2020;3
2025;64918;2018;2020;3
2025;7676;2018;2020;3
2025;5000981;2018;2020;3
2025;1179189;2018;2020;3
2025;74594;2018;2020;3
2025;1399486;2018;2020;3
2025;8437;2018;2019;3
2025;12813;2018;2020;3
2025;1180318;2018;2020;3
2025;48854;2018;2021;3
2025;15475;2018;2020;1
2025;86356;2018;2019;3
2025;1184325;2018;2020;3
2025;1191415;2018;2020;3
2025;72667;2018;2019;3
2025;1879;2018;2020;3
2025;1192188;2018;2020;3
2025;5909;2018;2020;3
2025;5000933;2018;2020;3
2025;1192188;2018;2020;3
2025;72663;2018;2020;3
2025;389;2018;2019;1
2025;49060;2018;2019;3
2025;11114;2018;2020;3
2025;1192188;2018;2020;3
2025;5000981;2018;2020;3
2025;1408259;2018;2023;3
2025;8698;2018;2020;3
2025;1258021;2018;2020;3
2025;3148;2018;2020;3
2025;5001300;2018;2020;3
2025;14359;2018;2020;3
2025;90084;2018;2020;3
2025;1192188;2018;2020;3
2025;1173014;2018;2019;3
2025;1183958;2018;2019;3
2025;37304;2018;2020;4
2025;1178672;2018;2020;3
2025;1439;2018;2020;3
2025;1163738;2018;2020;3
2025;1108153;2018;2020;1
2025;49060;2018;2019;3
2025;1185025;2018;2020;3
2025;5000001;2018;2019;3
2025;72767;2018;2020;3
2025;868;2018;2020;3
2025;1257562;2018;2020;3
2025;20249;2018;2020;3
2025;19434;2018;2020;3
2025;1179189;2018;2020;3
2025;1173014;2018;2019;3
2025;1178524;2018;2020;3
2025;5000981;2018;2020;3
2025;12970;2018;2020;1
2025;5000981;2018;2020;3
2025;5206;2018;2020;3
2025;1050663;2018;2020;3
2025;11233;2018;2020;3
2025;57402;2018;2020;3
2025;1408262;2018;2020;3
2025;5000981;2018;2020;3
2025;100688;2018;2020;3
2025;74594;2018;2020;3
2025;58412;2018;2020;3
2025;72667;2018;2020;3
2025;2695;2018;2020;3
2025;1179189;2018;2020;3
2025;90084;2018;2019;3
2025;1180318;2018;2020;3
2025;1179189;2018;2020;3
2025;1179189;2018;2020;3
2025;64918;2018;2020;3
2025;1327450;2018;2020;3
2025;90483;2018;2018;3
2025;1179189;2018;2021;3
2025;5206;2018;2020;3
2025;72669;2018;2020;3
2025;13200;2018;2020;3
2025;1408504;2018;2020;3
2025;1163738;2018;2022;3
2025;1179189;2018;2020;3
2025;53338;2018;2020;3
2025;72663;2018;2020;3
2025;1629;2018;2020;3
2025;69624;2018;2020;3
2025;72669;2018;2019;3
2025;1179189;2018;2020;3
2025;1408504;2018;2020;3
2025;99476;2018;2021;3
2025;16236;2018;2020;3
2025;1185025;2018;2020;3
2025;7105;2018;2020;3
2025;1185903;2018;2020;3
2025;108014;2018;2020;3
2025;1629;2018;2020;3
2025;9988;2018;2020;3
2025;5001300;2018;2019;3
2025;72767;2018;2020;3
2025;84352;2018;2020;3
2025;15475;2018;2020;1
2025;39415;2018;2020;3
2025;9326;2018;2020;1
2025;1179189;2018;2020;3
2025;1486298;2018;2020;3
2025;7705;2018;2020;3
2025;1267038;2018;2020;3
2025;1399478;2018;2020;3
2025;10224;2018;2020;3
2025;1321864;2018;2020;3
2025;12813;2018;2020;3
2025;1292725;2018;2020;3
2025;12015;2018;2020;3
2025;1399489;2018;2020;3
2025;5206;2018;2022;3
2025;20249;2018;2020;3
2025;5206;2018;2020;3
2025;5206;2018;2020;3
2025;97679;2018;2020;3
2025;1408505;2018;2020;3
2025;1330031;2018;2020;3
2025;12015;2018;2020;3
2025;9772;2018;2020;3
2025;51835;2018;2020;3
2025;72669;2018;2020;3
2025;9772;2018;2020;3
2025;5206;2018;2020;3
2025;7676;2018;2019;3
2025;3677;2018;2020;3
2025;9772;2018;2020;3
2025;72667;2018;2020;3
2025;1408505;2018;2020;3
2025;9772;2018;2020;3
2025;15475;2018;2020;1
2025;1108281;2018;2020;3
2025;3148;2018;2020;3
2025;5000981;2018;2020;3
2025;8698;2018;2020;3
2025;18605;2018;2019;3
2025;5000930;2018;2020;3
2025;7676;2018;2020;3
2025;18472;2018;2020;3
2025;5206;2018;2020;3
2025;87537;2018;2020;3
2025;57402;2018;2020;3
2025;59414;2018;2020;3
2025;19850;2018;2019;3
2025;7705;2018;2020;3
2025;5345;2018;2020;3
2025;9988;2018;2020;3
2025;53338;2018;2020;3
2025;1190667;2018;2019;3
2025;5206;2018;2020;3
2025;9772;2018;2020;3
2025;69624;2018;2020;3
2025;9772;2018;2020;3
2025;13424;2018;2019;3
2025;9772;2018;2020;3
2025;10289;2018;2020;3
2025;10224;2018;2020;3
2025;59414;2018;2020;3
2025;12970;2018;2020;1
2025;14359;2018;2020;3
2025;87537;2018;2020;3
2025;86356;2018;2020;3
2025;9772;2018;2020;3
2025;1408505;2018;2020;3
2025;14093;2018;2020;3
2025;97679;2018;2020;3
2025;59174;2018;2019;3
2025;100958;2018;2020;3
2025;18447;2018;2020;3
2025;5000001;2018;2022;3
2025;1330031;2018;2019;3
2025;87537;2018;2020;3
2025;90084;2018;2020;3
2025;8437;2018;2019;3
2025;51835;2018;2020;3
2025;18447;2018;2020;3
2025;1184060;2018;2020;3
2025;1202573;2018;2020;3
2025;1179189;2018;2020;3
2025;15475;2018;2020;1
2025;1180318;2018;2020;3
2025;11446;2018;2020;3
2025;14359;2018;2020;3
2025;14359;2018;2020;3
2025;1439;2018;2019;3
2025;5001450;2018;2020;3
2025;90091;2018;2020;3
2025;1168313;2018;2020;3
2025;1272168;2018;2020;3
2025;1408505;2018;2020;3
2025;4503;2018;2020;3
2025;90084;2018;2020;3
2025;7837;2018;2019;3
2025;1180318;2018;2019;3
2025;49060;2018;2020;3
2025;87537;2018;2020;3
2025;10222;2018;2020;3
2025;389;2018;2019;1
2025;97679;2018;2020;3
2025;59414;2018;2020;3
2025;87537;2018;2020;3
2025;19434;2018;2020;3
2025;1390309;2018;2020;3
2025;72767;2018;2019;3
2025;1183958;2018;2019;3
2025;15783;2018;2020;3
2025;14359;2018;2020;3
2025;1438629;2018;2020;3
2025;7705;2018;2020;3
2025;97679;2018;2020;3
2025;1629;2018;2020;3
2025;5206;2018;2020;3
2025;1408259;2018;2022;3
2025;1185025;2018;2020;3
2025;1330031;2018;2020;3
2025;49060;2018;2020;3
2025;19850;2018;2020;3
2025;19294;2018;2023;3
2025;5345;2018;2020;3
2025;1183958;2018;2019;3
2025;10224;2018;2020;3
2025;1390317;2018;2020;3
2025;5000812;2018;2019;3
2025;9805;2018;2020;3
2025;90091;2018;2020;3
2025;1445016;2018;2020;3
2025;13200;2018;2020;3
2025;60660;2018;2020;3
2025;82224;2018;2022;3
2025;5206;2018;2020;3
2025;5000001;2018;2022;3
2025;5920;2018;2020;3
2025;12015;2018;2020;3
2025;65114;2018;2021;3
2025;18447;2018;2020;3
2025;98406;2018;2020;3
2025;100958;2018;2020;3
2025;5206;2018;2020;3
2025;1184432;2018;2020;3
2025;5206;2018;2020;3
2025;14093;2018;2020;3
2025;90483;2018;2018;3
2025;1438629;2018;2020;3
2025;11114;2018;2021;3
2025;1180318;2018;2020;3
2025;1257548;2018;2020;3
2025;1189778;2018;2019;3
2025;65924;2018;2020;3
2025;82224;2018;2020;3
2025;74594;2018;2020;3
2025;20249;2018;2020;3
2025;1385538;2018;2019;3
2025;99476;2018;2020;3
2025;1184432;2018;2020;3
2025;90084;2018;2020;3
2025;97679;2018;2020;3
2025;90084;2018;2019;3
2025;1399618;2018;2020;4
2025;5000980;2018;2020;3
2025;1109361;2018;2020;3
2025;48854;2018;2020;3
2025;90084;2018;2020;3
2025;7705;2018;2020;3
2025;19294;2018;2020;3
2025;1317634;2018;2020;3
2025;8554;2018;2020;3
2025;15475;2018;2020;1
2025;84352;2018;2020;3
2025;1725;2018;2020;3
2025;1427370;2018;2020;3
2025;5000980;2018;2020;3
2025;13601;2018;2020;3
2025;2304;2018;2020;3
2025;5920;2018;2020;3
2025;108014;2018;2020;3
2025;107766;2018;2020;3
2025;99476;2018;2021;3
2025;1629;2018;2020;3
2025;37304;2018;2020;4
2025;11233;2018;2020;3
2025;1214209;2018;2020;3
2025;90084;2018;2022;3
2025;9805;2018;2020;3
2025;1185903;2018;2020;3
2025;1193275;2018;2020;3
2025;7705;2018;2020;3
2025;7676;2018;2021;3
2025;14359;2018;2020;3
2025;9996;2018;2020;3
2025;99476;2018;2021;3
2025;90084;2018;2020;3
2025;1518;2018;2020;3
2025;1317634;2018;2020;3
2025;11114;2018;2020;3
2025;5000930;2018;2020;1
2025;12970;2018;2018;1
2025;2918;2018;2019;3
2025;91219;2018;2020;3
2025;64918;2018;2020;3
2025;90084;2018;2020;3
2025;389;2018;2019;1
2025;9805;2018;2021;3
2025;1108786;2018;2019;3
2025;1257524;2018;2021;4
2025;1200712;2018;2020;3
2025;8554;2018;2020;3
2025;19850;2018;2020;3
2025;13286;2018;2019;3
2025;1399478;2018;2019;3
2025;1258023;2018;2022;3
2025;4503;2018;2020;3
2025;8554;2018;2020;3
2025;75821;2018;2020;3
2025;11446;2018;2020;3
2025;5001341;2018;2020;3
2025;90084;2018;2020;3
2025;15475;2018;2019;1
2025;90084;2018;2020;3
2025;11446;2018;2020;3
2025;90084;2018;2020;3
2025;1029204;2018;2020;3
2025;1184325;2018;2020;3
2025;9326;2018;2020;1
2025;1399487;2018;2020;3
2025;57402;2018;2020;3
2025;59414;2018;2020;3
2025;82224;2018;2020;3
2025;14563;2018;2020;3
2025;1385538;2018;2020;3
2025;5000979;2018;2020;3
2025;5001183;2018;2019;4
2025;15475;2018;2020;1
2025;57852;2018;2020;3
2025;90084;2018;2020;3
2025;1399287;2018;2019;3
2025;1455021;2018;2020;3
2025;1202546;2018;2020;3
2025;71859;2018;2020;3
2025;99476;2018;2021;3
2025;1399478;2018;2020;3
2025;19850;2018;2020;3
2025;100958;2018;2020;3
2025;1184047;2018;2020;3
2025;1179501;2018;2020;3
2025;1192047;2018;2020;3
2025;1330031;2018;2020;3
2025;84408;2018;2020;3
2025;90084;2018;2020;3
2025;90084;2018;2020;3
2025;90084;2018;2022;3
2025;19434;2018;2020;3
2025;1179189;2018;2020;3
2025;11114;2018;2020;3
2025;72669;2018;2022;3
2025;14093;2018;2020;3
2025;72667;2018;2019;3
2025;49910;2018;2019;3
2025;90084;2018;2019;3
2025;10222;2018;2020;3
2025;5001294;2018;2020;3
2025;7676;2018;2020;3
2025;1059179;2018;2019;3
2025;90084;2018;2020;3
2025;1399486;2018;2020;3
2025;14563;2018;2020;3
2025;11446;2018;2020;3
2025;1190280;2018;2019;3
2025;12;2018;2020;3
2025;59414;2018;2020;3
2025;1179189;2018;2020;3
2025;5345;2018;2019;3
2025;90084;2018;2022;3
2025;20249;2018;2020;3
2025;5001183;2018;2020;3
2025;90084;2018;2020;3
2025;72663;2018;2020;3
2025;90084;2018;2020;3
2025;1179189;2018;2020;3
2025;4082;2018;2020;3
2025;1179189;2018;2020;3
2025;49060;2018;2019;3
2025;7676;2018;2020;3
2025;1179189;2018;2019;3
2025;87537;2018;2020;3
2025;37304;2018;2020;4
2025;1190621;2018;2021;3
2025;1397772;2018;2020;3
2025;90084;2018;2020;3
2025;72663;2018;2020;3
2025;1190280;2018;2019;3
2025;14359;2018;2020;3
2025;103596;2018;2020;3
2025;90084;2018;2020;3
2025;90091;2018;2020;3
2025;5000001;2018;2019;3
2025;90084;2018;2020;3
2025;79007;2018;2020;3
2025;90084;2018;2019;3
2025;2304;2018;2019;3
2025;87537;2018;2020;3
2025;85652;2018;2020;3
2025;66361;2018;2020;3
2025;101228;2018;2020;3
2025;90084;2018;2020;3
2025;1190621;2018;2020;3
2025;98506;2018;2020;3
2025;87941;2018;2020;3
2025;7676;2018;2020;3
2025;87941;2018;2020;3
2025;98406;2018;2020;3
2025;1190621;2018;2019;3
2025;72667;2018;2020;3
2025;1399486;2018;2020;3
2025;1190621;2018;2020;3
2025;1261971;2018;2020;3
2025;18594;2018;2020;4
2025;108014;2018;2020;3
2025;1184432;2018;2019;3
2025;86288;2018;2020;3
2025;1190621;2018;2021;3
2025;1518;2018;2019;3
2025;1190621;2018;2019;3
2025;1190621;2018;2019;3
2025;1190621;2018;2019;3
2025;12015;2018;2020;3
2025;5909;2018;2020;3
2025;1190621;2018;2019;3
2025;14563;2018;2020;3
2025;2304;2018;2020;3
2025;72681;2018;2020;3
2025;1173014;2018;2020;3
2025;1487491;2018;2020;3
2025;49060;2018;2020;3
2025;72663;2018;2020;3
2025;7676;2018;2020;3
2025;87537;2018;2020;3
2025;389;2018;2019;1
2025;90084;2018;2020;3
2025;16904;2018;2020;3
2025;86288;2018;2020;3
2025;5001300;2018;2020;3
2025;72663;2018;2020;3
2025;8437;2018;2019;3
2025;5000933;2018;2019;3
2025;91219;2018;2020;3
2025;13200;2018;2019;3
2025;1399478;2018;2020;3
2025;11316;2018;2020;3
2025;90084;2018;2020;3
2025;72663;2018;2020;3
2025;1179189;2018;2020;3
2025;9996;2018;2020;3
2025;90084;2018;2020;3
2025;1179189;2018;2020;3
2025;1179189;2018;2020;3
2025;1185903;2018;2020;3
2025;98406;2018;2020;3
2025;1179189;2018;2019;3
2025;1190280;2018;2019;3
2025;1399287;2018;2020;3
2025;19206;2018;2020;4
2025;72663;2018;2020;3
2025;389;2018;2019;1
2025;1330031;2018;2020;3
2025;2304;2018;2020;3
2025;1190621;2018;2020;3
2025;1408504;2018;2020;3
2025;97679;2018;2020;3
2025;8554;2018;2020;3
2025;20249;2018;2020;3
2025;16236;2018;2020;3
2025;90084;2018;2020;3
2025;1190621;2018;2019;3
2025;60660;2018;2020;3
2025;1190621;2018;2020;3
2025;20360;2018;2021;3
2025;4082;2018;2020;3
2025;97679;2018;2020;3
2025;1190621;2018;2020;3
2025;1191415;2018;2020;3
2025;100958;2018;2020;3
2025;5000001;2018;2022;3
2025;14359;2018;2020;3
2025;14725;2018;2020;3
2025;1190621;2018;2020;3
2025;1068548;2018;2019;3
2025;57402;2018;2020;3
2025;1439;2018;2020;3
2025;2695;2018;2020;3
2025;1397771;2018;2020;3
2025;5909;2018;2020;3
2025;5920;2018;2020;3
2025;5000001;2018;2020;3
2025;1193759;2018;2020;3
2025;75821;2018;2020;3
2025;1179189;2018;2019;3
2025;1438629;2018;2020;3
2025;108014;2018;2020;3
2025;1190621;2018;2019;3
2025;90483;2018;2018;3
2025;1190621;2018;2019;3
2025;16236;2018;2020;3
2025;9805;2018;2020;3
2025;1399489;2018;2020;3
2025;1408259;2018;2021;3
2025;1050663;2018;2020;3
2025;13723;2018;2020;3
2025;72663;2018;2020;3
2025;2304;2018;2020;3
2025;19850;2018;2020;3
2025;8554;2018;2020;3
2025;90483;2018;2018;3
2025;98406;2018;2020;3
2025;1408505;2018;2020;3
2025;1173014;2018;2020;3
2025;5345;2018;2020;3
2025;84352;2018;2020;3
2025;2304;2018;2020;3
2025;4082;2018;2020;3
2025;72663;2018;2020;3
2025;1295813;2018;2020;4
2025;1330031;2018;2021;3
2025;1399481;2018;2020;3
2025;1184325;2018;2020;3
2025;20058;2018;2020;3
2025;5920;2018;2020;3
2025;1108281;2018;2020;3
2025;90059;2018;2020;3
2025;12970;2018;2020;1
2025;5001300;2018;2020;3
2025;1191415;2018;2020;3
2025;69624;2018;2020;3
2025;57852;2018;2020;3
2025;1408504;2018;2019;3
2025;91219;2018;2020;3
2025;389;2018;2019;1
2025;69624;2018;2020;3
2025;2304;2018;2020;3
2025;2304;2018;2020;3
2025;2304;2018;2020;3
2025;1399489;2018;2020;3
2025;15475;2018;2019;1
2025;4503;2018;2020;3
2025;12;2018;2020;3
2025;1397772;2018;2020;3
2025;1278877;2018;2020;3
2025;9805;2018;2020;3
2025;2304;2018;2020;3
2025;1438629;2018;2020;3
2025;2304;2018;2021;3
2025;2304;2018;2019;3
2025;2304;2018;2020;3
2025;1342505;2018;2019;3
2025;59414;2018;2020;3
2025;389;2018;2019;1
2025;1173014;2018;2020;3
2025;389;2018;2019;1
2025;2304;2018;2021;3
2025;2304;2018;2021;3
2025;1438629;2018;2020;3
2025;2304;2018;2020;3
2025;1390317;2018;2020;3
2025;93001;2018;2020;3
2025;7676;2018;2020;3
2025;2304;2018;2020;3
2025;1427419;2018;2020;3
2025;84352;2018;2020;3
2025;10591;2018;2020;3
2025;15839;2018;2020;3
2025;868;2018;2020;3
2025;1136509;2018;2020;3
2025;1029204;2018;2019;3
2025;1185076;2018;2019;3
2025;107666;2018;2020;3
2025;66361;2018;2020;3
2025;85652;2018;2020;3
2025;9988;2018;2020;3
2025;2348;2018;2020;3
2025;39415;2018;2020;3
2025;2304;2018;2021;3
2025;1178672;2018;2020;3
2025;72667;2018;2020;3
2025;14563;2018;2020;3
2025;2304;2018;2020;3
2025;2304;2018;2020;3
2025;2304;2018;2020;3
2025;5345;2018;2020;3
2025;1292869;2018;2020;3
2025;1421100;2018;2020;3
2025;16236;2018;2020;3
2025;1102360;2018;2020;3
2025;2304;2018;2021;3
2025;2304;2018;2020;3
2025;19850;2018;2020;3
2025;1189607;2018;2020;3
2025;5000933;2018;2020;3
2025;1059179;2018;2019;3
2025;97679;2018;2020;3
2025;1455021;2018;2020;3
2025;97679;2018;2019;3
2025;84352;2018;2020;3
2025;1438629;2018;2020;3
2025;1109361;2018;2020;3
2025;90059;2018;2020;3
2025;71859;2018;2020;3
2025;2304;2018;2022;3
2025;2304;2018;2020;3
2025;2304;2018;2020;3
2025;8698;2018;2022;3
2025;1477973;2018;2020;3
2025;1189607;2018;2020;3
2025;98406;2018;2020;3
2025;1390317;2018;2020;3
2025;1397771;2018;2020;3
2025;1397773;2018;2020;3
2025;1317634;2018;2020;3
2025;303;2018;2019;1
2025;19206;2018;2020;4
2025;1135207;2018;2020;3
2025;71859;2018;2020;3
2025;21542;2018;2019;3
2025;2304;2018;2020;3
2025;1184325;2018;2020;3
2025;5001341;2018;2020;3
2025;1189607;2018;2020;3
2025;14359;2018;2020;3
2025;1399478;2018;2020;3
2025;1189607;2018;2020;3
2025;2695;2018;2020;3
2025;1179189;2018;2019;3
2025;18594;2018;2020;4
2025;1399479;2018;2020;3
2025;1390309;2018;2020;3
2025;39415;2018;2020;3
2025;51699;2018;2020;3
2025;15783;2018;2020;3
2025;1179189;2018;2019;3
2025;1183958;2018;2019;3
2025;5001033;2018;2020;3
2025;72681;2018;2020;3
2025;1278877;2018;2019;3
2025;1190667;2018;2020;3
2025;13286;2018;2019;3
2025;1385538;2018;2019;3
2025;4720;2018;2020;3
2025;5001033;2018;2020;3
2025;1438629;2018;2021;3
2025;8554;2018;2020;3
2025;6496;2018;2020;3
2025;1184432;2018;2020;3
2025;14093;2018;2020;3
2025;1419799;2018;2020;3
2025;1190280;2018;2019;3
2025;1397771;2018;2020;3
2025;389;2018;2019;1
2025;1399489;2018;2020;3
2025;14563;2018;2020;3
2025;389;2018;2019;1
2025;18594;2018;2022;4
2025;71859;2018;2020;3
2025;5000979;2018;2020;3
2025;107666;2018;2020;3
2025;100956;2018;2020;3
2025;64918;2018;2020;3
2025;11114;2018;2020;3
2025;98406;2018;2019;3
2025;18594;2018;2020;4
2025;1185025;2018;2019;3
2025;1168313;2018;2020;3
2025;100958;2018;2020;3
2025;59174;2018;2019;3
2025;90483;2018;2018;3
2025;1189607;2018;2020;3
2025;1179189;2018;2021;3
2025;19294;2018;2019;3
2025;2695;2018;2020;3
2025;10222;2018;2020;3
2025;1179189;2018;2020;3
2025;1397772;2018;2020;3
2025;11114;2018;2021;3
2025;1108153;2018;2020;1
2025;93001;2018;2020;3
2025;1108786;2018;2020;3
2025;1108786;2018;2020;3
2025;1419799;2018;2020;3
2025;1109361;2018;2020;3
2025;66248;2018;2020;3
2025;758;2018;2020;3
2025;5909;2018;2020;3
2025;20249;2018;2020;3
2025;98506;2018;2020;3
2025;72669;2018;2020;3
2025;72417;2018;2020;3
2025;5001033;2018;2020;3
2025;868;2018;2020;3
2025;5001033;2018;2020;3
2025;1399479;2018;2020;3
2025;14234;2018;2020;3
2025;13200;2018;2020;3
2025;11114;2018;2020;3
2025;1453564;2018;2020;3
2025;15783;2018;2020;3
2025;1453564;2018;2020;3
2025;1189607;2018;2020;3
2025;13286;2018;2019;3
2025;19206;2018;2020;4
2025;1107;2018;2020;3
2025;1216474;2018;2021;3
2025;20249;2018;2020;3
2025;1408505;2018;2020;3
2025;11316;2018;2020;3
2025;9996;2018;2020;3
2025;69464;2018;2020;3
2025;1108786;2018;2020;3
2025;98506;2018;2020;3
2025;1184047;2018;2020;3
2025;74655;2018;2020;3
2025;5001427;2018;2020;3
2025;107666;2018;2020;3
2025;1399480;2018;2020;3
2025;71689;2018;2020;3
2025;5000930;2018;2020;3
2025;1276878;2018;2019;3
2025;71859;2018;2020;3
2025;2392;2018;2020;3
2025;1108153;2018;2020;1
2025;12692;2018;2020;3
2025;1399477;2018;2020;3
2025;1408507;2018;2020;3
2025;9988;2018;2020;1
2025;71859;2018;2020;3
2025;1179189;2018;2020;3
2025;1184047;2018;2020;3
2025;13453;2018;2020;3
2025;1397772;2018;2020;3
2025;18472;2018;2020;3
2025;13723;2018;2020;3
2025;108014;2018;2020;3
2025;12813;2018;2020;3
2025;65114;2018;2020;3
2025;1457707;2018;2020;4
2025;1438629;2018;2020;3
2025;4503;2018;2020;3
2025;1342505;2018;2019;3
2025;2304;2018;2020;3
2025;1185076;2018;2019;3
2025;8437;2018;2019;3
2025;10224;2018;2020;3
2025;10591;2018;2020;3
2025;1184432;2018;2019;3
2025;1438629;2018;2020;3
2025;5001314;2018;2020;3
2025;85586;2018;2019;3
2025;1168313;2018;2020;3
2025;1173014;2018;2020;3
2025;64918;2018;2020;3
2025;13453;2018;2020;3
2025;1399615;2018;2020;3
2025;85586;2018;2019;3
2025;15475;2018;2020;1
2025;9988;2018;2020;1
2025;1202553;2018;2020;3
2025;99476;2018;2021;3
2025;39415;2018;2020;3
2025;90084;2018;2020;3
2025;1330031;2018;2020;3
2025;98406;2018;2020;3
2025;59414;2018;2022;3
2025;98406;2018;2020;3
2025;72669;2018;2021;3
2025;1327450;2018;2020;3
2025;14563;2018;2020;3
2025;13723;2018;2020;3
2025;1399618;2018;2020;4
2025;1399478;2018;2020;3
2025;1317634;2018;2020;3
2025;8960;2018;2020;3
2025;16904;2018;2020;3
2025;2695;2018;2020;3
2025;1292869;2018;2020;3
2025;1399479;2018;2020;3
2025;1390309;2018;2020;3
2025;100958;2018;2020;3
2025;15475;2018;2020;1
2025;389;2018;2019;1
2025;1185025;2018;2020;3
2025;13453;2018;2020;3
2025;6711;2018;2020;3
2025;13200;2018;2020;3
2025;37304;2018;2020;4
2025;1180318;2018;2020;3
2025;15475;2018;2020;1
2025;39415;2018;2020;3
2025;2304;2018;2022;3
2025;1317634;2018;2020;3
2025;14359;2018;2020;3
2025;1029204;2018;2019;3
2025;5000979;2018;2019;3
2025;1349675;2018;2020;3
2025;15475;2018;2020;1
2025;5001300;2018;2020;3
2025;90059;2018;2020;3
2025;54490;2018;2019;3
2025;484;2018;2019;3
2025;11114;2018;2020;3
2025;1163738;2018;2019;3
2025;10222;2018;2020;3
2025;8437;2018;2019;3
2025;20249;2018;2020;3
2025;1188127;2018;2020;3
2025;1445016;2018;2020;3
2025;1136509;2018;2020;3
2025;1178672;2018;2020;3
2025;389;2018;2019;1
2025;13424;2018;2019;3
2025;1180318;2018;2020;3
2025;1108786;2018;2020;3
2025;1399618;2018;2020;4
2025;6711;2018;2019;3
2025;5001033;2018;2020;3
2025;14975;2018;2019;3
2025;389;2018;2019;1
2025;1257524;2018;2021;4
2025;9326;2018;2020;1
2025;8437;2018;2019;3
2025;71859;2018;2020;3
2025;1216474;2018;2021;3
2025;5000812;2018;2020;3
2025;5001183;2018;2020;4
2025;7676;2018;2020;3
2025;9996;2018;2020;3
2025;9772;2018;2020;3
2025;1399488;2018;2021;3
2025;1216474;2018;2021;3
2025;14359;2018;2020;3
2025;107766;2018;2020;3
2025;8554;2018;2020;3
2025;97679;2018;2020;3
2025;82224;2018;2020;3
2025;2392;2018;2020;3
2025;82224;2018;2020;3
2025;3148;2018;2020;3
2025;1399618;2018;2020;4
2025;74655;2018;2020;3
2025;1518495;2018;2020;3
2025;9996;2018;2020;3
2025;8960;2018;2020;3
2025;1408505;2018;2020;3
2025;1136509;2018;2020;3
2025;7705;2018;2020;3
2025;19434;2018;2020;3
2025;90847;2018;2019;3
2025;1397773;2018;2020;3
2025;87941;2018;2020;3
2025;98409;2018;2020;3
2025;1399477;2018;2020;3
2025;13200;2018;2020;3
2025;1438629;2018;2020;3
2025;11233;2018;2020;3
2025;87537;2018;2020;3
2025;1216474;2018;2021;3
2025;72667;2018;2020;3
2025;3418;2018;2020;3
2025;5000978;2018;2020;3
2025;90847;2018;2019;3
2025;11114;2018;2020;3
2025;1330031;2018;2020;3
2025;59414;2018;2020;3
2025;101228;2018;2020;3
2025;5001033;2018;2020;3
2025;98406;2018;2020;3
2025;1399478;2018;2020;3
2025;1216474;2018;2020;3
2025;90847;2018;2019;3
2025;79007;2018;2020;3
2025;90847;2018;2019;3
2025;53338;2018;2020;3
2025;90847;2018;2019;3
2025;90847;2018;2019;3
2025;90847;2018;2019;3
2025;90847;2018;2019;3
2025;66248;2018;2020;3
2025;90847;2018;2019;3
2025;5345;2018;2020;3
2025;90847;2018;2019;3
2025;51699;2018;2020;3
2025;90847;2018;2019;3
2025;8437;2018;2019;3
2025;9988;2018;2020;3
2025;1108153;2018;2020;1
2025;90847;2018;2020;3
2025;9988;2018;2020;1
2025;107666;2018;2020;3
2025;1292726;2018;2020;3
2025;10289;2018;2020;3
2025;108882;2018;2020;3
2025;11316;2018;2020;3
2025;108882;2018;2020;3
2025;1321864;2018;2020;3
2025;1216474;2018;2021;3
2025;6496;2018;2019;3
2025;9988;2018;2020;1
2025;1408504;2018;2019;3
2025;1408259;2018;2020;3
2025;5000812;2018;2020;3
2025;5920;2018;2020;3
2025;1399287;2018;2019;3
2025;1107;2018;2020;3
2025;79007;2018;2019;3
2025;2304;2018;2020;3
2025;18594;2018;2020;4
2025;75821;2018;2020;3
2025;5000001;2018;2020;3
2025;9996;2018;2021;3
2025;64918;2018;2019;3
2025;19434;2018;2020;3
2025;15475;2018;2023;1
2025;98506;2018;2019;3
2025;18594;2018;2020;4
2025;1421100;2018;2020;3
2025;8437;2018;2019;3
2025;1202553;2018;2019;3
2025;90059;2018;2020;3
2025;1216474;2018;2021;3
2025;99476;2018;2021;3
2025;72681;2018;2020;3
2025;16236;2018;2020;3
2025;4503;2018;2020;3
2025;1408505;2018;2020;3
2025;1327450;2018;2020;3
2025;100958;2018;2020;3
2025;1184325;2018;2020;3
2025;9988;2018;2020;3
2025;1184047;2018;2020;3
2025;12970;2018;2020;1
2025;87537;2018;2020;3
2025;98406;2018;2020;3
2025;18447;2018;2020;3
2025;1399485;2018;2020;3
2025;1135207;2018;2020;3
2025;1292869;2018;2019;3
2025;90847;2018;2021;3
2025;97679;2018;2019;3
2025;758;2018;2020;3
2025;90483;2018;2018;3
2025;72669;2018;2020;3
2025;1108786;2018;2020;3
2025;90847;2018;2019;3
2025;93001;2018;2020;3
2025;72417;2018;2020;3
2025;1257524;2018;2020;4
2025;9988;2018;2020;3
2025;8437;2018;2019;3
2025;1399618;2018;2020;4
2025;1179189;2018;2020;3
2025;72767;2018;2020;3
2025;2695;2018;2020;3
2025;1178672;2018;2020;3
2025;100958;2018;2020;3
2025;10224;2018;2020;3
2025;90847;2018;2019;3
2025;2695;2018;2020;3
2025;1419799;2018;2020;3
2025;12970;2018;2020;1
2025;13601;2018;2020;3
2025;1185903;2018;2022;3
2025;1258023;2018;2021;3
2025;107666;2018;2020;3
2025;87537;2018;2020;3
2025;100688;2018;2020;3
2025;1216474;2018;2021;3
2025;71859;2018;2020;3
2025;14359;2018;2020;3
2025;10289;2018;2020;3
2025;64918;2018;2019;3
2025;38071;2018;2020;3
2025;13286;2018;2019;3
2025;1107;2018;2020;3
2025;59414;2018;2020;3
2025;4720;2018;2020;3
2025;7676;2018;2020;3
2025;20249;2018;2020;3
2025;1178672;2018;2020;3
2025;5345;2018;2019;3
2025;84352;2018;2020;3
2025;87941;2018;2020;3
2025;1390309;2018;2020;3
2025;10224;2018;2020;3
2025;1399480;2018;2020;3
2025;1408505;2018;2020;3
2025;18447;2018;2020;3
2025;4503;2018;2020;3
2025;1408504;2018;2020;3
2025;1216474;2018;2021;3
2025;5001033;2018;2020;3
2025;1342536;2018;2020;3
2025;5000930;2018;2020;3
2025;49910;2018;2019;3
2025;150039;2018;2019;3
2025;1397772;2018;2020;3
2025;1267038;2018;2021;3
2025;13996;2018;2019;1
2025;12692;2018;2020;3
2025;5000979;2018;2020;3
2025;15475;2018;2020;1
2025;91219;2018;2019;3
2025;1438629;2018;2020;3
2025;1179189;2018;2019;3
2025;5000930;2018;2023;1
2025;19434;2018;2020;3
2025;1108153;2018;2020;1
2025;1257777;2018;2021;3
2025;7837;2018;2019;3
2025;1399488;2018;2020;3
2025;51835;2018;2020;3
2025;1427419;2018;2020;3
2025;1171609;2018;2021;3
2025;9988;2018;2020;3
2025;1264844;2018;2020;3
2025;100956;2018;2020;3
2025;389;2018;2019;1
2025;15783;2018;2020;3
2025;10222;2018;2020;3
2025;5345;2018;2020;3
2025;9805;2018;2020;3
2025;15475;2018;2020;1
2025;5920;2018;2020;3
2025;91219;2018;2020;3
2025;5001341;2018;2020;3
2025;20249;2018;2020;3
2025;1399614;2018;2021;4
2025;1390317;2018;2020;3
2025;12569;2018;2020;3
2025;1108786;2018;2020;3
2025;389;2018;2019;1
2025;18447;2018;2019;3
2025;100956;2018;2020;3
2025;1216474;2018;2021;3
2025;90059;2018;2020;3
2025;9988;2018;2020;1
2025;72669;2018;2022;3
2025;7676;2018;2020;3
2025;1399488;2018;2019;3
2025;19294;2018;2019;3
2025;6496;2018;2020;3
2025;1050663;2018;2019;3
2025;2695;2018;2020;3
2025;1184325;2018;2020;3
2025;389;2018;2019;1
2025;20360;2018;2020;3
2025;2304;2018;2020;3
2025;57852;2018;2020;3
2025;8554;2018;2020;3
2025;99476;2018;2021;3
2025;7676;2018;2020;3
2025;1629;2018;2020;3
2025;98406;2018;2020;3
2025;9805;2018;2020;3
2025;5000980;2018;2020;3
2025;1202588;2018;2019;3
2025;98409;2018;2020;3
2025;14975;2018;2020;3
2025;100688;2018;2020;3
2025;2695;2018;2020;3
2025;1188900;2018;2020;3
2025;5000001;2018;2020;3
2025;5000001;2018;2020;3
2025;1261971;2018;2020;3
2025;1399617;2018;2020;3
2025;107666;2018;2020;3
2025;16236;2018;2020;3
2025;15343;2018;2020;3
2025;6496;2018;2020;3
2025;9988;2018;2020;1
2025;4503;2018;2020;3
2025;84408;2018;2020;3
2025;2695;2018;2020;3
2025;107766;2018;2020;3
2025;6496;2018;2020;3
2025;100956;2018;2021;3
2025;1399618;2018;2020;4
2025;11316;2018;2020;3
2025;1349675;2018;2020;3
2025;1399488;2018;2020;3
2025;74655;2018;2020;3
2025;1390317;2018;2020;3
2025;9988;2018;2020;3
2025;107666;2018;2020;3
2025;1399616;2018;2020;3
2025;9772;2018;2020;3
2025;13286;2018;2019;3
2025;1408509;2018;2020;3
2025;4503;2018;2020;3
2025;12970;2018;2020;1
2025;1179189;2018;2019;3
2025;1399477;2018;2020;3
2025;82224;2018;2020;3
2025;1483773;2018;2020;3
2025;1342536;2018;2020;3
2025;1408262;2018;2020;3
2025;1202573;2018;2020;3
2025;97679;2018;2020;3
2025;13723;2018;2020;3
2025;13453;2018;2020;3
2025;5920;2018;2020;3
2025;91219;2018;2020;3
2025;93001;2018;2020;3
2025;14359;2018;2020;3
2025;12970;2018;2020;1
2025;1029204;2018;2020;3
2025;107666;2018;2020;3
2025;1313341;2018;2020;3
2025;19434;2018;2020;3
2025;79007;2018;2020;3
2025;59174;2018;2019;3
2025;101228;2018;2020;3
2025;1390309;2018;2020;3
2025;5001033;2018;2020;3
2025;72767;2018;2020;3
2025;9988;2018;2020;1
2025;91219;2018;2019;3
2025;51835;2018;2020;3
2025;15475;2018;2020;1
2025;14234;2018;2020;3
2025;5000930;2018;2022;1
2025;13601;2018;2020;3
2025;1397772;2018;2020;3
2025;14563;2018;2020;3
2025;5345;2018;2020;3
2025;2392;2018;2020;3
2025;1179189;2018;2020;3
2025;1399480;2018;2020;3
2025;98406;2018;2020;3
2025;98406;2018;2020;3
2025;1173014;2018;2019;3
2025;1109361;2018;2020;3
2025;1390317;2018;2020;3
2025;5001183;2018;2020;3
2025;82224;2018;2020;3
2025;100958;2018;2020;3
2025;82224;2018;2020;3
2025;90483;2018;2018;3
2025;1399479;2018;2020;3
2025;85652;2018;2020;3
2025;82224;2018;2020;3
2025;5000930;2018;2020;3
2025;10224;2018;2020;3
2025;5001341;2018;2020;3
2025;72675;2018;2019;3
2025;1483773;2018;2020;3
2025;1108281;2018;2020;3
2025;1485621;2018;2020;3
2025;59174;2018;2020;3
2025;1184325;2018;2020;3
2025;12;2018;2019;3
2025;1321864;2018;2020;3
2025;1483773;2018;2020;3
2025;8437;2018;2020;3
2025;5001341;2018;2020;3
2025;72675;2018;2020;3
2025;12970;2018;2020;1
2025;18447;2018;2020;3
2025;15475;2018;2020;1
2025;85652;2018;2020;3
2025;7837;2018;2019;3
2025;1327450;2018;2020;3
2025;15343;2018;2020;3
2025;38071;2018;2020;3
2025;1200578;2018;2020;3
2025;1216474;2018;2021;3
2025;39415;2018;2019;3
2025;3148;2018;2020;3
2025;5000001;2018;2020;3
2025;97679;2018;2020;3
2025;86288;2018;2020;3
2025;4503;2018;2020;3
2025;86288;2018;2020;3
2025;1258023;2018;2021;3
2025;12569;2018;2019;3
2025;8437;2018;2019;3
2025;90059;2018;2020;3
2025;1397772;2018;2020;3
2025;98409;2018;2020;3
2025;100958;2018;2020;3
2025;12970;2018;2020;1
2025;6496;2018;2019;3
2025;5000001;2018;2020;3
2025;9326;2018;2020;1
2025;98409;2018;2020;3
2025;11316;2018;2020;3
2025;84408;2018;2020;3
2025;1202553;2018;2019;3
2025;7414;2018;2020;3
2025;7705;2018;2020;3
2025;53338;2018;2020;3
2025;69624;2018;2020;3
2025;1258021;2018;2020;3
2025;5000981;2018;2020;3
2025;7705;2018;2020;3
2025;4720;2018;2020;3
2025;1349675;2018;2020;3
2025;1108786;2018;2020;3
2025;6496;2018;2020;3
2025;1399478;2018;2021;3
2025;5909;2018;2020;3
2025;14093;2018;2020;3
2025;7414;2018;2020;3
2025;9996;2018;2020;3
2025;7676;2018;2020;3
2025;1267038;2018;2020;3
2025;1102360;2018;2020;3
2025;1399614;2018;2020;4
2025;1419799;2018;2020;3
2025;12569;2018;2019;3
2025;87537;2018;2020;3
2025;18594;2018;2020;4
2025;1192047;2018;2020;3
2025;5000931;2018;2019;3
2025;5000931;2018;2020;3
2025;5000931;2018;2020;3
2025;1136509;2018;2020;3
2025;72669;2018;2020;3
2025;59414;2018;2020;3
2025;5000931;2018;2020;3
2025;5000931;2018;2020;3
2025;7105;2018;2020;3
2025;69464;2018;2020;3
2025;1334344;2018;2020;3
2025;66248;2018;2019;3
2025;57852;2018;2020;3
2025;69464;2018;2020;3
2025;7414;2018;2019;3
2025;868;2018;2020;3
2025;66248;2018;2020;3
2025;5345;2018;2020;3
2025;8960;2018;2020;3
2025;7414;2018;2020;3
2025;5000930;2018;2020;3
2025;7837;2018;2019;3
2025;8960;2018;2020;3
2025;100688;2018;2020;3
2025;97679;2018;2020;3
2025;7414;2018;2019;3
2025;8554;2018;2020;3
2025;79007;2018;2020;3
2025;90483;2018;2018;3
2025;7414;2018;2020;3
2025;75821;2018;2020;3
2025;90483;2018;2018;3
2025;37304;2018;2021;4
2025;16236;2018;2020;3
2025;49060;2018;2020;3
2025;1385538;2018;2020;3
2025;18605;2018;2019;3
2025;5000930;2018;2020;1
2025;1321864;2018;2020;3
2025;1313341;2018;2020;3
2025;4503;2018;2020;3
2025;1190667;2018;2020;3
2025;5001314;2018;2020;3
2025;8960;2018;2020;3
2025;1399482;2018;2020;3
2025;98406;2018;2020;3
2025;100956;2018;2019;3
2025;389;2018;2019;1
2025;389;2018;2019;1
2025;87537;2018;2020;3
2025;91219;2018;2020;3
2025;12;2018;2019;3
2025;19850;2018;2020;3
2025;1108786;2018;2020;3
2025;1399618;2018;2020;4
2025;1399482;2018;2022;3
2025;1408259;2018;2020;3
2025;1399477;2018;2020;3
2025;10289;2018;2020;3
2025;1292869;2018;2019;3
2025;1399615;2018;2021;3
2025;107666;2018;2020;3
2025;108014;2018;2020;3
2025;1427419;2018;2020;3
2025;7414;2018;2021;3
2025;5000001;2018;2020;3
2025;5000812;2018;2020;3
2025;57852;2018;2020;3
2025;1264844;2018;2020;3
2025;1180318;2018;2020;3
2025;1399478;2018;2020;3
2025;87537;2018;2020;3
2025;12345;2018;2020;3
2025;99476;2018;2021;3
2025;5206;2018;2021;3
2025;6496;2018;2020;3
2025;1102360;2018;2020;3
2025;1427370;2018;2020;3
2025;79007;2018;2020;3
2025;12970;2018;2020;1
2025;18594;2018;2020;4
2025;19206;2018;2020;4
2025;85586;2018;2019;3
2025;15783;2018;2020;3
2025;1173014;2018;2019;3
2025;100956;2018;2020;3
2025;13286;2018;2019;3
2025;1202573;2018;2020;3
2025;59414;2018;2020;3
2025;10224;2018;2020;3
2025;758;2018;2020;3
2025;1390309;2018;2020;3
2025;1173014;2018;2020;3
2025;10222;2018;2020;3
2025;98409;2018;2020;3
2025;1483773;2018;2020;3
2025;5000979;2018;2020;3
2025;1185903;2018;2020;3
2025;14093;2018;2020;3
2025;4503;2018;2020;3
2025;140;2018;2020;3
2025;12692;2018;2020;3
2025;1188900;2018;2020;3
2025;1334344;2018;2020;3
2025;1173014;2018;2020;3
2025;1192047;2018;2020;3
2025;5000812;2018;2020;3
2025;101228;2018;2020;3
2025;5001341;2018;2020;3
2025;1173014;2018;2020;3
2025;72669;2018;2020;3
2025;12813;2018;2020;3
2025;1399615;2018;2020;3
2025;1216474;2018;2020;3
2025;1193275;2018;2020;3
2025;99476;2018;2020;3
2025;1102360;2018;2020;3
2025;1173014;2018;2020;3
2025;10591;2018;2020;3
2025;1399615;2018;2020;3
2025;99476;2018;2020;3
2025;4503;2018;2020;3
2025;72667;2018;2020;3
2025;1173014;2018;2020;3
2025;99476;2018;2020;3
2025;84408;2018;2020;3
2025;1202553;2018;2020;3
2025;1408259;2018;2020;3
2025;99476;2018;2021;3
2025;1342536;2018;2021;3
2025;1173014;2018;2019;3
2025;1173014;2018;2020;3
2025;8960;2018;2020;3
2025;59414;2018;2020;3
2025;1059179;2018;2020;3
2025;1173014;2018;2019;3
2025;9805;2018;2020;3
2025;5001033;2018;2020;3
2025;1192237;2018;2020;3
2025;5001033;2018;2020;3
2025;98406;2018;2020;3
2025;14234;2018;2020;3
2025;91219;2018;2020;3
2025;21542;2018;2020;3
2025;71859;2018;2020;3
2025;18447;2018;2020;3
2025;64918;2018;2020;3
2025;7676;2018;2019;3
2025;1327450;2018;2020;3
2025;7414;2018;2020;3
2025;1216474;2018;2021;3
2025;1261972;2018;2020;3
2025;1178672;2018;2020;3
2025;5000001;2018;2020;3
2025;389;2018;2019;1
2025;11233;2018;2020;3
2025;1455021;2018;2020;3
2025;12692;2018;2020;3
2025;1421013;2018;2020;3
2025;7676;2018;2019;3
2025;1059179;2018;2020;3
2025;5000931;2018;2020;3
2025;5001341;2018;2020;3
2025;5001314;2018;2020;3
2025;75821;2018;2020;3
2025;5000931;2018;2020;3
2025;51835;2018;2020;3
2025;1408509;2018;2020;3
2025;9772;2018;2020;3
2025;1183958;2018;2019;3
2025;1059179;2018;2020;3
2025;1385538;2018;2020;3
2025;11446;2018;2019;3
2025;1183958;2018;2019;3
2025;69624;2018;2020;3
2025;1104264;2018;2020;3
2025;14093;2018;2020;3
2025;5000979;2018;2020;3
2025;5909;2018;2020;3
2025;1180318;2018;2020;3
2025;1399287;2018;2019;3
2025;1059179;2018;2019;3
2025;14234;2018;2020;3
2025;120983;2018;2020;3
2025;14615;2018;2020;3
2025;49060;2018;2020;3
2025;5001033;2018;2020;3
2025;1183958;2018;2019;3
2025;90483;2018;2018;3
2025;389;2018;2019;1
2025;7676;2018;2020;3
2025;59174;2018;2019;3
2025;1059179;2018;2019;3
2025;12970;2018;2020;1
2025;5000981;2018;2020;3
2025;5000979;2018;2020;3
2025;86356;2018;2020;3
2025;103596;2018;2021;3
2025;1408504;2018;2019;3
2025;1059179;2018;2019;3
2025;20249;2018;2020;3
2025;1399615;2018;2020;3
2025;11446;2018;2020;3
2025;11233;2018;2020;3
2025;1059179;2018;2020;3
2025;84352;2018;2020;3
2025;1059179;2018;2019;3
2025;9996;2018;2020;3
2025;7676;2018;2020;3
2025;9996;2018;2019;3
2025;7676;2018;2020;3
2025;1059179;2018;2020;3
2025;54494;2018;2019;3
2025;1385538;2018;2020;3
2025;1330031;2018;2020;3
2025;6496;2018;2020;3
2025;1059179;2018;2019;3
2025;100958;2018;2020;3
2025;1059179;2018;2019;3
2025;8960;2018;2020;3
2025;1059179;2018;2019;3
2025;5000812;2018;2020;3
2025;1406536;2018;2019;3
2025;107666;2018;2020;3
2025;1059179;2018;2019;3
2025;1163738;2018;2020;3
2025;1059179;2018;2019;3
2025;12692;2018;2020;3
2025;1059179;2018;2019;3
2025;1059179;2018;2019;3
2025;14093;2018;2020;3
2025;1059179;2018;2020;3
2025;6496;2018;2020;3
2025;1184432;2018;2020;3
2025;5000001;2018;2020;3
2025;1180318;2018;2020;3
2025;13286;2018;2019;3
2025;93001;2018;2020;3
2025;72669;2018;2020;3
2025;13286;2018;2019;3
2025;1180318;2018;2020;3
2025;1455021;2018;2020;3
2025;72767;2018;2020;3
2025;59414;2018;2020;3
2025;1101742;2018;2019;3
2025;1399488;2018;2020;3
2025;1178672;2018;2021;3
2025;72417;2018;2020;3
2025;1408259;2018;2020;3
2025;97679;2018;2020;3
2025;14975;2018;2020;3
2025;1202546;2018;2020;3
2025;57852;2018;2020;3
2025;4503;2018;2020;3
2025;14359;2018;2020;3
2025;6496;2018;2020;3
2025;1629;2018;2020;3
2025;18594;2018;2020;4
2025;1108281;2018;2020;3
2025;100688;2018;2020;3
2025;72669;2018;2023;3
2025;12015;2018;2020;3
2025;10222;2018;2020;3
2025;1390309;2018;2020;3
2025;1408504;2018;2020;3
2025;1399479;2018;2020;3
2025;5909;2018;2020;3
2025;72417;2018;2020;3
2025;14359;2018;2020;3
2025;7676;2018;2020;3
2025;1385538;2018;2020;3
2025;1486822;2018;2020;3
2025;1419799;2018;2020;3
2025;15475;2018;2020;1
2025;100956;2018;2020;3
2025;58412;2018;2020;3
2025;91219;2018;2020;3
2025;1385538;2018;2020;3
2025;1629;2018;2020;3
2025;7105;2018;2020;3
2025;6496;2018;2020;3
2025;86356;2018;2020;3
2025;19206;2018;2020;4
2025;1483773;2018;2020;3
2025;90483;2018;2018;3
2025;84352;2018;2020;3
2025;14234;2018;2020;3
2025;100956;2018;2020;3
2025;1168313;2018;2020;3
2025;18447;2018;2020;3
2025;10222;2018;2020;3
2025;15783;2018;2020;3
2025;5000001;2018;2020;3
2025;100956;2018;2020;3
2025;74655;2018;2020;3
2025;4503;2018;2020;3
2025;91219;2018;2020;3
2025;5000981;2018;2020;3
2025;72675;2018;2018;3
2025;97679;2018;2020;3
2025;5000980;2018;2020;3
2025;5000930;2018;2020;3
2025;20058;2018;2020;3
2025;1363536;2018;2020;3
2025;1188900;2018;2020;3
2025;72667;2018;2020;3
2025;20360;2018;2020;3
2025;1342505;2018;2019;3
2025;1102360;2018;2020;3
2025;86356;2018;2020;3
2025;15783;2018;2020;3
2025;72767;2018;2020;3
2025;5001300;2018;2020;3
2025;12813;2018;2020;3
2025;1385538;2018;2020;3
2025;1108281;2018;2020;3
2025;5000981;2018;2020;3
2025;5000979;2018;2020;3
2025;1399478;2018;2020;3
2025;1188900;2018;2020;3
2025;82224;2018;2020;3
2025;14359;2018;2020;3
2025;86356;2018;2020;3
2025;14359;2018;2020;3
2025;12970;2018;2020;1
2025;303;2018;2019;1
2025;15475;2018;2020;1
2025;1438629;2018;2020;3
2025;1385538;2018;2020;3
2025;1185025;2018;2020;3
2025;5345;2018;2020;2
2025;8437;2018;2019;3
2025;11446;2018;2020;3
2025;13866;2018;2020;3
2025;1292869;2018;2020;3
2025;5000001;2018;2023;3
2025;5000930;2018;2020;3
2025;5001300;2018;2020;3
2025;1184432;2018;2020;3
2025;19434;2018;2020;3
2025;6496;2018;2020;3
2025;1408504;2018;2019;3
2025;98409;2018;2019;3
2025;5345;2018;2019;3
2025;72667;2018;2019;3
2025;1399617;2018;2020;3
2025;19294;2018;2020;3
2025;100956;2018;2020;3
2025;13286;2018;2019;3
2025;13286;2018;2019;3
2025;5001466;2018;2020;3
2025;72663;2018;2020;3
2025;1050663;2018;2020;3
2025;121850;2018;2019;3
2025;11233;2018;2020;3
2025;87537;2018;2020;3
2025;51699;2018;2020;3
2025;1457503;2018;2019;3
2025;140;2018;2020;3
2025;85586;2018;2019;3
2025;64918;2018;2020;3
2025;1399478;2018;2020;3
2025;91399;2018;2020;3
2025;150039;2018;2019;3
2025;90059;2018;2020;3
2025;1399615;2018;2020;3
2025;1385538;2018;2020;3
2025;15343;2018;2020;3
2025;1026;2018;2019;3
2025;9996;2018;2020;3
2025;9805;2018;2020;3
2025;1390309;2018;2020;3
2025;100956;2018;2020;3
2025;57402;2018;2020;3
2025;1408504;2018;2020;3
2025;12692;2018;2020;3
2025;1399618;2018;2020;4
2025;64918;2018;2019;3
2025;1192047;2018;2020;3
2025;5909;2018;2020;3
2025;5001033;2018;2020;3
2025;1399478;2018;2020;3
2025;72767;2018;2020;3
2025;10289;2018;2019;3
2025;1385538;2018;2020;3
2025;86356;2018;2023;3
2025;7414;2018;2020;3
2025;1258021;2018;2020;3
2025;15343;2018;2020;3
2025;15475;2018;2020;1
2025;10224;2018;2020;3
2025;90847;2018;2019;3
2025;1399478;2018;2020;3
2025;1200712;2018;2020;3
2025;6496;2018;2020;3
2025;758;2018;2020;3
2025;97679;2018;2020;3
2025;5000979;2018;2020;3
2025;1399480;2018;2020;3
2025;37304;2018;2020;4
2025;8960;2018;2020;3
2025;72669;2018;2020;3
2025;87941;2018;2019;3
2025;1317634;2018;2020;3
2025;1397771;2018;2019;3
2025;1200712;2018;2020;3
2025;1457503;2018;2020;3
2025;13601;2018;2020;3
2025;120983;2018;2020;3
2025;5000978;2018;2020;3
2025;79007;2018;2020;3
2025;14359;2018;2021;3
2025;15475;2018;2020;1
2025;12;2018;2019;3
2025;1390311;2018;2020;3
2025;7414;2018;2020;3
2025;90059;2018;2020;3
2025;1342610;2018;2019;3
2025;9772;2018;2020;3
2025;1385538;2018;2019;3
2025;1879;2018;2020;3
2025;86288;2018;2020;3
2025;1108786;2018;2020;3
2025;64918;2018;2020;3
2025;1135207;2018;2020;3
2025;7837;2018;2019;3
2025;9996;2018;2020;3
2025;1629;2018;2020;3
2025;59414;2018;2020;3
2025;13601;2018;2020;3
2025;20058;2018;2020;3
2025;12;2018;2020;3
2025;49060;2018;2020;3
2025;60660;2018;2020;3
2025;85586;2018;2019;3
2025;1385538;2018;2020;3
2025;13286;2018;2019;3
2025;5000001;2018;2019;3
2025;5345;2018;2020;3
2025;1214209;2018;2020;3
2025;12345;2018;2020;3
2025;100956;2018;2020;3
2025;1349675;2018;2020;3
2025;1385538;2018;2020;3
2025;100688;2018;2020;3
2025;7676;2018;2020;3
2025;108014;2018;2020;3
2025;5000930;2018;2020;1
2025;1483773;2018;2020;3
2025;13453;2018;2020;3
2025;1184060;2018;2020;3
2025;14359;2018;2020;3
2025;1399618;2018;2020;4
2025;9805;2018;2023;3
2025;6711;2018;2020;3
2025;1202539;2018;2019;3
2025;1184047;2018;2020;3
2025;1184047;2018;2020;3
2025;1278877;2018;2020;3
2025;100958;2018;2020;3
2025;12345;2018;2020;3
2025;5001300;2018;2020;3
2025;108882;2018;2020;3
2025;11114;2018;2020;3
2025;5000930;2018;2020;1
2025;1190280;2018;2019;3
2025;65114;2018;2021;3
2025;97679;2018;2020;3
2025;20058;2018;2020;3
2025;2348;2018;2020;3
2025;12345;2018;2020;3
2025;10222;2018;2020;3
2025;5920;2018;2020;3
2025;1258023;2018;2020;3
2025;21542;2018;2020;3
2025;18472;2018;2020;3
2025;20058;2018;2020;3
2025;1108281;2018;2020;3
2025;20058;2018;2020;3
2025;1399477;2018;2020;3
2025;14359;2018;2020;3
2025;12813;2018;2020;3
2025;1427370;2018;2020;3
2025;1264844;2018;2020;3
2025;10289;2018;2019;3
2025;1399486;2018;2020;3
2025;1202546;2018;2020;3
2025;5000930;2018;2020;3
2025;1427370;2018;2020;3
2025;2695;2018;2020;3
2025;1421100;2018;2020;3
2025;51699;2018;2020;3
2025;12015;2018;2020;3
2025;98406;2018;2020;3
2025;9988;2018;2020;3
2025;20058;2018;2020;3
2025;1068548;2018;2019;3
2025;1408261;2018;2019;3
2025;1178524;2018;2020;3
2025;1408504;2018;2020;3
2025;18447;2018;2020;3
2025;5345;2018;2020;3
2025;20058;2018;2020;3
2025;1108281;2018;2020;3
2025;7105;2018;2020;3
2025;10224;2018;2020;3
2025;98406;2018;2020;3
2025;15475;2018;2020;1
2025;13601;2018;2020;3
2025;1445016;2018;2020;3
2025;66248;2018;2019;3
2025;1184325;2018;2020;3
2025;1278877;2018;2020;3
2025;87537;2018;2020;3
2025;20058;2018;2020;3
2025;98406;2018;2020;3
2025;758;2018;2020;3
2025;1399480;2018;2020;3
2025;20058;2018;2020;3
2025;1178672;2018;2020;3
2025;14359;2018;2020;3
2025;5001314;2018;2020;3
2025;1399486;2018;2020;3
2025;1408507;2018;2020;3
2025;12015;2018;2020;3
2025;21542;2018;2020;3
2025;1168313;2018;2020;3
2025;11114;2018;2020;3
2025;1421013;2018;2020;3
2025;1180318;2018;2020;3
2025;5000930;2018;2020;1
2025;98506;2018;2020;3
2025;1399477;2018;2021;3
2025;59414;2018;2020;3
2025;108014;2018;2020;3
2025;1408505;2018;2020;3
2025;66248;2018;2019;3
2025;60660;2018;2020;3
2025;97679;2018;2020;3
2025;4503;2018;2020;3
2025;59414;2018;2020;3
2025;72669;2018;2020;3
2025;11316;2018;2020;3
2025;15839;2018;2021;3
2025;1185903;2018;2020;3
2025;1108281;2018;2020;3
2025;72681;2018;2020;3
2025;72669;2018;2019;3
2025;1408507;2018;2020;3
2025;108014;2018;2019;3
2025;1190667;2018;2020;3
2025;10224;2018;2020;3
2025;16236;2018;2020;3
2025;13866;2018;2020;3
2025;5000930;2018;2020;3
2025;1397771;2018;2020;3
2025;7705;2018;2021;3
2025;87537;2018;2020;3
2025;1486822;2018;2020;3
2025;12970;2018;2020;1
2025;90059;2018;2020;3
2025;5000931;2018;2020;3
2025;1399616;2018;2020;3
2025;1202588;2018;2019;3
2025;14359;2018;2020;3
2025;1399477;2018;2020;3
2025;1108786;2018;2020;3
2025;1189778;2018;2020;3
2025;59414;2018;2021;3
2025;1342536;2018;2020;3
2025;1427370;2018;2020;3
2025;100956;2018;2022;3
2025;1399478;2018;2020;3
2025;1192047;2018;2020;3
2025;1180318;2018;2020;3
2025;113504;2018;2020;3
2025;4720;2018;2020;3
2025;20249;2018;2020;3
2025;1349675;2018;2020;3
2025;5000933;2018;2020;3
2025;1188900;2018;2020;3
2025;10289;2018;2020;3
2025;10222;2018;2020;3
2025;1168313;2018;2020;3
2025;10224;2018;2020;3
2025;1184432;2018;2019;3
2025;1136509;2018;2020;3
2025;10289;2018;2020;3
2025;1408505;2018;2020;3
2025;11316;2018;2020;3
2025;11233;2018;2020;3
2025;1191415;2018;2020;3
2025;3148;2018;2020;3
2025;5000931;2018;2020;3
2025;10289;2018;2020;3
2025;5000931;2018;2020;3
2025;49060;2018;2020;3
2025;1399489;2018;2020;3
2025;1399479;2018;2020;3
2025;74655;2018;2020;3
2025;14359;2018;2020;3
2025;10289;2018;2019;3
2025;1408505;2018;2020;3
2025;91399;2018;2020;3
2025;5000933;2018;2020;3
2025;7105;2018;2020;3
2025;1408507;2018;2020;3
2025;1135207;2018;2020;3
2025;868;2018;2020;3
2025;1108281;2018;2020;3
2025;86288;2018;2020;3
2025;1136509;2018;2020;3
2025;1202588;2018;2019;3
2025;7105;2018;2020;3
2025;1406536;2018;2019;3
2025;1193759;2018;2022;3
2025;5000931;2018;2019;3
2025;1188900;2018;2020;3
2025;39415;2018;2019;3
2025;1445016;2018;2020;3
2025;64918;2018;2019;3
2025;1107;2018;2020;3
2025;13200;2018;2020;3
2025;5000979;2018;2020;3
2025;1399483;2018;2020;3
2025;82224;2018;2020;3
2025;4503;2018;2020;3
2025;64918;2018;2020;3
2025;11114;2018;2020;3
2025;1390309;2018;2020;3
2025;6496;2018;2020;3
2025;1136509;2018;2020;3
2025;6496;2018;2020;3
2025;868;2018;2020;3
2025;14359;2018;2020;3
2025;74655;2018;2020;3
2025;7105;2018;2022;3
2025;1292869;2018;2020;3
2025;1202546;2018;2020;3
2025;39415;2018;2020;3
2025;868;2018;2020;3
2025;6496;2018;2019;3
2025;5001294;2018;2022;3
2025;1427370;2018;2019;3
2025;868;2018;2020;3
2025;1445016;2018;2020;3
2025;5001183;2018;2020;4
2025;14615;2018;2019;3
2025;1408509;2018;2020;3
2025;100958;2018;2019;3
2025;11114;2018;2020;3
2025;868;2018;2020;3
2025;100956;2018;2020;3
2025;12569;2018;2020;3
2025;13200;2018;2020;3
2025;1399478;2018;2020;3
2025;1408259;2018;2020;3
2025;1188900;2018;2020;3
2025;18447;2018;2020;3
2025;1184432;2018;2019;3
2025;8437;2018;2020;3
2025;5000981;2018;2020;3
2025;1257562;2018;2020;3
2025;108882;2018;2020;3
2025;5000979;2018;2020;3
2025;14093;2018;2020;3
2025;1188900;2018;2020;3
2025;1188900;2018;2020;3
2025;19294;2018;2020;3
2025;5000979;2018;2020;3
2025;1109361;2018;2020;3
2025;1184325;2018;2020;3
2025;11114;2018;2020;3
2025;75821;2018;2019;3
2025;389;2018;2019;1
2025;72669;2018;2020;3
2025;1399287;2018;2019;3
2025;54494;2018;2019;3
2025;84408;2018;2022;3
2025;1178672;2018;2020;3
2025;16904;2018;2020;3
2025;5000931;2018;2020;3
2025;1317634;2018;2020;3
2025;5000931;2018;2020;3
2025;389;2018;2019;1
2025;1189778;2018;2020;3
2025;1421100;2018;2020;3
2025;49060;2018;2019;3
2025;5000931;2018;2020;3
2025;1445016;2018;2020;3
2025;1168313;2018;2020;3
2025;1399618;2018;2020;4
2025;12345;2018;2020;3
2025;74655;2018;2020;3
2025;1163738;2018;2020;3
2025;5000981;2018;2020;3
2025;64918;2018;2022;3
2025;72669;2018;2020;3
2025;1267038;2018;2020;3
2025;1202573;2018;2020;3
2025;72417;2018;2020;3
2025;69624;2018;2020;3
2025;1321864;2018;2020;3
2025;1184325;2018;2020;3
2025;1725;2018;2020;3
2025;9988;2018;2019;3
2025;64918;2018;2019;3
2025;5000930;2018;2020;1
2025;10222;2018;2020;3
2025;12692;2018;2020;3
2025;103596;2018;2020;3
2025;11233;2018;2020;3
2025;1202573;2018;2019;3
2025;1163738;2018;2020;3
2025;1168313;2018;2020;3
2025;1180318;2018;2020;3
2025;10224;2018;2020;3
2025;91399;2018;2020;3
2025;1390309;2018;2020;3
2025;1136509;2018;2020;3
2025;19434;2018;2020;3
2025;16236;2018;2019;3
2025;12015;2018;2019;3
2025;1427370;2018;2022;3
2025;7676;2018;2020;3
2025;87537;2018;2020;3
2025;3148;2018;2020;3
2025;13286;2018;2019;3
2025;13286;2018;2019;3
2025;5000979;2018;2020;3
2025;5000978;2018;2020;3
2025;150039;2018;2019;3
2025;14359;2018;2020;3
2025;59174;2018;2020;3
2025;72681;2018;2020;3
2025;484;2018;2019;3
2025;5000930;2018;2020;3
2025;7676;2018;2020;3
2025;1419799;2018;2020;3
2025;100958;2018;2020;3
2025;14359;2018;2020;3
2025;20249;2018;2020;3
2025;1427370;2018;2020;3
2025;7105;2018;2020;3
2025;5000978;2018;2020;3
2025;5000930;2018;2020;1
2025;20360;2018;2020;3
2025;5001183;2018;2020;3
2025;1216474;2018;2021;3
2025;84352;2018;2020;3
2025;1189778;2018;2020;3
2025;72669;2018;2020;3
2025;1261971;2018;2020;3
2025;71859;2018;2020;3
2025;13200;2018;2020;3
2025;20249;2018;2020;3
2025;8698;2018;2020;3
2025;13286;2018;2019;3
2025;1390309;2018;2020;3
2025;1278877;2018;2020;3
2025;12015;2018;2020;3
2025;13286;2018;2019;3
2025;1349675;2018;2020;3
2025;85652;2018;2020;3
2025;1163738;2018;2020;3
2025;18472;2018;2020;3
2025;1029204;2018;2020;3
2025;15475;2018;2019;1
2025;100688;2018;2020;3
2025;1257524;2018;2020;4
2025;14563;2018;2020;3
2025;12692;2018;2020;3
2025;389;2018;2019;1
2025;15343;2018;2020;3
2025;1439;2018;2020;3
2025;1192188;2018;2020;3
2025;1180318;2018;2020;3
2025;1399477;2018;2020;3
2025;12970;2018;2020;1
2025;1421013;2018;2020;3
2025;1399478;2018;2020;3
2025;1188127;2018;2020;3
2025;1257524;2018;2020;4
2025;1257524;2018;2020;4
2025;19294;2018;2020;3
2025;12970;2018;2020;1
2025;12970;2018;2020;1
2025;1399618;2018;2020;4
2025;1399480;2018;2020;3
2025;19850;2018;2020;3
2025;18472;2018;2020;3
2025;1107;2018;2020;3
2025;1342536;2018;2020;3
2025;1439;2018;2019;3
2025;13601;2018;2020;3
2025;3148;2018;2020;3
2025;1317634;2018;2020;3
2025;1184325;2018;2020;3
2025;91219;2018;2019;3
2025;1327450;2018;2020;3
2025;19434;2018;2020;3
2025;18594;2018;2020;4
2025;1399616;2018;2019;3
2025;51835;2018;2020;3
2025;87537;2018;2020;3
2025;1629;2018;2020;3
2025;9996;2018;2019;3
2025;120983;2018;2020;3
2025;1136509;2018;2020;3
2025;1408509;2018;2020;3
2025;8437;2018;2019;3
2025;91219;2018;2020;3
2025;389;2018;2019;1
2025;1108786;2018;2020;3
2025;8437;2018;2019;3
2025;8554;2018;2020;3
2025;11114;2018;2020;3
2025;1448710;2018;2020;3
2025;140;2018;2020;3
2025;5000979;2018;2020;3
2025;10591;2018;2020;3
2025;1342536;2018;2021;3
2025;3677;2018;2020;3
2025;84408;2018;2020;3
2025;5001314;2018;2017;3
2025;1257524;2018;2020;4
2025;12569;2018;2020;3
2025;389;2018;2019;1
2025;91219;2018;2020;3
2025;12970;2018;2020;1
2025;5000978;2018;2022;3
2025;59414;2018;2020;3
2025;5000979;2018;2020;3
2025;5000930;2018;2020;1
2025;1180318;2018;2020;3
2025;1108153;2018;2020;1
2025;14359;2018;2020;3
2025;1178524;2018;2020;3
2025;14615;2018;2020;3
2025;4503;2018;2019;3
2025;5000001;2018;2020;3
2025;1397772;2018;2025;3
2025;87537;2018;2020;3
2025;6496;2018;2020;3
2025;82224;2018;2020;3
2025;1216474;2018;2021;3
2025;74655;2018;2020;3
2025;8437;2018;2019;3
2025;5920;2018;2020;3
2025;1385538;2018;2020;3
2025;484;2018;2019;3
2025;1439;2018;2019;3
2025;74655;2018;2020;3
2025;389;2018;2019;1
2025;66248;2018;2019;3
2025;1168313;2018;2020;3
2025;87537;2018;2020;3
2025;389;2018;2019;1
2025;12345;2018;2019;3
2025;90483;2018;2018;3
2025;5000930;2018;2020;3
2025;12569;2018;2020;3
2025;80037;2018;2019;3
2025;98406;2018;2021;3
2025;5920;2018;2020;3
2025;19850;2018;2020;3
2025;6496;2018;2019;3
2025;12692;2018;2020;3
2025;13286;2018;2019;3
2025;59174;2018;2021;3
2025;98406;2018;2020;3
2025;11316;2018;2020;3
2025;1029204;2018;2020;3
2025;87537;2018;2020;3
2025;5001427;2018;2020;3
2025;1317634;2018;2020;3
2025;1342505;2018;2019;3
2025;82224;2018;2020;3
2025;7676;2018;2020;3
2025;100688;2018;2020;3
2025;15343;2018;2020;3
2025;8437;2018;2019;3
2025;1108786;2018;2020;3
2025;86288;2018;2020;3
2025;1202553;2018;2019;3
2025;1477973;2018;2020;3
2025;15783;2018;2020;3
2025;1257524;2018;2021;4
2025;5345;2018;2020;3
2025;91219;2018;2019;3
2025;1349675;2018;2020;3
2025;5001341;2018;2020;3
2025;13601;2018;2020;3
2025;13866;2018;2020;3
2025;65924;2018;2019;3
2025;1342505;2018;2019;3
2025;93001;2018;2020;3
2025;18447;2018;2020;3
2025;5001183;2018;2019;4
2025;5000930;2018;2020;1
2025;48854;2018;2019;3
2025;4720;2018;2020;3
2025;1190280;2018;2019;3
2025;90483;2018;2018;3
2025;13424;2018;2019;3
2025;1419799;2018;2020;3
2025;38071;2018;2020;3
2025;100958;2018;2020;3
2025;1477973;2018;2020;3
2025;72681;2018;2020;3
2025;99476;2018;2019;3
2025;93001;2018;2020;3
2025;1321864;2018;2020;3
2025;14093;2018;2020;3
2025;12813;2018;2020;3
2025;1102360;2018;2020;3
2025;868;2018;2020;3
2025;4720;2018;2020;3
2025;1257777;2018;2020;3
2025;12;2018;2020;3
2025;4503;2018;2020;3
2025;5000930;2018;2020;1
2025;10591;2018;2020;3
2025;5001466;2018;2020;3
2025;6496;2018;2019;3
2025;14093;2018;2020;3
2025;5345;2018;2020;3
2025;108014;2018;2020;3
2025;15783;2018;2020;3
2025;10222;2018;2020;3
2025;5000980;2018;2020;3
2025;1408505;2018;2020;3
2025;1397773;2018;2020;3
2025;140;2018;2020;3
2025;1184432;2018;2019;3
2025;16904;2018;2020;3
2025;1408262;2018;2020;3
2025;12970;2018;2020;1
2025;1399618;2018;2019;4
2025;1257562;2018;2020;3
2025;1278877;2018;2020;3
2025;11114;2018;2020;3
2025;7676;2018;2020;3
2025;20249;2018;2020;3
2025;1438629;2018;2020;3
2025;12569;2018;2020;3
2025;1342537;2018;2020;3
2025;1439;2018;2020;3
2025;1278877;2018;2020;3
2025;5345;2018;2020;3
2025;150039;2018;2019;3
2025;1190667;2018;2020;3
2025;1421013;2018;2020;3
2025;1390309;2018;2020;3
2025;1397773;2018;2020;3
2025;18447;2018;2020;3
2025;14359;2018;2020;3
2025;1214209;2018;2020;3
2025;90483;2018;2018;3
2025;1108153;2018;2020;1
2025;5000979;2018;2020;3
2025;1190280;2018;2019;3
2025;100688;2018;2020;3
2025;64918;2018;2020;3
2025;1267038;2018;2020;3
2025;1317634;2018;2020;3
2025;101228;2018;2020;3
2025;15783;2018;2020;3
2025;1427370;2018;2020;3
2025;7676;2018;2020;3
2025;107766;2018;2019;3
2025;1408262;2018;2020;3
2025;10591;2018;2020;3
2025;2392;2018;2020;3
2025;10591;2018;2020;3
2025;1180318;2018;2019;3
2025;87537;2018;2020;3
2025;1445016;2018;2020;3
2025;100688;2018;2020;3
2025;1342537;2018;2020;3
2025;6496;2018;2020;3
2025;7105;2018;2020;3
2025;5000930;2018;2020;3
2025;57402;2018;2020;3
2025;1397771;2018;2020;3
2025;1278877;2018;2020;3
2025;13286;2018;2019;3
2025;107666;2018;2020;3
2025;8437;2018;2019;3
2025;19434;2018;2020;3
2025;100956;2018;2020;3
2025;1342536;2018;2021;3
2025;1108786;2018;2020;3
2025;90091;2018;2020;3
2025;1202573;2018;2020;3
2025;1190667;2018;2020;3
2025;6496;2018;2020;3
2025;19434;2018;2020;3
2025;14093;2018;2020;3
2025;9326;2018;2020;1
2025;1178672;2018;2020;3
2025;9805;2018;2020;3
2025;59414;2018;2020;3
2025;1108281;2018;2020;3
2025;13601;2018;2020;3
2025;12569;2018;2019;3
2025;4503;2018;2020;3
2025;54494;2018;2019;3
2025;5001183;2018;2020;4
2025;13286;2018;2019;3
2025;6496;2018;2020;3
2025;1295813;2018;2020;3
2025;1171609;2018;2021;3
2025;5001033;2018;2020;3
2025;1399488;2018;2020;3
2025;389;2018;2019;1
2025;4503;2018;2020;3
2025;12692;2018;2020;3
2025;12970;2018;2020;1
2025;1272168;2018;2020;3
2025;1477973;2018;2020;3
2025;5001341;2018;2020;3
2025;19850;2018;2020;3
2025;3677;2018;2020;3
2025;13286;2018;2019;3
2025;1168313;2018;2020;3
2025;90059;2018;2020;3
2025;5001341;2018;2021;3
2025;1342536;2018;2020;3
2025;90059;2018;2020;3
2025;11233;2018;2020;3
2025;60660;2018;2020;3
2025;12015;2018;2020;3
2025;14725;2018;2020;3
2025;1399488;2018;2020;3
2025;98409;2018;2019;3
2025;12813;2018;2020;3
2025;87941;2018;2020;3
2025;72417;2018;2020;3
2025;13286;2018;2019;3
2025;1483759;2018;2020;3
2025;1327450;2018;2020;3
2025;14563;2018;2019;3
2025;1190280;2018;2019;3
2025;60660;2018;2020;3
2025;91219;2018;2020;3
2025;1189778;2018;2020;3
2025;11114;2018;2020;3
2025;66361;2018;2020;3
2025;14234;2018;2020;3
2025;59414;2018;2020;3
2025;74655;2018;2020;3
2025;1189778;2018;2020;3
2025;1189778;2018;2020;3
2025;13286;2018;2019;3
2025;59414;2018;2020;3
2025;57852;2018;2020;3
2025;15343;2018;2020;3
2025;1421013;2018;2020;3
2025;2695;2018;2020;3
2025;1399481;2018;2020;3
2025;1189607;2018;2020;3
2025;59174;2018;2020;3
2025;1107;2018;2020;3
2025;2695;2018;2020;3
2025;5001183;2018;2021;3
2025;8437;2018;2019;3
2025;1399483;2018;2020;3
2025;15783;2018;2020;3
2025;1202573;2018;2020;3
2025;11114;2018;2020;3
2025;1342505;2018;2019;3
2025;12970;2018;2020;1
2025;90059;2018;2020;3
2025;1104264;2018;2020;3
2025;1168313;2018;2020;3
2025;11114;2018;2020;3
2025;1342536;2018;2020;3
2025;1187646;2018;2019;3
2025;93001;2018;2020;3
2025;1178672;2018;2020;3
2025;13200;2018;2020;3
2025;1408507;2018;2020;3
2025;1108786;2018;2018;3
2025;1390317;2018;2020;3
2025;1202539;2018;2020;3
2025;1397772;2018;2020;3
2025;72669;2018;2024;3
2025;1399487;2018;2020;3
2025;1193275;2018;2020;3
2025;1629;2018;2020;3
2025;1189778;2018;2020;3
2025;10222;2018;2020;3
2025;100958;2018;2019;3
2025;100958;2018;2020;3
2025;79007;2018;2020;3
2025;7676;2018;2020;3
2025;101228;2018;2020;3
2025;1390309;2018;2020;3
2025;5345;2018;2020;3
2025;1202573;2018;2020;3
2025;1399481;2018;2020;3
2025;108884;2018;2019;3
2025;5001033;2018;2020;3
2025;1349675;2018;2020;3
2025;1483768;2018;2021;3
2025;5001466;2018;2020;3
2025;1184432;2018;2020;3
2025;4503;2018;2020;3
2025;18594;2018;2020;4
2025;1068548;2018;2019;3
2025;5345;2018;2020;3
2025;4503;2018;2020;3
2025;5001294;2018;2019;3
2025;4082;2018;2020;3
2025;15839;2018;2020;3
2025;13286;2018;2019;3
2025;4082;2018;2020;3
2025;11316;2018;2020;3
2025;72681;2018;2020;3
2025;1193275;2018;2020;3
2025;1421013;2018;2020;3
2025;13286;2018;2019;3
2025;4503;2018;2020;3
2025;6711;2018;2019;3
2025;1173014;2018;2020;3
2025;74655;2018;2020;3
2025;140;2018;2020;3
2025;1390309;2018;2020;3
2025;1448710;2018;2020;3
2025;15343;2018;2020;3
2025;1276878;2018;2019;3
2025;12813;2018;2019;3
2025;93001;2018;2020;3
2025;4082;2018;2020;3
2025;140;2018;2020;3
2025;100956;2018;2020;3
2025;18605;2018;2019;3
2025;1385538;2018;2019;3
2025;20249;2018;2020;3
2025;14093;2018;2020;3
2025;19206;2018;2022;4
2025;5000980;2018;2020;3
2025;11114;2018;2020;3
2025;1399488;2018;2020;3
2025;5345;2018;2020;3
2025;1178524;2018;2020;3
2025;1295813;2018;2020;3
2025;108882;2018;2020;3
2025;1278877;2018;2020;3
2025;1178524;2018;2020;3
2025;1330031;2018;2021;3
2025;1439;2018;2020;3
2025;1439;2018;2019;3
2025;20249;2018;2020;3
2025;7676;2018;2020;3
2025;4082;2018;2020;3
2025;2695;2018;2020;3
2025;10222;2018;2020;3
2025;13286;2018;2019;3
2025;16904;2018;2019;3
2025;1178672;2018;2020;3
2025;71859;2018;2020;3
2025;13601;2018;2019;3
2025;100958;2018;2020;3
2025;1518;2018;2019;3
2025;5000001;2018;2020;3
2025;3677;2018;2020;3
2025;12970;2018;2020;1
2025;20249;2018;2020;3
2025;8437;2018;2019;3
2025;11233;2018;2020;3
2025;15343;2018;2020;3
2025;3677;2018;2020;3
2025;87537;2018;2020;3
2025;1276878;2018;2019;3
2025;1408505;2018;2020;3
2025;13601;2018;2020;3
2025;13424;2018;2019;3
2025;7676;2018;2020;3
2025;4503;2018;2020;3
2025;93001;2018;2020;3
2025;11233;2018;2020;3
2025;20360;2018;2020;3
2025;12970;2018;2020;1
2025;1257562;2018;2020;3
2025;19850;2018;2020;3
2025;1399479;2018;2020;3
2025;86288;2018;2020;3
2025;9996;2018;2020;3
2025;4503;2018;2020;3
2025;15783;2018;2020;3
2025;1173014;2018;2020;3
2025;1278877;2018;2020;3
2025;1108281;2018;2020;3
2025;1026;2018;2020;3
2025;1257548;2018;2020;3
2025;13424;2018;2019;3
2025;15783;2018;2020;3
2025;75821;2018;2020;3
2025;13286;2018;2019;3
2025;15475;2018;2020;1
2025;19206;2018;2020;4
2025;84408;2018;2020;3
2025;1408508;2018;2021;4
2025;14234;2018;2020;3
2025;1200578;2018;2020;3
2025;98506;2018;2020;3
2025;1408507;2018;2020;3
2025;1725;2018;2020;3
2025;97679;2018;2020;3
2025;1477973;2018;2020;3
2025;100956;2018;2021;3
2025;1397772;2018;2020;3
2025;91219;2018;2020;3
2025;1725;2018;2020;3
2025;100958;2018;2020;3
2025;5001466;2018;2020;3
2025;10591;2018;2020;3
2025;12813;2018;2020;3
2025;1399484;2018;2020;3
2025;8554;2018;2020;3
2025;1192047;2018;2021;3
2025;11114;2018;2020;3
2025;11233;2018;2020;3
2025;7837;2018;2019;3
2025;1278877;2018;2020;3
2025;1399481;2018;2020;3
2025;1257562;2018;2020;3
2025;1200712;2018;2020;3
2025;4082;2018;2020;3
2025;84408;2018;2020;3
2025;13286;2018;2019;3
2025;11233;2018;2020;3
2025;1166567;2018;2020;3
2025;1725;2018;2020;3
2025;5001294;2018;2021;3
2025;13286;2018;2019;3
2025;99476;2018;2021;3
2025;12970;2018;2020;1
2025;90059;2018;2020;3
2025;13866;2018;2020;3
2025;1029204;2018;2021;3
2025;13286;2018;2019;3
2025;1108281;2018;2020;3
2025;64918;2018;2020;3
2025;7676;2018;2020;3
2025;1408259;2018;2022;3
2025;14093;2018;2020;3
2025;11114;2018;2020;3
2025;59414;2018;2020;3
2025;1399478;2018;2020;3
2025;5000979;2018;2020;3
2025;3148;2018;2020;3
2025;1200712;2018;2020;3
2025;2304;2018;2020;3
2025;1330031;2018;2020;3
2025;4503;2018;2020;3
2025;15783;2018;2020;3
2025;12970;2018;2020;1
2025;5909;2018;2020;3
2025;14563;2018;2020;3
2025;389;2018;2019;1
2025;5001101;2018;2020;3
2025;1183958;2018;2019;3
2025;1200578;2018;2022;3
2025;59414;2018;2020;3
2025;69464;2018;2020;3
2025;84352;2018;2020;3
2025;37304;2018;2020;4
2025;5001300;2018;2020;3
2025;100688;2018;2020;3
2025;13424;2018;2019;3
2025;14975;2018;2020;3
2025;1261972;2018;2020;3
2025;1188127;2018;2020;3
2025;1629;2018;2020;3
2025;1363536;2018;2020;3
2025;8698;2018;2022;3
2025;5909;2018;2020;3
2025;1629;2018;2020;3
2025;1188127;2018;2020;3
2025;4503;2018;2020;3
2025;5345;2018;2020;3
2025;64918;2018;2020;3
2025;1399479;2018;2020;3
2025;12970;2018;2020;1
2025;5001466;2018;2020;3
2025;14234;2018;2020;3
2025;13286;2018;2019;3
2025;12970;2018;2020;1
2025;1200712;2018;2020;3
2025;1399478;2018;2020;3
2025;15343;2018;2020;3
2025;5001466;2018;2019;3
2025;74655;2018;2020;3
2025;389;2018;2019;1
2025;1108786;2018;2020;3
2025;98406;2018;2020;3
2025;1399478;2018;2020;3
2025;1397771;2018;2020;3
2025;1188127;2018;2021;3
2025;11114;2018;2020;3
2025;1029763;2018;2020;3
2025;3148;2018;2020;3
2025;5920;2018;2020;3
2025;19850;2018;2021;3
2025;389;2018;2019;1
2025;98506;2018;2020;3
2025;12015;2018;2020;3
2025;19294;2018;2020;3
2025;19086;2018;2020;3
2025;108014;2018;2020;3
2025;11114;2018;2020;3
2025;1188127;2018;2020;3
2025;1457006;2018;2020;3
2025;1322329;2018;2020;3
2025;1261972;2018;2020;3
2025;1189778;2018;2020;3
2025;11114;2018;2020;3
2025;4503;2018;2019;3
2025;13601;2018;2020;3
2025;93001;2018;2020;3
2025;48854;2018;2020;3
2025;1445016;2018;2022;3
2025;389;2018;2019;1
2025;8554;2018;2020;3
2025;14359;2018;2020;3
2025;69464;2018;2020;3
2025;12692;2018;2020;3
2025;1188127;2018;2020;3
2025;72667;2018;2020;3
2025;2695;2018;2020;3
2025;12970;2018;2020;1
2025;14975;2018;2020;3
2025;14975;2018;2020;3
2025;74655;2018;2020;3
2025;2695;2018;2020;3
2025;12569;2018;2020;3
2025;1330031;2018;2020;3
2025;1059179;2018;2019;3
2025;15783;2018;2020;3
2025;18594;2018;2020;4
2025;66248;2018;2020;3
2025;389;2018;2019;1
2025;5000930;2018;2020;3
2025;1257562;2018;2020;3
2025;1171609;2018;2020;3
2025;1342536;2018;2020;3
2025;1342537;2018;2020;3
2025;64706;2018;2021;3
2025;1178524;2018;2020;3
2025;11446;2018;2020;3
2025;84352;2018;2019;3
2025;6711;2018;2019;3
2025;1399478;2018;2020;3
2025;1192047;2018;2020;3
2025;5001294;2018;2019;3
2025;1188127;2018;2021;3
2025;13601;2018;2020;3
2025;79007;2018;2020;3
2025;1408507;2018;2020;3
2025;1188127;2018;2021;3
2025;19294;2018;2020;3
2025;12970;2018;2020;1
2025;16236;2018;2020;3
2025;19206;2018;2020;4
2025;1399477;2018;2020;3
2025;1180318;2018;2019;3
2025;12970;2018;2020;1
2025;14234;2018;2020;3
2025;4503;2018;2020;3
2025;5000930;2018;2020;1
2025;8437;2018;2019;3
2025;1276878;2018;2019;3
2025;1189778;2018;2020;3
2025;12970;2018;2020;1
2025;1399481;2018;2020;3
2025;9996;2018;2020;3
2025;1399617;2018;2020;3
2025;5000930;2018;2019;1
2025;100958;2018;2019;3
2025;38071;2018;2020;3
2025;1258021;2018;2020;3
2025;1188127;2018;2021;3
2025;1184325;2018;2020;3
2025;1108786;2018;2020;3
2025;1188127;2018;2021;3
2025;64918;2018;2020;3
2025;11114;2018;2020;3
2025;100688;2018;2020;3
2025;48854;2018;2020;3
2025;53338;2018;2020;3
2025;15475;2018;2020;1
2025;13286;2018;2019;3
2025;5000979;2018;2020;3
2025;1399618;2018;2020;4
2025;57402;2018;2020;3
2025;16904;2018;2020;3
2025;4082;2018;2020;3
2025;15783;2018;2020;3
2025;1104264;2018;2020;3
2025;4503;2018;2019;3
2025;1216474;2018;2020;3
2025;10222;2018;2020;3
2025;1107;2018;2020;3
2025;1188127;2018;2020;3
2025;11446;2018;2020;3
2025;85586;2018;2019;3
2025;1184047;2018;2020;3
2025;91399;2018;2020;3
2025;37304;2018;2021;4
2025;4503;2018;2020;3
2025;13866;2018;2019;3
2025;12345;2018;2020;3
2025;58412;2018;2020;3
2025;15475;2018;2019;1
2025;389;2018;2019;1
2025;11233;2018;2020;3
2025;97679;2018;2020;3
2025;1390317;2018;2020;3
2025;5001101;2018;2020;3
2025;13200;2018;2020;3
2025;5920;2018;2020;3
2025;1399481;2018;2020;3
2025;5000930;2018;2020;3
2025;4503;2018;2020;3
2025;5000930;2018;2020;3
2025;1342536;2018;2020;3
2025;1408505;2018;2020;3
2025;71859;2018;2020;3
2025;10224;2018;2020;3
2025;1188127;2018;2020;3
2025;1322329;2018;2019;3
2025;4503;2018;2020;3
2025;1292726;2018;2020;3
2025;5001427;2018;2020;3
2025;84352;2018;2020;3
2025;1190667;2018;2020;3
2025;389;2018;2019;1
2025;100688;2018;2020;3
2025;10224;2018;2020;3
2025;6496;2018;2020;3
2025;1390309;2018;2020;3
2025;86356;2018;2020;3
2025;7676;2018;2020;3
2025;38071;2018;2020;3
2025;1216474;2018;2020;3
2025;140;2018;2020;3
2025;1399480;2018;2020;3
2025;11233;2018;2020;3
2025;93001;2018;2020;3
2025;13286;2018;2019;3
2025;9805;2018;2020;3
2025;13286;2018;2019;3
2025;389;2018;2019;1
2025;1342537;2018;2020;3
2025;19206;2018;2020;4
2025;1188849;2018;2020;3
2025;758;2018;2020;3
2025;12970;2018;2020;1
2025;1135207;2018;2020;3
2025;87537;2018;2020;3
2025;15839;2018;2020;3
2025;1178672;2018;2020;3
2025;13200;2018;2020;3
2025;14563;2018;2020;3
2025;5345;2018;2020;3
2025;107766;2018;2020;3
2025;1190280;2018;2019;3
2025;7676;2018;2020;3
2025;1188849;2018;2021;3
2025;12569;2018;2020;3
2025;1445016;2018;2020;3
2025;1321864;2018;2020;3
2025;10222;2018;2020;3
2025;98506;2018;2020;3
2025;12345;2018;2020;3
2025;12569;2018;2020;3
2025;1427419;2018;2020;3
2025;5000979;2018;2020;3
2025;1397771;2018;2020;3
2025;12345;2018;2020;3
2025;5001183;2018;2019;3
2025;15343;2018;2020;3
2025;1185076;2018;2019;3
2025;14359;2018;2020;3
2025;1180318;2018;2020;3
2025;1257524;2018;2020;4
2025;13601;2018;2020;3
2025;150039;2018;2019;3
2025;38071;2018;2020;3
2025;389;2018;2019;1
2025;103596;2018;2020;3
2025;1261972;2018;2020;3
2025;98506;2018;2020;3
2025;1107;2018;2020;3
2025;1216474;2018;2021;3
2025;11114;2018;2020;3
2025;5001466;2018;2020;3
2025;84408;2018;2022;3
2025;90059;2018;2020;3
2025;4082;2018;2020;3
2025;1136509;2018;2020;3
2025;10222;2018;2020;3
2025;9326;2018;2020;1
2025;18605;2018;2019;3
2025;98406;2018;2020;3
2025;5001466;2018;2020;3
2025;1342536;2018;2020;3
2025;150039;2018;2019;3
2025;1399481;2018;2020;3
2025;13723;2018;2020;3
2025;1029204;2018;2020;3
2025;11114;2018;2020;3
2025;1399615;2018;2020;3
2025;1200712;2018;2020;3
2025;12970;2018;2020;1
2025;60660;2018;2020;3
2025;1107;2018;2020;3
2025;1445016;2018;2020;3
2025;86288;2018;2021;3
2025;87537;2018;2019;3
2025;85586;2018;2019;3
2025;59174;2018;2019;3
2025;6711;2018;2020;3
2025;100958;2018;2020;3
2025;1438629;2018;2020;3
2025;1109361;2018;2020;3
2025;4082;2018;2020;3
2025;1408259;2018;2020;3
2025;1202573;2018;2019;3
2025;14093;2018;2020;3
2025;91219;2018;2019;3
2025;91399;2018;2020;3
2025;8437;2018;2020;3
2025;91219;2018;2019;3
2025;5001341;2018;2020;3
2025;1189778;2018;2020;3
2025;7676;2018;2020;3
2025;1408261;2018;2020;3
2025;1178524;2018;2020;3
2025;84408;2018;2020;3
2025;59414;2018;2020;3
2025;5000979;2018;2020;3
2025;1317634;2018;2020;3
2025;13286;2018;2019;3
2025;1314146;2018;2020;3
2025;57402;2018;2020;3
2025;140;2018;2020;3
2025;100958;2018;2019;3
2025;1314146;2018;2018;3
2025;1397772;2018;2020;3
2025;72669;2018;2020;3
2025;1390309;2018;2020;3
2025;1342536;2018;2020;3
2025;1190667;2018;2020;3
2025;37304;2018;2020;4
2025;72669;2018;2020;3
2025;1399478;2018;2020;3
2025;1200712;2018;2020;3
2025;1445016;2018;2020;3
2025;5001466;2018;2020;3
2025;15783;2018;2020;3
2025;66248;2018;2019;3
2025;9805;2018;2020;3
2025;66248;2018;2020;3
2025;113504;2018;2019;3
2025;5000978;2018;2020;3
2025;1317634;2018;2020;3
2025;12015;2018;2020;3
2025;1136509;2018;2020;3
2025;2392;2018;2020;3
2025;91219;2018;2019;3
2025;10224;2018;2020;3
2025;1399485;2018;2020;3
2025;1200712;2018;2020;3
2025;1408505;2018;2019;3
2025;1314146;2018;2020;3
2025;2695;2018;2020;3
2025;11316;2018;2020;3
2025;1258023;2018;2020;3
2025;5001314;2018;2020;3
2025;1104264;2018;2020;3
2025;18605;2018;2020;3
2025;13601;2018;2020;3
2025;12813;2018;2020;3
2025;1486822;2018;2021;3
2025;1257524;2018;2020;4
2025;64918;2018;2020;3
2025;84352;2018;2020;3
2025;74594;2018;2020;3
2025;1314146;2018;2020;3
2025;100956;2018;2020;3
2025;98406;2018;2020;3
2025;5001466;2018;2020;3
2025;108882;2018;2020;3
2025;1292869;2018;2019;3
2025;1202553;2018;2020;3
2025;90059;2018;2020;3
2025;12970;2018;2020;1
2025;1171609;2018;2020;3
2025;10591;2018;2020;3
2025;59174;2018;2020;3
2025;12692;2018;2020;3
2025;1421013;2018;2020;3
2025;7676;2018;2020;3
2025;1314146;2018;2020;3
2025;51835;2018;2020;3
2025;1200712;2018;2020;3
2025;13601;2018;2020;3
2025;1314146;2018;2020;3
2025;1193264;2018;2020;3
2025;37304;2018;2020;4
2025;1314146;2018;2020;3
2025;8437;2018;2019;3
2025;87537;2018;2020;3
2025;1445016;2018;2020;3
2025;120983;2018;2020;3
2025;1108281;2018;2020;3
2025;5001167;2018;2020;3
2025;13601;2018;2020;3
2025;7837;2018;2019;3
2025;11233;2018;2020;3
2025;9805;2018;2020;3
2025;1349675;2018;2020;3
2025;75821;2018;2019;3
2025;98406;2018;2020;3
2025;72417;2018;2020;3
2025;4503;2018;2019;3
2025;1214209;2018;2020;3
2025;74655;2018;2020;3
2025;1399480;2018;2020;3
2025;1180318;2018;2020;3
2025;12692;2018;2020;3
2025;5909;2018;2020;3
2025;91219;2018;2020;3
2025;98506;2018;2020;3
2025;57402;2018;2019;3
2025;1202546;2018;2020;3
2025;5206;2018;2020;3
2025;57402;2018;2020;3
2025;1408261;2018;2020;3
2025;12015;2018;2020;3
2025;1314146;2018;2020;3
2025;12345;2018;2020;3
2025;53338;2018;2020;3
2025;1390309;2018;2020;3
2025;66248;2018;2020;3
2025;11114;2018;2020;3
2025;1108786;2018;2020;3
2025;85652;2018;2020;3
2025;11316;2018;2020;3
2025;120983;2018;2020;3
2025;90084;2018;2020;3
2025;5000978;2018;2021;3
2025;13286;2018;2019;3
2025;1257524;2018;2021;4
2025;13866;2018;2020;3
2025;1397772;2018;2020;3
2025;13200;2018;2020;3
2025;1421100;2018;2020;3
2025;12970;2018;2020;1
2025;72669;2018;2020;3
2025;12;2018;2020;3
2025;7837;2018;2019;3
2025;93001;2018;2020;3
2025;5909;2018;2020;3
2025;1390317;2018;2020;3
2025;90483;2018;2018;3
2025;98406;2018;2020;3
2025;1445016;2018;2020;3
2025;85586;2018;2019;3
2025;1192047;2018;2020;3
2025;1390317;2018;2020;3
2025;1629;2018;2020;3
2025;2695;2018;2020;3
2025;98406;2018;2021;3
2025;1178672;2018;2020;3
2025;90483;2018;2018;3
2025;1314146;2018;2020;3
2025;15475;2018;2020;1
2025;98506;2018;2020;3
2025;12970;2018;2020;1
2025;1136509;2018;2020;3
2025;91219;2018;2020;3
2025;1202553;2018;2019;3
2025;1314146;2018;2020;3
2025;100956;2018;2020;3
2025;85652;2018;2020;3
2025;3148;2018;2020;3
2025;1349675;2018;2020;3
2025;1135207;2018;2019;3
2025;97679;2018;2020;3
2025;19206;2018;2020;4
2025;1457707;2018;2020;4
2025;5000930;2018;2020;3
2025;7676;2018;2020;3
2025;1445016;2018;2020;3
2025;14359;2018;2020;3
2025;13866;2018;2019;3
2025;72669;2018;2020;3
2025;72767;2018;2020;3
2025;14975;2018;2019;3
2025;7105;2018;2020;3
2025;13286;2018;2019;3
2025;1168313;2018;2020;3
2025;1190280;2018;2019;3
2025;11114;2018;2020;3
2025;1292726;2018;2020;3
2025;100958;2018;2020;3
2025;91219;2018;2020;3
2025;1026;2018;2020;3
2025;64918;2018;2019;3
2025;37304;2018;2021;4
2025;1399489;2018;2020;3
2025;108014;2018;2020;3
2025;1349675;2018;2020;3
2025;1261972;2018;2020;3
2025;12015;2018;2020;3
2025;2304;2018;2020;3
2025;1108153;2018;2020;1
2025;1457707;2018;2020;4
2025;1109361;2018;2020;3
2025;90483;2018;2018;3
2025;87941;2018;2020;3
2025;15839;2018;2020;3
2025;100688;2018;2020;3
2025;1349675;2018;2020;3
2025;1342536;2018;2020;3
2025;59174;2018;2019;3
2025;1278877;2018;2020;3
2025;72675;2018;2019;3
2025;1322329;2018;2020;3
2025;11233;2018;2020;3
2025;98506;2018;2020;3
2025;1342505;2018;2019;3
2025;72767;2018;2020;3
2025;1179501;2018;2020;3
2025;1193275;2018;2020;3
2025;18594;2018;2020;4
2025;1200712;2018;2020;3
2025;87941;2018;2020;3
2025;72669;2018;2019;3
2025;1104264;2018;2020;3
2025;13286;2018;2019;3
2025;1192188;2018;2019;3
2025;1185076;2018;2019;3
2025;303;2018;2019;1
2025;103596;2018;2020;3
2025;72669;2018;2020;3
2025;103596;2018;2020;3
2025;15783;2018;2020;3
2025;16904;2018;2020;3
2025;75821;2018;2020;3
2025;1184432;2018;2020;3
2025;38071;2018;2020;3
2025;1390317;2018;2020;3
2025;19434;2018;2020;3
2025;39415;2018;2020;3
2025;1342505;2018;2019;3
2025;1278877;2018;2020;3
2025;5000930;2018;2020;1
2025;1257777;2018;2020;3
2025;14234;2018;2020;3
2025;74655;2018;2020;3
2025;1107;2018;2020;3
2025;8554;2018;2020;3
2025;1363536;2018;2020;3
2025;1184060;2018;2020;3
2025;98506;2018;2020;3
2025;1458090;2018;2020;3
2025;18594;2018;2020;4
2025;5001300;2018;2020;3
2025;1399483;2018;2020;3
2025;1445016;2018;2020;3
2025;3148;2018;2020;3
2025;5920;2018;2020;3
2025;13723;2018;2020;3
2025;1419799;2018;2020;3
2025;1059179;2018;2019;3
2025;100956;2018;2020;3
2025;1278877;2018;2020;3
2025;150039;2018;2019;3
2025;5920;2018;2020;3
2025;1200712;2018;2020;3
2025;100688;2018;2020;3
2025;64918;2018;2020;3
2025;1317634;2018;2020;3
2025;12345;2018;2020;3
2025;71859;2018;2019;3
2025;1258023;2018;2021;3
2025;11114;2018;2020;3
2025;5345;2018;2020;3
2025;18447;2018;2019;3
2025;18472;2018;2020;3
2025;57402;2018;2020;3
2025;5345;2018;2020;3
2025;98506;2018;2020;3
2025;57402;2018;2020;3
2025;1184047;2018;2020;3
2025;1399483;2018;2020;3
2025;758;2018;2020;3
2025;4503;2018;2020;3
2025;5345;2018;2020;3
2025;57402;2018;2019;3
2025;1184047;2018;2019;3
2025;1725;2018;2020;3
2025;90483;2018;2018;3
2025;8554;2018;2020;3
2025;1397772;2018;2020;3
2025;59414;2018;2020;3
2025;75821;2018;2019;3
2025;87537;2018;2020;3
2025;18472;2018;2020;3
2025;10222;2018;2020;3
2025;1107;2018;2020;3
2025;82224;2018;2020;3
2025;1185076;2018;2019;3
2025;1108281;2018;2020;3
2025;1184325;2018;2020;3
2025;5001294;2018;2019;3
2025;1257524;2018;2020;4
2025;18472;2018;2020;3
2025;8437;2018;2019;3
2025;1104264;2018;2020;3
2025;13424;2018;2019;3
2025;14359;2018;2020;3
2025;8554;2018;2020;3
2025;1202553;2018;2020;3
2025;1390317;2018;2020;3
2025;1258021;2018;2021;3
2025;90059;2018;2020;3
2025;5000930;2018;2020;1
2025;37304;2018;2021;4
2025;1200712;2018;2020;3
2025;1399483;2018;2020;3
2025;1190667;2018;2020;3
2025;1171609;2018;2020;3
2025;84352;2018;2020;3
2025;1192047;2018;2021;3
2025;1399483;2018;2020;3
2025;1399617;2018;2020;3
2025;72675;2018;2019;3
2025;7676;2018;2020;3
2025;53338;2018;2020;3
2025;13453;2018;2020;3
2025;84408;2018;2020;3
2025;85652;2018;2020;3
2025;11316;2018;2020;3
2025;100956;2018;2020;3
2025;12970;2018;2020;1
2025;98406;2018;2020;3
2025;1390309;2018;2020;3
2025;1184325;2018;2020;3
2025;1192047;2018;2019;3
2025;303;2018;2019;1
2025;389;2018;2019;1
2025;1518;2018;2019;3
2025;13286;2018;2019;3
2025;60660;2018;2019;3
2025;1190280;2018;2019;3
2025;59414;2018;2020;3
2025;12970;2018;2020;1
2025;15475;2018;2020;1
2025;1216474;2018;2020;3
2025;1397773;2018;2020;3
2025;7676;2018;2020;3
2025;14563;2018;2020;3
2025;12015;2018;2020;3
2025;13601;2018;2020;3
2025;1477973;2018;2019;3
2025;5000979;2018;2020;3
2025;1178672;2018;2020;3
2025;57402;2018;2020;3
2025;12813;2018;2020;3
2025;108882;2018;2020;3
2025;15783;2018;2020;3
2025;5920;2018;2020;3
2025;1183958;2018;2019;3
2025;5000930;2018;2020;1
2025;1399614;2018;2020;4
2025;14725;2018;2020;3
2025;1188900;2018;2020;3
2025;91219;2018;2020;3
2025;5909;2018;2020;3
2025;484;2018;2019;3
2025;38071;2018;2020;3
2025;6711;2018;2019;3
2025;1399483;2018;2020;3
2025;5001183;2018;2020;3
2025;10591;2018;2020;3
2025;1257524;2018;2020;4
2025;5000979;2018;2020;3
2025;100958;2018;2020;3
2025;1029204;2018;2019;3
2025;39415;2018;2020;3
2025;1399483;2018;2019;3
2025;87537;2018;2020;3
2025;8698;2018;2020;3
2025;1029204;2018;2020;3
2025;5001183;2018;2020;4
2025;75821;2018;2019;3
2025;1487290;2018;2020;3
2025;51835;2018;2020;3
2025;5000979;2018;2020;3
2025;303;2018;2019;1
2025;100688;2018;2020;3
2025;5000979;2018;2019;3
2025;91219;2018;2020;3
2025;98406;2018;2020;3
2025;74594;2018;2020;3
2025;1193264;2018;2020;3
2025;21542;2018;2020;3
2025;98406;2018;2020;3
2025;5001183;2018;2020;4
2025;1184047;2018;2020;3
2025;14615;2018;2019;3
2025;1457503;2018;2020;3
2025;12970;2018;2020;1
2025;9805;2018;2020;3
2025;38071;2018;2020;3
2025;1026;2018;2019;3
2025;19206;2018;2020;4
2025;1190280;2018;2019;3
2025;12015;2018;2019;3
2025;15475;2018;2020;1
2025;18594;2018;2020;4
2025;20058;2018;2021;3
2025;12813;2018;2020;3
2025;2918;2018;2020;3
2025;1184325;2018;2020;3
2025;38071;2018;2020;3
2025;84352;2018;2020;3
2025;100688;2018;2020;3
2025;85586;2018;2019;3
2025;1399485;2018;2021;3
2025;7676;2018;2020;3
2025;1445016;2018;2020;3
2025;1184432;2018;2019;3
2025;5001341;2018;2020;3
2025;107666;2018;2020;3
2025;1295813;2018;2020;3
2025;9996;2018;2020;3
2025;5001314;2018;2020;3
2025;1185076;2018;2020;3
2025;1399489;2018;2020;3
2025;1457503;2018;2020;3
2025;3148;2018;2020;3
2025;1397773;2018;2020;3
2025;1419799;2018;2019;3
2025;98406;2018;2020;3
2025;1193275;2018;2020;3
2025;71859;2018;2019;3
2025;12015;2018;2020;3
2025;5000979;2018;2020;3
2025;11316;2018;2020;3
2025;1629;2018;2020;3
2025;2695;2018;2020;3
2025;98406;2018;2020;3
2025;1183958;2018;2019;3
2025;868;2018;2020;3
2025;20249;2018;2021;3
2025;84352;2018;2020;3
2025;1408505;2018;2020;3
2025;58412;2018;2020;3
2025;1184325;2018;2020;3
2025;1477973;2018;2020;3
2025;1108153;2018;2020;1
2025;1427419;2018;2020;3
2025;98406;2018;2020;3
2025;11316;2018;2020;3
2025;64918;2018;2020;3
2025;13866;2018;2020;3
2025;100688;2018;2020;3
2025;8554;2018;2020;3
2025;5000979;2018;2019;3
2025;13286;2018;2019;3
2025;1108786;2018;2020;3
2025;72675;2018;2019;3
2025;1200578;2018;2020;3
2025;90059;2018;2020;3
2025;72669;2018;2020;3
2025;1191415;2018;2020;3
2025;1136509;2018;2020;3
2025;108882;2018;2020;3
2025;58412;2018;2020;3
2025;1216474;2018;2021;3
2025;1108786;2018;2020;3
2025;59174;2018;2020;3
2025;10222;2018;2020;3
2025;1397773;2018;2020;3
2025;1188127;2018;2021;3
2025;14615;2018;2020;3
2025;48854;2018;2020;3
2025;5000979;2018;2020;3
2025;64706;2018;2020;3
2025;91219;2018;2020;3
2025;150039;2018;2019;3
2025;90091;2018;2020;3
2025;13453;2018;2020;3
2025;1317634;2018;2020;3
2025;64918;2018;2022;3
2025;5000979;2018;2020;3
2025;19206;2018;2020;4
2025;1390317;2018;2020;3
2025;1421013;2018;2020;3
2025;1200578;2018;2020;3
2025;82224;2018;2020;3
2025;1629;2018;2020;3
2025;93001;2018;2020;3
2025;7105;2018;2020;3
2025;1109361;2018;2020;3
2025;758;2018;2020;3
2025;18472;2018;2020;3
2025;19434;2018;2020;3
2025;87537;2018;2020;3
2025;72669;2018;2020;3
2025;59174;2018;2020;3
2025;2695;2018;2020;3
2025;100688;2018;2020;3
2025;12970;2018;2019;1
2025;1184325;2018;2020;3
2025;8437;2018;2020;3
2025;1419799;2018;2020;3
2025;5000978;2018;2020;3
2025;1216474;2018;2021;3
2025;7676;2018;2020;3
2025;2695;2018;2020;3
2025;71859;2018;2020;3
2025;49910;2018;2019;3
2025;150039;2018;2019;3
2025;37304;2018;2020;4
2025;1192047;2018;2020;3
2025;12569;2018;2020;3
2025;9996;2018;2020;3
2025;103596;2018;2020;3
2025;1108786;2018;2020;3
2025;1257777;2018;2020;3
2025;12970;2018;2020;1
2025;1135207;2018;2020;3
2025;1216474;2018;2021;3
2025;1399480;2018;2020;3
2025;5000930;2018;2020;1
2025;1390309;2018;2020;3
2025;13286;2018;2019;3
2025;98406;2018;2020;3
2025;7676;2018;2020;3
2025;72681;2018;2020;3
2025;1184047;2018;2020;3
2025;10289;2018;2020;3
2025;1408509;2018;2020;3
2025;103596;2018;2021;3
2025;64918;2018;2020;3
2025;12970;2018;2020;3
2025;15343;2018;2020;3
2025;5909;2018;2020;3
2025;1406536;2018;2019;3
2025;90091;2018;2020;3
2025;15343;2018;2020;3
2025;107666;2018;2020;3
2025;84352;2018;2020;3
2025;5000812;2018;2020;3
2025;5920;2018;2020;3
2025;14359;2018;2020;3
2025;9996;2018;2020;3
2025;1108786;2018;2020;3
2025;1390309;2018;2020;3
2025;5001294;2018;2022;3
2025;100956;2018;2020;3
2025;1385538;2018;2020;3
2025;8554;2018;2020;3
2025;14359;2018;2020;3
2025;1397772;2018;2020;3
2025;7676;2018;2020;3
2025;1258023;2018;2020;3
2025;15839;2018;2020;3
2025;8437;2018;2019;3
2025;5000979;2018;2020;3
2025;99476;2018;2020;3
2025;1184047;2018;2020;3
2025;1390317;2018;2020;3
2025;1317634;2018;2020;3
2025;98406;2018;2020;3
2025;1184047;2018;2020;3
2025;7105;2018;2019;3
2025;1257777;2018;2020;3
2025;98506;2018;2021;3
2025;15343;2018;2020;3
2025;72681;2018;2020;3
2025;8437;2018;2020;3
2025;14359;2018;2020;3
2025;1421100;2018;2020;3
2025;66361;2018;2020;3
2025;20058;2018;2020;3
2025;1629;2018;2020;3
2025;12;2018;2020;3
2025;97679;2018;2020;3
2025;1272168;2018;2020;3
2025;1184047;2018;2020;3
2025;1438629;2018;2021;3
2025;75821;2018;2019;3
2025;6711;2018;2020;3
2025;1168313;2018;2020;3
2025;5000980;2018;2020;3
2025;10289;2018;2020;3
2025;90059;2018;2020;3
2025;1330031;2018;2020;3
2025;1438629;2018;2020;3
2025;39415;2018;2020;3
2025;84408;2018;2020;3
2025;72667;2018;2020;3
2025;5001033;2018;2020;3
2025;72675;2018;2019;3
2025;5345;2018;2019;3
2025;4082;2018;2020;3
2025;5909;2018;2020;3
2025;1202539;2018;2019;3
2025;11316;2018;2020;3
2025;69464;2018;2020;3
2025;1184047;2018;2020;3
2025;1629;2018;2020;3
2025;69464;2018;2020;3
2025;18447;2018;2020;3
2025;1184047;2018;2020;3
2025;57402;2018;2020;3
2025;82224;2018;2020;3
2025;1399617;2018;2020;3
2025;5001427;2018;2022;3
2025;10224;2018;2020;3
2025;1349675;2018;2020;3
2025;1068548;2018;2019;3
2025;1216474;2018;2020;3
2025;64918;2018;2020;3
2025;72669;2018;2020;3
2025;1184047;2018;2020;3
2025;1267038;2018;2019;3
2025;1399481;2018;2020;3
2025;74594;2018;2020;3
2025;99476;2018;2021;3
2025;9996;2018;2019;3
2025;120983;2018;2020;3
2025;86356;2018;2019;3
2025;90059;2018;2020;3
2025;5000980;2018;2020;3
2025;100956;2018;2020;3
2025;87537;2018;2020;3
2025;57852;2018;2020;3
2025;1135207;2018;2020;3
2025;1421013;2018;2018;3
2025;15475;2018;2020;1
2025;5000930;2018;2020;3
2025;1330031;2018;2020;3
2025;97679;2018;2020;3
2025;1202553;2018;2020;3
2025;5000980;2018;2020;3
2025;12015;2018;2020;3
2025;1257562;2018;2020;3
2025;86356;2018;2020;3
2025;14563;2018;2020;3
2025;1334344;2018;2021;3
2025;57852;2018;2020;3
2025;5000930;2018;2020;3
2025;1334344;2018;2021;3
2025;1292713;2018;2019;3
2025;11114;2018;2020;3
2025;1334344;2018;2021;3
2025;1399485;2018;2020;3
2025;7676;2018;2020;3
2025;5000980;2018;2020;3
2025;1334344;2018;2021;3
2025;12970;2018;2019;1
2025;19294;2018;2020;3
2025;19206;2018;2020;4
2025;19206;2018;2020;4
2025;8554;2018;2020;3
2025;15343;2018;2020;3
2025;1107;2018;2019;3
2025;1107;2018;2020;3
2025;1390309;2018;2020;3
2025;99476;2018;2020;3
2025;16904;2018;2020;3
2025;1200712;2018;2020;3
2025;39415;2018;2019;3
2025;39415;2018;2019;3
2025;1334344;2018;2020;3
2025;18472;2018;2020;3
2025;7676;2018;2020;3
2025;9996;2018;2020;3
2025;9996;2018;2020;3
2025;9996;2018;2020;3
2025;9996;2018;2020;3
2025;72767;2018;2020;3
2025;9996;2018;2020;3
2025;99476;2018;2021;3
2025;2918;2018;2019;3
2025;1258023;2018;2021;3
2025;5000980;2018;2020;3
2025;13601;2018;2020;3
2025;868;2018;2020;3
2025;9996;2018;2020;3
2025;1190667;2018;2018;3
2025;72663;2018;2020;3
2025;1135207;2018;2020;3
2025;1192188;2018;2019;3
2025;14234;2018;2020;3
2025;59174;2018;2022;3
2025;1487491;2018;2020;3
2025;1314146;2018;2020;3
2025;107766;2018;2020;3
2025;107766;2018;2020;3
2025;84408;2018;2020;3
2025;107766;2018;2020;3
2025;5000812;2018;2019;3
2025;1178672;2018;2020;3
2025;1104264;2018;2020;3
2025;13996;2018;2019;1
2025;1330031;2018;2020;3
2025;2695;2018;2020;3
2025;21542;2018;2020;3
2025;84408;2018;2022;3
2025;1399480;2018;2019;3
2025;1399480;2018;2019;3
2025;107666;2018;2020;3
2025;1267038;2018;2020;3
2025;66361;2018;2020;3
2025;120983;2018;2020;3
2025;84352;2018;2020;3
2025;84352;2018;2020;3
2025;19434;2018;2020;3
2025;1292713;2018;2020;3
2025;1178524;2018;2020;3
2025;99476;2018;2020;2
2025;9805;2018;2020;3
2025;93001;2018;2020;3
2025;7837;2018;2019;3
2025;1342505;2018;2019;3
2025;93001;2018;2020;3
2025;21542;2018;2020;3
2025;1445016;2018;2021;3
2025;84408;2018;2020;3
2025;84408;2018;2022;3
2025;5001033;2018;2020;3
2025;1261972;2018;2020;3
2025;19850;2018;2020;3
2025;72675;2018;2019;3
2025;1385538;2018;2019;3
2025;5001033;2018;2020;3
2025;69464;2018;2020;3
2025;11114;2018;2020;3
2025;90059;2018;2020;3
2025;2392;2018;2020;3
2025;13200;2018;2020;3
2025;2392;2018;2020;3
2025;72675;2018;2019;3
2025;99476;2018;2021;3
2025;2392;2018;2020;3
2025;2392;2018;2020;3
2025;8698;2018;2020;3
2025;14615;2018;2019;3
2025;1342537;2018;2022;3
2025;11114;2018;2021;3
2025;1421100;2018;2019;3
2025;84408;2018;2020;3
2025;1419799;2018;2020;3
2025;79007;2018;2020;3
2025;1050663;2018;2020;3
2025;1278877;2018;2020;3
2025;1390317;2018;2020;3
2025;5000812;2018;2020;3
2025;5001294;2018;2019;3
2025;1108786;2018;2020;3
2025;100958;2018;2019;3
2025;51835;2018;2020;3
2025;108014;2018;2020;3
2025;39415;2018;2020;3
2025;72669;2018;2019;3
2025;1258021;2018;2020;3
2025;39415;2018;2020;3
2025;1399478;2018;2020;3
2025;1190280;2018;2019;3
2025;1399483;2018;2020;3
2025;49060;2018;2020;3
2025;5000979;2018;2020;3
2025;18447;2018;2020;3
2025;6711;2018;2020;3
2025;18594;2018;2020;4
2025;18594;2018;2020;4
2025;11114;2018;2020;3
2025;74594;2018;2020;3
2025;1349675;2018;2020;3
2025;1408259;2018;2020;3
2025;1399479;2018;2020;3
2025;1399478;2018;2020;3
2025;1397772;2018;2019;3
2025;1518;2018;2019;3
2025;74655;2018;2020;3
2025;74655;2018;2020;3
2025;72681;2018;2019;3
2025;1457707;2018;2021;4
2025;12345;2018;2020;3
2025;5920;2018;2020;3
2025;72681;2018;2023;3
2025;7705;2018;2020;3
2025;8554;2018;2020;3
2025;12569;2018;2020;3
2025;12970;2018;2020;1
2025;10289;2018;2020;3
2025;85586;2018;2019;3
2025;19294;2018;2020;3
2025;1408507;2018;2020;3
2025;1257562;2018;2020;3
2025;1408507;2018;2020;3
2025;79007;2018;2020;3
2025;1178672;2018;2020;3
2025;12569;2018;2019;3
2025;100956;2018;2020;3
2025;39415;2018;2020;3
2025;1059179;2018;2019;3
2025;11233;2018;2020;3
2025;1397773;2018;2020;3
2025;1193275;2018;2020;3
2025;140;2018;2020;3
2025;90059;2018;2020;3
2025;107766;2018;2019;3
2025;1292713;2018;2020;3
2025;12569;2018;2020;3
2025;1397772;2018;2025;3
2025;1399489;2018;2020;3
2025;2392;2018;2020;3
2025;72675;2018;2019;3
2025;12569;2018;2020;3
2025;1183958;2018;2019;3
2025;868;2018;2020;3
2025;13424;2018;2019;3
2025;5000812;2018;2019;3
2025;12015;2018;2019;3
2025;5000981;2018;2020;3
2025;5000001;2018;2019;3
2025;1314146;2018;2020;3
2025;1408508;2018;2020;4
2025;11446;2018;2020;3
2025;20360;2018;2020;3
2025;1477973;2018;2020;3
2025;12569;2018;2020;3
2025;90059;2018;2020;3
2025;1349675;2018;2019;3
2025;101228;2018;2020;3
2025;19294;2018;2020;3
2025;1190667;2018;2020;3
2025;5001033;2018;2020;3
2025;15343;2018;2020;3
2025;1321864;2018;2020;3
2025;74594;2018;2020;3
2025;15475;2018;2020;1
2025;113504;2018;2020;3
2025;60660;2018;2018;3
2025;7676;2018;2019;3
2025;1178672;2018;2020;3
2025;12569;2018;2020;3
2025;1292869;2018;2020;3
2025;1292713;2018;2019;3
2025;12569;2018;2020;3
2025;72669;2018;2020;3
2025;14234;2018;2020;3
2025;75821;2018;2019;3
2025;1421013;2018;2020;3
2025;1135207;2018;2020;3
2025;7705;2018;2020;3
2025;3148;2018;2020;3
2025;72663;2018;2020;3
2025;1399615;2018;2020;3
2025;12970;2018;2019;1
2025;82224;2018;2020;3
2025;1190667;2018;2019;3
2025;13103;2018;2020;3
2025;72669;2018;2020;3
2025;9326;2018;2020;1
2025;91219;2018;2020;3
2025;8437;2018;2022;3
2025;5000812;2018;2020;3
2025;107766;2018;2020;3
2025;107766;2018;2020;3
2025;107766;2018;2020;3
2025;5000812;2018;2020;3
2025;71859;2018;2020;3
2025;38071;2018;2020;3
2025;5000979;2018;2021;3
2025;1427370;2018;2019;3
2025;72681;2018;2020;3
2025;1108153;2018;2020;1
2025;1342505;2018;2019;3
2025;3677;2018;2020;3
2025;1200578;2018;2020;3
2025;12345;2018;2020;3
2025;20360;2018;2020;3
2025;72669;2018;2020;3
2025;38071;2018;2020;3
2025;48854;2018;2020;3
2025;1390309;2018;2020;3
2025;12;2018;2020;3
2025;18472;2018;2020;3
2025;19294;2018;2020;3
2025;16904;2018;2020;3
2025;1399614;2018;2020;4
2025;1406536;2018;2019;3
2025;99476;2018;2021;3
2025;5000933;2018;2021;3
2025;20360;2018;2020;3
2025;2392;2018;2020;3
2025;1390309;2018;2020;3
2025;100958;2018;2020;3
2025;1322329;2018;2020;3
2025;11114;2018;2020;3
2025;389;2018;2019;1
2025;69464;2018;2020;3
2025;1385538;2018;2019;3
2025;11233;2018;2020;3
2025;1193275;2018;2020;3
2025;1257562;2018;2020;3
2025;1399616;2018;2020;3
2025;1168313;2018;2020;3
2025;48854;2018;2020;3
2025;51835;2018;2020;3
2025;1408507;2018;2019;3
2025;90483;2018;2018;3
2025;1202553;2018;2020;3
2025;1180318;2018;2020;3
2025;1278877;2018;2020;3
2025;5000979;2018;2020;3
2025;1189607;2018;2019;3
2025;87941;2018;2020;3
2025;1399489;2018;2020;3
2025;5000812;2018;2019;3
2025;1314146;2018;2020;3
2025;5206;2018;2020;3
2025;3677;2018;2020;3
2025;11114;2018;2020;3
2025;58412;2018;2020;3
2025;1445016;2018;2020;3
2025;90059;2018;2020;3
2025;87941;2018;2020;3
2025;91219;2018;2020;3
2025;1261971;2018;2020;3
2025;1399480;2018;2020;3
2025;13723;2018;2020;3
2025;13103;2018;2019;3
2025;1725;2018;2020;3
2025;1168313;2018;2020;3
2025;1399618;2018;2020;4
2025;6496;2018;2020;3
2025;101228;2018;2020;3
2025;1445016;2018;2020;3
2025;87941;2018;2020;3
2025;5000933;2018;2020;3
2025;14615;2018;2019;3
2025;1278877;2018;2020;3
2025;4503;2018;2020;3
2025;1408507;2018;2020;3
2025;1108153;2018;2021;1
2025;2392;2018;2020;3
2025;113504;2018;2020;3
2025;16904;2018;2020;3
2025;54494;2018;2019;3
2025;1725;2018;2024;3
2025;87941;2018;2020;3
2025;48854;2018;2020;3
2025;7676;2018;2020;3
2025;12345;2018;2020;3
2025;9772;2018;2020;3
2025;91219;2018;2019;3
2025;1399480;2018;2020;3
2025;1190280;2018;2019;3
2025;1427370;2018;2020;3
2025;84352;2018;2020;3
2025;82224;2018;2021;3
2025;5001466;2018;2019;3
2025;1342536;2018;2020;3
2025;82224;2018;2020;3
2025;12569;2018;2020;3
2025;87941;2018;2020;3
2025;1292725;2018;2019;3
2025;7705;2018;2020;3
2025;1292726;2018;2020;3
2025;13453;2018;2020;3
2025;5345;2018;2020;3
2025;1397771;2018;2020;3
2025;84352;2018;2020;3
2025;1725;2018;2020;3
2025;87941;2018;2020;3
2025;20249;2018;2020;3
2025;9996;2018;2019;3
2025;1276878;2018;2019;3
2025;12692;2018;2020;3
2025;72681;2018;2020;3
2025;13286;2018;2019;3
2025;9996;2018;2020;3
2025;9326;2018;2020;1
2025;72767;2018;2020;3
2025;9805;2018;2020;3
2025;13103;2018;2020;3
2025;100688;2018;2020;3
2025;1477973;2018;2020;3
2025;5000812;2018;2020;3
2025;9996;2018;2020;3
2025;87941;2018;2020;3
2025;13286;2018;2019;3
2025;1408507;2018;2020;3
2025;1190280;2018;2019;3
2025;5000001;2018;2020;3
2025;57402;2018;2020;3
2025;84352;2018;2025;3
2025;87941;2018;2020;3
2025;87941;2018;2020;3
2025;1292725;2018;2020;3
2025;12345;2018;2020;3
2025;72663;2018;2020;3
2025;72663;2018;2020;3
2025;87941;2018;2020;3
2025;87941;2018;2020;3
2025;87941;2018;2020;3
2025;1202553;2018;2019;3
2025;87941;2018;2020;3
2025;1419799;2018;2019;3
2025;1399480;2018;2020;3
2025;303;2018;2019;1
2025;87941;2018;2020;3
2025;1408507;2018;2020;3
2025;87941;2018;2020;3
2025;1349675;2018;2020;3
2025;2392;2018;2020;3
2025;57402;2018;2020;3
2025;1202553;2018;2020;3
2025;1390309;2018;2020;3
2025;19850;2018;2020;3
2025;1397771;2018;2020;3
2025;1178672;2018;2020;3
2025;1258021;2018;2020;3
2025;10289;2018;2020;3
2025;3677;2018;2020;3
2025;11233;2018;2020;3
2025;2348;2018;2020;3
2025;1178524;2018;2020;3
2025;98406;2018;2020;3
2025;9996;2018;2020;3
2025;9996;2018;2020;3
2025;57402;2018;2020;3
2025;1135207;2018;2020;3
2025;5345;2018;2020;3
2025;1399484;2018;2020;3
2025;7676;2018;2020;3
2025;7837;2018;2019;3
2025;9996;2018;2020;3
2025;1385538;2018;2019;3
2025;7676;2018;2020;3
2025;5000981;2018;2020;3
2025;13103;2018;2020;3
2025;71859;2018;2020;3
2025;9996;2018;2020;3
2025;1108786;2018;2019;3
2025;1029204;2018;2021;3
2025;5000979;2018;2020;3
2025;78256;2018;2024;3
2025;64918;2018;2019;3
2025;74594;2018;2020;3
2025;7837;2018;2019;3
2025;1477973;2018;2020;3
2025;74594;2018;2020;3
2025;1317634;2018;2020;3
2025;13286;2018;2019;3
2025;1390317;2018;2020;3
2025;7837;2018;2019;3
2025;11233;2018;2020;3
2025;3148;2018;2020;3
2025;13453;2018;2020;3
2025;84352;2018;2020;3
2025;13286;2018;2019;3
2025;100956;2018;2020;3
2025;100958;2018;2019;3
2025;9996;2018;2020;3
2025;107666;2018;2020;3
2025;84352;2018;2020;3
2025;16904;2018;2020;3
2025;74655;2018;2020;3
2025;4720;2018;2020;3
2025;5000930;2018;2020;1
2025;1321864;2018;2020;3
2025;1629;2018;2020;3
2025;1406536;2018;2020;3
2025;1408507;2018;2020;3
2025;7837;2018;2019;3
2025;1292713;2018;2020;3
2025;108882;2018;2020;3
2025;1214209;2018;2020;3
2025;1192237;2018;2020;3
2025;11114;2018;2020;3
2025;9326;2018;2020;1
2025;5000841;2018;2019;3
2025;18472;2018;2019;3
2025;84408;2018;2020;3
2025;49910;2018;2019;3
2025;1421013;2018;2020;3
2025;7105;2018;2019;3
2025;1136509;2018;2019;3
2025;1059179;2018;2021;3
2025;1330031;2018;2020;3
2025;1185903;2018;2020;3
2025;1184047;2018;2020;3
2025;1363536;2018;2020;3
2025;60660;2018;2020;3
2025;1192237;2018;2020;3
2025;39415;2018;2019;3
2025;84352;2018;2020;3
2025;140;2018;2020;3
2025;54494;2018;2019;3
2025;13866;2018;2020;3
2025;87537;2018;2020;3
2025;868;2018;2020;3
2025;1136509;2018;2020;3
2025;1349675;2018;2020;3
2025;48854;2018;2020;3
2025;74655;2018;2020;3
2025;15475;2018;2020;1
2025;868;2018;2020;3
2025;1029204;2018;2020;3
2025;1725;2018;2020;3
2025;3677;2018;2020;3
2025;1202539;2018;2019;3
2025;1399479;2018;2020;3
2025;1408262;2018;2020;3
2025;5001294;2018;2020;3
2025;1216474;2018;2020;3
2025;91399;2018;2020;3
2025;11233;2018;2020;3
2025;16904;2018;2020;3
2025;1292869;2018;2019;3
2025;98406;2018;2020;3
2025;98406;2018;2021;3
2025;72669;2018;2020;3
2025;90059;2018;2020;3
2025;93001;2018;2020;3
2025;74655;2018;2020;3
2025;75821;2018;2020;3
2025;9772;2018;2020;3
2025;1183958;2018;2019;3
2025;11446;2018;2019;3
2025;14975;2018;2019;3
2025;15783;2018;2020;3
2025;72669;2018;2020;3
2025;98409;2018;2019;3
2025;1397773;2018;2020;3
2025;38071;2018;2020;3
2025;5001294;2018;2019;3
2025;1439;2018;2019;3
2025;4720;2018;2020;3
2025;14359;2018;2020;3
2025;12345;2018;2020;3
2025;15343;2018;2020;3
2025;1108786;2018;2020;3
2025;1184325;2018;2020;3
2025;90483;2018;2018;3
2025;1321864;2018;2020;3
2025;14975;2018;2020;3
2025;11316;2018;2020;3
2025;1278877;2018;2020;3
2025;74655;2018;2020;3
2025;37304;2018;2020;4
2025;12569;2018;2020;3
2025;1192237;2018;2020;3
2025;1136509;2018;2020;3
2025;8437;2018;2019;3
2025;5001167;2018;2020;3
2025;1202573;2018;2020;3
2025;72681;2018;2019;3
2025;1385521;2018;2020;3
2025;107666;2018;2020;3
2025;1108786;2018;2020;3
2025;48854;2018;2020;3
2025;54494;2018;2020;3
2025;113504;2018;2020;3
2025;12345;2018;2020;3
2025;9772;2018;2020;3
2025;1629;2018;2020;3
2025;1257562;2018;2020;3
2025;57402;2018;2019;3
2025;1029204;2018;2020;3
2025;1168313;2018;2020;3
2025;1190280;2018;2019;3
2025;1421013;2018;2020;3
2025;72675;2018;2019;3
2025;87941;2018;2020;3
2025;49910;2018;2019;3
2025;1629;2018;2020;3
2025;72767;2018;2020;3
2025;6496;2018;2020;3
2025;15343;2018;2020;3
2025;1200578;2018;2019;3
2025;1136509;2018;2020;3
2025;1399618;2018;2020;4
2025;12970;2018;2020;1
2025;80037;2018;2019;3
2025;10591;2018;2020;3
2025;90059;2018;2020;3
2025;9988;2018;2020;3
2025;1202553;2018;2019;3
2025;758;2018;2020;3
2025;1192237;2018;2020;3
2025;1518;2018;2019;3
2025;1518;2018;2019;3
2025;10591;2018;2020;3
2025;3677;2018;2020;3
2025;1190667;2018;2020;3
2025;1108786;2018;2020;3
2025;1202573;2018;2020;3
2025;15783;2018;2020;3
2025;5001294;2018;2020;3
2025;2695;2018;2020;3
2025;90059;2018;2020;3
2025;98506;2018;2020;3
2025;12970;2018;2020;1
2025;90059;2018;2020;3
2025;1146605;2018;2019;3
2025;6496;2018;2020;3
2025;107666;2018;2020;3
2025;1629;2018;2020;3
2025;1292725;2018;2020;3
2025;1518495;2018;2020;3
2025;14563;2018;2020;3
2025;5001033;2018;2020;3
2025;74655;2018;2020;3
2025;1292713;2018;2020;3
2025;1455021;2018;2019;3
2025;11114;2018;2020;3
2025;74655;2018;2020;3
2025;1390317;2018;2020;3
2025;1438629;2018;2020;3
2025;9805;2018;2020;3
2025;72669;2018;2020;3
2025;5001033;2018;2020;3
2025;13286;2018;2019;3
2025;1518;2018;2019;3
2025;72681;2018;2020;3
2025;2918;2018;2019;3
2025;389;2018;2019;1
2025;10222;2018;2020;3
2025;1171609;2018;2019;3
2025;1192237;2018;2020;3
2025;389;2018;2019;1
2025;10224;2018;2020;3
2025;1408507;2018;2020;3
2025;1438629;2018;2020;3
2025;1725;2018;2020;3
2025;1518;2018;2019;3
2025;1399617;2018;2020;3
2025;15343;2018;2020;3
2025;72663;2018;2020;3
2025;1397772;2018;2020;3
2025;1101742;2018;2020;3
2025;1419799;2018;2020;3
2025;1518;2018;2020;3
2025;1629;2018;2020;3
2025;1192188;2018;2019;3
2025;1272168;2018;2020;3
2025;79007;2018;2019;3
2025;1438629;2018;2020;3
2025;1327450;2018;2020;3
2025;5909;2018;2020;3
2025;1390317;2018;2020;3
2025;1397771;2018;2020;3
2025;1397771;2018;2020;3
2025;2695;2018;2020;3
2025;8554;2018;2020;3
2025;868;2018;2020;3
2025;7837;2018;2019;3
2025;1518;2018;2019;3
2025;9772;2018;2020;3
2025;6711;2018;2019;3
2025;1385521;2018;2020;3
2025;1399616;2018;2020;3
2025;72681;2018;2020;3
2025;1427419;2018;2019;3
2025;1397771;2018;2020;3
2025;1518;2018;2020;3
2025;4503;2018;2020;3
2025;1258021;2018;2020;3
2025;1178672;2018;2020;3
2025;10591;2018;2020;3
2025;13103;2018;2020;3
2025;66248;2018;2019;3
2025;1193759;2018;2021;3
2025;82224;2018;2020;3
2025;1397771;2018;2020;3
2025;20249;2018;2020;3
2025;1184432;2018;2024;3
2025;121850;2018;2019;3
2025;1385521;2018;2020;3
2025;868;2018;2020;3
2025;3677;2018;2020;3
2025;1168313;2018;2020;3
2025;14615;2018;2020;3
2025;1397771;2018;2020;3
2025;13601;2018;2019;3
2025;72663;2018;2020;3
2025;5001466;2018;2020;3
2025;1179189;2018;2019;3
2025;1190280;2018;2019;3
2025;72681;2018;2020;3
2025;868;2018;2020;3
2025;1518;2018;2019;3
2025;13723;2018;2020;3
2025;1518;2018;2019;3
2025;1385521;2018;2020;3
2025;1202573;2018;2020;3
2025;18472;2018;2020;3
2025;1385521;2018;2020;3
2025;1399477;2018;2020;3
2025;1192188;2018;2020;3
2025;12813;2018;2020;3
2025;72669;2018;2020;3
2025;74655;2018;2020;3
2025;7676;2018;2020;3
2025;389;2018;2019;1
2025;1173014;2018;2020;3
2025;3677;2018;2020;3
2025;13601;2018;2020;3
2025;9772;2018;2020;3
2025;1385521;2018;2020;3
2025;1385521;2018;2020;3
2025;1399618;2018;2020;4
2025;1385521;2018;2020;3
2025;6496;2018;2020;3
2025;1385521;2018;2020;3
2025;5909;2018;2020;3
2025;1439;2018;2019;3
2025;1439;2018;2019;3
2025;15343;2018;2020;3
2025;10289;2018;2020;3
2025;1292713;2018;2020;3
2025;1136509;2018;2020;3
2025;1029204;2018;2020;3
2025;1399480;2018;2020;3
2025;1190280;2018;2019;3
2025;21542;2018;2019;3
2025;100956;2018;2020;3
2025;1321864;2018;2020;3
2025;15839;2018;2020;3
2025;389;2018;2019;1
2025;8437;2018;2020;3
2025;12015;2018;2020;3
2025;90483;2018;2018;3
2025;1314146;2018;2020;3
2025;15783;2018;2020;3
2025;1168313;2018;2020;3
2025;5000933;2018;2020;3
2025;758;2018;2020;3
2025;14234;2018;2020;3
2025;1178672;2018;2020;3
2025;51835;2018;2020;3
2025;5345;2018;2020;3
2025;74655;2018;2020;3
2025;5001341;2018;2020;3
2025;1390317;2018;2020;3
2025;8437;2018;2019;3
2025;1399481;2018;2020;3
2025;19086;2018;2019;3
2025;1216474;2018;2021;3
2025;1107;2018;2020;3
2025;5909;2018;2020;3
2025;39415;2018;2020;3
2025;2392;2018;2020;3
2025;37304;2018;2022;4
2025;5920;2018;2020;3
2025;1317634;2018;2020;3
2025;5000812;2018;2020;3
2025;8437;2018;2019;3
2025;8437;2018;2019;3
2025;5909;2018;2020;3
2025;1399619;2018;2020;3
2025;39415;2018;2020;3
2025;9996;2018;2020;3
2025;1399486;2018;2020;3
2025;74655;2018;2020;3
2025;87537;2018;2020;3
2025;72663;2018;2020;3
2025;1257524;2018;2020;4
2025;51835;2018;2019;3
2025;5345;2018;2020;3
2025;5000930;2018;2020;1
2025;1029204;2018;2020;3
2025;18594;2018;2020;4
2025;1216474;2018;2021;3
2025;1216474;2018;2021;3
2025;12692;2018;2020;3
2025;15475;2018;2020;1
2025;1171609;2018;2020;3
2025;91399;2018;2020;3
2025;72663;2018;2020;3
2025;19086;2018;2020;3
2025;18447;2018;2019;3
2025;1397772;2018;2020;3
2025;1108153;2018;2020;1
2025;5345;2018;2019;3
2025;72663;2018;2020;3
2025;74655;2018;2020;3
2025;868;2018;2020;3
2025;84352;2018;2020;3
2025;19850;2018;2020;3
2025;74655;2018;2020;3
2025;4082;2018;2020;3
2025;5909;2018;2020;3
2025;5000980;2018;2020;3
2025;12813;2018;2019;3
2025;7676;2018;2020;3
2025;1029204;2018;2020;3
2025;1399619;2018;2020;3
2025;868;2018;2020;3
2025;12345;2018;2020;3
2025;10222;2018;2020;3
2025;7676;2018;2020;3
2025;7837;2018;2019;3
2025;9772;2018;2020;3
2025;72663;2018;2020;3
2025;1399616;2018;2019;3
2025;1390309;2018;2020;3
2025;1109361;2018;2020;3
2025;1135207;2018;2020;3
2025;4503;2018;2020;3
2025;1202553;2018;2020;3
2025;13103;2018;2020;3
2025;1136509;2018;2020;3
2025;10224;2018;2020;3
2025;9988;2018;2020;3
2025;12970;2018;2020;1
2025;1477973;2018;2020;3
2025;75821;2018;2020;3
2025;389;2018;2019;1
2025;1321864;2018;2020;3
2025;1026;2018;2019;3
2025;11114;2018;2020;3
2025;51835;2018;2020;3
2025;90059;2018;2020;3
2025;1267038;2018;2020;3
2025;1135207;2018;2020;3
2025;20249;2018;2020;3
2025;1200578;2018;2020;3
2025;15343;2018;2019;3
2025;18605;2018;2020;3
2025;85652;2018;2020;3
2025;14359;2018;2020;3
2025;87537;2018;2020;3
2025;1483773;2018;2020;3
2025;1385521;2018;2020;3
2025;74594;2018;2020;3
2025;91219;2018;2020;3
2025;5909;2018;2020;3
2025;5345;2018;2020;3
2025;11233;2018;2020;3
2025;1399489;2018;2020;3
2025;1399617;2018;2020;3
2025;5345;2018;2020;3
2025;10222;2018;2020;3
2025;1399480;2018;2020;3
2025;7837;2018;2019;3
2025;1390311;2018;2020;3
2025;1439;2018;2020;3
2025;1136509;2018;2020;3
2025;93001;2018;2020;3
2025;1135207;2018;2020;3
2025;8554;2018;2020;3
2025;1397773;2018;2020;3
2025;7705;2018;2020;3
2025;5001294;2018;2022;3
2025;13103;2018;2019;3
2025;5345;2018;2020;3
2025;8437;2018;2019;3
2025;1200578;2018;2024;3
2025;1216474;2018;2020;3
2025;1518;2018;2019;3
2025;868;2018;2020;3
2025;51835;2018;2020;3
2025;1390309;2018;2020;3
2025;1385521;2018;2020;3
2025;1178524;2018;2020;3
2025;1190280;2018;2019;3
2025;86356;2018;2020;3
2025;1136509;2018;2020;3
2025;1399478;2018;2020;3
2025;1439;2018;2020;3
2025;14615;2018;2020;3
2025;90483;2018;2018;3
2025;14234;2018;2020;3
2025;7676;2018;2020;3
2025;7837;2018;2019;3
2025;1107;2018;2020;3
2025;1408504;2018;2020;3
2025;1438629;2018;2020;3
2025;6496;2018;2019;3
2025;1483768;2018;2020;3
2025;1135207;2018;2020;3
2025;1342610;2018;2019;3
2025;1321864;2018;2020;3
2025;91399;2018;2020;3
2025;1108786;2018;2020;3
2025;1342536;2018;2020;3
2025;1314146;2018;2020;3
2025;13453;2018;2019;3
2025;5001033;2018;2020;3
2025;7676;2018;2020;3
2025;15475;2018;2020;1
2025;13601;2018;2020;3
2025;1399489;2018;2020;3
2025;15783;2018;2020;3
2025;103596;2018;2020;3
2025;1136509;2018;2020;3
2025;1188900;2018;2020;3
2025;9805;2018;2020;3
2025;11233;2018;2020;3
2025;91399;2018;2020;3
2025;12813;2018;2020;3
2025;1146605;2018;2019;3
2025;1178524;2018;2020;3
2025;113504;2018;2020;3
2025;39415;2018;2020;3
2025;1363536;2018;2020;3
2025;1390317;2018;2020;3
2025;72667;2018;2020;3
2025;39415;2018;2020;3
2025;74655;2018;2020;3
2025;1321864;2018;2020;3
2025;12970;2018;2020;1
2025;72669;2018;2020;3
2025;18447;2018;2020;3
2025;91219;2018;2020;3
2025;8698;2018;2020;3
2025;4503;2018;2020;3
2025;2695;2018;2020;3
2025;868;2018;2020;3
2025;1068548;2018;2019;3
2025;1518495;2018;2020;3
2025;72669;2018;2021;3
2025;1184325;2018;2020;3
2025;1107;2018;2020;3
2025;1202573;2018;2020;3
2025;74655;2018;2020;3
2025;98406;2018;2019;3
2025;13453;2018;2020;3
2025;1193759;2018;2020;3
2025;86288;2018;2021;3
2025;1483768;2018;2020;3
2025;5000979;2018;2022;3
2025;5001450;2018;2020;3
2025;90483;2018;2018;3
2025;7705;2018;2020;3
2025;14359;2018;2020;3
2025;65114;2018;2020;3
2025;1483768;2018;2020;3
2025;1264844;2018;2020;3
2025;74594;2018;2020;3
2025;59414;2018;2020;3
2025;51835;2018;2020;3
2025;1257777;2018;2020;3
2025;1385521;2018;2020;3
2025;97679;2018;2019;3
2025;11233;2018;2020;3
2025;19206;2018;2020;4
2025;1404416;2018;2019;3
2025;5000980;2018;2020;3
2025;1180318;2018;2019;3
2025;7705;2018;2020;3
2025;69624;2018;2020;3
2025;1107;2018;2020;3
2025;1163738;2018;2020;3
2025;1200712;2018;2020;3
2025;6711;2018;2020;3
2025;12970;2018;2020;1
2025;1189778;2018;2020;3
2025;1178672;2018;2020;3
2025;6711;2018;2020;3
2025;1438629;2018;2020;3
2025;1421013;2018;2019;3
2025;8437;2018;2019;3
2025;1183313;2018;2020;3
2025;19850;2018;2019;3
2025;1050663;2018;2020;3
2025;1190280;2018;2019;3
2025;64918;2018;2020;3
2025;1363536;2018;2020;3
2025;1183313;2018;2020;3
2025;9326;2018;2020;1
2025;1397771;2018;2020;3
2025;5000930;2018;2020;1
2025;1136509;2018;2020;3
2025;1421100;2018;2019;3
2025;15783;2018;2020;3
2025;5001300;2018;2020;3
2025;7676;2018;2020;3
2025;5920;2018;2020;3
2025;20249;2018;2020;3
2025;758;2018;2020;3
2025;8437;2018;2019;3
2025;1108786;2018;2020;3
2025;8437;2018;2019;3
2025;8437;2018;2019;3
2025;99476;2018;2021;3
2025;5001183;2018;2020;4
2025;72663;2018;2020;3
2025;1108281;2018;2020;3
2025;1363536;2018;2020;3
2025;8437;2018;2019;3
2025;14725;2018;2020;3
2025;5001300;2018;2020;3
2025;1321864;2018;2020;3
2025;97679;2018;2020;3
2025;1184325;2018;2020;3
2025;13424;2018;2019;3
2025;1163738;2018;2019;3
2025;7676;2018;2020;3
2025;1029204;2018;2020;3
2025;1107;2018;2020;3
2025;1314146;2018;2020;3
2025;1184325;2018;2020;3
2025;1168313;2018;2020;3
2025;11233;2018;2020;3
2025;1408261;2018;2020;3
2025;389;2018;2019;1
2025;1267038;2018;2020;3
2025;19206;2018;2020;4
2025;1427420;2018;2023;3
2025;1385521;2018;2020;3
2025;1408262;2018;2020;3
2025;9772;2018;2020;3
2025;1397771;2018;2020;3
2025;1179501;2018;2020;3
2025;8554;2018;2020;3
2025;90059;2018;2020;3
2025;5001314;2018;2020;3
2025;64918;2018;2020;3
2025;1029204;2018;2020;3
2025;65924;2018;2022;3
2025;93001;2018;2020;3
2025;10289;2018;2020;3
2025;7676;2018;2020;3
2025;72663;2018;2020;3
2025;2392;2018;2020;3
2025;1399618;2018;2019;4
2025;7676;2018;2020;3
2025;9805;2018;2020;3
2025;1193275;2018;2020;3
2025;1068548;2018;2019;3
2025;5000979;2018;2020;3
2025;14093;2018;2020;3
2025;1408507;2018;2020;3
2025;1178672;2018;2020;3
2025;1267038;2018;2020;3
2025;82224;2018;2019;3
2025;5000001;2018;2020;3
2025;1314146;2018;2020;3
2025;12015;2018;2020;3
2025;64918;2018;2020;3
2025;1321864;2018;2020;3
2025;1184325;2018;2020;3
2025;389;2018;2019;1
2025;98406;2018;2020;3
2025;15475;2018;2020;1
2025;72663;2018;2020;3
2025;1192047;2018;2020;3
2025;1445016;2018;2020;3
2025;113504;2018;2020;3
2025;1385538;2018;2020;3
2025;11114;2018;2020;3
2025;1363536;2018;2020;3
2025;84408;2018;2019;3
2025;1725;2018;2020;3
2025;1185903;2018;2019;3
2025;1317634;2018;2020;3
2025;3148;2018;2020;3
2025;14234;2018;2020;3
2025;1171609;2018;2019;3
2025;15783;2018;2020;3
2025;72663;2018;2020;3
2025;1135207;2018;2020;3
2025;1518;2018;2019;3
2025;1399618;2018;2020;4
2025;1363536;2018;2020;3
2025;12970;2018;2020;1
2025;13286;2018;2019;3
2025;1483768;2018;2020;3
2025;1390311;2018;2020;3
2025;72663;2018;2020;3
2025;1518;2018;2019;3
2025;1390317;2018;2020;3
2025;5000979;2018;2020;3
2025;1321864;2018;2020;3
2025;758;2018;2020;3
2025;1518;2018;2019;3
2025;11233;2018;2020;3
2025;15475;2018;2020;1
2025;74594;2018;2020;3
2025;1399487;2018;2020;3
2025;1518;2018;2020;3
2025;19206;2018;2020;4
2025;5909;2018;2020;3
2025;11114;2018;2020;3
2025;98506;2018;2020;3
2025;108014;2018;2020;3
2025;1397772;2018;2020;3
2025;98406;2018;2020;3
2025;5001341;2018;2020;3
2025;5000930;2018;2020;3
2025;93001;2018;2020;3
2025;10224;2018;2020;3
2025;5001300;2018;2020;3
2025;107766;2018;2020;3
2025;1342505;2018;2019;3
2025;1399617;2018;2020;3
2025;1188900;2018;2020;3
2025;15783;2018;2020;3
2025;59414;2018;2020;3
2025;10222;2018;2020;3
2025;79007;2018;2020;3
2025;12692;2018;2020;3
2025;868;2018;2020;3
2025;97679;2018;2020;3
2025;389;2018;2019;1
2025;1485621;2018;2023;3
2025;14359;2018;2020;3
2025;1445016;2018;2020;3
2025;1390317;2018;2020;3
2025;79007;2018;2020;3
2025;39415;2018;2019;3
2025;1408262;2018;2020;3
2025;107666;2018;2020;3
2025;14359;2018;2020;3
2025;87537;2018;2020;3
2025;1168313;2018;2020;3
2025;1202539;2018;2020;3
2025;2695;2018;2020;3
2025;6496;2018;2019;3
2025;1390317;2018;2020;3
2025;1109361;2018;2020;3
2025;1321864;2018;2020;3
2025;1188900;2018;2020;3
2025;1029204;2018;2020;3
2025;13453;2018;2020;3
2025;100958;2018;2020;3
2025;98406;2018;2021;3
2025;1399488;2018;2020;3
2025;4720;2018;2020;3
2025;72663;2018;2020;3
2025;5345;2018;2020;3
2025;1725;2018;2020;3
2025;5001450;2018;2020;3
2025;5000981;2018;2020;3
2025;98406;2018;2020;3
2025;9326;2018;2020;1
2025;71859;2018;2020;3
2025;1399479;2018;2020;3
2025;1385538;2018;2020;3
2025;93001;2018;2020;3
2025;72663;2018;2020;3
2025;5001033;2018;2020;3
2025;12970;2018;2020;1
2025;12970;2018;2019;1
2025;74655;2018;2020;3
2025;484;2018;2019;3
2025;72663;2018;2020;3
2025;72681;2018;2020;3
2025;13286;2018;2019;3
2025;2348;2018;2020;3
2025;1363536;2018;2020;3
2025;72767;2018;2020;3
2025;15783;2018;2020;3
2025;87537;2018;2019;3
2025;1179501;2018;2020;3
2025;100958;2018;2020;3
2025;140;2018;2019;3
2025;19294;2018;2019;3
2025;38071;2018;2020;3
2025;1190280;2018;2019;3
2025;1487290;2018;2020;3
2025;10289;2018;2020;3
2025;39415;2018;2020;3
2025;2392;2018;2020;3
2025;1068548;2018;2019;3
2025;13286;2018;2019;3
2025;20360;2018;2020;3
2025;74594;2018;2020;3
2025;74594;2018;2020;3
2025;72663;2018;2020;3
2025;74594;2018;2020;3
2025;2918;2018;2019;3
2025;13601;2018;2020;3
2025;1192047;2018;2021;3
2025;13453;2018;2021;3
2025;93001;2018;2020;3
2025;87537;2018;2020;3
2025;140;2018;2019;3
2025;90059;2018;2020;3
2025;1427419;2018;2020;3
2025;13453;2018;2020;3
2025;11114;2018;2020;3
2025;7837;2018;2019;3
2025;3677;2018;2020;3
2025;99476;2018;2021;3
2025;1427370;2018;2022;3
2025;57402;2018;2020;3
2025;1399616;2018;2020;3
2025;20360;2018;2020;3
2025;12;2018;2020;3
2025;74594;2018;2020;3
2025;140;2018;2019;3
2025;72663;2018;2020;3
2025;66248;2018;2020;3
2025;74655;2018;2020;3
2025;1330031;2018;2020;3
2025;13453;2018;2021;3
2025;5000981;2018;2020;3
2025;6711;2018;2020;3
2025;39415;2018;2020;3
2025;15839;2018;2020;3
2025;1184325;2018;2020;3
2025;75821;2018;2019;3
2025;484;2018;2019;3
2025;1397772;2018;2020;3
2025;19206;2018;2020;4
2025;9805;2018;2020;3
2025;1399616;2018;2020;3
2025;100688;2018;2020;3
2025;1399477;2018;2022;3
2025;1192237;2018;2020;3
2025;20360;2018;2020;3
2025;54494;2018;2020;3
2025;1629;2018;2020;3
2025;64918;2018;2020;3
2025;1267038;2018;2020;3
2025;3677;2018;2020;3
2025;1202573;2018;2020;3
2025;15783;2018;2020;3
2025;1261972;2018;2020;3
2025;12345;2018;2020;3
2025;1278877;2018;2020;3
2025;8554;2018;2020;3
2025;1421100;2018;2020;3
2025;90059;2018;2020;3
2025;1267038;2018;2020;3
2025;14615;2018;2020;3
2025;1190280;2018;2019;3
2025;1397771;2018;2020;3
2025;13453;2018;2020;3
2025;1190667;2018;2020;3
2025;2392;2018;2020;3
2025;1180318;2018;2020;3
2025;7837;2018;2019;3
2025;12692;2018;2020;3
2025;14725;2018;2020;3
2025;1427420;2018;2020;3
2025;74655;2018;2020;3
2025;1168313;2018;2020;3
2025;6496;2018;2020;3
2025;1107;2018;2020;3
2025;5001341;2018;2020;3
2025;1178672;2018;2020;3
2025;8437;2018;2019;3
2025;1216474;2018;2020;3
2025;90483;2018;2018;3
2025;1427420;2018;2021;3
2025;18594;2018;2019;4
2025;1190667;2018;2020;3
2025;74594;2018;2020;3
2025;8437;2018;2019;3
2025;1276878;2018;2019;3
2025;5001183;2018;2020;4
2025;1178672;2018;2020;3
2025;1419799;2018;2019;3
2025;107766;2018;2020;3
2025;20360;2018;2021;3
2025;1185076;2018;2019;3
2025;11233;2018;2020;3
2025;4082;2018;2020;3
2025;5000933;2018;2020;3
2025;39415;2018;2019;3
2025;12569;2018;2020;3
2025;1188127;2018;2020;3
2025;11114;2018;2020;3
2025;19850;2018;2021;3
2025;72663;2018;2020;3
2025;8437;2018;2019;3
2025;99476;2018;2020;3
2025;1427370;2018;2020;3
2025;10224;2018;2020;3
2025;1163738;2018;2020;3
2025;6496;2018;2020;3
2025;1178672;2018;2020;3
2025;1334344;2018;2020;3
2025;71859;2018;2020;3
2025;1146605;2018;2019;3
2025;74594;2018;2020;3
2025;1399478;2018;2020;3
2025;1399489;2018;2020;3
2025;18447;2018;2020;3
2025;1183958;2018;2019;3
2025;1216474;2018;2020;3
2025;20058;2018;2020;3
2025;97679;2018;2020;3
2025;71859;2018;2019;3
2025;1135207;2018;2020;3
2025;85652;2018;2020;3
2025;1192237;2018;2020;3
2025;5000979;2018;2020;3
2025;14615;2018;2020;3
2025;90059;2018;2020;3
2025;1163738;2018;2020;3
2025;1178524;2018;2020;3
2025;1184047;2018;2019;3
2025;5920;2018;2020;3
2025;1390309;2018;2020;3
2025;59414;2018;2020;3
2025;1485621;2018;2023;3
2025;72663;2018;2020;3
2025;54494;2018;2020;3
2025;1257777;2018;2021;3
2025;108884;2018;2020;3
2025;90059;2018;2020;3
2025;1109361;2018;2020;3
2025;1408505;2018;2020;3
2025;1163738;2018;2020;3
2025;57852;2018;2020;3
2025;1108786;2018;2020;3
2025;6496;2018;2020;3
2025;72663;2018;2020;3
2025;66248;2018;2020;3
2025;14093;2018;2020;3
2025;74594;2018;2020;3
2025;91219;2018;2020;3
2025;87941;2018;2020;3
2025;1178672;2018;2020;3
2025;98406;2018;2020;3
2025;1477973;2018;2020;3
2025;1109361;2018;2020;3
2025;1109361;2018;2020;3
2025;12970;2018;2020;1
2025;13286;2018;2019;3
2025;5909;2018;2020;3
2025;15783;2018;2020;3
2025;71859;2018;2020;3
2025;2918;2018;2019;3
2025;1483768;2018;2020;3
2025;59174;2018;2020;3
2025;1178524;2018;2020;3
2025;1399478;2018;2020;3
2025;1399618;2018;2020;4
2025;1185076;2018;2020;3
2025;9805;2018;2020;3
2025;7837;2018;2019;3
2025;1109361;2018;2020;3
2025;91219;2018;2020;3
2025;1399617;2018;2020;3
2025;1363536;2018;2020;3
2025;51835;2018;2020;3
2025;19434;2018;2020;3
2025;98406;2018;2020;3
2025;1188900;2018;2020;3
2025;5000979;2018;2020;3
2025;12970;2018;2020;1
2025;1178672;2018;2020;3
2025;1629;2018;2020;3
2025;19434;2018;2020;3
2025;18447;2018;2020;3
2025;11114;2018;2020;3
2025;11446;2018;2020;3
2025;80037;2018;2019;3
2025;1171609;2018;2020;3
2025;1408505;2018;2020;3
2025;1108153;2018;2020;1
2025;108884;2018;2020;3
2025;85652;2018;2020;3
2025;11233;2018;2020;3
2025;107766;2018;2020;3
2025;3677;2018;2020;3
2025;1163738;2018;2020;3
2025;1192188;2018;2020;3
2025;84352;2018;2020;3
2025;12345;2018;2020;3
2025;108882;2018;2021;3
2025;12569;2018;2019;3
2025;1050663;2018;2019;3
2025;1445016;2018;2018;3
2025;16236;2018;2020;3
2025;1216474;2018;2020;3
2025;93001;2018;2020;3
2025;389;2018;2019;1
2025;1321864;2018;2020;3
2025;97679;2018;2020;3
2025;1029204;2018;2020;3
2025;5001183;2018;2023;4
2025;98406;2018;2020;3
2025;1349675;2018;2020;3
2025;1438629;2018;2020;3
2025;13424;2018;2019;3
2025;1399614;2018;2020;4
2025;18594;2018;2020;4
2025;11114;2018;2020;3
2025;20360;2018;2020;3
2025;9988;2018;2019;3
2025;1438629;2018;2021;3
2025;11446;2018;2020;3
2025;12813;2018;2020;3
2025;64918;2018;2020;3
2025;1385538;2018;2019;3
2025;15783;2018;2020;3
2025;1168313;2018;2020;3
2025;1399484;2018;2020;3
2025;2695;2018;2020;3
2025;1179189;2018;2020;3
2025;13103;2018;2020;3
2025;1399481;2018;2020;3
2025;1408262;2018;2020;3
2025;1107;2018;2020;3
2025;9772;2018;2020;3
2025;13286;2018;2019;3
2025;1629;2018;2020;3
2025;1438629;2018;2020;3
2025;1390317;2018;2020;3
2025;108882;2018;2020;3
2025;1059179;2018;2020;3
2025;1427419;2018;2019;3
2025;1477973;2018;2019;3
2025;57402;2018;2020;3
2025;1427419;2018;2020;3
2025;8960;2018;2020;3
2025;90483;2018;2018;3
2025;1397772;2018;2020;3
2025;93001;2018;2020;3
2025;13103;2018;2019;3
2025;1399478;2018;2020;3
2025;100958;2018;2020;3
2025;9805;2018;2020;3
2025;389;2018;2019;1
2025;1185025;2018;2020;3
2025;7676;2018;2020;3
2025;72767;2018;2019;3
2025;4503;2018;2020;3
2025;98406;2018;2020;3
2025;84408;2018;2020;3
2025;11114;2018;2020;3
2025;13424;2018;2019;3
2025;9805;2018;2020;3
2025;1397773;2018;2020;3
2025;74655;2018;2020;3
2025;74594;2018;2020;3
2025;1108786;2018;2020;3
2025;1327450;2018;2020;3
2025;93001;2018;2020;3
2025;868;2018;2020;3
2025;1108281;2018;2020;3
2025;38071;2018;2020;3
2025;19850;2018;2019;3
2025;1486298;2018;2020;3
2025;74655;2018;2020;3
2025;10224;2018;2020;3
2025;57402;2018;2020;3
2025;1342536;2018;2020;3
2025;1486298;2018;2020;3
2025;108882;2018;2021;3
2025;14093;2018;2020;3
2025;868;2018;2020;3
2025;98406;2018;2020;3
2025;64918;2018;2020;3
2025;38071;2018;2020;3
2025;1189607;2018;2020;3
2025;66361;2018;2020;3
2025;107666;2018;2020;3
2025;1059179;2018;2020;3
2025;57402;2018;2020;3
2025;1267038;2018;2020;3
2025;8437;2018;2019;3
2025;101228;2018;2020;3
2025;13601;2018;2020;3
2025;72681;2018;2019;3
2025;1399480;2018;2020;3
2025;13286;2018;2019;3
2025;18447;2018;2020;3
2025;7676;2018;2020;3
2025;108884;2018;2020;3
2025;13453;2018;2020;3
2025;5345;2018;2020;3
2025;57402;2018;2020;3
2025;1184432;2018;2019;3
2025;7676;2018;2020;3
2025;1178524;2018;2020;3
2025;1180318;2018;2020;3
2025;9805;2018;2019;3
2025;1421100;2018;2020;3
2025;86356;2018;2020;3
2025;108884;2018;2020;3
2025;108882;2018;2020;3
2025;13601;2018;2020;3
2025;108884;2018;2020;3
2025;51835;2018;2020;3
2025;108882;2018;2020;3
2025;108882;2018;2020;3
2025;1399616;2018;2020;3
2025;108884;2018;2020;3
2025;1399478;2018;2020;3
2025;19206;2018;2020;4
2025;93001;2018;2020;3
2025;20249;2018;2020;3
2025;1184325;2018;2020;3
2025;4503;2018;2020;3
2025;19850;2018;2020;3
2025;1399478;2018;2020;3
2025;1059179;2018;2019;3
2025;5000979;2018;2020;3
2025;4503;2018;2020;3
2025;14359;2018;2020;3
2025;108884;2018;2019;3
2025;1189607;2018;2019;3
2025;108882;2018;2020;3
2025;108882;2018;2020;3
2025;1427419;2018;2020;3
2025;1189607;2018;2019;3
2025;7676;2018;2020;3
2025;5001341;2018;2020;3
2025;12692;2018;2020;3
2025;1202573;2018;2020;3
2025;1261972;2018;2020;3
2025;12692;2018;2020;3
2025;1421013;2018;2020;3
2025;1399479;2018;2020;3
2025;1317634;2018;2020;3
2025;86356;2018;2020;3
2025;72669;2018;2020;3
2025;6496;2018;2020;3
2025;12692;2018;2020;3
2025;72669;2018;2020;3
2025;64918;2018;2020;3
2025;7105;2018;2021;3
2025;120983;2018;2020;3
2025;19206;2018;2020;4
2025;7676;2018;2020;3
2025;18447;2018;2020;3
2025;11233;2018;2020;3
2025;108884;2018;2020;3
2025;11446;2018;2020;3
2025;1399489;2018;2020;3
2025;1399486;2018;2020;3
2025;9988;2018;2020;3
2025;108884;2018;2020;3
2025;72667;2018;2020;3
2025;72667;2018;2020;3
2025;1104264;2018;2020;3
2025;86356;2018;2020;3
2025;98406;2018;2020;3
2025;10224;2018;2020;3
2025;303;2018;2019;1
2025;84352;2018;2020;3
2025;1399478;2018;2022;3
2025;1408507;2018;2020;3
2025;1399480;2018;2020;3
2025;18447;2018;2020;3
2025;20249;2018;2021;3
2025;7837;2018;2019;3
2025;59414;2018;2020;3
2025;1107;2018;2020;3
2025;86356;2018;2020;3
2025;37304;2018;2020;4
2025;54490;2018;2019;3
2025;108884;2018;2020;3
2025;13723;2018;2019;3
2025;58412;2018;2020;3
2025;12692;2018;2020;3
2025;108884;2018;2020;3
2025;1421013;2018;2019;3
2025;5000930;2018;2020;3
2025;1173014;2018;2019;3
2025;7105;2018;2020;3
2025;72669;2018;2020;3
2025;1257524;2018;2020;4
2025;71689;2018;2020;3
2025;1408505;2018;2019;3
2025;1180318;2018;2020;3
2025;1438629;2018;2020;3
2025;1178672;2018;2020;3
2025;108884;2018;2020;3
2025;5000930;2018;2020;1
2025;86356;2018;2020;3
2025;86356;2018;2020;3
2025;1185903;2018;2020;3
2025;9996;2018;2020;3
2025;1427370;2018;2020;3
2025;12569;2018;2020;3
2025;1136509;2018;2020;3
2025;107666;2018;2020;3
2025;15343;2018;2020;3
2025;59414;2018;2021;3
2025;1068548;2018;2019;3
2025;1183313;2018;2020;3
2025;98406;2018;2020;3
2025;1136509;2018;2020;3
2025;100956;2018;2020;3
2025;90483;2018;2018;3
2025;1295813;2018;2020;3
2025;1317634;2018;2020;3
2025;4503;2018;2020;3
2025;10224;2018;2020;3
2025;59414;2018;2020;3
2025;1192237;2018;2020;3
2025;1184047;2018;2019;3
2025;72681;2018;2020;3
2025;1109361;2018;2020;3
2025;1295813;2018;2020;3
2025;1725;2018;2020;3
2025;6711;2018;2020;3
2025;108884;2018;2022;3
2025;11446;2018;2020;3
2025;108884;2018;2020;3
2025;1163738;2018;2020;3
2025;72667;2018;2020;3
2025;86288;2018;2021;3
2025;108884;2018;2020;3
2025;98506;2018;2019;3
2025;1438629;2018;2020;3
2025;108884;2018;2020;3
2025;7676;2018;2020;3
2025;1200712;2018;2020;3
2025;13601;2018;2020;3
2025;16236;2018;2020;3
2025;1163738;2018;2019;3
2025;1349675;2018;2020;3
2025;9772;2018;2020;3
2025;100958;2018;2020;3
2025;120983;2018;2020;3
2025;14359;2018;2020;3
2025;7676;2018;2020;3
2025;18594;2018;2020;4
2025;15475;2018;2020;1
2025;8554;2018;2020;3
2025;13424;2018;2019;3
2025;72667;2018;2020;3
2025;1188900;2018;2020;3
2025;1183958;2018;2019;3
2025;9996;2018;2020;3
2025;1202573;2018;2020;3
2025;1109361;2018;2020;3
2025;1109361;2018;2020;3
2025;1109361;2018;2020;3
2025;107766;2018;2020;3
2025;1427419;2018;2020;3
2025;9996;2018;2020;3
2025;9996;2018;2020;3
2025;12;2018;2017;3
2025;1295813;2018;2020;3
2025;100956;2018;2020;3
2025;84352;2018;2020;3
2025;19294;2018;2020;3
2025;9772;2018;2020;3
2025;7676;2018;2020;3
2025;87941;2018;2020;3
2025;389;2018;2019;1
2025;1486298;2018;2020;3
2025;12015;2018;2020;3
2025;84352;2018;2020;3
2025;107666;2018;2020;3
2025;99476;2018;2020;3
2025;1321864;2018;2020;3
2025;74655;2018;2020;3
2025;1272168;2018;2020;3
2025;79007;2018;2021;3
2025;1399486;2018;2020;3
2025;5000981;2018;2020;3
2025;1029204;2018;2020;3
2025;5001183;2018;2020;4
2025;1385538;2018;2020;3
2025;1107;2018;2020;3
2025;14563;2018;2020;3
2025;74655;2018;2020;3
2025;86356;2018;2021;3
2025;1029204;2018;2020;3
2025;74655;2018;2020;3
2025;1321864;2018;2020;3
2025;1104264;2018;2020;3
2025;8698;2018;2020;3
2025;6496;2018;2020;3
2025;5000930;2018;2020;1
2025;1184325;2018;2020;3
2025;108884;2018;2020;3
2025;4503;2018;2020;3
2025;5000979;2018;2020;3
2025;1390311;2018;2020;3
2025;6496;2018;2020;3
2025;15475;2018;2020;1
2025;108884;2018;2020;3
2025;100958;2018;2020;3
2025;74594;2018;2020;3
2025;19086;2018;2020;3
2025;108884;2018;2020;3
2025;8698;2018;2020;3
2025;4503;2018;2020;3
2025;9772;2018;2020;3
2025;91219;2018;2020;3
2025;8698;2018;2020;3
2025;12970;2018;2020;1
2025;1188900;2018;2020;3
2025;1216474;2018;2020;3
2025;1202573;2018;2020;3
2025;1295813;2018;2020;3
2025;108884;2018;2020;3
2025;72667;2018;2020;3
2025;97679;2018;2019;3
2025;1107;2018;2020;3
2025;97679;2018;2020;3
2025;108884;2018;2020;3
2025;9772;2018;2020;3
2025;74594;2018;2020;3
2025;1257524;2018;2020;4
2025;1029204;2018;2020;3
2025;98409;2018;2020;3
2025;1487491;2018;2020;3
2025;5000979;2018;2020;3
2025;5001183;2018;2020;3
2025;9772;2018;2020;3
2025;6496;2018;2020;3
2025;1399486;2018;2020;3
2025;4503;2018;2020;3
2025;1399489;2018;2020;3
2025;14615;2018;2019;3
2025;4082;2018;2020;3
2025;87941;2018;2021;3
2025;74655;2018;2020;3
2025;12569;2018;2019;3
2025;1629;2018;2020;3
2025;1136509;2018;2020;3
2025;1202553;2018;2019;3
2025;108882;2018;2020;3
2025;74655;2018;2020;3
2025;1408259;2018;2020;3
2025;108884;2018;2020;3
2025;74655;2018;2020;3
2025;13286;2018;2019;3
2025;1439;2018;2020;3
2025;1390311;2018;2020;3
2025;108884;2018;2020;3
2025;74655;2018;2020;3
2025;1399477;2018;2022;3
2025;1399477;2018;2020;3
2025;7105;2018;2020;3
2025;18447;2018;2020;3
2025;13103;2018;2020;3
2025;4503;2018;2020;3
2025;57402;2018;2020;3
2025;9772;2018;2020;3
2025;14563;2018;2020;3
2025;9772;2018;2020;3
2025;1190667;2018;2020;3
2025;87941;2018;2022;3
2025;5000980;2018;2020;3
2025;18447;2018;2020;3
2025;1399614;2018;2020;4
2025;1185025;2018;2020;3
2025;1421100;2018;2020;3
2025;85652;2018;2020;3
2025;1191415;2018;2020;3
2025;1406536;2018;2020;3
2025;108884;2018;2020;3
2025;12015;2018;2020;3
2025;87941;2018;2020;3
2025;9772;2018;2020;3
2025;1390311;2018;2020;3
2025;1180318;2018;2020;3
2025;90091;2018;2020;3
2025;19294;2018;2020;3
2025;74655;2018;2020;3
2025;13424;2018;2019;3
2025;90091;2018;2020;3
2025;113504;2018;2020;3
2025;14615;2018;2020;3
2025;1108786;2018;2020;3
2025;6711;2018;2020;3
2025;1136509;2018;2021;3
2025;389;2018;2019;1
2025;5000812;2018;2020;3
2025;90059;2018;2020;3
2025;9988;2018;2020;3
2025;1171609;2018;2020;3
2025;1184047;2018;2020;3
2025;74655;2018;2020;3
2025;1453564;2018;2020;3
2025;108884;2018;2020;3
2025;100958;2018;2020;3
2025;1629;2018;2020;3
2025;1453564;2018;2020;3
2025;72669;2018;2019;3
2025;74655;2018;2020;3
2025;5000933;2018;2020;3
2025;12569;2018;2020;3
2025;87941;2018;2020;3
2025;1477973;2018;2020;3
2025;6711;2018;2020;3
2025;79007;2018;2019;3
2025;5920;2018;2020;3
2025;1258021;2018;2021;3
2025;99476;2018;2020;3
2025;57852;2018;2020;3
2025;107766;2018;2020;3
2025;9996;2018;2020;3
2025;19206;2018;2020;4
2025;1292713;2018;2019;3
2025;1202553;2018;2019;3
2025;2392;2018;2020;3
2025;10289;2018;2020;3
2025;1276878;2018;2019;3
2025;1385538;2018;2019;3
2025;12813;2018;2019;3
2025;8437;2018;2019;3
2025;79007;2018;2020;3
2025;84352;2018;2020;3
2025;10591;2018;2020;3
2025;84352;2018;2020;3
2025;13103;2018;2020;3
2025;9805;2018;2020;3
2025;7676;2018;2021;3
2025;72663;2018;2020;3
2025;1029204;2018;2020;3
2025;87941;2018;2020;3
2025;1171609;2018;2020;3
2025;7676;2018;2020;3
2025;1438629;2018;2020;3
2025;5000001;2018;2022;3
2025;11233;2018;2020;3
2025;48854;2018;2020;3
2025;1168313;2018;2020;3
2025;868;2018;2020;3
2025;11233;2018;2019;3
2025;108884;2018;2020;3
2025;91219;2018;2020;3
2025;1193275;2018;2020;3
2025;1192047;2018;2020;3
2025;1408507;2018;2020;3
2025;1108786;2018;2020;3
2025;57852;2018;2020;3
2025;91399;2018;2020;3
2025;20249;2018;2020;3
2025;1258021;2018;2020;3
2025;12569;2018;2019;3
2025;65924;2018;2019;3
2025;5001300;2018;2020;3
2025;1185903;2018;2021;3
2025;1108281;2018;2020;3
2025;5000979;2018;2020;3
2025;74655;2018;2020;3
2025;5000979;2018;2020;3
2025;4082;2018;2020;3
2025;74594;2018;2020;3
2025;18594;2018;2020;4
2025;72681;2018;2020;3
2025;1399486;2018;2020;3
2025;1385538;2018;2020;3
2025;9996;2018;2020;3
2025;87941;2018;2020;3
2025;6711;2018;2020;3
2025;7105;2018;2020;3
2025;11233;2018;2020;3
2025;1185903;2018;2020;3
2025;16904;2018;2020;3
2025;13453;2018;2019;3
2025;5920;2018;2020;3
2025;98406;2018;2020;3
2025;1408259;2018;2021;3
2025;1397772;2018;2020;3
2025;90084;2018;2020;3
2025;18447;2018;2020;3
2025;13453;2018;2020;3
2025;8698;2018;2020;3
2025;100956;2018;2020;3
2025;20249;2018;2020;3
2025;98506;2018;2020;3
2025;11446;2018;2020;3
2025;4082;2018;2020;3
2025;75821;2018;2019;3
2025;1453564;2018;2020;3
2025;84352;2018;2020;3
2025;1399480;2018;2020;3
2025;1330031;2018;2020;3
2025;1457006;2018;2019;3
2025;10222;2018;2020;3
2025;48854;2018;2020;3
2025;57852;2018;2020;3
2025;1399486;2018;2020;3
2025;7705;2018;2020;3
2025;108882;2018;2020;3
2025;1397771;2018;2020;3
2025;107666;2018;2020;3
2025;1257562;2018;2020;3
2025;1108281;2018;2020;3
2025;1421013;2018;2020;3
2025;91219;2018;2020;3
2025;19850;2018;2020;3
2025;1264844;2018;2020;3
2025;19850;2018;2020;3
2025;8437;2018;2020;3
2025;74655;2018;2020;3
2025;91219;2018;2020;3
2025;72669;2018;2022;3
2025;1163738;2018;2020;3
2025;12569;2018;2019;3
2025;1200578;2018;2020;3
2025;60660;2018;2020;3
2025;389;2018;2019;1
2025;10222;2018;2020;3
2025;1477973;2018;2020;3
2025;13453;2018;2020;3
2025;12569;2018;2020;3
2025;72667;2018;2020;3
2025;64918;2018;2020;3
2025;103596;2018;2020;3
2025;11114;2018;2020;3
2025;85652;2018;2020;3
2025;11114;2018;2020;3
2025;1108786;2018;2020;3
2025;4082;2018;2020;3
2025;19294;2018;2020;3
2025;1108786;2018;2020;3
2025;1184060;2018;2019;3
2025;1321864;2018;2020;3
2025;1107;2018;2020;3
2025;1068548;2018;2019;3
2025;107766;2018;2020;3
2025;103596;2018;2020;3
2025;1399616;2018;2020;3
2025;3148;2018;2020;3
2025;7105;2018;2020;3
2025;1399486;2018;2020;3
2025;1629;2018;2020;3
2025;12692;2018;2020;3
2025;12970;2018;2020;1
2025;1191415;2018;2020;3
2025;1725;2018;2020;3
2025;4503;2018;2020;3
2025;1184432;2018;2019;3
2025;1399616;2018;2020;3
2025;98506;2018;2020;3
2025;1190667;2018;2020;3
2025;1317634;2018;2020;3
2025;10289;2018;2020;3
2025;1136509;2018;2020;3
2025;99476;2018;2021;3
2025;72669;2018;2020;3
2025;15783;2018;2019;3
2025;1397771;2018;2020;3
2025;54494;2018;2020;3
2025;107666;2018;2020;3
2025;5001300;2018;2020;3
2025;868;2018;2020;3
2025;84352;2018;2020;3
2025;6496;2018;2020;3
2025;59174;2018;2022;3
2025;5000979;2018;2020;3
2025;13424;2018;2019;3
2025;5001450;2018;2020;3
2025;1406536;2018;2019;3
2025;1477973;2018;2020;3
2025;9805;2018;2020;3
2025;72669;2018;2020;3
2025;18594;2018;2019;4
2025;1258021;2018;2019;3
2025;5000979;2018;2020;3
2025;5001466;2018;2020;3
2025;19206;2018;2020;4
2025;14093;2018;2020;3
2025;85652;2018;2020;3
2025;1427419;2018;2019;3
2025;10224;2018;2020;3
2025;5909;2018;2020;3
2025;107666;2018;2020;3
2025;39415;2018;2020;3
2025;1108786;2018;2020;3
2025;4503;2018;2020;3
2025;99476;2018;2021;3
2025;99476;2018;2021;3
2025;6496;2018;2020;3
2025;1408262;2018;2020;3
2025;1390317;2018;2020;3
2025;1188900;2018;2020;3
2025;59174;2018;2019;3
2025;72675;2018;2019;3
2025;1438629;2018;2021;3
2025;90483;2018;2018;3
2025;99476;2018;2020;2
2025;9996;2018;2020;3
2025;72669;2018;2020;3
2025;1029204;2018;2020;3
2025;5920;2018;2020;3
2025;19206;2018;2020;4
2025;1136509;2018;2020;3
2025;98406;2018;2019;3
2025;11316;2018;2020;3
2025;14563;2018;2020;3
2025;1408262;2018;2020;3
2025;1146605;2018;2019;3
2025;72669;2018;2019;3
2025;72681;2018;2020;3
2025;1427419;2018;2020;3
2025;1399486;2018;2020;3
2025;74655;2018;2020;3
2025;18594;2018;2020;4
2025;65114;2018;2020;3
2025;1477973;2018;2020;3
2025;74655;2018;2020;3
2025;1295813;2018;2020;3
2025;14563;2018;2020;3
2025;5000930;2018;2020;1
2025;74655;2018;2020;3
2025;1029204;2018;2020;3
2025;18594;2018;2020;4
2025;12015;2018;2020;3
2025;11233;2018;2020;3
2025;1192047;2018;2021;3
2025;12813;2018;2020;3
2025;1487491;2018;2020;3
2025;5000933;2018;2020;3
2025;1421100;2018;2020;3
2025;1179501;2018;2020;3
2025;98406;2018;2020;3
2025;11114;2018;2020;3
2025;9988;2018;2020;3
2025;74655;2018;2020;3
2025;11233;2018;2020;3
2025;93001;2018;2020;3
2025;51835;2018;2020;3
2025;1399486;2018;2020;3
2025;5001300;2018;2020;3
2025;11233;2018;2020;3
2025;98506;2018;2020;3
2025;12692;2018;2020;3
2025;20360;2018;2020;3
2025;72681;2018;2020;3
2025;2392;2018;2020;3
2025;72767;2018;2020;3
2025;1257777;2018;2020;3
2025;15475;2018;2020;1
2025;107766;2018;2020;3
2025;1421100;2018;2020;3
2025;60660;2018;2020;3
2025;11114;2018;2020;3
2025;7676;2018;2020;3
2025;1261971;2018;2020;3
2025;12970;2018;2021;1
2025;71689;2018;2020;3
2025;5001294;2018;2020;3
2025;10289;2018;2020;3
2025;97679;2018;2020;3
2025;90483;2018;2018;3
2025;85652;2018;2020;3
2025;84352;2018;2020;3
2025;98406;2018;2020;3
2025;1183958;2018;2019;3
2025;1276878;2018;2019;3
2025;1136509;2018;2020;3
2025;18447;2018;2019;3
2025;1163738;2018;2020;3
2025;1278877;2018;2020;3
2025;4503;2018;2019;3
2025;1261971;2018;2020;3
2025;4720;2018;2020;3
2025;1029204;2018;2020;3
2025;74655;2018;2020;3
2025;3677;2018;2020;3
2025;2392;2018;2020;3
2025;1163738;2018;2019;3
2025;1408505;2018;2020;3
2025;1029204;2018;2020;3
2025;10289;2018;2020;3
2025;1342536;2018;2021;3
2025;98406;2018;2020;3
2025;1278877;2018;2020;3
2025;39415;2018;2020;3
2025;7837;2018;2019;3
2025;15343;2018;2020;3
2025;7414;2018;2020;3
2025;72681;2018;2020;3
2025;13424;2018;2019;3
2025;13286;2018;2019;3
2025;1421100;2018;2020;3
2025;5920;2018;2020;3
2025;5001341;2018;2020;3
2025;11446;2018;2020;3
2025;1448710;2018;2020;3
2025;3677;2018;2020;3
2025;6496;2018;2020;3
2025;85652;2018;2020;3
2025;85586;2018;2019;3
2025;1257777;2018;2021;3
2025;20058;2018;2020;3
2025;9326;2018;2020;1
2025;100958;2018;2020;3
2025;1421013;2018;2020;3
2025;10591;2018;2020;3
2025;1178524;2018;2020;3
2025;101228;2018;2020;3
2025;4720;2018;2020;3
2025;1200578;2018;2020;3
2025;1184047;2018;2020;3
2025;12970;2018;2020;1
2025;5000933;2018;2020;3
2025;7676;2018;2019;3
2025;1421100;2018;2020;3
2025;1399618;2018;2020;4
2025;5000933;2018;2020;3
2025;5001183;2018;2020;3
2025;1399486;2018;2020;3
2025;100958;2018;2020;3
2025;1397771;2018;2020;3
2025;99476;2018;2021;3
2025;4082;2018;2020;3
2025;1397772;2018;2020;3
2025;13424;2018;2019;3
2025;64918;2018;2020;3
2025;5909;2018;2020;3
2025;3677;2018;2020;3
2025;14975;2018;2020;3
2025;15343;2018;2020;3
2025;5000812;2018;2019;3
2025;75821;2018;2019;3
2025;8698;2018;2020;3
2025;1330031;2018;2020;3
2025;1399618;2018;2020;4
2025;7676;2018;2020;3
2025;5920;2018;2020;3
2025;1109361;2018;2020;3
2025;1427419;2018;2020;3
2025;79007;2018;2020;3
2025;14234;2018;2020;3
2025;1399478;2018;2020;3
2025;72767;2018;2020;3
2025;1399484;2018;2020;3
2025;5920;2018;2020;3
2025;20058;2018;2020;3
2025;1109361;2018;2020;3
2025;1292725;2018;2019;3
2025;1136509;2018;2020;3
2025;1879;2018;2020;3
2025;90091;2018;2020;3
2025;5000930;2018;2020;1
2025;11114;2018;2020;3
2025;11446;2018;2020;3
2025;66361;2018;2020;3
2025;8960;2018;2020;3
2025;1330031;2018;2020;3
2025;5000979;2018;2020;3
2025;4503;2018;2020;3
2025;14725;2018;2020;3
2025;74655;2018;2020;3
2025;8698;2018;2020;3
2025;5920;2018;2020;3
2025;12970;2018;2020;1
2025;9988;2018;2019;3
2025;1135207;2018;2020;3
2025;1317634;2018;2020;3
2025;1439;2018;2020;3
2025;11446;2018;2020;3
2025;12015;2018;2020;3
2025;1136509;2018;2020;3
2025;11233;2018;2020;3
2025;66361;2018;2020;3
2025;12813;2018;2020;3
2025;12692;2018;2020;3
2025;1136509;2018;2020;3
2025;13601;2018;2020;3
2025;12345;2018;2020;3
2025;57402;2018;2020;3
2025;1629;2018;2020;3
2025;1050663;2018;2019;3
2025;8698;2018;2020;3
2025;98406;2018;2021;3
2025;1295813;2018;2020;3
2025;5000930;2018;2020;3
2025;1399480;2018;2020;3
2025;84352;2018;2019;3
2025;84352;2018;2020;3
2025;14359;2018;2020;3
2025;1136509;2018;2020;3
2025;5000930;2018;2020;3
2025;1321864;2018;2020;3
2025;1136509;2018;2020;3
2025;5000930;2018;2020;1
2025;1457707;2018;2020;4
2025;15343;2018;2020;3
2025;90059;2018;2020;3
2025;4503;2018;2020;3
2025;2918;2018;2019;3
2025;80037;2018;2019;3
2025;5000812;2018;2020;3
2025;14234;2018;2020;3
2025;1029204;2018;2020;3
2025;1257562;2018;2020;3
2025;100958;2018;2019;3
2025;9988;2018;2020;3
2025;1050663;2018;2020;3
2025;1363536;2018;2020;3
2025;1202547;2018;2019;3
2025;7705;2018;2020;3
2025;15475;2018;2019;1
2025;1107;2018;2020;3
2025;2392;2018;2020;3
2025;13286;2018;2019;3
2025;12;2018;2020;3
2025;13286;2018;2019;3
2025;7837;2018;2019;3
2025;7414;2018;2020;3
2025;12;2018;2020;3
2025;1109361;2018;2020;3
2025;4720;2018;2020;3
2025;2695;2018;2020;3
2025;1109361;2018;2020;3
2025;8698;2018;2020;3
2025;8554;2018;2020;3
2025;100958;2018;2020;3
2025;57852;2018;2020;3
2025;150039;2018;2019;3
2025;1136509;2018;2020;3
2025;93001;2018;2020;3
2025;1397772;2018;2019;3
2025;14234;2018;2020;3
2025;1136509;2018;2020;3
2025;90483;2018;2018;3
2025;19850;2018;2020;3
2025;90483;2018;2018;3
2025;60660;2018;2020;3
2025;11114;2018;2020;3
2025;1183958;2018;2019;3
2025;12813;2018;2019;3
2025;49060;2018;2020;3
2025;5000001;2018;2022;3
2025;1419799;2018;2020;3
2025;15475;2018;2020;1
2025;8698;2018;2020;3
2025;1295813;2018;2020;3
2025;1408505;2018;2020;3
2025;13723;2018;2020;3
2025;1427419;2018;2019;3
2025;1029204;2018;2020;3
2025;1257562;2018;2020;3
2025;1278877;2018;2020;3
2025;8698;2018;2020;3
2025;6711;2018;2020;3
2025;100958;2018;2020;3
2025;1427419;2018;2019;3
2025;71859;2018;2020;3
2025;14563;2018;2020;3
2025;1427419;2018;2020;3
2025;1427419;2018;2020;3
2025;1334344;2018;2020;3
2025;1163738;2018;2019;3
2025;1188900;2018;2020;3
2025;1257524;2018;2020;4
2025;1136509;2018;2020;3
2025;5000979;2018;2020;3
2025;12970;2018;2020;1
2025;12813;2018;2020;3
2025;1477973;2018;2020;3
2025;8698;2018;2020;3
2025;93001;2018;2020;3
2025;10224;2018;2020;3
2025;8437;2018;2020;3
2025;13601;2018;2020;3
2025;1295813;2018;2020;3
2025;5909;2018;2020;3
2025;1399479;2018;2020;3
2025;7105;2018;2020;3
2025;1427419;2018;2020;3
2025;1136509;2018;2020;3
2025;5000981;2018;2020;3
2025;12569;2018;2020;3
2025;5000979;2018;2020;3
2025;86288;2018;2020;3
2025;18594;2018;2019;4
2025;1439;2018;2020;3
2025;1363536;2018;2020;3
2025;1180318;2018;2020;3
2025;19086;2018;2020;3
2025;1135207;2018;2020;3
2025;8698;2018;2020;3
2025;12569;2018;2020;3
2025;90483;2018;2018;3
2025;1399477;2018;2020;3
2025;1108281;2018;2020;3
2025;19434;2018;2020;3
2025;5909;2018;2020;3
2025;14359;2018;2020;3
2025;91219;2018;2020;3
2025;13286;2018;2019;3
2025;19434;2018;2020;3
2025;5000981;2018;2020;3
2025;5000981;2018;2020;3
2025;16236;2018;2020;3
2025;16236;2018;2020;3
2025;37304;2018;2022;4
2025;1486298;2018;2020;3
2025;1184432;2018;2020;3
2025;1292713;2018;2019;3
2025;10224;2018;2020;3
2025;64706;2018;2020;3
2025;5000981;2018;2020;3
2025;75821;2018;2019;3
2025;5001427;2018;2020;3
2025;72667;2018;2019;3
2025;12970;2018;2020;1
2025;1477973;2018;2019;3
2025;108884;2018;2020;3
2025;98506;2018;2020;3
2025;72669;2018;2020;3
2025;5001466;2018;2020;3
2025;72681;2018;2020;3
2025;1214209;2018;2020;3
2025;90483;2018;2018;3
2025;12970;2018;2020;1
2025;9988;2018;2019;3
2025;5001427;2018;2023;3
2025;8960;2018;2020;3
2025;87941;2018;2020;3
2025;100958;2018;2020;3
2025;8960;2018;2020;3
2025;18447;2018;2020;3
2025;99476;2018;2021;3
2025;1180318;2018;2020;3
2025;11114;2018;2020;3
2025;5909;2018;2020;3
2025;87537;2018;2020;3
2025;1135207;2018;2020;3
2025;1483759;2018;2021;3
2025;13601;2018;2020;3
2025;65114;2018;2021;3
2025;1342449;2018;2020;3
2025;14093;2018;2020;3
2025;19206;2018;2019;4
2025;13286;2018;2019;3
2025;1192188;2018;2019;3
2025;1408507;2018;2019;3
2025;72675;2018;2019;3
2025;18447;2018;2020;3
2025;5000981;2018;2020;3
2025;1200578;2018;2020;3
2025;1321864;2018;2020;3
2025;18472;2018;2020;3
2025;1136509;2018;2020;3
2025;1390311;2018;2020;3
2025;98406;2018;2020;3
2025;5000978;2018;2020;3
2025;1408505;2018;2020;3
2025;1349675;2018;2020;3
2025;1408505;2018;2020;3
2025;1108786;2018;2020;3
2025;1185903;2018;2020;3
2025;6496;2018;2020;3
2025;5000930;2018;2020;3
2025;1439;2018;2020;3
2025;59174;2018;2023;3
2025;14359;2018;2020;3
2025;1399481;2018;2020;3
2025;14093;2018;2020;3
2025;84352;2018;2020;3
2025;84352;2018;2020;3
2025;14093;2018;2020;3
2025;1292713;2018;2020;3
2025;1629;2018;2020;3
2025;5000979;2018;2020;3
2025;1216474;2018;2021;3
2025;2918;2018;2019;3
2025;1427420;2018;2020;3
2025;85586;2018;2019;3
2025;9805;2018;2020;3
2025;1342536;2018;2020;3
2025;72681;2018;2021;3
2025;1180318;2018;2020;3
2025;18447;2018;2020;3
2025;85652;2018;2020;3
2025;14234;2018;2020;3
2025;1317634;2018;2020;3
2025;1184432;2018;2020;3
2025;108014;2018;2021;3
2025;12970;2018;2020;1
2025;11114;2018;2019;3
2025;1180318;2018;2020;3
2025;1136509;2018;2020;3
2025;758;2018;2020;3
2025;4720;2018;2020;3
2025;84408;2018;2020;3
2025;5000930;2018;2020;3
2025;12569;2018;2020;3
2025;10224;2018;2020;3
2025;1278877;2018;2020;3
2025;1184432;2018;2019;3
2025;13200;2018;2020;3
2025;12692;2018;2020;3
2025;38071;2018;2020;3
2025;1399480;2018;2020;3
2025;19850;2018;2020;3
2025;9772;2018;2020;3
2025;1202588;2018;2019;3
2025;1188900;2018;2020;3
2025;389;2018;2019;1
2025;9772;2018;2020;3
2025;15475;2018;2020;1
2025;1629;2018;2020;3
2025;1136509;2018;2020;3
2025;9772;2018;2020;3
2025;5001300;2018;2021;3
2025;79007;2018;2020;3
2025;8554;2018;2020;3
2025;1189778;2018;2020;3
2025;9772;2018;2020;3
2025;9772;2018;2020;3
2025;1453564;2018;2019;3
2025;12692;2018;2020;3
2025;59174;2018;2020;3
2025;1439;2018;2019;3
2025;14093;2018;2020;3
2025;1342449;2018;2020;3
2025;90483;2018;2018;3
2025;1191415;2018;2020;3
2025;5001300;2018;2020;3
2025;9772;2018;2020;3
2025;7414;2018;2020;3
2025;1261972;2018;2020;3
2025;1295813;2018;2020;4
2025;9772;2018;2020;3
2025;5001300;2018;2020;3
2025;13286;2018;2019;3
2025;5000979;2018;2020;3
2025;1108153;2018;2020;1
2025;1438629;2018;2021;3
2025;5000978;2018;2020;3
2025;19294;2018;2021;3
2025;7676;2019;2020;3
2025;1390309;2019;2020;3
2025;7414;2019;2020;3
2025;1214209;2019;2020;3
2025;1136509;2019;2020;3
2025;121850;2019;2020;3
2025;20249;2019;2020;3
2025;1321864;2019;2020;3
2025;1408259;2019;2021;3
2025;20249;2019;2020;3
2025;2918;2019;2020;3
2025;7414;2019;2020;3
2025;1427419;2019;2020;3
2025;1171609;2019;2020;3
2025;140;2019;2020;3
2025;140;2019;2020;3
2025;5000980;2019;2020;3
2025;72767;2019;2020;3
2025;90059;2019;2020;3
2025;1200712;2019;2020;3
2025;100958;2019;2020;3
2025;99476;2019;2021;3
2025;1421013;2019;2020;3
2025;5345;2019;2020;3
2025;1168313;2019;2020;3
2025;8437;2019;2020;3
2025;13996;2019;2020;1
2025;1399486;2019;2020;3
2025;99476;2019;2020;3
2025;1029204;2019;2020;3
2025;1408505;2019;2020;3
2025;108884;2019;2020;3
2025;1399616;2019;2020;3
2025;10224;2019;2020;3
2025;1453564;2019;2020;3
2025;1455021;2019;2020;3
2025;7414;2019;2020;3
2025;1399480;2019;2020;3
2025;7676;2019;2020;3
2025;57402;2019;2020;3
2025;87537;2019;2020;3
2025;91219;2019;2020;3
2025;1184432;2019;2020;3
2025;1166567;2019;2023;3
2025;5001183;2019;2020;3
2025;18594;2019;2020;4
2025;1200578;2019;2020;3
2025;1184325;2019;2020;3
2025;7414;2019;2020;3
2025;13996;2019;2020;1
2025;1173014;2019;2020;3
2025;1453564;2019;2020;3
2025;7414;2019;2020;3
2025;7414;2019;2020;3
2025;1453564;2019;2020;3
2025;1448710;2019;2020;3
2025;7414;2019;2020;3
2025;75821;2019;2020;3
2025;86356;2019;2020;3
2025;5001101;2019;2020;3
2025;15475;2019;2020;1
2025;65924;2019;2019;3
2025;1408507;2019;2020;3
2025;1408261;2019;2020;3
2025;12345;2019;2020;3
2025;1173014;2019;2020;3
2025;1408505;2019;2020;3
2025;5000979;2019;2020;3
2025;8437;2019;2020;3
2025;6711;2019;2019;3
2025;7414;2019;2020;3
2025;20249;2019;2020;3
2025;7105;2019;2020;3
2025;7414;2019;2020;3
2025;86356;2019;2020;3
2025;13996;2019;2020;1
2025;1438629;2019;2020;3
2025;7414;2019;2020;3
2025;9996;2019;2020;3
2025;51835;2019;2020;3
2025;71859;2019;2020;3
2025;7414;2019;2020;3
2025;84352;2019;2020;3
2025;4503;2019;2020;3
2025;1029204;2019;2020;3
2025;5000979;2019;2020;3
2025;7414;2019;2020;3
2025;1408261;2019;2020;3
2025;79007;2019;2020;3
2025;1173014;2019;2020;3
2025;1408505;2019;2020;3
2025;1173014;2019;2019;3
2025;3677;2019;2020;3
2025;1173014;2019;2019;3
2025;6711;2019;2020;3
2025;91219;2019;2020;3
2025;6711;2019;2019;3
2025;5000979;2019;2020;3
2025;7414;2019;2020;3
2025;1173014;2019;2019;3
2025;1173014;2019;2020;3
2025;1408505;2019;2020;3
2025;1445016;2019;2020;3
2025;19294;2019;2024;3
2025;1179501;2019;2021;3
2025;5000980;2019;2020;3
2025;1292917;2019;2020;3
2025;1408505;2019;2020;3
2025;84408;2019;2020;3
2025;86288;2019;2020;3
2025;2918;2019;2020;3
2025;72681;2019;2020;3
2025;39415;2019;2020;3
2025;5000841;2019;2020;3
2025;1173014;2019;2019;3
2025;1109361;2019;2020;3
2025;86288;2019;2020;3
2025;1453564;2019;2020;3
2025;6711;2019;2019;3
2025;13996;2019;2020;1
2025;74655;2019;2020;3
2025;5000930;2019;2020;3
2025;2918;2019;2020;3
2025;107666;2019;2020;3
2025;1184047;2019;2020;3
2025;2348;2019;2020;3
2025;5001183;2019;2020;3
2025;75821;2019;2020;3
2025;1399486;2019;2020;3
2025;107766;2019;2020;3
2025;5000930;2019;2020;3
2025;1385538;2019;2020;3
2025;1453564;2019;2020;3
2025;12;2019;2020;3
2025;98406;2019;2020;3
2025;19294;2019;2020;3
2025;72767;2019;2020;3
2025;5000981;2019;2020;3
2025;1399481;2019;2020;3
2025;86356;2019;2020;3
2025;86356;2019;2020;3
2025;1453564;2019;2020;3
2025;1455021;2019;2020;3
2025;5000812;2019;2020;3
2025;1399486;2019;2019;3
2025;13996;2019;2020;1
2025;100958;2019;2020;3
2025;1421013;2019;2020;3
2025;72767;2019;2020;3
2025;59414;2019;2020;3
2025;4720;2019;2020;3
2025;91219;2019;2020;3
2025;5000001;2019;2020;3
2025;5000979;2019;2020;3
2025;5000981;2019;2020;3
2025;5000981;2019;2020;3
2025;1168313;2019;2020;3
2025;64918;2019;2020;3
2025;74594;2019;2022;3
2025;19294;2019;2020;3
2025;65924;2019;2019;3
2025;86356;2019;2020;3
2025;5000930;2019;2020;3
2025;19294;2019;2019;3
2025;140;2019;2020;3
2025;74655;2019;2020;3
2025;72767;2019;2020;3
2025;1173014;2019;2020;3
2025;90084;2019;2020;3
2025;108014;2019;2020;3
2025;1173014;2019;2020;3
2025;1173014;2019;2020;3
2025;1173014;2019;2020;3
2025;1173014;2019;2020;3
2025;121850;2019;2020;3
2025;1173014;2019;2020;3
2025;1363536;2019;2020;3
2025;5000930;2019;2020;1
2025;1399478;2019;2020;3
2025;1349675;2019;2021;3
2025;1419799;2019;2020;3
2025;5000930;2019;2020;3
2025;39415;2019;2020;3
2025;15475;2019;2020;1
2025;6496;2019;2020;3
2025;100956;2019;2020;3
2025;48854;2019;2020;3
2025;5001450;2019;2020;3
2025;1178524;2019;2020;3
2025;1321864;2019;2020;3
2025;1184325;2019;2020;3
2025;5000981;2019;2020;3
2025;868;2019;2020;3
2025;108882;2019;2020;3
2025;72681;2019;2020;3
2025;19294;2019;2020;3
2025;54490;2019;2020;3
2025;5000812;2019;2020;3
2025;98406;2019;2020;3
2025;54490;2019;2020;3
2025;90059;2019;2020;3
2025;1629;2019;2020;3
2025;11114;2019;2020;3
2025;14093;2019;2020;3
2025;18472;2019;2020;3
2025;8437;2019;2020;3
2025;19206;2019;2020;4
2025;1390309;2019;2020;3
2025;12813;2019;2020;3
2025;13601;2019;2020;3
2025;10591;2019;2020;3
2025;1108281;2019;2020;3
2025;1135207;2019;2020;3
2025;107766;2019;2020;3
2025;5000979;2019;2020;3
2025;98506;2019;2020;3
2025;75821;2019;2020;3
2025;1399615;2019;2020;3
2025;5000812;2019;2020;3
2025;1439;2019;2020;3
2025;75821;2019;2020;3
2025;66361;2019;2020;3
2025;84352;2019;2020;3
2025;15475;2019;2020;1
2025;4503;2019;2020;3
2025;15475;2019;2020;1
2025;18472;2019;2020;3
2025;7676;2019;2020;3
2025;97679;2019;2019;3
2025;1108281;2019;2020;3
2025;1189778;2019;2020;3
2025;6496;2019;2020;3
2025;1399614;2019;2020;4
2025;1163738;2019;2020;3
2025;9772;2019;2020;3
2025;49060;2019;2020;3
2025;4503;2019;2020;3
2025;1342536;2019;2020;3
2025;54490;2019;2020;3
2025;1408261;2019;2021;3
2025;1108786;2019;2020;3
2025;5000930;2019;2020;3
2025;19434;2019;2020;3
2025;1390317;2019;2020;3
2025;84408;2019;2020;3
2025;13996;2019;2020;1
2025;5001183;2019;2020;4
2025;84408;2019;2020;3
2025;1390309;2019;2020;3
2025;7676;2019;2020;3
2025;1171609;2019;2020;3
2025;98506;2019;2020;3
2025;19850;2019;2020;3
2025;1184432;2019;2020;3
2025;7676;2019;2021;3
2025;5000981;2019;2020;3
2025;1188849;2019;2023;3
2025;72767;2019;2020;3
2025;66361;2019;2020;3
2025;19294;2019;2020;3
2025;1385538;2019;2020;3
2025;5001167;2019;2020;3
2025;18447;2019;2020;3
2025;2695;2019;2020;3
2025;6711;2019;2020;3
2025;3677;2019;2020;3
2025;74655;2019;2020;3
2025;1184047;2019;2020;3
2025;13103;2019;2020;3
2025;19434;2019;2020;3
2025;74655;2019;2020;3
2025;5000930;2019;2020;3
2025;5001183;2019;2020;4
2025;57402;2019;2020;3
2025;64918;2019;2020;3
2025;72767;2019;2020;3
2025;84352;2019;2020;3
2025;1029204;2019;2020;3
2025;1190667;2019;2020;3
2025;1342536;2019;2020;3
2025;4503;2019;2020;3
2025;12970;2019;2020;1
2025;74655;2019;2020;3
2025;100956;2019;2020;3
2025;1108153;2019;2020;1
2025;12569;2019;2019;3
2025;5000930;2019;2020;3
2025;6496;2019;2020;3
2025;84352;2019;2020;3
2025;7105;2019;2020;3
2025;5920;2019;2020;3
2025;59414;2019;2020;3
2025;1184047;2019;2020;3
2025;5000981;2019;2020;3
2025;7676;2019;2020;3
2025;98506;2019;2020;3
2025;7105;2019;2020;3
2025;1108786;2019;2020;3
2025;1390317;2019;2020;3
2025;100956;2019;2020;3
2025;100956;2019;2020;3
2025;1399287;2019;2019;3
2025;5000841;2019;2020;3
2025;107666;2019;2020;3
2025;5000981;2019;2020;3
2025;1179501;2019;2020;3
2025;1258023;2019;2020;3
2025;7676;2019;2020;3
2025;10289;2019;2020;3
2025;5001183;2019;2020;4
2025;5000933;2019;2020;3
2025;5000812;2019;2020;3
2025;5000980;2019;2020;3
2025;74594;2019;2020;3
2025;59414;2019;2020;3
2025;5920;2019;2020;3
2025;121850;2019;2020;3
2025;12015;2019;2020;3
2025;2918;2019;2020;3
2025;8437;2019;2020;3
2025;5001314;2019;2020;3
2025;1321864;2019;2020;3
2025;9996;2019;2020;3
2025;868;2019;2020;3
2025;1050663;2019;2020;3
2025;20249;2019;2020;3
2025;11114;2019;2020;3
2025;7705;2019;2020;3
2025;1399478;2019;2020;3
2025;1629;2019;2020;3
2025;64918;2019;2020;3
2025;18447;2019;2020;3
2025;14234;2019;2020;3
2025;1487290;2019;2020;3
2025;10591;2019;2020;3
2025;13601;2019;2020;3
2025;1180318;2019;2020;3
2025;18594;2019;2020;4
2025;64918;2019;2020;3
2025;5000812;2019;2020;3
2025;1399481;2019;2020;3
2025;5345;2019;2020;3
2025;74655;2019;2020;3
2025;2918;2019;2020;3
2025;91399;2019;2020;3
2025;7705;2019;2020;3
2025;1399480;2019;2020;3
2025;1399477;2019;2023;3
2025;72667;2019;2020;3
2025;6496;2019;2020;3
2025;1404416;2019;2020;3
2025;1171609;2019;2020;3
2025;84352;2019;2020;3
2025;97679;2019;2020;3
2025;74655;2019;2020;3
2025;19294;2019;2020;3
2025;66361;2019;2020;3
2025;1445016;2019;2020;3
2025;14234;2019;2020;3
2025;1427419;2019;2020;3
2025;1257524;2019;2021;4
2025;5001300;2019;2020;3
2025;8437;2019;2020;3
2025;11114;2019;2020;3
2025;13996;2019;2020;1
2025;5001300;2019;2020;3
2025;103596;2019;2020;3
2025;6496;2019;2020;3
2025;6496;2019;2020;3
2025;1399479;2019;2020;3
2025;11114;2019;2020;3
2025;19850;2019;2020;3
2025;9772;2019;2020;3
2025;13103;2019;2020;3
2025;72669;2019;2020;3
2025;1399480;2019;2020;3
2025;13996;2019;2020;1
2025;39415;2019;2020;3
2025;71859;2019;2020;3
2025;12813;2019;2020;3
2025;13103;2019;2020;3
2025;64918;2019;2020;3
2025;1108786;2019;2020;3
2025;1257777;2019;2020;3
2025;8554;2019;2020;3
2025;18594;2019;2020;4
2025;108882;2019;2020;3
2025;65114;2019;2020;3
2025;1179189;2019;2019;3
2025;9805;2019;2020;3
2025;5000930;2019;2020;3
2025;5345;2019;2020;3
2025;1184047;2019;2020;3
2025;1192047;2019;2020;3
2025;8437;2019;2020;3
2025;86356;2019;2020;3
2025;15475;2019;2020;1
2025;11446;2019;2020;3
2025;107666;2019;2020;3
2025;1135207;2019;2020;3
2025;72767;2019;2020;3
2025;64918;2019;2020;3
2025;5000979;2019;2020;3
2025;59174;2019;2019;3
2025;13453;2019;2020;3
2025;5001300;2019;2020;3
2025;1487491;2019;2020;3
2025;1342536;2019;2020;3
2025;1399486;2019;2020;3
2025;13996;2019;2020;1
2025;15839;2019;2020;3
2025;1108786;2019;2020;3
2025;74655;2019;2020;3
2025;37304;2019;2020;4
2025;14234;2019;2020;3
2025;1399480;2019;2020;3
2025;18472;2019;2020;3
2025;1180318;2019;2020;3
2025;7105;2019;2020;3
2025;108882;2019;2020;3
2025;5000812;2019;2020;3
2025;59414;2019;2020;3
2025;19434;2019;2020;3
2025;13723;2019;2020;3
2025;1108786;2019;2020;3
2025;72667;2019;2020;3
2025;5345;2019;2020;3
2025;1050663;2019;2020;3
2025;1399486;2019;2020;3
2025;12970;2019;2020;1
2025;13996;2019;2020;1
2025;66361;2019;2020;3
2025;19294;2019;2020;3
2025;5000981;2019;2020;3
2025;7676;2019;2020;3
2025;1390317;2019;2020;3
2025;1487491;2019;2020;3
2025;5000981;2019;2020;3
2025;10591;2019;2020;3
2025;5001300;2019;2020;3
2025;13103;2019;2020;3
2025;1408259;2019;2020;3
2025;18447;2019;2020;3
2025;64918;2019;2020;3
2025;100688;2019;2020;3
2025;1272168;2019;2020;3
2025;1180318;2019;2020;3
2025;1059179;2019;2020;3
2025;18605;2019;2020;3
2025;75821;2019;2020;3
2025;1419799;2019;2020;3
2025;7676;2019;2020;3
2025;1190667;2019;2020;3
2025;13103;2019;2020;3
2025;13103;2019;2020;3
2025;5000841;2019;2020;3
2025;74594;2019;2020;3
2025;3677;2019;2020;3
2025;1342536;2019;2020;3
2025;13723;2019;2020;3
2025;51835;2019;2020;3
2025;97679;2019;2020;3
2025;1029204;2019;2020;3
2025;107666;2019;2020;3
2025;1390317;2019;2020;3
2025;98406;2019;2020;3
2025;1408507;2019;2020;3
2025;74594;2019;2020;3
2025;5000981;2019;2020;3
2025;13601;2019;2020;3
2025;8554;2019;2020;3
2025;13996;2019;2020;1
2025;5000812;2019;2020;3
2025;74655;2019;2020;3
2025;74594;2019;2020;3
2025;93001;2019;2019;3
2025;12813;2019;2020;3
2025;5000812;2019;2020;3
2025;69464;2019;2020;3
2025;1879;2019;2020;3
2025;19294;2019;2020;3
2025;1136509;2019;2020;3
2025;11114;2019;2020;3
2025;1107;2019;2020;3
2025;107666;2019;2020;3
2025;1390309;2019;2020;3
2025;1179189;2019;2020;3
2025;1029204;2019;2020;3
2025;72667;2019;2020;3
2025;7676;2019;2020;3
2025;1399477;2019;2020;3
2025;1184325;2019;2020;3
2025;93001;2019;2020;3
2025;18472;2019;2020;3
2025;19294;2019;2021;3
2025;1180318;2019;2019;3
2025;72669;2019;2020;3
2025;100958;2019;2020;3
2025;12813;2019;2020;3
2025;100956;2019;2020;3
2025;1390309;2019;2020;3
2025;93001;2019;2020;3
2025;7676;2019;2020;3
2025;5001300;2019;2020;3
2025;5000930;2019;2020;1
2025;1399477;2019;2020;3
2025;13200;2019;2020;3
2025;20249;2019;2020;3
2025;1264844;2019;2020;3
2025;1399481;2019;2020;3
2025;1059179;2019;2020;3
2025;71689;2019;2020;3
2025;1185903;2019;2020;3
2025;1408259;2019;2020;3
2025;1518495;2019;2020;3
2025;1399477;2019;2020;3
2025;1190667;2019;2020;3
2025;74655;2019;2020;3
2025;1184432;2019;2019;3
2025;6496;2019;2020;3
2025;71859;2019;2020;3
2025;1421013;2019;2020;3
2025;1421013;2019;2020;3
2025;108014;2019;2020;3
2025;93001;2019;2020;3
2025;1185903;2019;2020;3
2025;1168313;2019;2020;3
2025;2392;2019;2020;3
2025;1445016;2019;2020;3
2025;5345;2019;2020;3
2025;1330031;2019;2020;3
2025;1879;2019;2020;3
2025;1330031;2019;2020;3
2025;1397772;2019;2020;3
2025;6496;2019;2020;3
2025;100688;2019;2020;3
2025;87537;2019;2020;3
2025;8437;2019;2020;3
2025;100956;2019;2020;3
2025;74655;2019;2020;3
2025;72417;2019;2021;3
2025;1330031;2019;2020;3
2025;1184325;2019;2020;3
2025;51835;2019;2020;3
2025;71859;2019;2020;3
2025;20249;2019;2020;3
2025;5001294;2019;2020;3
2025;93001;2019;2020;3
2025;1135207;2019;2020;3
2025;14615;2019;2020;3
2025;7676;2019;2020;3
2025;72681;2019;2020;3
2025;1399482;2019;2020;3
2025;100956;2019;2023;3
2025;10224;2019;2020;3
2025;87537;2019;2020;3
2025;1200578;2019;2020;3
2025;1178524;2019;2020;3
2025;113504;2019;2020;3
2025;66361;2019;2020;3
2025;2918;2019;2020;3
2025;6496;2019;2020;3
2025;108884;2019;2020;3
2025;87537;2019;2020;3
2025;3418;2019;2020;3
2025;19294;2019;2020;3
2025;11114;2019;2020;3
2025;7705;2019;2020;3
2025;1136509;2019;2020;3
2025;1136509;2019;2020;3
2025;59414;2019;2022;3
2025;1190667;2019;2020;3
2025;10222;2019;2020;3
2025;13996;2019;2020;1
2025;5000841;2019;2020;3
2025;59414;2019;2020;3
2025;1178672;2019;2020;3
2025;8554;2019;2020;3
2025;2918;2019;2020;3
2025;5000930;2019;2020;3
2025;9805;2019;2020;3
2025;9805;2019;2020;3
2025;71859;2019;2020;3
2025;5000979;2019;2020;3
2025;1029204;2019;2020;3
2025;75821;2019;2020;3
2025;1109361;2019;2020;3
2025;90483;2019;2019;3
2025;3418;2019;2020;3
2025;1457503;2019;2020;3
2025;1408259;2019;2020;3
2025;18472;2019;2020;3
2025;100958;2019;2020;3
2025;2918;2019;2020;3
2025;8437;2019;2020;3
2025;1192047;2019;2020;3
2025;72767;2019;2020;3
2025;93001;2019;2020;3
2025;4503;2019;2020;3
2025;66361;2019;2020;3
2025;1408259;2019;2020;3
2025;1629;2019;2020;3
2025;12569;2019;2020;3
2025;1108786;2019;2020;3
2025;1200578;2019;2020;3
2025;5000979;2019;2020;3
2025;1390309;2019;2020;3
2025;1399287;2019;2019;3
2025;1168313;2019;2020;3
2025;1629;2019;2020;3
2025;66361;2019;2020;3
2025;1193275;2019;2020;3
2025;66361;2019;2020;3
2025;13996;2019;2020;1
2025;1397771;2019;2020;3
2025;1390309;2019;2020;3
2025;57852;2019;2020;3
2025;5001314;2019;2020;3
2025;11114;2019;2020;3
2025;3677;2019;2020;3
2025;18594;2019;2020;4
2025;1180318;2019;2020;3
2025;98506;2019;2020;3
2025;13996;2019;2020;1
2025;1179501;2019;2020;3
2025;7676;2019;2020;3
2025;9996;2019;2020;3
2025;91219;2019;2020;3
2025;1258021;2019;2020;3
2025;8437;2019;2020;3
2025;1485621;2019;2020;3
2025;19294;2019;2020;3
2025;20249;2019;2020;3
2025;59414;2019;2020;3
2025;13996;2019;2020;1
2025;1419799;2019;2020;3
2025;1408509;2019;2020;3
2025;13103;2019;2020;3
2025;1200578;2019;2020;3
2025;10224;2019;2020;3
2025;19294;2019;2020;3
2025;5000812;2019;2020;3
2025;11114;2019;2020;3
2025;1029204;2019;2020;3
2025;1397772;2019;2020;3
2025;1399618;2019;2020;4
2025;1419799;2019;2020;3
2025;74655;2019;2020;3
2025;4503;2019;2020;3
2025;9805;2019;2020;3
2025;13996;2019;2020;1
2025;72681;2019;2020;3
2025;1257777;2019;2021;3
2025;9996;2019;2020;3
2025;16236;2019;2020;3
2025;1107;2019;2020;3
2025;16236;2019;2020;3
2025;1408259;2019;2020;3
2025;91399;2019;2020;3
2025;72667;2019;2020;3
2025;108884;2019;2020;3
2025;48854;2019;2020;3
2025;57402;2019;2020;3
2025;1107;2019;2020;3
2025;3418;2019;2020;3
2025;1330031;2019;2020;3
2025;3677;2019;2020;3
2025;72667;2019;2020;3
2025;1399615;2019;2020;3
2025;64918;2019;2020;3
2025;1342536;2019;2020;3
2025;1385521;2019;2020;3
2025;86288;2019;2020;3
2025;10224;2019;2020;3
2025;97679;2019;2020;3
2025;1408259;2019;2020;3
2025;64918;2019;2020;3
2025;15343;2019;2020;3
2025;60660;2019;2020;3
2025;1188900;2019;2020;3
2025;93001;2019;2020;3
2025;1200578;2019;2020;3
2025;101228;2019;2020;3
2025;1399478;2019;2020;3
2025;1214209;2019;2020;3
2025;5001427;2019;2020;3
2025;72669;2019;2020;3
2025;51835;2019;2020;3
2025;84352;2019;2020;3
2025;74594;2019;2020;3
2025;5000841;2019;2020;3
2025;9805;2019;2020;3
2025;19294;2019;2020;3
2025;1317634;2019;2020;3
2025;11114;2019;2020;3
2025;5000841;2019;2020;3
2025;5000841;2019;2020;3
2025;37304;2019;2021;4
2025;108882;2019;2020;3
2025;48854;2019;2020;3
2025;1399478;2019;2020;3
2025;13601;2019;2020;3
2025;59174;2019;2020;3
2025;13453;2019;2020;3
2025;72669;2019;2020;3
2025;5000001;2019;2020;3
2025;5000979;2019;2020;3
2025;1399619;2019;2020;3
2025;8698;2019;2020;3
2025;1397773;2019;2021;3
2025;72669;2019;2020;3
2025;9805;2019;2020;3
2025;1445016;2019;2020;3
2025;1342536;2019;2020;3
2025;71859;2019;2020;3
2025;15343;2019;2020;3
2025;1192237;2019;2020;3
2025;1108786;2019;2020;3
2025;1200578;2019;2020;3
2025;7105;2019;2020;3
2025;1258021;2019;2020;3
2025;57402;2019;2020;3
2025;97679;2019;2020;3
2025;57402;2019;2020;3
2025;1184047;2019;2020;3
2025;7676;2019;2020;3
2025;18447;2019;2020;3
2025;1108786;2019;2020;3
2025;5000979;2019;2020;3
2025;97679;2019;2020;3
2025;1390317;2019;2020;3
2025;14975;2019;2020;3
2025;1257524;2019;2020;4
2025;1272168;2019;2020;3
2025;5001300;2019;2020;3
2025;9326;2019;2020;1
2025;72417;2019;2020;3
2025;90059;2019;2020;3
2025;1390317;2019;2020;3
2025;1192237;2019;2020;3
2025;72669;2019;2020;3
2025;1184047;2019;2020;3
2025;1171609;2019;2020;3
2025;100956;2019;2020;3
2025;13996;2019;2020;1
2025;868;2019;2020;3
2025;1184325;2019;2020;3
2025;1408259;2019;2020;3
2025;98409;2019;2020;3
2025;90059;2019;2020;3
2025;64918;2019;2020;3
2025;1184325;2019;2020;3
2025;1171609;2019;2020;3
2025;93001;2019;2020;3
2025;1029204;2019;2019;3
2025;1257524;2019;2020;4
2025;51699;2019;2020;3
2025;1216474;2019;2020;3
2025;1188900;2019;2020;3
2025;12345;2019;2020;3
2025;5001294;2019;2019;3
2025;5001341;2019;2020;3
2025;1179189;2019;2020;3
2025;87537;2019;2020;3
2025;5920;2019;2020;3
2025;120983;2019;2020;3
2025;12345;2019;2020;3
2025;108882;2019;2020;3
2025;9772;2019;2020;3
2025;84352;2019;2021;3
2025;121850;2019;2020;3
2025;1445016;2019;2019;3
2025;12970;2019;2020;1
2025;12970;2019;2020;1
2025;57402;2019;2020;3
2025;100958;2019;2020;3
2025;1029204;2019;2020;3
2025;97679;2019;2020;3
2025;1190667;2019;2020;3
2025;1438629;2019;2020;3
2025;1278877;2019;2020;3
2025;1257562;2019;2020;3
2025;1135207;2019;2019;3
2025;1404416;2019;2020;3
2025;13996;2019;2020;1
2025;1485621;2019;2023;3
2025;54490;2019;2020;3
2025;38071;2019;2020;3
2025;1108786;2019;2020;3
2025;1109361;2019;2020;3
2025;1321864;2019;2020;3
2025;7705;2019;2020;3
2025;9988;2019;2020;3
2025;1258023;2019;2020;3
2025;59174;2019;2019;3
2025;11114;2019;2020;3
2025;6496;2019;2021;3
2025;11114;2019;2020;3
2025;1192188;2019;2019;3
2025;5000841;2019;2020;3
2025;1399478;2019;2020;3
2025;2918;2019;2020;3
2025;5000841;2019;2020;3
2025;5000001;2019;2022;3
2025;59174;2019;2019;3
2025;1258021;2019;2020;3
2025;20249;2019;2020;3
2025;8437;2019;2020;3
2025;12970;2019;2020;1
2025;1334344;2019;2020;3
2025;15839;2019;2020;3
2025;87941;2019;2020;3
2025;5345;2019;2020;3
2025;86288;2019;2020;3
2025;1108786;2019;2020;3
2025;1184432;2019;2020;3
2025;1349675;2019;2020;3
2025;1399481;2019;2020;3
2025;2392;2019;2020;3
2025;5001033;2019;2020;3
2025;75821;2019;2020;3
2025;1107;2019;2020;3
2025;13996;2019;2020;1
2025;13103;2019;2020;3
2025;1107;2019;2020;3
2025;868;2019;2020;3
2025;12813;2019;2020;3
2025;6496;2019;2020;3
2025;91219;2019;2020;3
2025;1184432;2019;2019;3
2025;13996;2019;2020;1
2025;10222;2019;2020;3
2025;1192237;2019;2020;3
2025;86288;2019;2020;3
2025;16236;2019;2020;3
2025;5000841;2019;2020;3
2025;64918;2019;2020;3
2025;1192188;2019;2020;3
2025;1184047;2019;2020;3
2025;7676;2019;2020;3
2025;5001033;2019;2020;3
2025;13103;2019;2020;3
2025;57402;2019;2020;3
2025;1168313;2019;2020;3
2025;100688;2019;2020;3
2025;5001300;2019;2020;3
2025;6496;2019;2020;3
2025;1390311;2019;2020;3
2025;18472;2019;2020;3
2025;38071;2019;2020;3
2025;71859;2019;2020;3
2025;5345;2019;2020;3
2025;18594;2019;2020;4
2025;5000841;2019;2020;3
2025;38071;2019;2020;3
2025;59174;2019;2019;3
2025;5001183;2019;2020;3
2025;1163738;2019;2019;3
2025;57402;2019;2020;3
2025;54494;2019;2020;3
2025;1399479;2019;2020;3
2025;7676;2019;2020;3
2025;1404416;2019;2020;3
2025;13601;2019;2020;3
2025;10591;2019;2020;3
2025;13996;2019;2020;1
2025;74594;2019;2020;3
2025;100688;2019;2020;3
2025;98506;2019;2020;3
2025;16236;2019;2020;3
2025;98506;2019;2020;3
2025;59174;2019;2020;3
2025;1421100;2019;2020;3
2025;4503;2019;2020;3
2025;5345;2019;2020;3
2025;5000979;2019;2020;3
2025;1404416;2019;2020;3
2025;84408;2019;2020;3
2025;1427420;2019;2020;3
2025;5001450;2019;2020;3
2025;38071;2019;2020;3
2025;98506;2019;2020;3
2025;54494;2019;2020;3
2025;71859;2019;2020;3
2025;1200578;2019;2020;3
2025;4503;2019;2020;3
2025;11114;2019;2020;3
2025;13103;2019;2020;3
2025;90084;2019;2022;3
2025;1193275;2019;2020;3
2025;49060;2019;2020;3
2025;1108786;2019;2020;3
2025;13103;2019;2020;3
2025;6711;2019;2020;3
2025;13996;2019;2020;1
2025;59414;2019;2020;3
2025;9805;2019;2020;3
2025;20360;2019;2020;3
2025;18605;2019;2020;3
2025;7705;2019;2020;3
2025;1399619;2019;2020;3
2025;5001450;2019;2020;3
2025;1445016;2019;2020;3
2025;13103;2019;2020;3
2025;1404416;2019;2020;3
2025;1406536;2019;2020;3
2025;5001450;2019;2020;3
2025;15783;2019;2020;3
2025;1189607;2019;2020;3
2025;13103;2019;2020;3
2025;1184060;2019;2020;3
2025;5001450;2019;2020;3
2025;5001450;2019;2020;3
2025;1267038;2019;2020;3
2025;1457503;2019;2020;3
2025;87537;2019;2020;3
2025;13103;2019;2020;3
2025;5001450;2019;2020;3
2025;1184047;2019;2020;3
2025;13103;2019;2020;3
2025;72675;2019;2019;3
2025;13996;2019;2020;1
2025;1725;2019;2020;3
2025;99476;2019;2021;3
2025;1399480;2019;2020;3
2025;1257548;2019;2020;3
2025;2918;2019;2020;3
2025;13103;2019;2020;3
2025;14359;2019;2020;3
2025;19206;2019;2020;4
2025;13103;2019;2020;3
2025;7105;2019;2020;3
2025;11446;2019;2020;3
2025;107666;2019;2020;3
2025;14975;2019;2022;3
2025;107666;2019;2020;3
2025;98506;2019;2020;3
2025;5001450;2019;2020;3
2025;74655;2019;2020;3
2025;99476;2019;2021;3
2025;90483;2019;2019;3
2025;1399488;2019;2020;3
2025;1190667;2019;2020;3
2025;1399478;2019;2020;3
2025;1399477;2019;2023;3
2025;1168313;2019;2020;3
2025;13103;2019;2020;3
2025;86288;2019;2021;3
2025;64918;2019;2020;3
2025;79007;2019;2020;3
2025;11316;2019;2020;3
2025;13996;2019;2020;1
2025;108014;2019;2021;3
2025;5001450;2019;2020;3
2025;5001294;2019;2021;3
2025;15475;2019;2020;1
2025;15475;2019;2020;1
2025;11446;2019;2020;3
2025;1427370;2019;2020;3
2025;54490;2019;2020;3
2025;1192237;2019;2020;3
2025;1321864;2019;2020;3
2025;5001183;2019;2020;4
2025;4082;2019;2020;3
2025;72669;2019;2020;3
2025;1185025;2019;2020;3
2025;8437;2019;2020;3
2025;5001183;2019;2020;3
2025;868;2019;2021;3
2025;72675;2019;2019;3
2025;1321864;2019;2020;3
2025;13996;2019;2020;1
2025;1185025;2019;2020;3
2025;13996;2019;2020;1
2025;1257548;2019;2025;3
2025;57852;2019;2020;3
2025;12970;2019;2020;1
2025;1321864;2019;2020;3
2025;12345;2019;2020;3
2025;57402;2019;2020;3
2025;1102360;2019;2020;3
2025;1321864;2019;2020;3
2025;8554;2019;2020;3
2025;59414;2019;2020;3
2025;5000812;2019;2020;3
2025;64918;2019;2020;3
2025;107766;2019;2020;3
2025;7705;2019;2020;3
2025;5345;2019;2020;3
2025;5001450;2019;2020;3
2025;1108786;2019;2020;3
2025;86356;2019;2020;3
2025;1029204;2019;2020;3
2025;5000841;2019;2020;3
2025;71689;2019;2020;3
2025;20249;2019;2020;3
2025;5345;2019;2020;3
2025;65924;2019;2019;3
2025;38071;2019;2020;3
2025;1397771;2019;2020;3
2025;59414;2019;2020;3
2025;4503;2019;2020;3
2025;1192237;2019;2020;3
2025;87537;2019;2020;3
2025;6496;2019;2020;3
2025;9996;2019;2020;3
2025;5001183;2019;2020;3
2025;93001;2019;2020;3
2025;97679;2019;2020;3
2025;9988;2019;2020;1
2025;1404416;2019;2020;3
2025;91219;2019;2019;3
2025;6496;2019;2020;3
2025;66248;2019;2020;3
2025;121850;2019;2020;3
2025;86356;2019;2020;3
2025;5000841;2019;2020;3
2025;6496;2019;2020;3
2025;5000930;2019;2020;1
2025;20249;2019;2020;3
2025;7705;2019;2020;3
2025;5000841;2019;2020;3
2025;5000979;2019;2020;3
2025;1108281;2019;2020;3
2025;1257777;2019;2021;3
2025;5001183;2019;2020;3
2025;90091;2019;2020;3
2025;14359;2019;2020;3
2025;57402;2019;2021;3
2025;1193275;2019;2020;3
2025;64918;2019;2020;3
2025;13996;2019;2020;1
2025;7676;2019;2020;3
2025;1399477;2019;2022;3
2025;86356;2019;2020;3
2025;1408507;2019;2020;3
2025;121850;2019;2020;3
2025;18472;2019;2020;3
2025;5000930;2019;2020;3
2025;71859;2019;2020;3
2025;1458090;2019;2020;3
2025;51835;2019;2020;3
2025;5001300;2019;2020;3
2025;1264844;2019;2020;3
2025;1192188;2019;2019;3
2025;108014;2019;2020;3
2025;6496;2019;2020;3
2025;6711;2019;2019;3
2025;1184047;2019;2020;3
2025;108882;2019;2020;3
2025;100688;2019;2020;3
2025;1200712;2019;2020;3
2025;6496;2019;2020;3
2025;5001300;2019;2020;3
2025;1408505;2019;2020;3
2025;7105;2019;2020;3
2025;100958;2019;2020;3
2025;2304;2019;2021;3
2025;5000841;2019;2020;3
2025;5000979;2019;2020;3
2025;5000841;2019;2020;3
2025;79007;2019;2020;3
2025;1192188;2019;2019;3
2025;84408;2019;2020;3
2025;10224;2019;2020;3
2025;1200712;2019;2020;3
2025;10591;2019;2020;3
2025;8698;2019;2020;3
2025;7705;2019;2020;3
2025;72417;2019;2023;3
2025;2392;2019;2020;3
2025;98506;2019;2020;3
2025;5000979;2019;2020;3
2025;58412;2019;2020;3
2025;1390317;2019;2020;3
2025;5000841;2019;2020;3
2025;90059;2019;2020;3
2025;59174;2019;2020;3
2025;87537;2019;2020;3
2025;74655;2019;2020;3
2025;4503;2019;2020;3
2025;1184432;2019;2020;3
2025;7705;2019;2020;3
2025;100956;2019;2020;3
2025;15475;2019;2020;1
2025;72669;2019;2020;3
2025;1399287;2019;2020;3
2025;5000812;2019;2020;3
2025;11114;2019;2021;3
2025;9805;2019;2020;3
2025;1107;2019;2020;3
2025;13200;2019;2020;3
2025;98409;2019;2020;3
2025;1363536;2019;2020;3
2025;1483768;2019;2020;3
2025;15475;2019;2020;1
2025;5001300;2019;2020;3
2025;16236;2019;2020;3
2025;59174;2019;2020;3
2025;1163738;2019;2020;3
2025;108882;2019;2020;3
2025;8437;2019;2020;3
2025;1427419;2019;2020;3
2025;1184047;2019;2020;3
2025;38071;2019;2020;3
2025;5001341;2019;2020;3
2025;1363536;2019;2021;3
2025;1457503;2019;2020;3
2025;6711;2019;2019;3
2025;100956;2019;2020;3
2025;38071;2019;2020;3
2025;19206;2019;2020;4
2025;1192188;2019;2019;3
2025;84408;2019;2020;3
2025;98409;2019;2020;3
2025;57852;2019;2019;3
2025;74655;2019;2020;3
2025;64918;2019;2020;3
2025;121850;2019;2020;3
2025;1200578;2019;2020;3
2025;5000001;2019;2022;3
2025;74655;2019;2020;3
2025;1342536;2019;2021;3
2025;98409;2019;2020;3
2025;15343;2019;2020;3
2025;1050663;2019;2020;3
2025;1322329;2019;2020;3
2025;9805;2019;2020;3
2025;7105;2019;2021;3
2025;11114;2019;2020;3
2025;72675;2019;2019;3
2025;1108281;2019;2020;3
2025;7676;2019;2020;3
2025;1184060;2019;2020;3
2025;100958;2019;2020;3
2025;98409;2019;2020;3
2025;85652;2019;2020;3
2025;140;2019;2020;3
2025;5000841;2019;2020;3
2025;1200578;2019;2020;3
2025;12692;2019;2020;3
2025;11114;2019;2020;3
2025;1029204;2019;2020;3
2025;98409;2019;2020;3
2025;90059;2019;2020;3
2025;57402;2019;2020;3
2025;98409;2019;2020;3
2025;86356;2019;2020;3
2025;5000930;2019;2020;1
2025;98409;2019;2020;3
2025;90059;2019;2020;3
2025;54490;2019;2020;3
2025;1399481;2019;2020;3
2025;11114;2019;2020;3
2025;1191415;2019;2020;3
2025;5001183;2019;2021;4
2025;1390317;2019;2020;3
2025;1408505;2019;2020;3
2025;1399615;2019;2020;3
2025;14093;2019;2020;3
2025;98409;2019;2020;3
2025;69624;2019;2020;3
2025;69624;2019;2020;3
2025;1321864;2019;2020;3
2025;1278877;2019;2020;3
2025;100958;2019;2020;3
2025;1108153;2019;2020;1
2025;98409;2019;2020;3
2025;1321864;2019;2020;3
2025;12345;2019;2020;3
2025;1408507;2019;2020;3
2025;20360;2019;2020;3
2025;1163738;2019;2019;3
2025;5000978;2019;2020;3
2025;1399486;2019;2020;3
2025;1185903;2019;2020;3
2025;1477973;2019;2020;3
2025;69624;2019;2020;3
2025;5001300;2019;2020;3
2025;19434;2019;2020;3
2025;5000001;2019;2022;3
2025;7676;2019;2020;3
2025;5000841;2019;2020;3
2025;1200712;2019;2020;3
2025;1192188;2019;2020;3
2025;5001294;2019;2020;3
2025;12569;2019;2020;3
2025;1179189;2019;2020;3
2025;1183313;2019;2021;3
2025;1163738;2019;2020;3
2025;97679;2019;2020;3
2025;1183313;2019;2020;3
2025;9326;2019;2020;1
2025;91219;2019;2020;3
2025;2918;2019;2020;3
2025;1879;2019;2020;3
2025;85652;2019;2020;3
2025;7676;2019;2020;3
2025;1483759;2019;2020;3
2025;1108786;2019;2020;3
2025;1518495;2019;2020;3
2025;99476;2019;2021;3
2025;1179189;2019;2020;3
2025;1390311;2019;2020;3
2025;12970;2019;2020;1
2025;1183313;2019;2020;3
2025;1399287;2019;2020;3
2025;1179189;2019;2020;3
2025;90059;2019;2020;3
2025;2392;2019;2020;3
2025;1292725;2019;2020;3
2025;74594;2019;2020;3
2025;5000841;2019;2020;3
2025;72675;2019;2019;3
2025;1192188;2019;2020;3
2025;1330031;2019;2020;3
2025;1179189;2019;2020;3
2025;4503;2019;2020;3
2025;49060;2019;2020;3
2025;5000979;2019;2020;3
2025;1192188;2019;2019;3
2025;1192188;2019;2020;3
2025;15839;2019;2020;3
2025;93001;2019;2020;3
2025;1190280;2019;2019;3
2025;1192188;2019;2020;3
2025;1183313;2019;2020;3
2025;1399287;2019;2020;3
2025;868;2019;2020;3
2025;1192188;2019;2019;3
2025;19206;2019;2020;4
2025;64918;2019;2020;3
2025;100688;2019;2020;3
2025;72669;2019;2020;3
2025;8437;2019;2020;3
2025;1518495;2019;2020;3
2025;5000981;2019;2020;3
2025;64918;2019;2020;3
2025;1408505;2019;2020;3
2025;9805;2019;2020;3
2025;39415;2019;2020;3
2025;98506;2019;2020;3
2025;8698;2019;2020;3
2025;1171609;2019;2020;3
2025;140;2019;2020;3
2025;1399487;2019;2020;3
2025;64918;2019;2020;3
2025;1399487;2019;2020;3
2025;1399487;2019;2020;3
2025;49060;2019;2020;3
2025;5000930;2019;2020;1
2025;5345;2019;2020;3
2025;1185903;2019;2020;3
2025;1483759;2019;2020;3
2025;1486298;2019;2020;3
2025;7676;2019;2020;3
2025;64918;2019;2020;3
2025;1200712;2019;2020;3
2025;1399487;2019;2020;3
2025;74594;2019;2021;3
2025;1399617;2019;2020;3
2025;12692;2019;2020;3
2025;48854;2019;2020;3
2025;7676;2019;2020;3
2025;90059;2019;2020;3
2025;7705;2019;2020;3
2025;57402;2019;2020;3
2025;1385521;2019;2020;3
2025;1445016;2019;2020;3
2025;64918;2019;2020;3
2025;90483;2019;2019;3
2025;19850;2019;2020;3
2025;1408505;2019;2020;3
2025;91399;2019;2020;3
2025;6496;2019;2020;3
2025;60660;2019;2020;3
2025;1404416;2019;2020;3
2025;1278877;2019;2020;3
2025;1363536;2019;2020;3
2025;1399477;2019;2020;3
2025;72681;2019;2020;3
2025;7676;2019;2020;3
2025;1173014;2019;2020;3
2025;20360;2019;2020;3
2025;1390311;2019;2021;3
2025;7705;2019;2020;3
2025;3677;2019;2020;3
2025;85652;2019;2020;3
2025;90483;2019;2019;3
2025;1189778;2019;2020;3
2025;1404416;2019;2020;3
2025;13723;2019;2020;3
2025;1404416;2019;2020;3
2025;5000980;2019;2020;3
2025;7705;2019;2020;3
2025;72681;2019;2020;3
2025;5000812;2019;2020;3
2025;1173014;2019;2019;3
2025;72669;2019;2020;3
2025;1173014;2019;2020;3
2025;1404416;2019;2020;3
2025;9805;2019;2020;3
2025;14563;2019;2020;3
2025;7676;2019;2020;3
2025;90059;2019;2020;3
2025;18594;2019;2020;4
2025;1173014;2019;2020;3
2025;7676;2019;2021;3
2025;5000930;2019;2020;3
2025;1108281;2019;2020;3
2025;1173014;2019;2020;3
2025;49060;2019;2020;3
2025;1180318;2019;2020;3
2025;9988;2019;2020;3
2025;66361;2019;2020;3
2025;16904;2019;2020;3
2025;74655;2019;2020;3
2025;1173014;2019;2020;3
2025;7676;2019;2020;3
2025;72681;2019;2020;3
2025;9805;2019;2020;3
2025;1173014;2019;2020;3
2025;1173014;2019;2020;3
2025;66361;2019;2021;3
2025;1278877;2019;2020;3
2025;71859;2019;2020;3
2025;74655;2019;2020;3
2025;1200578;2019;2020;3
2025;10222;2019;2019;3
2025;97679;2019;2020;3
2025;1173014;2019;2020;3
2025;1173014;2019;2020;3
2025;1171609;2019;2020;3
2025;1453564;2019;2020;3
2025;98406;2019;2020;3
2025;1184047;2019;2020;3
2025;59174;2019;2019;3
2025;19294;2019;2020;3
2025;39415;2019;2020;3
2025;75821;2019;2021;3
2025;868;2019;2020;3
2025;1179189;2019;2020;3
2025;121850;2019;2020;3
2025;5000001;2019;2022;3
2025;11114;2019;2020;3
2025;1166567;2019;2020;3
2025;5920;2019;2020;3
2025;100958;2019;2020;3
2025;1136509;2019;2020;3
2025;4503;2019;2020;3
2025;121850;2019;2020;3
2025;12015;2019;2020;3
2025;11446;2019;2020;3
2025;11114;2019;2020;3
2025;10224;2019;2020;3
2025;14975;2019;2020;3
2025;72681;2019;2020;3
2025;66361;2019;2020;3
2025;1184060;2019;2020;3
2025;1184432;2019;2019;3
2025;5000981;2019;2020;3
2025;90084;2019;2020;3
2025;5000980;2019;2020;3
2025;71859;2019;2020;3
2025;100688;2019;2020;3
2025;100688;2019;2020;3
2025;7705;2019;2020;3
2025;1192188;2019;2020;3
2025;8554;2019;2020;3
2025;5000933;2019;2020;3
2025;9988;2019;2020;1
2025;48854;2019;2020;3
2025;1399478;2019;2020;3
2025;7676;2019;2020;3
2025;57402;2019;2020;3
2025;79007;2019;2020;3
2025;6496;2019;2020;3
2025;57402;2019;2020;3
2025;140;2019;2020;3
2025;1179189;2019;2020;3
2025;74594;2019;2020;3
2025;59414;2019;2020;3
2025;72667;2019;2020;3
2025;5206;2019;2020;3
2025;1179189;2019;2020;3
2025;1190667;2019;2020;3
2025;7676;2019;2020;3
2025;18594;2019;2021;4
2025;5001314;2019;2020;3
2025;1487491;2019;2020;3
2025;1313341;2019;2020;3
2025;5206;2019;2020;3
2025;54490;2019;2020;3
2025;1390309;2019;2020;3
2025;7676;2019;2020;3
2025;7676;2019;2020;3
2025;39415;2019;2020;3
2025;5206;2019;2021;3
2025;20249;2019;2020;3
2025;5206;2019;2020;3
2025;5001033;2019;2020;3
2025;1179501;2019;2020;3
2025;98406;2019;2020;3
2025;11114;2019;2020;3
2025;5000841;2019;2020;3
2025;1184047;2019;2020;3
2025;5001033;2019;2019;3
2025;1184047;2019;2020;3
2025;1190667;2019;2020;3
2025;5000841;2019;2020;3
2025;2918;2019;2020;3
2025;1200578;2019;2021;3
2025;2348;2019;2020;3
2025;11114;2019;2020;3
2025;1108786;2019;2020;3
2025;107766;2019;2020;3
2025;1427420;2019;2020;3
2025;1171609;2019;2020;3
2025;1399619;2019;2020;3
2025;100688;2019;2020;3
2025;10222;2019;2020;3
2025;5000930;2019;2020;1
2025;1179189;2019;2020;3
2025;1050663;2019;2020;3
2025;1258021;2019;2020;3
2025;5000930;2019;2020;3
2025;5206;2019;2020;3
2025;1108281;2019;2020;3
2025;1399477;2019;2020;3
2025;5000979;2019;2020;3
2025;1390309;2019;2020;3
2025;5001300;2019;2020;3
2025;5206;2019;2020;3
2025;121850;2019;2020;3
2025;10591;2019;2020;3
2025;1179189;2019;2020;3
2025;9805;2019;2020;3
2025;108882;2019;2020;3
2025;1399480;2019;2020;3
2025;5206;2019;2020;3
2025;100956;2019;2020;3
2025;71859;2019;2020;3
2025;1179189;2019;2020;3
2025;93001;2019;2020;3
2025;59174;2019;2019;3
2025;90084;2019;2020;3
2025;72669;2019;2020;3
2025;1135207;2019;2020;3
2025;9988;2019;2020;1
2025;90084;2019;2020;3
2025;18594;2019;2020;4
2025;90084;2019;2020;3
2025;74594;2019;2020;3
2025;19294;2019;2021;3
2025;10224;2019;2020;3
2025;2918;2019;2020;3
2025;54490;2019;2020;3
2025;5206;2019;2020;3
2025;14975;2019;2022;3
2025;5206;2019;2021;3
2025;5206;2019;2020;3
2025;7705;2019;2020;3
2025;1185025;2019;2020;3
2025;1455021;2019;2020;3
2025;1185025;2019;2020;3
2025;5206;2019;2020;3
2025;7105;2019;2020;3
2025;5000812;2019;2020;3
2025;1185025;2019;2020;3
2025;100956;2019;2020;3
2025;1193264;2019;2020;3
2025;1200578;2019;2020;3
2025;9805;2019;2020;3
2025;1101742;2019;2020;3
2025;1179501;2019;2020;3
2025;5000981;2019;2020;3
2025;5206;2019;2020;3
2025;9772;2019;2020;3
2025;5206;2019;2020;3
2025;57402;2019;2020;3
2025;5206;2019;2020;3
2025;101228;2019;2020;3
2025;9772;2019;2020;3
2025;9772;2019;2020;3
2025;15475;2019;2020;1
2025;5206;2019;2020;3
2025;1408507;2019;2020;3
2025;84408;2019;2020;3
2025;9772;2019;2020;3
2025;7414;2019;2022;3
2025;19850;2019;2020;3
2025;7676;2019;2020;3
2025;13200;2019;2020;3
2025;5000981;2019;2020;3
2025;9772;2019;2020;3
2025;74655;2019;2020;3
2025;7676;2019;2020;3
2025;9772;2019;2020;3
2025;1180318;2019;2020;3
2025;1179501;2019;2020;3
2025;75821;2019;2020;3
2025;9772;2019;2021;3
2025;5206;2019;2021;2
2025;9772;2019;2020;3
2025;9772;2019;2020;3
2025;1363536;2019;2020;3
2025;72669;2019;2020;3
2025;5206;2019;2020;3
2025;9772;2019;2020;3
2025;5206;2019;2020;3
2025;7705;2019;2020;3
2025;5000841;2019;2020;3
2025;1518495;2019;2020;3
2025;9772;2019;2020;3
2025;1171609;2019;2020;3
2025;1264844;2019;2020;3
2025;9772;2019;2020;3
2025;9772;2019;2020;3
2025;1200712;2019;2020;3
2025;9772;2019;2021;3
2025;90084;2019;2020;3
2025;91219;2019;2020;3
2025;107666;2019;2020;3
2025;1408259;2019;2020;3
2025;2304;2019;2020;3
2025;59174;2019;2019;3
2025;1135207;2019;2020;3
2025;15839;2019;2020;3
2025;9772;2019;2020;3
2025;1267038;2019;2020;3
2025;1363536;2019;2020;3
2025;10289;2019;2020;3
2025;1192188;2019;2019;3
2025;1363536;2019;2020;3
2025;9772;2019;2020;3
2025;9772;2019;2020;3
2025;19850;2019;2020;3
2025;9772;2019;2021;3
2025;9996;2019;2020;3
2025;86288;2019;2020;3
2025;1399482;2019;2020;3
2025;9772;2019;2020;3
2025;9772;2019;2020;3
2025;9772;2019;2020;3
2025;5001341;2019;2020;3
2025;9772;2019;2020;3
2025;1200578;2019;2020;3
2025;9772;2019;2020;3
2025;1168313;2019;2020;3
2025;48854;2019;2020;3
2025;90084;2019;2020;3
2025;98506;2019;2020;3
2025;1363536;2019;2020;3
2025;98409;2019;2021;3
2025;1390309;2019;2020;3
2025;9772;2019;2020;3
2025;1725;2019;2020;3
2025;87537;2019;2020;3
2025;98506;2019;2020;3
2025;5206;2019;2020;3
2025;1518495;2019;2020;3
2025;69624;2019;2020;3
2025;1185025;2019;2020;3
2025;10222;2019;2020;3
2025;87537;2019;2020;3
2025;7705;2019;2020;3
2025;100958;2019;2020;3
2025;9996;2019;2020;3
2025;1185903;2019;2020;3
2025;2304;2019;2020;3
2025;868;2019;2020;3
2025;1327450;2019;2020;3
2025;1185903;2019;2020;3
2025;5000979;2019;2020;3
2025;85652;2019;2020;3
2025;1185025;2019;2020;3
2025;71859;2019;2020;3
2025;5000841;2019;2020;3
2025;1264844;2019;2020;3
2025;57402;2019;2020;3
2025;87537;2019;2020;3
2025;1193264;2019;2020;3
2025;100956;2019;2020;3
2025;121850;2019;2020;3
2025;7676;2019;2021;3
2025;59414;2019;2020;3
2025;108882;2019;2020;3
2025;54490;2019;2020;3
2025;5000841;2019;2020;3
2025;90084;2019;2020;3
2025;1483768;2019;2020;3
2025;90084;2019;2020;3
2025;19850;2019;2020;3
2025;1185903;2019;2020;3
2025;1399480;2019;2020;3
2025;65924;2019;2019;3
2025;1322329;2019;2020;3
2025;7705;2019;2020;3
2025;19294;2019;2020;3
2025;13996;2019;2020;1
2025;107766;2019;2020;3
2025;1399480;2019;2020;3
2025;18447;2019;2020;3
2025;1185025;2019;2020;3
2025;1399619;2019;2020;3
2025;18447;2019;2020;3
2025;1257524;2019;2020;4
2025;99476;2019;2021;3
2025;1404416;2019;2020;3
2025;5000001;2019;2020;3
2025;9772;2019;2020;3
2025;1725;2019;2020;3
2025;108014;2019;2020;3
2025;54490;2019;2020;3
2025;3418;2019;2020;3
2025;59174;2019;2021;3
2025;60660;2019;2020;3
2025;5000979;2019;2020;3
2025;75821;2019;2020;3
2025;1477973;2019;2020;3
2025;39415;2019;2020;3
2025;1483768;2019;2020;3
2025;1408262;2019;2020;3
2025;72681;2019;2020;3
2025;1185025;2019;2020;3
2025;1200578;2019;2020;3
2025;12970;2019;2020;1
2025;1190667;2019;2020;3
2025;5206;2019;2020;3
2025;19850;2019;2020;3
2025;1257548;2019;2023;3
2025;1313341;2019;2020;3
2025;13996;2019;2020;1
2025;4503;2019;2020;3
2025;74594;2019;2020;3
2025;1184047;2019;2020;3
2025;5001314;2019;2020;3
2025;90483;2019;2019;3
2025;74594;2019;2020;3
2025;100956;2019;2020;3
2025;1487290;2019;2020;3
2025;74594;2019;2020;3
2025;1109361;2019;2020;3
2025;1200578;2019;2020;3
2025;9988;2019;2020;3
2025;1050663;2019;2020;3
2025;72767;2019;2020;3
2025;1399478;2019;2020;3
2025;90084;2019;2020;3
2025;13996;2019;2020;1
2025;5001300;2019;2019;3
2025;13996;2019;2020;1
2025;120983;2019;2020;3
2025;1184047;2019;2020;3
2025;1216474;2019;2020;3
2025;108014;2019;2020;3
2025;1059179;2019;2020;3
2025;1190667;2019;2020;3
2025;1408507;2019;2020;3
2025;19850;2019;2020;3
2025;7676;2019;2020;3
2025;1190667;2019;2020;3
2025;5001341;2019;2020;3
2025;5000841;2019;2020;3
2025;20058;2019;2020;3
2025;107666;2019;2020;3
2025;9805;2019;2020;3
2025;5345;2019;2020;3
2025;74594;2019;2020;3
2025;5000930;2019;2020;1
2025;5000841;2019;2020;3
2025;5001314;2019;2020;3
2025;49060;2019;2020;3
2025;66361;2019;2020;3
2025;15475;2019;2020;1
2025;5001167;2019;2020;3
2025;10224;2019;2020;3
2025;98406;2019;2020;3
2025;74655;2019;2020;3
2025;86356;2019;2020;3
2025;1190280;2019;2019;3
2025;19434;2019;2020;3
2025;1184060;2019;2020;3
2025;79007;2019;2020;3
2025;97679;2019;2020;3
2025;1102360;2019;2020;3
2025;4503;2019;2020;3
2025;1184060;2019;2020;3
2025;1445016;2019;2020;3
2025;18594;2019;2020;4
2025;1399488;2019;2020;3
2025;1200578;2019;2020;3
2025;2304;2019;2020;3
2025;71689;2019;2020;3
2025;1135207;2019;2020;3
2025;5000979;2019;2020;3
2025;1190667;2019;2020;3
2025;90084;2019;2020;3
2025;140;2019;2020;3
2025;99476;2019;2021;2
2025;5000933;2019;2020;3
2025;90084;2019;2020;3
2025;1399616;2019;2020;3
2025;15475;2019;2022;1
2025;60660;2019;2020;3
2025;90084;2019;2020;3
2025;90084;2019;2020;3
2025;5000930;2019;2020;3
2025;9996;2019;2020;3
2025;5000979;2019;2020;3
2025;1427420;2019;2019;3
2025;7105;2019;2020;3
2025;90084;2019;2020;3
2025;1135207;2019;2020;3
2025;5000812;2019;2020;3
2025;1349675;2019;2020;3
2025;1477973;2019;2020;3
2025;91219;2019;2020;3
2025;12970;2019;2020;1
2025;5001183;2019;2020;3
2025;1399488;2019;2020;3
2025;72669;2019;2020;3
2025;1399486;2019;2020;3
2025;19206;2019;2020;4
2025;14234;2019;2020;3
2025;90084;2019;2020;3
2025;1399617;2019;2020;3
2025;1200578;2019;2020;3
2025;98406;2019;2020;3
2025;90084;2019;2020;3
2025;10224;2019;2020;3
2025;90084;2019;2020;3
2025;18605;2019;2019;3
2025;1408504;2019;2020;3
2025;5001183;2019;2020;3
2025;1278877;2019;2020;3
2025;1184060;2019;2019;3
2025;12813;2019;2020;3
2025;90084;2019;2020;3
2025;1421013;2019;2020;3
2025;9805;2019;2020;3
2025;1408509;2019;2020;3
2025;1419799;2019;2020;3
2025;1399479;2019;2020;3
2025;1173014;2019;2020;3
2025;15475;2019;2020;1
2025;1408507;2019;2020;3
2025;1050663;2019;2020;3
2025;1278877;2019;2020;3
2025;90084;2019;2020;3
2025;1101742;2019;2020;3
2025;7676;2019;2020;3
2025;100958;2019;2020;3
2025;1399481;2019;2020;3
2025;90084;2019;2020;3
2025;1390309;2019;2020;3
2025;72669;2019;2020;3
2025;1390309;2019;2020;3
2025;3677;2019;2020;3
2025;90084;2019;2020;3
2025;5000930;2019;2020;3
2025;100958;2019;2020;3
2025;9805;2019;2020;3
2025;868;2019;2020;3
2025;13996;2019;2020;1
2025;8437;2019;2020;3
2025;90084;2019;2020;3
2025;90084;2019;2020;3
2025;9805;2019;2020;3
2025;9805;2019;2020;3
2025;90084;2019;2020;3
2025;100956;2019;2021;3
2025;5000812;2019;2020;3
2025;9805;2019;2020;3
2025;90084;2019;2020;3
2025;9805;2019;2020;3
2025;90084;2019;2020;3
2025;71859;2019;2020;3
2025;15475;2019;2020;1
2025;90084;2019;2020;3
2025;90084;2019;2020;3
2025;11114;2019;2020;3
2025;2304;2019;2020;3
2025;9805;2019;2020;3
2025;90084;2019;2020;3
2025;9805;2019;2020;3
2025;79007;2019;2020;3
2025;90084;2019;2020;3
2025;72663;2019;2020;3
2025;7676;2019;2020;3
2025;3148;2019;2020;3
2025;1399615;2019;2020;3
2025;5000980;2019;2020;3
2025;758;2019;2020;3
2025;20360;2019;2020;3
2025;2304;2019;2020;3
2025;9996;2019;2020;3
2025;1185903;2019;2020;3
2025;90084;2019;2020;3
2025;72663;2019;2020;3
2025;1486822;2019;2020;3
2025;5909;2019;2020;3
2025;72663;2019;2020;3
2025;1399480;2019;2020;3
2025;1399617;2019;2020;3
2025;9805;2019;2020;3
2025;1408259;2019;2020;3
2025;5000930;2019;2020;3
2025;90084;2019;2020;3
2025;90084;2019;2020;3
2025;72663;2019;2020;3
2025;14234;2019;2020;3
2025;90084;2019;2020;3
2025;90084;2019;2020;3
2025;72663;2019;2020;3
2025;1421013;2019;2020;3
2025;5000001;2019;2022;3
2025;90084;2019;2020;3
2025;97679;2019;2020;3
2025;87537;2019;2020;3
2025;90084;2019;2020;3
2025;1179189;2019;2020;3
2025;72667;2019;2020;3
2025;72663;2019;2020;3
2025;1419799;2019;2020;3
2025;90084;2019;2020;3
2025;8437;2019;2020;3
2025;90084;2019;2020;3
2025;1180318;2019;2020;3
2025;3148;2019;2020;3
2025;1190621;2019;2020;3
2025;90084;2019;2020;3
2025;7676;2019;2020;3
2025;90084;2019;2020;3
2025;1179189;2019;2020;3
2025;11446;2019;2020;3
2025;11114;2019;2020;3
2025;64918;2019;2020;3
2025;90084;2019;2020;3
2025;1190621;2019;2020;3
2025;12813;2019;2020;3
2025;1050663;2019;2020;3
2025;20249;2019;2020;3
2025;1408504;2019;2019;3
2025;1629;2019;2020;3
2025;90084;2019;2020;3
2025;98506;2019;2021;3
2025;20360;2019;2020;3
2025;15839;2019;2020;3
2025;90084;2019;2020;3
2025;79007;2019;2020;3
2025;72663;2019;2020;3
2025;90084;2019;2020;3
2025;48854;2019;2020;3
2025;90084;2019;2020;3
2025;59174;2019;2020;3
2025;10289;2019;2020;3
2025;66361;2019;2020;3
2025;5000979;2019;2020;3
2025;90084;2019;2020;3
2025;48854;2019;2019;3
2025;1399478;2019;2020;3
2025;5000001;2019;2020;3
2025;1190621;2019;2020;3
2025;84352;2019;2020;3
2025;90084;2019;2020;3
2025;7676;2019;2020;3
2025;90084;2019;2020;3
2025;20249;2019;2020;3
2025;65924;2019;2019;3
2025;1179189;2019;2020;3
2025;2304;2019;2020;3
2025;5001300;2019;2020;3
2025;90084;2019;2020;3
2025;1190621;2019;2020;3
2025;90084;2019;2020;3
2025;1190621;2019;2020;3
2025;1190621;2019;2020;3
2025;5001294;2019;2020;3
2025;90084;2019;2020;3
2025;2304;2019;2020;3
2025;90084;2019;2020;3
2025;2304;2019;2020;3
2025;84408;2019;2020;3
2025;6496;2019;2020;3
2025;1190621;2019;2020;3
2025;7676;2019;2020;3
2025;90084;2019;2020;3
2025;90084;2019;2020;3
2025;2304;2019;2020;3
2025;1483773;2019;2020;3
2025;72667;2019;2020;3
2025;90084;2019;2020;3
2025;90084;2019;2021;3
2025;2304;2019;2020;3
2025;90084;2019;2020;3
2025;6496;2019;2020;3
2025;868;2019;2020;3
2025;90084;2019;2020;3
2025;9805;2019;2020;3
2025;72663;2019;2020;3
2025;90084;2019;2020;3
2025;1188900;2019;2020;3
2025;72667;2019;2020;3
2025;72663;2019;2020;3
2025;1179189;2019;2019;3
2025;140;2019;2020;3
2025;90084;2019;2020;3
2025;51835;2019;2020;3
2025;5000980;2019;2020;3
2025;1200578;2019;2021;3
2025;57402;2019;2020;3
2025;1408509;2019;2020;3
2025;1179189;2019;2020;3
2025;90084;2019;2020;3
2025;1179189;2019;2020;3
2025;87537;2019;2021;3
2025;5345;2019;2020;3
2025;90084;2019;2019;3
2025;1200578;2019;2020;3
2025;1334344;2019;2020;3
2025;9996;2019;2020;3
2025;1108786;2019;2019;3
2025;13996;2019;2020;1
2025;10289;2019;2020;3
2025;5000930;2019;2020;3
2025;1200578;2019;2020;3
2025;64918;2019;2020;3
2025;90084;2019;2020;3
2025;14093;2019;2020;3
2025;64918;2019;2020;3
2025;64918;2019;2020;3
2025;12345;2019;2020;3
2025;6711;2019;2020;3
2025;90084;2019;2020;3
2025;1107;2019;2020;3
2025;100958;2019;2020;3
2025;20360;2019;2020;3
2025;72663;2019;2020;3
2025;11114;2019;2020;3
2025;84408;2019;2020;3
2025;90483;2019;2019;3
2025;72669;2019;2020;3
2025;90084;2019;2020;3
2025;90084;2019;2020;3
2025;19294;2019;2020;3
2025;1178672;2019;2020;3
2025;1427420;2019;2020;3
2025;1190621;2019;2020;3
2025;90084;2019;2020;3
2025;1179501;2019;2020;3
2025;8437;2019;2020;3
2025;90084;2019;2020;3
2025;1190621;2019;2020;3
2025;1190621;2019;2020;3
2025;1267038;2019;2020;3
2025;2304;2019;2020;3
2025;20360;2019;2020;3
2025;1408507;2019;2019;3
2025;71859;2019;2020;3
2025;90084;2019;2019;3
2025;1190621;2019;2020;3
2025;5000980;2019;2020;3
2025;1190621;2019;2020;3
2025;90084;2019;2020;3
2025;9988;2019;2020;1
2025;64918;2019;2020;3
2025;1438629;2019;2020;3
2025;1190621;2019;2020;3
2025;1190621;2019;2020;3
2025;6711;2019;2019;3
2025;1190621;2019;2020;3
2025;5000930;2019;2020;1
2025;20360;2019;2020;3
2025;48854;2019;2019;3
2025;1190621;2019;2020;3
2025;72663;2019;2020;3
2025;1108281;2019;2020;3
2025;5000930;2019;2020;3
2025;10591;2019;2020;3
2025;1178524;2019;2020;3
2025;2304;2019;2020;3
2025;1179189;2019;2020;3
2025;16236;2019;2020;3
2025;5000841;2019;2020;3
2025;1168313;2019;2020;3
2025;64918;2019;2020;3
2025;13601;2019;2020;3
2025;1179189;2019;2020;3
2025;2304;2019;2020;3
2025;7676;2019;2020;3
2025;1029204;2019;2020;3
2025;5001300;2019;2020;3
2025;1179189;2019;2020;3
2025;1179189;2019;2020;3
2025;1477973;2019;2020;3
2025;1179189;2019;2020;3
2025;1179189;2019;2020;3
2025;13996;2019;2020;1
2025;13996;2019;2020;1
2025;5000979;2019;2022;3
2025;97679;2019;2020;3
2025;2304;2019;2020;3
2025;91219;2019;2020;3
2025;2304;2019;2020;3
2025;51835;2019;2020;3
2025;107666;2019;2020;3
2025;2304;2019;2020;3
2025;5000979;2019;2020;3
2025;5000981;2019;2020;3
2025;14563;2019;2020;3
2025;84352;2019;2020;3
2025;1438629;2019;2020;3
2025;9988;2019;2020;1
2025;13996;2019;2020;1
2025;19850;2019;2020;3
2025;9988;2019;2020;3
2025;1108786;2019;2020;3
2025;5001300;2019;2020;3
2025;1399477;2019;2021;3
2025;20249;2019;2020;3
2025;13996;2019;2020;1
2025;4503;2019;2020;3
2025;19850;2019;2020;3
2025;2304;2019;2020;3
2025;1399489;2019;2020;3
2025;2304;2019;2020;3
2025;6711;2019;2020;3
2025;39415;2019;2020;3
2025;5000841;2019;2020;3
2025;2304;2019;2021;3
2025;2304;2019;2020;3
2025;1483768;2019;2020;3
2025;108882;2019;2021;3
2025;1397772;2019;2020;3
2025;97679;2019;2020;3
2025;54490;2019;2020;3
2025;1107;2019;2020;3
2025;140;2019;2020;3
2025;1185025;2019;2020;3
2025;11114;2019;2020;3
2025;5001033;2019;2020;3
2025;2304;2019;2020;3
2025;2304;2019;2020;3
2025;5000001;2019;2020;3
2025;2304;2019;2020;3
2025;64918;2019;2020;3
2025;2304;2019;2020;1
2025;1029204;2019;2020;3
2025;2918;2019;2020;3
2025;1399615;2019;2020;3
2025;2304;2019;2020;3
2025;2304;2019;2020;3
2025;2304;2019;2020;3
2025;5000001;2019;2020;3
2025;1453564;2019;2020;3
2025;59414;2019;2020;3
2025;108882;2019;2020;3
2025;1419799;2019;2020;3
2025;2304;2019;2020;3
2025;2304;2019;2020;3
2025;108882;2019;2020;3
2025;14093;2019;2020;3
2025;7676;2019;2020;3
2025;6711;2019;2019;3
2025;2304;2019;2020;3
2025;1193275;2019;2020;3
2025;15343;2019;2020;3
2025;1399481;2019;2020;3
2025;5001033;2019;2020;2
2025;2304;2019;2020;3
2025;2304;2019;2020;3
2025;2304;2019;2020;3
2025;9996;2019;2020;3
2025;72767;2019;2020;3
2025;2304;2019;2020;3
2025;79007;2019;2020;3
2025;74655;2019;2020;3
2025;1419799;2019;2020;3
2025;14359;2019;2020;3
2025;5345;2019;2020;3
2025;1191415;2019;2020;3
2025;1453564;2019;2020;3
2025;1184432;2019;2020;3
2025;75821;2019;2020;3
2025;5000841;2019;2020;3
2025;1188127;2019;2021;3
2025;2304;2019;2022;3
2025;5001033;2019;2020;3
2025;2304;2019;2020;3
2025;1192047;2019;2020;3
2025;2304;2019;2022;3
2025;57852;2019;2020;3
2025;2304;2019;2020;3
2025;868;2019;2020;3
2025;5000980;2019;2020;3
2025;15343;2019;2020;3
2025;2304;2019;2020;3
2025;10289;2019;2020;3
2025;60660;2019;2020;3
2025;2304;2019;2020;3
2025;72669;2019;2020;3
2025;2304;2019;2020;3
2025;9772;2019;2020;3
2025;1397773;2019;2020;3
2025;7105;2019;2020;3
2025;72669;2019;2020;3
2025;72669;2019;2020;3
2025;1189607;2019;2020;3
2025;1427420;2019;2020;3
2025;74655;2019;2020;3
2025;2918;2019;2020;3
2025;5001033;2019;2020;3
2025;12970;2019;2020;3
2025;1189607;2019;2020;3
2025;7676;2019;2020;3
2025;1059179;2019;2020;3
2025;18594;2019;2020;4
2025;9805;2019;2020;3
2025;2304;2019;2020;3
2025;1399479;2019;2020;3
2025;10224;2019;2020;3
2025;2304;2019;2020;3
2025;12970;2019;2020;1
2025;12692;2019;2020;3
2025;1189607;2019;2020;3
2025;1189607;2019;2020;3
2025;18594;2019;2020;4
2025;2304;2019;2020;3
2025;1457006;2019;2020;3
2025;98409;2019;2020;3
2025;20249;2019;2020;3
2025;2304;2019;2020;3
2025;16904;2019;2020;3
2025;93001;2019;2020;3
2025;9805;2019;2020;3
2025;100688;2019;2020;3
2025;93001;2019;2020;3
2025;1385538;2019;2020;3
2025;5001033;2019;2020;3
2025;1109361;2019;2020;3
2025;1193275;2019;2020;3
2025;13996;2019;2020;1
2025;72669;2019;2020;3
2025;5000930;2019;2020;3
2025;7105;2019;2020;3
2025;1322329;2019;2020;3
2025;15475;2019;2020;1
2025;1399480;2019;2024;3
2025;1453564;2019;2020;3
2025;5001033;2019;2020;3
2025;59174;2019;2019;3
2025;57402;2019;2020;3
2025;1258021;2019;2020;3
2025;1390309;2019;2020;3
2025;1202553;2019;2020;3
2025;5001033;2019;2020;3
2025;5000980;2019;2020;3
2025;5000841;2019;2020;3
2025;1050663;2019;2020;3
2025;1190667;2019;2020;3
2025;5000979;2019;2020;3
2025;1135207;2019;2020;3
2025;1385538;2019;2020;3
2025;75821;2019;2021;3
2025;1397772;2019;2020;3
2025;1200578;2019;2020;3
2025;59174;2019;2020;3
2025;8437;2019;2020;3
2025;5000979;2019;2020;3
2025;1257524;2019;2020;4
2025;5000980;2019;2020;3
2025;1399482;2019;2020;3
2025;100958;2019;2020;3
2025;1725;2019;2020;3
2025;1192047;2019;2020;3
2025;74655;2019;2020;3
2025;107666;2019;2020;3
2025;7676;2019;2020;3
2025;57852;2019;2020;3
2025;5001033;2019;2020;3
2025;1102360;2019;2020;3
2025;1342449;2019;2020;3
2025;5345;2019;2020;3
2025;72667;2019;2020;3
2025;19206;2019;2020;4
2025;71859;2019;2020;3
2025;72669;2019;2020;3
2025;2918;2019;2020;3
2025;1193759;2019;2021;3
2025;1168313;2019;2020;3
2025;48854;2019;2020;3
2025;97679;2019;2020;3
2025;1189607;2019;2020;3
2025;5000812;2019;2020;3
2025;72667;2019;2020;3
2025;7676;2019;2020;3
2025;4503;2019;2020;3
2025;2304;2019;2020;3
2025;1390317;2019;2020;3
2025;18472;2019;2020;3
2025;2918;2019;2020;3
2025;2304;2019;2022;3
2025;1189607;2019;2020;3
2025;1629;2019;2020;3
2025;1189607;2019;2020;3
2025;1292713;2019;2020;3
2025;9996;2019;2020;3
2025;97679;2019;2020;3
2025;1321864;2019;2020;3
2025;1408505;2019;2020;3
2025;1200578;2019;2020;3
2025;5000001;2019;2022;3
2025;51835;2019;2020;3
2025;121850;2019;2020;3
2025;1399479;2019;2020;3
2025;1059179;2019;2020;3
2025;1390309;2019;2020;3
2025;100958;2019;2020;3
2025;64918;2019;2020;3
2025;1397771;2019;2020;3
2025;108014;2019;2020;3
2025;1330031;2019;2020;3
2025;1399481;2019;2020;3
2025;1725;2019;2020;3
2025;99476;2019;2021;3
2025;1486822;2019;2020;3
2025;9988;2019;2020;1
2025;37304;2019;2020;4
2025;15475;2019;2020;1
2025;84408;2019;2020;3
2025;1184325;2019;2020;3
2025;1390311;2019;2020;3
2025;100688;2019;2020;3
2025;5000979;2019;2020;3
2025;5001033;2019;2020;3
2025;13996;2019;2020;1
2025;1179189;2019;2020;3
2025;72767;2019;2020;3
2025;59174;2019;2020;3
2025;1179189;2019;2019;3
2025;1399615;2019;2020;3
2025;5000841;2019;2020;3
2025;98406;2019;2020;3
2025;20058;2019;2020;3
2025;14093;2019;2020;3
2025;121850;2019;2020;3
2025;1399287;2019;2020;3
2025;4503;2019;2020;3
2025;1180318;2019;2020;3
2025;4503;2019;2020;3
2025;2304;2019;2020;3
2025;5000001;2019;2020;3
2025;758;2019;2020;3
2025;59414;2019;2020;3
2025;5000841;2019;2020;3
2025;1399485;2019;2020;3
2025;64918;2019;2020;3
2025;66248;2019;2020;3
2025;9988;2019;2019;3
2025;5000930;2019;2020;3
2025;84352;2019;2020;3
2025;98406;2019;2020;3
2025;84408;2019;2020;3
2025;1483759;2019;2020;3
2025;103596;2019;2020;3
2025;98406;2019;2020;3
2025;100958;2019;2020;3
2025;13996;2019;2020;1
2025;7676;2019;2020;3
2025;1408505;2019;2020;3
2025;14234;2019;2020;3
2025;8554;2019;2020;3
2025;5206;2019;2020;2
2025;12015;2019;2020;3
2025;1399485;2019;2020;3
2025;13453;2019;2020;3
2025;100958;2019;2020;3
2025;1879;2019;2021;3
2025;6711;2019;2020;3
2025;13996;2019;2020;1
2025;1190280;2019;2019;3
2025;6496;2019;2020;3
2025;1193264;2019;2020;3
2025;18447;2019;2020;3
2025;1322329;2019;2020;3
2025;72669;2019;2020;3
2025;1184047;2019;2020;3
2025;1200578;2019;2020;3
2025;1184047;2019;2020;3
2025;1399483;2019;2020;3
2025;5000001;2019;2020;3
2025;72675;2019;2019;3
2025;1184432;2019;2020;3
2025;97679;2019;2020;3
2025;5001033;2019;2020;3
2025;14234;2019;2020;3
2025;38071;2019;2020;3
2025;69464;2019;2020;3
2025;8437;2019;2020;3
2025;1192047;2019;2020;3
2025;1185025;2019;2020;3
2025;1102360;2019;2020;3
2025;1399481;2019;2020;3
2025;1399478;2019;2020;3
2025;18594;2019;2020;4
2025;6711;2019;2020;3
2025;87941;2019;2020;3
2025;48854;2019;2020;3
2025;7705;2019;2020;3
2025;7676;2019;2020;3
2025;12970;2019;2020;1
2025;100956;2019;2020;3
2025;5345;2019;2020;3
2025;100956;2019;2020;3
2025;1184432;2019;2020;3
2025;1487290;2019;2020;3
2025;12345;2019;2020;3
2025;11114;2019;2020;3
2025;8437;2019;2020;3
2025;1399484;2019;2020;3
2025;1445016;2019;2020;3
2025;100956;2019;2020;3
2025;5000001;2019;2024;3
2025;5000001;2019;2023;3
2025;7676;2019;2020;3
2025;100958;2019;2020;3
2025;1192047;2019;2022;3
2025;57402;2019;2020;3
2025;14563;2019;2020;3
2025;100958;2019;2020;3
2025;87537;2019;2020;3
2025;51835;2019;2020;3
2025;59414;2019;2020;3
2025;1399477;2019;2020;3
2025;14093;2019;2020;3
2025;1050663;2019;2020;3
2025;9996;2019;2020;3
2025;1725;2019;2020;3
2025;5000978;2019;2020;3
2025;1261972;2019;2020;3
2025;8437;2019;2020;3
2025;1136509;2019;2020;3
2025;1390317;2019;2020;3
2025;75821;2019;2020;3
2025;51835;2019;2020;3
2025;90847;2019;2020;3
2025;1136509;2019;2020;3
2025;18472;2019;2020;3
2025;18605;2019;2020;3
2025;5000930;2019;2020;3
2025;12345;2019;2020;3
2025;15839;2019;2021;3
2025;1184060;2019;2020;3
2025;2918;2019;2020;3
2025;5000980;2019;2020;3
2025;84408;2019;2020;3
2025;5000933;2019;2020;3
2025;6496;2019;2020;3
2025;9988;2019;2020;1
2025;13723;2019;2020;3
2025;1179501;2019;2020;3
2025;2304;2019;2020;3
2025;7705;2019;2020;3
2025;1397772;2019;2025;3
2025;1399480;2019;2020;3
2025;97679;2019;2020;3
2025;9988;2019;2020;1
2025;1408505;2019;2020;3
2025;2918;2019;2020;3
2025;18472;2019;2020;3
2025;9988;2019;2020;1
2025;140;2019;2020;3
2025;19850;2019;2020;3
2025;1184047;2019;2020;3
2025;90847;2019;2020;3
2025;90059;2019;2020;3
2025;5000980;2019;2020;3
2025;13996;2019;2020;1
2025;1135207;2019;2020;3
2025;107666;2019;2020;3
2025;9326;2019;2020;1
2025;59414;2019;2020;3
2025;9772;2019;2020;3
2025;5000841;2019;2020;3
2025;90847;2019;2020;3
2025;1408505;2019;2020;3
2025;90847;2019;2020;3
2025;72669;2019;2020;3
2025;7676;2019;2020;3
2025;66361;2019;2020;3
2025;7676;2019;2020;3
2025;90847;2019;2020;3
2025;1168313;2019;2020;3
2025;1257524;2019;2020;4
2025;90847;2019;2020;3
2025;90847;2019;2020;3
2025;121850;2019;2020;3
2025;90847;2019;2020;3
2025;5001033;2019;2020;3
2025;5000980;2019;2020;3
2025;57402;2019;2020;3
2025;90847;2019;2020;3
2025;53338;2019;2020;3
2025;7676;2019;2020;3
2025;1399481;2019;2020;3
2025;1427420;2019;2020;3
2025;90847;2019;2020;3
2025;6711;2019;2019;3
2025;90847;2019;2020;3
2025;1408504;2019;2020;3
2025;1180318;2019;2020;3
2025;90847;2019;2020;3
2025;7676;2019;2020;3
2025;90847;2019;2020;3
2025;90847;2019;2020;3
2025;1193275;2019;2020;3
2025;1629;2019;2020;3
2025;1258023;2019;2020;3
2025;9988;2019;2020;3
2025;57402;2019;2020;3
2025;98406;2019;2020;3
2025;1171609;2019;2020;3
2025;15343;2019;2020;3
2025;2918;2019;2020;3
2025;9988;2019;2020;1
2025;7676;2019;2020;3
2025;57852;2019;2020;3
2025;15475;2019;2020;1
2025;1322329;2019;2020;3
2025;7676;2019;2021;3
2025;37304;2019;2020;4
2025;1518;2019;2019;3
2025;1483768;2019;2020;3
2025;10224;2019;2020;3
2025;5000979;2019;2020;3
2025;108882;2019;2020;3
2025;100688;2019;2020;3
2025;1629;2019;2020;3
2025;16236;2019;2020;3
2025;5000978;2019;2020;3
2025;1399481;2019;2020;3
2025;2304;2019;2020;3
2025;1171609;2019;2020;3
2025;15475;2019;2020;1
2025;11114;2019;2020;3
2025;1390309;2019;2020;3
2025;1404416;2019;2020;3
2025;5001033;2019;2020;3
2025;12569;2019;2020;3
2025;51835;2019;2021;3
2025;1257524;2019;2021;4
2025;10224;2019;2020;3
2025;1178672;2019;2020;3
2025;5000930;2019;2020;3
2025;9988;2019;2020;3
2025;2918;2019;2020;3
2025;1185025;2019;2020;3
2025;54490;2019;2020;3
2025;57402;2019;2020;3
2025;54490;2019;2020;3
2025;1408508;2019;2020;4
2025;5000930;2019;2020;3
2025;20249;2019;2020;3
2025;107666;2019;2020;3
2025;4503;2019;2020;3
2025;9326;2019;2020;1
2025;90483;2019;2019;3
2025;90847;2019;2020;3
2025;9988;2019;2020;3
2025;1483768;2019;2020;3
2025;1483768;2019;2020;3
2025;1267038;2019;2020;3
2025;1168313;2019;2020;3
2025;7676;2019;2020;3
2025;5345;2019;2020;3
2025;1108786;2019;2020;3
2025;5001033;2019;2020;3
2025;1184047;2019;2020;3
2025;71859;2019;2020;3
2025;868;2019;2020;3
2025;1184047;2019;2020;3
2025;11114;2019;2020;3
2025;1193275;2019;2020;3
2025;1408504;2019;2019;3
2025;1397772;2019;2021;3
2025;5001033;2019;2020;3
2025;1168313;2019;2020;3
2025;79007;2019;2020;3
2025;10591;2019;2020;3
2025;1202573;2019;2020;3
2025;5001033;2019;2020;3
2025;13996;2019;2020;1
2025;4503;2019;2020;3
2025;1321864;2019;2020;3
2025;75821;2019;2020;3
2025;5000841;2019;2020;3
2025;5001466;2019;2019;3
2025;91219;2019;2020;3
2025;11114;2019;2020;3
2025;5000979;2019;2020;3
2025;87537;2019;2020;3
2025;1188900;2019;2020;3
2025;13996;2019;2020;1
2025;1330031;2019;2020;3
2025;5345;2019;2020;3
2025;38071;2019;2020;3
2025;7676;2019;2020;3
2025;1483759;2019;2020;3
2025;1399287;2019;2019;3
2025;60660;2019;2020;3
2025;5001033;2019;2020;3
2025;100956;2019;2020;3
2025;14359;2019;2020;3
2025;13200;2019;2020;3
2025;79007;2019;2020;3
2025;13996;2019;2020;1
2025;59174;2019;2020;3
2025;2918;2019;2020;3
2025;90847;2019;2020;3
2025;1399477;2019;2020;3
2025;19850;2019;2020;3
2025;6496;2019;2020;3
2025;64918;2019;2020;3
2025;6711;2019;2019;3
2025;79007;2019;2020;3
2025;1419799;2019;2020;3
2025;5000979;2019;2020;3
2025;1404416;2019;2020;3
2025;9988;2019;2020;1
2025;5000979;2019;2020;3
2025;1102360;2019;2020;3
2025;4503;2019;2020;3
2025;1399616;2019;2020;3
2025;20249;2019;2020;3
2025;1107;2019;2020;3
2025;1193275;2019;2020;3
2025;20360;2019;2020;3
2025;51835;2019;2020;3
2025;18594;2019;2020;4
2025;1163738;2019;2019;3
2025;5001341;2019;2020;2
2025;1102360;2019;2020;3
2025;9988;2019;2020;1
2025;1200578;2019;2020;3
2025;1390317;2019;2020;3
2025;74655;2019;2020;3
2025;5000001;2019;2020;3
2025;1179189;2019;2020;3
2025;59414;2019;2020;3
2025;5000979;2019;2020;3
2025;1202546;2019;2020;3
2025;5000841;2019;2020;3
2025;38071;2019;2020;3
2025;1171609;2019;2020;3
2025;1171609;2019;2020;3
2025;1399481;2019;2020;3
2025;1455021;2019;2020;3
2025;1408508;2019;2020;4
2025;18447;2019;2020;3
2025;1399480;2019;2020;3
2025;1404416;2019;2020;3
2025;57402;2019;2020;3
2025;18472;2019;2020;3
2025;1135207;2019;2020;3
2025;100958;2019;2020;3
2025;1399615;2019;2020;3
2025;98409;2019;2020;3
2025;1292713;2019;2020;3
2025;1427419;2019;2020;3
2025;7705;2019;2020;3
2025;72681;2019;2020;3
2025;1189778;2019;2020;3
2025;87537;2019;2020;3
2025;1171609;2019;2020;3
2025;97679;2019;2020;3
2025;98506;2019;2020;3
2025;20249;2019;2021;3
2025;91219;2019;2019;3
2025;72669;2019;2020;3
2025;57402;2019;2020;3
2025;5000979;2019;2021;3
2025;9988;2019;2020;1
2025;1397773;2019;2020;3
2025;5345;2019;2020;3
2025;1163738;2019;2019;3
2025;1163738;2019;2020;3
2025;1107;2019;2020;3
2025;1408261;2019;2020;3
2025;1399479;2019;2020;3
2025;1408508;2019;2020;4
2025;51835;2019;2020;3
2025;84352;2019;2020;3
2025;9988;2019;2020;1
2025;72669;2019;2020;3
2025;5345;2019;2020;3
2025;1108786;2019;2020;3
2025;1178672;2019;2020;3
2025;1879;2019;2020;3
2025;5000979;2019;2020;3
2025;54490;2019;2020;3
2025;72667;2019;2020;3
2025;1029204;2019;2020;3
2025;5001033;2019;2020;3
2025;1399618;2019;2020;4
2025;65924;2019;2020;3
2025;9988;2019;2020;1
2025;86288;2019;2020;3
2025;20249;2019;2020;3
2025;18594;2019;2020;4
2025;868;2019;2020;3
2025;1408504;2019;2019;3
2025;5000841;2019;2020;3
2025;1292713;2019;2020;3
2025;74655;2019;2020;3
2025;107766;2019;2020;3
2025;98409;2019;2020;3
2025;1050663;2019;2019;3
2025;54490;2019;2020;3
2025;57402;2019;2021;3
2025;100688;2019;2020;3
2025;5345;2019;2020;3
2025;15783;2019;2020;3
2025;2918;2019;2020;3
2025;5920;2019;2020;3
2025;1192047;2019;2020;3
2025;1102360;2019;2020;3
2025;14975;2019;2020;3
2025;15343;2019;2020;3
2025;12970;2019;2020;1
2025;1390317;2019;2021;3
2025;82224;2019;2020;3
2025;66361;2019;2020;3
2025;5000930;2019;2020;1
2025;72669;2019;2020;3
2025;86356;2019;2020;3
2025;1200578;2019;2020;3
2025;15475;2019;2020;1
2025;9988;2019;2020;1
2025;6711;2019;2020;3
2025;1188849;2019;2021;3
2025;4503;2019;2020;3
2025;5001033;2019;2020;3
2025;1102360;2019;2020;3
2025;1408504;2019;2019;3
2025;1399616;2019;2020;3
2025;49060;2019;2020;3
2025;1399480;2019;2020;3
2025;16236;2019;2020;3
2025;7676;2019;2020;3
2025;72667;2019;2020;3
2025;7705;2019;2020;3
2025;1163738;2019;2020;3
2025;9988;2019;2020;3
2025;14359;2019;2020;3
2025;74655;2019;2020;3
2025;13996;2019;2020;1
2025;1178672;2019;2020;3
2025;5000978;2019;2020;3
2025;8437;2019;2020;3
2025;60660;2019;2020;3
2025;18594;2019;2020;4
2025;100956;2019;2020;3
2025;9805;2019;2020;3
2025;11114;2019;2020;3
2025;9988;2019;2020;1
2025;10224;2019;2020;3
2025;1029204;2019;2020;3
2025;57402;2019;2020;3
2025;5001300;2019;2020;3
2025;7676;2019;2020;3
2025;84408;2019;2020;3
2025;1171609;2019;2020;3
2025;71859;2019;2020;3
2025;1363536;2019;2020;3
2025;1200712;2019;2020;3
2025;1408508;2019;2020;4
2025;121850;2019;2020;3
2025;98406;2019;2021;3
2025;2304;2019;2020;3
2025;57402;2019;2020;3
2025;7676;2019;2020;3
2025;60660;2019;2020;3
2025;9988;2019;2020;1
2025;1399616;2019;2020;3
2025;1135207;2019;2020;3
2025;7837;2019;2019;3
2025;1192047;2019;2020;3
2025;1483773;2019;2020;3
2025;97679;2019;2020;3
2025;11114;2019;2020;3
2025;1257777;2019;2020;3
2025;19294;2019;2019;3
2025;1399616;2019;2020;3
2025;13453;2019;2020;3
2025;1399617;2019;2020;3
2025;1399477;2019;2020;3
2025;18594;2019;2020;4
2025;5001033;2019;2020;3
2025;90059;2019;2020;3
2025;3418;2019;2020;3
2025;1200578;2019;2020;3
2025;9805;2019;2020;3
2025;1104264;2019;2020;3
2025;59414;2019;2022;3
2025;72767;2019;2020;3
2025;7105;2019;2020;3
2025;5000979;2019;2021;3
2025;5000001;2019;2020;3
2025;1193275;2019;2020;3
2025;5000841;2019;2020;3
2025;87537;2019;2020;3
2025;6496;2019;2020;3
2025;1385538;2019;2020;3
2025;72669;2019;2020;3
2025;7676;2019;2020;3
2025;18472;2019;2020;3
2025;1408504;2019;2020;3
2025;98409;2019;2020;3
2025;1483773;2019;2020;3
2025;1200578;2019;2020;3
2025;99476;2019;2020;3
2025;91219;2019;2020;3
2025;5001300;2019;2020;3
2025;64918;2019;2020;3
2025;1108281;2019;2020;3
2025;1399481;2019;2020;3
2025;7676;2019;2020;3
2025;18447;2019;2020;3
2025;1200578;2019;2020;3
2025;5000930;2019;2020;1
2025;5345;2019;2020;3
2025;1108786;2019;2020;3
2025;1314146;2019;2020;3
2025;2918;2019;2020;3
2025;1408508;2019;2020;4
2025;1184325;2019;2020;3
2025;71859;2019;2020;3
2025;60660;2019;2020;3
2025;97679;2019;2020;3
2025;6496;2019;2020;3
2025;1879;2019;2020;3
2025;64918;2019;2020;3
2025;1399486;2019;2020;3
2025;64918;2019;2020;3
2025;5000979;2019;2020;3
2025;54490;2019;2020;3
2025;1193275;2019;2020;3
2025;5000979;2019;2021;3
2025;71859;2019;2020;3
2025;6496;2019;2020;3
2025;5000980;2019;2020;3
2025;1483773;2019;2020;3
2025;1399480;2019;2020;3
2025;7414;2019;2020;3
2025;5345;2019;2020;3
2025;121850;2019;2020;3
2025;1292917;2019;2020;3
2025;20360;2019;2020;3
2025;1408504;2019;2021;3
2025;4503;2019;2020;3
2025;1399617;2019;2020;3
2025;1483773;2019;2020;3
2025;72669;2019;2020;3
2025;10289;2019;2020;3
2025;1483773;2019;2020;3
2025;72675;2019;2019;3
2025;20249;2019;2020;3
2025;15475;2019;2020;1
2025;5000979;2019;2021;3
2025;71859;2019;2020;3
2025;18472;2019;2021;3
2025;14093;2019;2020;3
2025;39415;2019;2020;3
2025;54490;2019;2020;3
2025;7414;2019;2020;3
2025;72675;2019;2019;3
2025;5000841;2019;2020;3
2025;1483773;2019;2020;3
2025;1163738;2019;2020;3
2025;14359;2019;2020;3
2025;18472;2019;2020;3
2025;758;2019;2020;3
2025;1184060;2019;2019;3
2025;1200578;2019;2020;3
2025;6496;2019;2020;3
2025;74655;2019;2020;3
2025;758;2019;2020;3
2025;1421100;2019;2020;3
2025;1385538;2019;2020;3
2025;1200578;2019;2020;3
2025;72417;2019;2021;3
2025;91219;2019;2020;3
2025;5001427;2019;2020;3
2025;1483773;2019;2020;3
2025;6496;2019;2020;3
2025;60660;2019;2020;3
2025;59174;2019;2019;3
2025;75821;2019;2020;3
2025;103596;2019;2020;3
2025;10222;2019;2020;3
2025;85652;2019;2020;3
2025;6496;2019;2020;3
2025;1184432;2019;2019;3
2025;100956;2019;2020;3
2025;5000001;2019;2020;3
2025;108014;2019;2020;3
2025;5000980;2019;2020;3
2025;99476;2019;2021;3
2025;84408;2019;2020;3
2025;16236;2019;2020;3
2025;1171609;2019;2020;3
2025;1399477;2019;2020;3
2025;1390309;2019;2020;3
2025;85652;2019;2020;3
2025;99476;2019;2020;3
2025;1399481;2019;2020;3
2025;1184060;2019;2020;3
2025;1342536;2019;2020;3
2025;5000930;2019;2020;1
2025;10224;2019;2020;3
2025;69464;2019;2020;3
2025;84352;2019;2020;3
2025;85652;2019;2020;3
2025;1102360;2019;2020;3
2025;54490;2019;2020;3
2025;1108281;2019;2020;3
2025;72669;2019;2020;3
2025;7676;2019;2020;3
2025;18447;2019;2020;3
2025;1397773;2019;2020;3
2025;1397773;2019;2021;3
2025;12345;2019;2020;3
2025;5000931;2019;2020;3
2025;5001183;2019;2020;3
2025;5000931;2019;2020;3
2025;5000979;2019;2020;3
2025;5000931;2019;2020;3
2025;5000931;2019;2020;3
2025;5000931;2019;2020;3
2025;5000931;2019;2020;3
2025;1184047;2019;2020;3
2025;10224;2019;2020;3
2025;5000931;2019;2020;3
2025;1408504;2019;2019;3
2025;7676;2019;2020;3
2025;57402;2019;2020;3
2025;18594;2019;2020;4
2025;1200578;2019;2020;3
2025;20249;2019;2020;3
2025;1399478;2019;2020;3
2025;7105;2019;2020;3
2025;59414;2019;2020;3
2025;6711;2019;2020;3
2025;4503;2019;2020;3
2025;5000812;2019;2020;3
2025;1629;2019;2020;3
2025;7837;2019;2019;3
2025;7105;2019;2020;3
2025;1258023;2019;2020;3
2025;7705;2019;2020;3
2025;9996;2019;2020;3
2025;6496;2019;2020;3
2025;57402;2019;2020;3
2025;9805;2019;2020;3
2025;99476;2019;2020;3
2025;868;2019;2020;3
2025;7676;2019;2020;3
2025;1050663;2019;2020;3
2025;1385521;2019;2020;3
2025;2918;2019;2020;3
2025;1408504;2019;2020;3
2025;1050663;2019;2020;3
2025;7676;2019;2020;3
2025;93001;2019;2020;3
2025;9805;2019;2020;3
2025;13996;2019;2020;1
2025;14975;2019;2020;3
2025;91219;2019;2020;3
2025;74655;2019;2020;3
2025;5001183;2019;2020;3
2025;10289;2019;2020;3
2025;97679;2019;2020;3
2025;1483773;2019;2020;3
2025;1102360;2019;2019;3
2025;5001314;2019;2020;3
2025;7705;2019;2020;3
2025;1188900;2019;2020;3
2025;5001183;2019;2020;4
2025;1879;2019;2020;3
2025;1399480;2019;2020;3
2025;1390309;2019;2020;3
2025;5001294;2019;2020;3
2025;12569;2019;2020;3
2025;121850;2019;2020;3
2025;13723;2019;2020;3
2025;13996;2019;2020;1
2025;100958;2019;2020;3
2025;97679;2019;2020;3
2025;1102360;2019;2020;3
2025;1184047;2019;2020;3
2025;1200578;2019;2020;3
2025;72681;2019;2020;3
2025;868;2019;2020;3
2025;1390309;2019;2020;3
2025;5000930;2019;2020;1
2025;5000841;2019;2020;3
2025;19850;2019;2020;3
2025;57402;2019;2020;3
2025;5000001;2019;2020;3
2025;18472;2019;2020;3
2025;1445016;2019;2020;3
2025;1390317;2019;2020;3
2025;1483773;2019;2020;3
2025;1317634;2019;2020;3
2025;98506;2019;2020;3
2025;15783;2019;2020;3
2025;1029204;2019;2020;3
2025;7676;2019;2020;3
2025;2918;2019;2020;3
2025;11114;2019;2020;3
2025;100956;2019;2020;3
2025;86356;2019;2020;3
2025;4503;2019;2020;3
2025;1455021;2019;2023;3
2025;5000930;2019;2020;1
2025;1879;2019;2020;3
2025;5000812;2019;2020;3
2025;5000001;2019;2020;3
2025;86356;2019;2020;3
2025;1455021;2019;2020;3
2025;72669;2019;2020;3
2025;7676;2019;2020;3
2025;98406;2019;2020;3
2025;2918;2019;2020;3
2025;19206;2019;2020;4
2025;1408262;2019;2020;3
2025;1390309;2019;2020;3
2025;5000930;2019;2020;3
2025;140;2019;2020;3
2025;100958;2019;2020;3
2025;7676;2019;2020;3
2025;100956;2019;2020;3
2025;72675;2019;2019;3
2025;72675;2019;2019;3
2025;75821;2019;2020;3
2025;72767;2019;2020;3
2025;59414;2019;2020;3
2025;5206;2019;2020;3
2025;1178672;2019;2020;3
2025;14563;2019;2020;3
2025;5000930;2019;2020;1
2025;1457707;2019;2020;4
2025;7676;2019;2020;3
2025;8960;2019;2020;3
2025;14234;2019;2020;3
2025;18594;2019;2020;4
2025;7105;2019;2020;3
2025;100956;2019;2020;3
2025;100956;2019;2021;3
2025;1173014;2019;2020;3
2025;19850;2019;2020;3
2025;1173014;2019;2020;3
2025;7676;2019;2020;3
2025;1173014;2019;2020;3
2025;5000930;2019;2020;1
2025;1173014;2019;2020;3
2025;1173014;2019;2020;3
2025;1483773;2019;2020;3
2025;1397771;2019;2020;3
2025;5206;2019;2020;3
2025;1173014;2019;2019;3
2025;5001183;2019;2021;3
2025;74655;2019;2020;3
2025;1399486;2019;2020;3
2025;51699;2019;2020;3
2025;1455021;2019;2020;3
2025;5000001;2019;2020;3
2025;11114;2019;2020;3
2025;1483773;2019;2020;3
2025;5000001;2019;2020;3
2025;93001;2019;2020;3
2025;7676;2019;2020;3
2025;1180318;2019;2020;3
2025;1363536;2019;2020;3
2025;1190667;2019;2020;3
2025;5000933;2019;2020;3
2025;1487491;2019;2020;3
2025;1185025;2019;2020;3
2025;84408;2019;2020;3
2025;72681;2019;2020;3
2025;5001300;2019;2020;3
2025;5001033;2019;2020;2
2025;59174;2019;2019;3
2025;1278877;2019;2020;3
2025;5000979;2019;2020;3
2025;1438629;2019;2020;3
2025;7414;2019;2023;3
2025;1173014;2019;2020;3
2025;1173014;2019;2019;3
2025;108882;2019;2020;3
2025;72675;2019;2019;3
2025;6496;2019;2020;3
2025;20360;2019;2020;3
2025;15475;2019;2020;1
2025;5001183;2019;2020;3
2025;1408259;2019;2020;3
2025;140;2019;2020;3
2025;60660;2019;2020;3
2025;1399615;2019;2020;3
2025;7676;2019;2020;3
2025;1385538;2019;2020;3
2025;7676;2019;2020;3
2025;2392;2019;2020;3
2025;5000980;2019;2020;3
2025;1321864;2019;2020;3
2025;1257562;2019;2020;3
2025;1390309;2019;2020;3
2025;12015;2019;2020;3
2025;1399617;2019;2020;3
2025;1399617;2019;2020;3
2025;1404416;2019;2020;3
2025;1385538;2019;2020;3
2025;5000981;2019;2020;3
2025;1404416;2019;2020;3
2025;4503;2019;2020;3
2025;59414;2019;2020;3
2025;16236;2019;2020;3
2025;108014;2019;2020;3
2025;2695;2019;2020;3
2025;5000931;2019;2020;3
2025;13601;2019;2020;3
2025;9996;2019;2020;3
2025;1408505;2019;2020;3
2025;1163738;2019;2020;3
2025;5000931;2019;2020;3
2025;868;2019;2020;3
2025;1483773;2019;2020;3
2025;98506;2019;2020;3
2025;98506;2019;2020;3
2025;82224;2019;2020;3
2025;1408504;2019;2020;3
2025;5001033;2019;2020;3
2025;2918;2019;2020;3
2025;5909;2019;2020;3
2025;5345;2019;2020;3
2025;98406;2019;2020;3
2025;5000981;2019;2020;3
2025;1408261;2019;2021;3
2025;1879;2019;2020;3
2025;1264844;2019;2020;3
2025;1258023;2019;2020;3
2025;5000001;2019;2020;3
2025;2918;2019;2020;3
2025;1399486;2019;2020;3
2025;18447;2019;2020;3
2025;1184047;2019;2020;3
2025;1059179;2019;2020;3
2025;1200578;2019;2020;3
2025;1408259;2019;2020;3
2025;18594;2019;2020;4
2025;4503;2019;2020;3
2025;1408509;2019;2020;3
2025;6496;2019;2020;3
2025;5000980;2019;2020;3
2025;1483773;2019;2020;3
2025;1059179;2019;2020;3
2025;9996;2019;2020;3
2025;1180318;2019;2020;3
2025;11316;2019;2020;3
2025;5001300;2019;2020;3
2025;5000981;2019;2020;3
2025;6711;2019;2020;3
2025;5000979;2019;2020;3
2025;1059179;2019;2020;3
2025;107666;2019;2020;3
2025;1408261;2019;2020;3
2025;1629;2019;2020;3
2025;5000930;2019;2020;3
2025;1483773;2019;2020;3
2025;100956;2019;2020;3
2025;1059179;2019;2020;3
2025;99476;2019;2021;3
2025;1185025;2019;2020;3
2025;1483773;2019;2020;3
2025;1059179;2019;2020;3
2025;1408259;2019;2022;3
2025;15475;2019;2020;1
2025;7676;2019;2020;3
2025;1408507;2019;2020;3
2025;98409;2019;2020;3
2025;5000812;2019;2020;3
2025;7676;2019;2020;3
2025;1483773;2019;2020;3
2025;5345;2019;2020;3
2025;72675;2019;2019;3
2025;13601;2019;2020;3
2025;1059179;2019;2020;3
2025;107666;2019;2020;3
2025;100958;2019;2020;3
2025;13453;2019;2020;3
2025;37304;2019;2020;4
2025;5000979;2019;2020;3
2025;51835;2019;2020;3
2025;12345;2019;2020;3
2025;1385538;2019;2020;3
2025;91219;2019;2020;3
2025;90483;2019;2019;3
2025;10289;2019;2020;3
2025;1192047;2019;2020;3
2025;9996;2019;2020;3
2025;4503;2019;2020;3
2025;7105;2019;2020;3
2025;1190667;2019;2020;3
2025;1108786;2019;2020;3
2025;93001;2019;2020;3
2025;1184047;2019;2020;3
2025;10289;2019;2020;3
2025;1455021;2019;2020;3
2025;72667;2019;2020;3
2025;1190667;2019;2020;3
2025;65924;2019;2019;3
2025;1419799;2019;2020;3
2025;5000812;2019;2020;3
2025;100956;2019;2020;3
2025;1404416;2019;2020;3
2025;13996;2019;2020;1
2025;79007;2019;2020;3
2025;98406;2019;2020;3
2025;20058;2019;2020;3
2025;9996;2019;2020;3
2025;72681;2019;2019;3
2025;1192047;2019;2021;3
2025;6496;2019;2020;3
2025;100956;2019;2020;3
2025;11446;2019;2020;3
2025;107666;2019;2020;3
2025;1257524;2019;2020;4
2025;5000979;2019;2020;3
2025;1163738;2019;2019;3
2025;18594;2019;2020;4
2025;5000841;2019;2020;3
2025;100956;2019;2020;3
2025;7676;2019;2020;3
2025;1408504;2019;2019;3
2025;1029204;2019;2020;3
2025;7105;2019;2020;3
2025;15343;2019;2020;3
2025;1184432;2019;2019;3
2025;1136509;2019;2020;3
2025;2918;2019;2020;3
2025;1404416;2019;2020;3
2025;1349675;2019;2020;3
2025;18447;2019;2020;3
2025;13996;2019;2020;1
2025;1399488;2019;2020;3
2025;13996;2019;2020;1
2025;10224;2019;2019;3
2025;4503;2019;2020;3
2025;54490;2019;2020;3
2025;5000841;2019;2020;3
2025;13996;2019;2020;1
2025;1108281;2019;2020;3
2025;57402;2019;2020;3
2025;1390309;2019;2020;3
2025;98406;2019;2020;3
2025;10224;2019;2020;3
2025;5000981;2019;2020;3
2025;64918;2019;2020;3
2025;97679;2019;2020;3
2025;107766;2019;2020;3
2025;7676;2019;2020;3
2025;5000841;2019;2020;3
2025;16904;2019;2020;3
2025;72669;2019;2020;3
2025;5000001;2019;2020;3
2025;9988;2019;2020;1
2025;7676;2019;2020;3
2025;3418;2019;2020;3
2025;6496;2019;2020;3
2025;2348;2019;2020;3
2025;6496;2019;2020;3
2025;18447;2019;2020;3
2025;140;2019;2020;3
2025;69624;2019;2020;3
2025;1408261;2019;2020;3
2025;79007;2019;2020;3
2025;9805;2019;2020;3
2025;6496;2019;2020;3
2025;4503;2019;2020;3
2025;1399477;2019;2020;3
2025;5000930;2019;2020;1
2025;1184432;2019;2019;3
2025;1385538;2019;2020;3
2025;5001167;2019;2020;3
2025;1178524;2019;2021;3
2025;82224;2019;2020;3
2025;7105;2019;2021;3
2025;1483759;2019;2020;3
2025;1108786;2019;2020;3
2025;1184432;2019;2020;3
2025;1445016;2019;2020;3
2025;11114;2019;2020;3
2025;64918;2019;2020;3
2025;8437;2019;2020;3
2025;100956;2019;2020;3
2025;1188900;2019;2020;3
2025;75821;2019;2020;3
2025;1178672;2019;2020;3
2025;1029204;2019;2020;3
2025;5000979;2019;2020;3
2025;87537;2019;2020;3
2025;1483773;2019;2020;3
2025;1399481;2019;2020;3
2025;1188127;2019;2022;3
2025;5001300;2019;2020;3
2025;1104264;2019;2020;3
2025;72675;2019;2019;3
2025;20360;2019;2020;3
2025;72669;2019;2020;3
2025;74655;2019;2020;3
2025;1419799;2019;2020;3
2025;10224;2019;2020;3
2025;1390317;2019;2020;3
2025;38071;2019;2020;3
2025;86356;2019;2020;3
2025;4503;2019;2020;3
2025;4503;2019;2020;3
2025;2918;2019;2020;3
2025;1321864;2019;2020;3
2025;5001167;2019;2020;3
2025;2304;2019;2020;3
2025;5000841;2019;2020;3
2025;1483773;2019;2020;3
2025;72681;2019;2020;3
2025;5001300;2019;2021;3
2025;1029204;2019;2020;3
2025;10222;2019;2020;3
2025;100688;2019;2020;3
2025;72675;2019;2020;3
2025;5000979;2019;2020;3
2025;84352;2019;2020;3
2025;5000979;2019;2020;3
2025;59174;2019;2019;3
2025;13996;2019;2020;1
2025;86356;2019;2020;3
2025;1390309;2019;2020;3
2025;4503;2019;2020;3
2025;72663;2019;2020;3
2025;107666;2019;2020;3
2025;1445016;2019;2020;3
2025;5000812;2019;2020;3
2025;6496;2019;2020;3
2025;1108786;2019;2020;3
2025;11446;2019;2020;3
2025;87941;2019;2020;3
2025;100956;2019;2020;3
2025;57402;2019;2020;3
2025;1191415;2019;2020;3
2025;140;2019;2020;3
2025;57852;2019;2020;3
2025;1408504;2019;2020;3
2025;5000979;2019;2020;3
2025;15475;2019;2020;1
2025;6496;2019;2020;3
2025;8960;2019;2020;3
2025;7676;2019;2020;3
2025;65924;2019;2019;3
2025;4503;2019;2020;3
2025;5000981;2019;2020;3
2025;1200578;2019;2020;3
2025;1483773;2019;2020;3
2025;5000979;2019;2020;3
2025;9988;2019;2020;1
2025;57402;2019;2020;3
2025;1404416;2019;2020;3
2025;6496;2019;2020;3
2025;2918;2019;2020;3
2025;71859;2019;2020;3
2025;1191415;2019;2020;3
2025;1399614;2019;2020;4
2025;1192047;2019;2020;3
2025;6496;2019;2020;3
2025;1385538;2019;2020;3
2025;1879;2019;2021;3
2025;86356;2019;2020;3
2025;1184432;2019;2019;3
2025;7414;2019;2020;3
2025;65924;2019;2019;3
2025;6496;2019;2020;3
2025;2392;2019;2020;3
2025;7414;2019;2020;3
2025;1629;2019;2020;3
2025;1399478;2019;2020;3
2025;1258023;2019;2022;3
2025;8437;2019;2020;3
2025;1404416;2019;2020;3
2025;1421013;2019;2020;3
2025;84352;2019;2020;3
2025;1399478;2019;2020;3
2025;8437;2019;2020;3
2025;6496;2019;2020;3
2025;1408504;2019;2020;3
2025;107766;2019;2020;3
2025;86288;2019;2020;3
2025;1408505;2019;2020;3
2025;1029204;2019;2020;3
2025;6496;2019;2020;3
2025;8437;2019;2020;3
2025;18447;2019;2020;3
2025;57402;2019;2020;3
2025;14975;2019;2020;3
2025;9988;2019;2019;3
2025;1385538;2019;2020;3
2025;1184325;2019;2020;3
2025;1483773;2019;2020;3
2025;7414;2019;2020;3
2025;98406;2019;2020;3
2025;20360;2019;2020;3
2025;86356;2019;2020;3
2025;54490;2019;2020;3
2025;1261971;2019;2020;3
2025;5000812;2019;2020;3
2025;1399477;2019;2020;3
2025;5000933;2019;2020;3
2025;7414;2019;2020;3
2025;1184432;2019;2020;3
2025;54490;2019;2020;3
2025;86356;2019;2020;3
2025;1518495;2019;2020;3
2025;1483773;2019;2020;3
2025;53338;2019;2020;3
2025;1385538;2019;2020;3
2025;6496;2019;2020;3
2025;64918;2019;2020;3
2025;1483773;2019;2020;3
2025;1399488;2019;2020;3
2025;57402;2019;2020;3
2025;1408509;2019;2020;3
2025;1190280;2019;2019;3
2025;51835;2019;2020;3
2025;1180318;2019;2019;3
2025;72681;2019;2020;3
2025;9996;2019;2020;3
2025;1163738;2019;2020;3
2025;97679;2019;2020;3
2025;100956;2019;2020;3
2025;82224;2019;2020;3
2025;12;2019;2020;3
2025;1390317;2019;2020;3
2025;64918;2019;2020;3
2025;2918;2019;2020;3
2025;1399486;2019;2020;3
2025;53338;2019;2020;3
2025;5000930;2019;2020;3
2025;12692;2019;2020;3
2025;10224;2019;2020;3
2025;1184060;2019;2020;3
2025;84352;2019;2020;3
2025;1438629;2019;2020;3
2025;13996;2019;2020;1
2025;5000980;2019;2020;3
2025;13601;2019;2020;3
2025;1184047;2019;2020;3
2025;91219;2019;2020;3
2025;5000930;2019;2020;3
2025;14359;2019;2020;3
2025;39415;2019;2020;3
2025;72669;2019;2020;3
2025;1184047;2019;2020;3
2025;1399617;2019;2020;3
2025;7676;2019;2021;3
2025;1390309;2019;2020;3
2025;5920;2019;2020;3
2025;6711;2019;2019;3
2025;5000930;2019;2020;3
2025;51835;2019;2020;3
2025;5000001;2019;2020;3
2025;5000001;2019;2020;3
2025;72669;2019;2020;3
2025;5000001;2019;2020;3
2025;20058;2019;2020;3
2025;1399480;2019;2020;3
2025;9988;2019;2020;1
2025;6496;2019;2020;3
2025;1321864;2019;2020;3
2025;108882;2019;2020;3
2025;20058;2019;2020;3
2025;97679;2019;2020;3
2025;5001300;2019;2020;3
2025;5345;2019;2020;3
2025;12569;2019;2020;3
2025;1363536;2019;2020;3
2025;1330031;2019;2020;3
2025;1408507;2019;2020;3
2025;5000001;2019;2020;3
2025;18594;2019;2020;4
2025;1184047;2019;2020;3
2025;5000978;2019;2020;3
2025;82224;2019;2020;3
2025;9988;2019;2020;1
2025;20058;2019;2020;3
2025;1404416;2019;2020;3
2025;64918;2019;2020;3
2025;20058;2019;2020;3
2025;5000812;2019;2020;3
2025;11114;2019;2020;3
2025;11114;2019;2020;3
2025;20058;2019;2020;3
2025;107666;2019;2020;3
2025;5000841;2019;2020;3
2025;5000930;2019;2020;3
2025;20058;2019;2020;3
2025;39415;2019;2020;3
2025;100956;2019;2020;3
2025;1108281;2019;2020;3
2025;1408504;2019;2020;3
2025;20058;2019;2020;3
2025;1108281;2019;2020;3
2025;1879;2019;2020;3
2025;5001300;2019;2020;3
2025;1258021;2019;2020;3
2025;1136509;2019;2020;3
2025;20058;2019;2020;3
2025;98406;2019;2020;3
2025;1200578;2019;2020;3
2025;5000980;2019;2020;3
2025;20058;2019;2020;3
2025;1397773;2019;2020;3
2025;1108786;2019;2020;3
2025;98406;2019;2020;3
2025;98409;2019;2020;3
2025;82224;2019;2020;3
2025;59174;2019;2020;3
2025;868;2019;2021;3
2025;1317634;2019;2020;3
2025;1189607;2019;2020;3
2025;6496;2019;2021;3
2025;6711;2019;2019;3
2025;1184047;2019;2020;3
2025;20360;2019;2020;3
2025;84408;2019;2020;3
2025;12;2019;2020;3
2025;9772;2019;2020;3
2025;9996;2019;2020;3
2025;1879;2019;2020;3
2025;9996;2019;2020;3
2025;1421100;2019;2020;3
2025;14359;2019;2020;3
2025;15839;2019;2020;3
2025;1168313;2019;2020;3
2025;2918;2019;2020;3
2025;13723;2019;2020;3
2025;20058;2019;2020;3
2025;84408;2019;2020;3
2025;1257548;2019;2020;3
2025;20058;2019;2020;3
2025;20058;2019;2020;3
2025;1321864;2019;2020;3
2025;20058;2019;2020;3
2025;1102360;2019;2020;3
2025;1408507;2019;2020;3
2025;12970;2019;2020;1
2025;20058;2019;2020;3
2025;1193264;2019;2020;3
2025;1257777;2019;2021;3
2025;108014;2019;2020;3
2025;69624;2019;2020;3
2025;1419799;2019;2020;3
2025;98506;2019;2020;3
2025;4082;2019;2020;3
2025;1029204;2019;2021;3
2025;51835;2019;2020;3
2025;12970;2019;2020;1
2025;20058;2019;2020;3
2025;1188900;2019;2020;3
2025;1363536;2019;2020;3
2025;1518;2019;2020;3
2025;13996;2019;2020;1
2025;1163738;2019;2020;3
2025;20058;2019;2020;3
2025;11114;2019;2020;3
2025;1399481;2019;2020;3
2025;12813;2019;2020;3
2025;5001167;2019;2020;3
2025;15839;2019;2020;3
2025;87537;2019;2020;3
2025;5000841;2019;2020;3
2025;4503;2019;2020;3
2025;1257524;2019;2021;4
2025;1421100;2019;2020;3
2025;39415;2019;2020;3
2025;5000841;2019;2020;3
2025;86356;2019;2020;3
2025;20058;2019;2020;3
2025;71859;2019;2020;3
2025;98506;2019;2020;3
2025;90059;2019;2020;3
2025;1184047;2019;2020;3
2025;84352;2019;2020;3
2025;7676;2019;2020;3
2025;5000979;2019;2020;3
2025;72767;2019;2020;3
2025;10222;2019;2020;3
2025;19294;2019;2020;3
2025;12;2019;2019;3
2025;13723;2019;2020;3
2025;65924;2019;2019;3
2025;13996;2019;2020;1
2025;7676;2019;2020;3
2025;6496;2019;2020;3
2025;5001167;2019;2020;3
2025;5000841;2019;2020;3
2025;79007;2019;2020;3
2025;5000931;2019;2020;3
2025;1455021;2019;2020;3
2025;10222;2019;2020;3
2025;1108281;2019;2020;3
2025;1390309;2019;2020;3
2025;15475;2019;2020;1
2025;86356;2019;2020;3
2025;1349675;2019;2020;3
2025;86356;2019;2020;3
2025;74655;2019;2020;3
2025;10224;2019;2020;3
2025;66361;2019;2020;3
2025;9996;2019;2020;3
2025;51699;2019;2020;3
2025;868;2019;2020;3
2025;5000931;2019;2020;3
2025;91219;2019;2020;3
2025;19434;2019;2020;3
2025;5001183;2019;2020;4
2025;64918;2019;2020;3
2025;1184047;2019;2020;3
2025;1192188;2019;2020;3
2025;97679;2019;2020;3
2025;1390309;2019;2020;3
2025;37304;2019;2020;4
2025;82224;2019;2020;3
2025;20360;2019;2020;3
2025;868;2019;2020;3
2025;5001183;2019;2020;4
2025;868;2019;2020;3
2025;5000981;2019;2020;3
2025;16904;2019;2020;3
2025;1399486;2019;2020;3
2025;1390309;2019;2020;3
2025;79007;2019;2020;3
2025;1421013;2019;2020;3
2025;1029204;2019;2020;3
2025;5001167;2019;2020;3
2025;72767;2019;2020;3
2025;10224;2019;2020;3
2025;1173014;2019;2020;3
2025;87537;2019;2020;3
2025;1192188;2019;2020;3
2025;2918;2019;2020;3
2025;7676;2019;2020;3
2025;37304;2019;2020;4
2025;5000933;2019;2020;3
2025;49060;2019;2020;3
2025;1188900;2019;2020;3
2025;868;2019;2020;3
2025;93001;2019;2020;3
2025;868;2019;2020;3
2025;1408259;2019;2020;3
2025;19206;2019;2020;4
2025;7676;2019;2020;3
2025;1390309;2019;2020;3
2025;868;2019;2020;3
2025;69624;2019;2020;3
2025;5000979;2019;2020;3
2025;4503;2019;2020;3
2025;107666;2019;2020;3
2025;1261971;2019;2020;3
2025;16236;2019;2020;3
2025;1188849;2019;2021;3
2025;54490;2019;2020;3
2025;1408505;2019;2020;3
2025;1192188;2019;2020;3
2025;868;2019;2020;3
2025;1136509;2019;2020;3
2025;1342536;2019;2021;3
2025;100958;2019;2020;3
2025;1184047;2019;2020;3
2025;1029204;2019;2020;3
2025;868;2019;2020;3
2025;1188900;2019;2020;3
2025;100956;2019;2021;3
2025;5000001;2019;2020;3
2025;107766;2019;2020;3
2025;1178672;2019;2020;3
2025;868;2019;2020;3
2025;75821;2019;2020;3
2025;18605;2019;2020;3
2025;71859;2019;2020;3
2025;868;2019;2020;3
2025;868;2019;2020;3
2025;87537;2019;2020;3
2025;1397772;2019;2020;3
2025;1188900;2019;2020;3
2025;14359;2019;2020;3
2025;2695;2019;2020;3
2025;1171609;2019;2020;3
2025;1188900;2019;2020;3
2025;12813;2019;2020;3
2025;97679;2019;2020;3
2025;868;2019;2020;3
2025;18472;2019;2020;3
2025;71859;2019;2019;3
2025;12970;2019;2020;1
2025;1349675;2019;2020;3
2025;72681;2019;2020;3
2025;87537;2019;2020;3
2025;1188900;2019;2020;3
2025;1192047;2019;2020;3
2025;1188900;2019;2020;3
2025;91219;2019;2020;3
2025;69624;2019;2020;3
2025;107766;2019;2020;3
2025;72669;2019;2020;3
2025;868;2019;2020;3
2025;1188900;2019;2020;3
2025;100956;2019;2020;3
2025;1192047;2019;2020;3
2025;1455021;2019;2020;3
2025;91399;2019;2020;3
2025;1190667;2019;2020;3
2025;1258021;2019;2020;3
2025;7105;2019;2020;3
2025;15475;2019;2020;1
2025;19850;2019;2020;3
2025;1200578;2019;2020;3
2025;13723;2019;2020;3
2025;13286;2019;2019;3
2025;1408509;2019;2020;3
2025;1399478;2019;2020;3
2025;15343;2019;2020;3
2025;13996;2019;2020;1
2025;1427420;2019;2020;3
2025;5000931;2019;2020;3
2025;57402;2019;2020;3
2025;1168313;2019;2020;3
2025;5000931;2019;2020;3
2025;57402;2019;2020;3
2025;5000931;2019;2020;3
2025;5000931;2019;2020;3
2025;11114;2019;2020;3
2025;5000931;2019;2020;3
2025;5000931;2019;2020;3
2025;1342536;2019;2021;3
2025;5000931;2019;2020;3
2025;69624;2019;2020;3
2025;1458090;2019;2020;3
2025;7705;2019;2020;3
2025;19294;2019;2020;3
2025;1173014;2019;2020;3
2025;100956;2019;2020;3
2025;5000980;2019;2020;3
2025;91219;2019;2020;3
2025;1399486;2019;2020;3
2025;69624;2019;2020;3
2025;64918;2019;2022;3
2025;1190667;2019;2020;3
2025;5000981;2019;2020;3
2025;5000981;2019;2020;3
2025;1399482;2019;2020;3
2025;59174;2019;2019;3
2025;98409;2019;2020;3
2025;12813;2019;2020;3
2025;97679;2019;2020;3
2025;93001;2019;2020;3
2025;1184047;2019;2020;3
2025;1184325;2019;2020;3
2025;1184047;2019;2020;3
2025;5000979;2019;2020;3
2025;12970;2019;2020;1
2025;11114;2019;2020;3
2025;100956;2019;2020;3
2025;20360;2019;2020;3
2025;74655;2019;2020;3
2025;1390309;2019;2020;3
2025;1173014;2019;2020;3
2025;1184047;2019;2020;3
2025;1184047;2019;2020;3
2025;13996;2019;2020;1
2025;7837;2019;2019;3
2025;1184047;2019;2020;3
2025;10224;2019;2020;3
2025;1184432;2019;2019;3
2025;15475;2019;2020;1
2025;1322329;2019;2020;3
2025;1184047;2019;2020;3
2025;2918;2019;2020;3
2025;91219;2019;2020;3
2025;1278877;2019;2020;3
2025;1102360;2019;2020;3
2025;1439;2019;2019;3
2025;75821;2019;2020;3
2025;13996;2019;2020;1
2025;1184047;2019;2020;3
2025;1200578;2019;2020;3
2025;10591;2019;2020;3
2025;5000979;2019;2020;3
2025;4503;2019;2020;3
2025;8554;2019;2020;3
2025;10289;2019;2020;3
2025;121850;2019;2020;3
2025;13996;2019;2020;1
2025;14093;2019;2020;3
2025;1404416;2019;2020;3
2025;1191415;2019;2020;3
2025;12813;2019;2020;3
2025;12970;2019;2020;1
2025;1419799;2019;2020;3
2025;121850;2019;2020;3
2025;1399478;2019;2020;3
2025;1438629;2019;2020;3
2025;100958;2019;2020;3
2025;5001167;2019;2020;3
2025;2918;2019;2020;3
2025;14093;2019;2020;3
2025;4503;2019;2020;3
2025;85652;2019;2020;3
2025;9772;2019;2020;3
2025;1399479;2019;2020;3
2025;39415;2019;2020;3
2025;1184047;2019;2020;3
2025;49060;2019;2020;3
2025;5000930;2019;2020;3
2025;59414;2019;2020;3
2025;13996;2019;2020;1
2025;6711;2019;2020;3
2025;1457503;2019;2020;3
2025;2918;2019;2020;3
2025;1200712;2019;2020;3
2025;2918;2019;2020;3
2025;72669;2019;2020;3
2025;97679;2019;2020;3
2025;140;2019;2020;3
2025;1390309;2019;2020;3
2025;1399479;2019;2020;3
2025;108882;2019;2020;3
2025;1278877;2019;2020;3
2025;108014;2019;2020;3
2025;14234;2019;2020;3
2025;1399489;2019;2020;3
2025;5000841;2019;2020;3
2025;103596;2019;2020;3
2025;86356;2019;2020;3
2025;1184325;2019;2020;3
2025;1399478;2019;2020;3
2025;10224;2019;2020;3
2025;107666;2019;2020;3
2025;6496;2019;2020;3
2025;5001183;2019;2020;3
2025;90059;2019;2020;3
2025;1477973;2019;2020;3
2025;97679;2019;2020;3
2025;1184047;2019;2020;3
2025;19850;2019;2020;3
2025;2918;2019;2020;3
2025;18594;2019;2020;4
2025;11446;2019;2020;3
2025;3148;2019;2020;3
2025;100958;2019;2020;3
2025;1184047;2019;2020;3
2025;1192188;2019;2019;3
2025;1399478;2019;2020;3
2025;5000979;2019;2020;3
2025;1399478;2019;2020;3
2025;10289;2019;2020;3
2025;2918;2019;2020;3
2025;12970;2019;2020;1
2025;59174;2019;2019;3
2025;1483759;2019;2020;3
2025;1029204;2019;2020;3
2025;66248;2019;2020;3
2025;1184047;2019;2020;3
2025;72667;2019;2020;3
2025;1408259;2019;2020;3
2025;13601;2019;2020;3
2025;98406;2019;2020;3
2025;49060;2019;2020;3
2025;12;2019;2020;3
2025;13996;2019;2020;1
2025;1455021;2019;2023;3
2025;2918;2019;2020;3
2025;12970;2019;2020;1
2025;91219;2019;2020;3
2025;72667;2019;2020;3
2025;5000930;2019;2020;3
2025;91219;2019;2020;3
2025;38071;2019;2020;3
2025;1200578;2019;2020;3
2025;10591;2019;2020;3
2025;1408505;2019;2020;3
2025;87537;2019;2020;3
2025;10224;2019;2020;3
2025;11446;2019;2020;3
2025;5345;2019;2020;3
2025;18605;2019;2019;3
2025;15839;2019;2020;3
2025;97679;2019;2020;3
2025;60660;2019;2020;3
2025;60660;2019;2020;3
2025;91219;2019;2020;3
2025;1108786;2019;2020;3
2025;1399482;2019;2020;3
2025;4503;2019;2019;3
2025;4503;2019;2020;3
2025;5000930;2019;2020;1
2025;121850;2019;2020;3
2025;59414;2019;2020;3
2025;6496;2019;2020;3
2025;54490;2019;2020;3
2025;8437;2019;2020;3
2025;1135207;2019;2020;3
2025;1399617;2019;2020;3
2025;1180318;2019;2020;3
2025;87537;2019;2020;3
2025;1180318;2019;2020;3
2025;5000930;2019;2020;1
2025;6496;2019;2020;3
2025;20249;2019;2020;3
2025;64918;2019;2020;3
2025;108014;2019;2020;3
2025;1107;2019;2020;3
2025;1483768;2019;2020;3
2025;60660;2019;2020;3
2025;1190667;2019;2022;3
2025;18605;2019;2019;3
2025;71859;2019;2019;3
2025;1180318;2019;2020;3
2025;5000841;2019;2020;3
2025;1029204;2019;2020;3
2025;74655;2019;2020;3
2025;79007;2019;2020;3
2025;98506;2019;2020;3
2025;5345;2019;2020;3
2025;60660;2019;2020;3
2025;57402;2019;2020;3
2025;98406;2019;2020;3
2025;1455021;2019;2021;3
2025;140;2019;2020;3
2025;1322329;2019;2020;3
2025;1107;2019;2020;3
2025;72681;2019;2020;3
2025;60660;2019;2020;3
2025;1879;2019;2021;3
2025;1455021;2019;2020;3
2025;100956;2019;2020;3
2025;1399484;2019;2020;3
2025;5000979;2019;2020;3
2025;101228;2019;2020;3
2025;2918;2019;2020;3
2025;91399;2019;2020;3
2025;1258021;2019;2020;3
2025;1399478;2019;2020;3
2025;98409;2019;2020;3
2025;13200;2019;2020;3
2025;1397772;2019;2020;3
2025;18472;2019;2020;3
2025;9805;2019;2022;3
2025;14093;2019;2020;3
2025;1108786;2019;2020;3
2025;14093;2019;2020;3
2025;14563;2019;2020;3
2025;108882;2019;2020;3
2025;5345;2019;2020;3
2025;1193275;2019;2020;3
2025;5345;2019;2020;3
2025;5000841;2019;2020;3
2025;5000841;2019;2020;3
2025;12692;2019;2020;3
2025;1397773;2019;2020;3
2025;15343;2019;2020;3
2025;13996;2019;2020;1
2025;5920;2019;2020;3
2025;69464;2019;2020;3
2025;12970;2019;2020;1
2025;10289;2019;2020;3
2025;5909;2019;2020;3
2025;2918;2019;2020;3
2025;19294;2019;2020;3
2025;100688;2019;2020;3
2025;6711;2019;2019;3
2025;5001167;2019;2020;3
2025;19294;2019;2020;3
2025;38071;2019;2020;3
2025;82224;2019;2020;3
2025;1317634;2019;2020;3
2025;1445016;2019;2020;3
2025;6496;2019;2020;3
2025;1408504;2019;2019;3
2025;3677;2019;2020;3
2025;1193275;2019;2020;3
2025;1330031;2019;2020;3
2025;1317634;2019;2020;3
2025;5001167;2019;2020;3
2025;1200578;2019;2020;3
2025;5000930;2019;2020;3
2025;1408259;2019;2021;3
2025;11114;2019;2020;3
2025;93001;2019;2020;3
2025;12970;2019;2020;1
2025;1408259;2019;2020;3
2025;5000979;2019;2020;3
2025;59174;2019;2019;3
2025;8437;2019;2020;3
2025;13996;2019;2020;1
2025;59414;2019;2020;3
2025;74655;2019;2020;3
2025;18472;2019;2020;3
2025;1171609;2019;2020;3
2025;1108281;2019;2020;3
2025;7676;2019;2020;3
2025;1193275;2019;2020;3
2025;1408507;2019;2020;3
2025;1399616;2019;2020;3
2025;4503;2019;2020;3
2025;4503;2019;2020;3
2025;140;2019;2020;3
2025;87537;2019;2020;3
2025;5345;2019;2020;3
2025;121850;2019;2020;3
2025;10289;2019;2020;3
2025;1184047;2019;2020;3
2025;5345;2019;2020;3
2025;1029204;2019;2020;3
2025;1399480;2019;2020;3
2025;1725;2019;2020;3
2025;1399614;2019;2020;4
2025;6496;2019;2022;3
2025;57402;2019;2020;3
2025;72417;2019;2020;3
2025;15839;2019;2020;3
2025;7105;2019;2020;3
2025;1216474;2019;2020;3
2025;2918;2019;2020;3
2025;4503;2019;2020;3
2025;6496;2019;2020;3
2025;5001183;2019;2020;4
2025;4503;2019;2020;3
2025;5909;2019;2020;3
2025;1399477;2019;2020;3
2025;4503;2019;2020;3
2025;5345;2019;2020;3
2025;54490;2019;2020;3
2025;1190667;2019;2020;3
2025;1108786;2019;2020;3
2025;7676;2019;2020;3
2025;100956;2019;2020;3
2025;11114;2019;2020;3
2025;5000930;2019;2020;1
2025;72767;2019;2020;3
2025;99476;2019;2021;3
2025;10289;2019;2020;3
2025;72681;2019;2020;3
2025;90084;2019;2020;3
2025;90059;2019;2020;3
2025;10224;2019;2020;3
2025;5345;2019;2020;3
2025;1191415;2019;2020;3
2025;9805;2019;2020;3
2025;13996;2019;2020;1
2025;1349675;2019;2020;3
2025;84408;2019;2020;3
2025;1390309;2019;2020;3
2025;1188849;2019;2023;3
2025;72669;2019;2020;3
2025;20360;2019;2020;3
2025;1108786;2019;2020;3
2025;13996;2019;2020;1
2025;1257777;2019;2020;3
2025;11114;2019;2020;3
2025;90483;2019;2019;3
2025;9805;2019;2020;3
2025;65924;2019;2019;3
2025;107766;2019;2020;3
2025;19294;2019;2022;3
2025;15475;2019;2020;1
2025;1108281;2019;2020;3
2025;75821;2019;2020;3
2025;6496;2019;2020;3
2025;1200712;2019;2020;3
2025;13996;2019;2020;1
2025;121850;2019;2020;3
2025;18472;2019;2020;3
2025;75821;2019;2020;3
2025;19294;2019;2020;3
2025;98506;2019;2020;3
2025;1399614;2019;2020;4
2025;107666;2019;2020;3
2025;1200712;2019;2020;3
2025;1136509;2019;2020;3
2025;5000933;2019;2020;3
2025;1487491;2019;2020;3
2025;1108786;2019;2020;3
2025;13996;2019;2020;1
2025;1107;2019;2020;3
2025;12970;2019;2020;1
2025;2918;2019;2020;3
2025;2392;2019;2020;3
2025;9805;2019;2020;3
2025;1200578;2019;2020;3
2025;1399617;2019;2020;3
2025;5000930;2019;2020;3
2025;64918;2019;2020;3
2025;87537;2019;2020;3
2025;71859;2019;2020;3
2025;12970;2019;2020;1
2025;20360;2019;2020;3
2025;13601;2019;2020;3
2025;2348;2019;2020;3
2025;2918;2019;2020;3
2025;12970;2019;2020;1
2025;12970;2019;2020;1
2025;18605;2019;2021;3
2025;1135207;2019;2020;3
2025;99476;2019;2020;3
2025;10591;2019;2020;3
2025;79007;2019;2020;3
2025;6496;2019;2020;3
2025;1399477;2019;2020;3
2025;90059;2019;2020;3
2025;1200578;2019;2020;3
2025;97679;2019;2020;3
2025;90059;2019;2020;3
2025;1108786;2019;2020;3
2025;1342536;2019;2020;3
2025;5345;2019;2020;3
2025;10224;2019;2020;3
2025;7676;2019;2020;3
2025;6496;2019;2020;3
2025;7676;2019;2020;3
2025;1200578;2019;2020;3
2025;74655;2019;2020;3
2025;1342536;2019;2020;3
2025;1404416;2019;2020;3
2025;2918;2019;2020;3
2025;72669;2019;2020;3
2025;6496;2019;2020;3
2025;6496;2019;2020;3
2025;20360;2019;2020;3
2025;1108786;2019;2020;3
2025;1257562;2019;2020;3
2025;11316;2019;2020;3
2025;91219;2019;2020;3
2025;1189778;2019;2020;3
2025;140;2019;2020;3
2025;5345;2019;2020;3
2025;5345;2019;2020;3
2025;1408259;2019;2020;3
2025;1136509;2019;2020;3
2025;5345;2019;2020;3
2025;5345;2019;2020;3
2025;100688;2019;2020;3
2025;12970;2019;2020;1
2025;121850;2019;2020;3
2025;13996;2019;2020;1
2025;1189778;2019;2020;3
2025;2918;2019;2020;3
2025;5000979;2019;2020;3
2025;5345;2019;2020;3
2025;54494;2019;2020;3
2025;4503;2019;2020;3
2025;12015;2019;2020;3
2025;100956;2019;2020;3
2025;1136509;2019;2020;3
2025;5345;2019;2020;3
2025;1342537;2019;2020;3
2025;13996;2019;2020;1
2025;54490;2019;2020;3
2025;51835;2019;2020;3
2025;12569;2019;2020;3
2025;5920;2019;2020;3
2025;1317634;2019;2020;3
2025;99476;2019;2021;3
2025;20360;2019;2020;3
2025;5345;2019;2020;3
2025;51835;2019;2020;3
2025;1188900;2019;2020;3
2025;100956;2019;2020;3
2025;1399481;2019;2020;3
2025;91219;2019;2020;3
2025;100956;2019;2020;3
2025;1322329;2019;2020;3
2025;1258021;2019;2020;3
2025;54490;2019;2020;3
2025;1108786;2019;2020;3
2025;13996;2019;2020;1
2025;101228;2019;2020;3
2025;3677;2019;2020;3
2025;59414;2019;2020;3
2025;58412;2019;2020;3
2025;5000979;2019;2020;3
2025;10591;2019;2020;3
2025;91219;2019;2019;3
2025;59414;2019;2020;3
2025;74655;2019;2020;3
2025;60660;2019;2020;3
2025;60660;2019;2020;3
2025;90059;2019;2020;3
2025;121850;2019;2020;3
2025;1107;2019;2020;3
2025;1385538;2019;2020;3
2025;1438629;2019;2020;3
2025;65924;2019;2019;3
2025;1191415;2019;2020;3
2025;60660;2019;2020;3
2025;71859;2019;2020;3
2025;84352;2019;2020;3
2025;51835;2019;2020;3
2025;1317634;2019;2020;3
2025;90483;2019;2019;3
2025;1178672;2019;2020;3
2025;1178524;2019;2020;3
2025;54490;2019;2020;3
2025;1257777;2019;2021;3
2025;5001101;2019;2020;3
2025;1399485;2019;2020;3
2025;5345;2019;2020;3
2025;1178672;2019;2020;3
2025;7105;2019;2020;3
2025;5000841;2019;2020;3
2025;19850;2019;2020;3
2025;140;2019;2020;3
2025;1399478;2019;2020;3
2025;2695;2019;2020;3
2025;13601;2019;2020;3
2025;98406;2019;2020;3
2025;14359;2019;2020;3
2025;1399489;2019;2020;3
2025;60660;2019;2020;3
2025;72669;2019;2020;3
2025;84408;2019;2020;3
2025;15839;2019;2020;3
2025;19434;2019;2020;3
2025;6496;2019;2020;3
2025;4082;2019;2020;3
2025;1190667;2019;2020;3
2025;18594;2019;2020;4
2025;93001;2019;2020;3
2025;1200712;2019;2020;3
2025;12813;2019;2020;3
2025;1188127;2019;2021;3
2025;20360;2019;2020;3
2025;13996;2019;2020;1
2025;2918;2019;2020;3
2025;15343;2019;2020;3
2025;100688;2019;2020;3
2025;121850;2019;2020;3
2025;1101742;2019;2020;3
2025;1190667;2019;2020;3
2025;5000979;2019;2020;3
2025;5000930;2019;2020;3
2025;1399478;2019;2020;3
2025;1408507;2019;2020;3
2025;1109361;2019;2020;3
2025;15783;2019;2020;3
2025;1189607;2019;2020;3
2025;84352;2019;2020;3
2025;84352;2019;2020;3
2025;1445016;2019;2020;3
2025;16236;2019;2020;3
2025;1399619;2019;2020;3
2025;71859;2019;2020;3
2025;5920;2019;2020;3
2025;1107;2019;2020;3
2025;13996;2019;2020;1
2025;100956;2019;2020;3
2025;13996;2019;2020;1
2025;58412;2019;2020;3
2025;7676;2019;2020;3
2025;1399489;2019;2021;3
2025;60660;2019;2020;3
2025;1349675;2019;2020;3
2025;107666;2019;2020;3
2025;2918;2019;2020;3
2025;8437;2019;2020;3
2025;1104264;2019;2020;3
2025;1399477;2019;2020;3
2025;9996;2019;2020;3
2025;5000841;2019;2020;3
2025;2918;2019;2020;3
2025;71689;2019;2020;3
2025;19294;2019;2021;3
2025;5000979;2019;2020;3
2025;1399614;2019;2020;4
2025;108884;2019;2020;3
2025;1107;2019;2020;3
2025;5345;2019;2020;3
2025;1445016;2019;2020;3
2025;2695;2019;2020;3
2025;87537;2019;2020;3
2025;7105;2019;2020;3
2025;100956;2019;2020;3
2025;10591;2019;2021;3
2025;6496;2019;2020;3
2025;5001167;2019;2020;3
2025;1448710;2019;2020;3
2025;1107;2019;2020;3
2025;99476;2019;2021;3
2025;140;2019;2020;3
2025;87537;2019;2020;3
2025;93001;2019;2020;3
2025;1445016;2019;2020;3
2025;20249;2019;2020;3
2025;5920;2019;2020;3
2025;13996;2019;2020;1
2025;1385538;2019;2020;3
2025;5000841;2019;2020;3
2025;1427419;2019;2020;3
2025;5001183;2019;2020;3
2025;1448710;2019;2020;3
2025;1445016;2019;2020;3
2025;5000841;2019;2020;3
2025;140;2019;2020;3
2025;14234;2019;2020;3
2025;86288;2019;2020;3
2025;5206;2019;2020;3
2025;1200578;2019;2020;3
2025;90483;2019;2019;3
2025;1725;2019;2020;3
2025;7676;2019;2020;3
2025;1136509;2019;2020;3
2025;1059179;2019;2020;3
2025;75821;2019;2020;3
2025;108014;2019;2020;3
2025;1427370;2019;2020;3
2025;18594;2019;2020;4
2025;1192188;2019;2019;3
2025;8437;2019;2020;3
2025;140;2019;2020;3
2025;1278877;2019;2020;3
2025;1399618;2019;2020;4
2025;1184432;2019;2019;3
2025;18594;2019;2020;4
2025;75821;2019;2020;3
2025;6496;2019;2020;3
2025;12970;2019;2020;1
2025;91219;2019;2020;3
2025;93001;2019;2020;3
2025;6496;2019;2020;3
2025;1108281;2019;2020;3
2025;71689;2019;2020;3
2025;7676;2019;2020;3
2025;93001;2019;2020;3
2025;5000841;2019;2020;3
2025;121850;2019;2020;3
2025;1257548;2019;2025;3
2025;13453;2019;2020;3
2025;72667;2019;2020;3
2025;121850;2019;2020;3
2025;57402;2019;2020;3
2025;121850;2019;2020;3
2025;99476;2019;2021;3
2025;7676;2019;2020;3
2025;53338;2019;2020;3
2025;15839;2019;2020;3
2025;69464;2019;2020;3
2025;12345;2019;2020;3
2025;1185076;2019;2020;3
2025;100956;2019;2020;3
2025;1399478;2019;2020;3
2025;7676;2019;2020;3
2025;1188127;2019;2020;3
2025;59414;2019;2020;3
2025;5000979;2019;2020;3
2025;57402;2019;2020;3
2025;13996;2019;2020;1
2025;1399480;2019;2020;3
2025;64918;2019;2020;3
2025;54490;2019;2020;3
2025;66361;2019;2020;3
2025;1342537;2019;2020;3
2025;19434;2019;2020;3
2025;87537;2019;2022;3
2025;1477973;2019;2020;3
2025;93001;2019;2020;3
2025;7676;2019;2020;3
2025;1448710;2019;2020;3
2025;5001314;2019;2020;3
2025;5000841;2019;2020;3
2025;1448710;2019;2020;3
2025;1258021;2019;2020;3
2025;1399479;2019;2020;3
2025;1404416;2019;2020;3
2025;54490;2019;2020;3
2025;5000979;2019;2020;3
2025;99476;2019;2020;3
2025;93001;2019;2020;3
2025;15343;2019;2020;3
2025;13996;2019;2020;1
2025;9805;2019;2020;3
2025;1200712;2019;2020;3
2025;72767;2019;2020;3
2025;107766;2019;2020;3
2025;1108281;2019;2020;3
2025;15475;2019;2020;1
2025;1257777;2019;2020;3
2025;57402;2019;2020;3
2025;51835;2019;2020;3
2025;5001300;2019;2020;3
2025;1390309;2019;2020;3
2025;1445016;2019;2020;3
2025;1629;2019;2020;3
2025;1108786;2019;2020;3
2025;91219;2019;2019;3
2025;13996;2019;2020;1
2025;57402;2019;2020;3
2025;1399478;2019;2020;3
2025;1518495;2019;2020;3
2025;868;2019;2020;3
2025;1193275;2019;2020;3
2025;85652;2019;2020;3
2025;12692;2019;2020;3
2025;1363536;2019;2020;3
2025;121850;2019;2020;3
2025;1363536;2019;2020;3
2025;5345;2019;2020;3
2025;1200712;2019;2020;3
2025;100956;2019;2023;3
2025;1390309;2019;2020;3
2025;1191415;2019;2020;3
2025;7105;2019;2020;3
2025;1385538;2019;2020;3
2025;20249;2019;2020;3
2025;1427419;2019;2020;3
2025;8554;2019;2020;3
2025;1385538;2019;2019;3
2025;2392;2019;2020;3
2025;51835;2019;2020;3
2025;93001;2019;2020;3
2025;11114;2019;2020;3
2025;9805;2019;2021;3
2025;20249;2019;2020;3
2025;1399478;2019;2020;3
2025;1438629;2019;2020;3
2025;1258021;2019;2020;3
2025;1258021;2019;2020;3
2025;1408261;2019;2020;3
2025;5001183;2019;2020;4
2025;85652;2019;2020;3
2025;108882;2019;2020;3
2025;5345;2019;2020;3
2025;1349675;2019;2020;3
2025;64918;2019;2020;3
2025;1399478;2019;2020;3
2025;1102360;2019;2020;3
2025;100956;2019;2020;3
2025;1180318;2019;2020;3
2025;7676;2019;2020;3
2025;5000979;2019;2020;3
2025;5000812;2019;2020;3
2025;2918;2019;2020;3
2025;1399484;2019;2020;3
2025;1725;2019;2020;3
2025;12970;2019;2020;1
2025;7676;2019;2020;3
2025;4503;2019;2020;3
2025;1408261;2019;2020;3
2025;93001;2019;2020;3
2025;1188127;2019;2022;3
2025;1399486;2019;2020;3
2025;1188127;2019;2021;3
2025;98506;2019;2020;3
2025;72667;2019;2020;3
2025;1399618;2019;2020;4
2025;140;2019;2020;3
2025;13996;2019;2020;1
2025;1427370;2019;2020;3
2025;1188127;2019;2021;3
2025;1629;2019;2020;3
2025;1188127;2019;2021;3
2025;1385521;2019;2020;3
2025;1342536;2019;2021;3
2025;54490;2019;2020;3
2025;7676;2019;2020;3
2025;59174;2019;2020;3
2025;11114;2019;2020;3
2025;1188127;2019;2021;3
2025;121850;2019;2020;3
2025;7676;2019;2020;3
2025;20360;2019;2020;3
2025;1136509;2019;2020;3
2025;71689;2019;2020;3
2025;1188127;2019;2021;3
2025;84352;2019;2020;3
2025;1188127;2019;2020;3
2025;1108786;2019;2019;3
2025;8437;2019;2020;3
2025;57852;2019;2020;3
2025;107666;2019;2020;3
2025;13996;2019;2020;1
2025;90059;2019;2020;3
2025;7676;2019;2020;3
2025;87941;2019;2020;3
2025;6496;2019;2020;3
2025;87537;2019;2020;3
2025;9805;2019;2020;3
2025;71859;2019;2020;3
2025;1184325;2019;2020;3
2025;39415;2019;2020;3
2025;100958;2019;2020;3
2025;5001033;2019;2020;3
2025;1278877;2019;2020;3
2025;13996;2019;2020;1
2025;1108786;2019;2020;3
2025;13996;2019;2020;1
2025;1189778;2019;2020;3
2025;1725;2019;2020;3
2025;1193275;2019;2020;3
2025;5000979;2019;2020;3
2025;5345;2019;2020;3
2025;1163738;2019;2020;3
2025;100688;2019;2020;3
2025;98406;2019;2020;3
2025;85652;2019;2020;3
2025;100958;2019;2020;3
2025;1257562;2019;2020;3
2025;1108281;2019;2020;3
2025;2918;2019;2024;3
2025;1108153;2019;2020;1
2025;5000841;2019;2020;3
2025;1188127;2019;2021;3
2025;10224;2019;2020;3
2025;1399477;2019;2020;3
2025;39415;2019;2020;3
2025;5000841;2019;2020;3
2025;7676;2019;2020;3
2025;60660;2019;2020;3
2025;1168313;2019;2020;3
2025;1050663;2019;2020;3
2025;72417;2019;2020;3
2025;121850;2019;2020;3
2025;5001183;2019;2020;3
2025;51835;2019;2020;3
2025;1188127;2019;2021;3
2025;7105;2019;2020;3
2025;16236;2019;2020;3
2025;7676;2019;2020;3
2025;72681;2019;2020;3
2025;1135207;2019;2020;3
2025;1188127;2019;2021;3
2025;10591;2019;2020;3
2025;1108786;2019;2020;3
2025;1188127;2019;2022;3
2025;74655;2019;2020;3
2025;87537;2019;2020;3
2025;108882;2019;2021;3
2025;72669;2019;2020;3
2025;7105;2019;2020;3
2025;100956;2019;2020;3
2025;1342536;2019;2020;3
2025;99476;2019;2021;3
2025;72669;2019;2022;3
2025;1399481;2019;2020;3
2025;1029204;2019;2020;3
2025;1278877;2019;2020;3
2025;1455021;2019;2020;3
2025;12345;2019;2020;3
2025;98406;2019;2020;3
2025;18447;2019;2020;3
2025;5345;2019;2020;3
2025;1455021;2019;2022;3
2025;1102360;2019;2020;3
2025;13996;2019;2020;1
2025;11114;2019;2020;3
2025;6711;2019;2019;3
2025;108884;2019;2020;3
2025;1385538;2019;2019;3
2025;4503;2019;2020;3
2025;1188127;2019;2021;3
2025;1399485;2019;2020;3
2025;10224;2019;2020;3
2025;2918;2019;2020;3
2025;1404416;2019;2020;3
2025;11316;2019;2020;3
2025;5000812;2019;2020;3
2025;98406;2019;2020;3
2025;57852;2019;2020;3
2025;108014;2019;2020;3
2025;2918;2019;2020;3
2025;1184047;2019;2020;3
2025;8437;2019;2020;3
2025;4503;2019;2020;3
2025;93001;2019;2020;3
2025;98409;2019;2020;3
2025;4503;2019;2020;3
2025;7676;2019;2020;3
2025;7105;2019;2020;3
2025;12345;2019;2020;3
2025;99476;2019;2020;3
2025;15475;2019;2020;1
2025;72669;2019;2020;3
2025;5345;2019;2020;3
2025;13996;2019;2020;1
2025;100956;2019;2020;3
2025;1397773;2019;2020;3
2025;20360;2019;2020;3
2025;93001;2019;2020;3
2025;1171609;2019;2020;3
2025;7676;2019;2020;3
2025;19850;2019;2020;3
2025;87537;2019;2020;3
2025;1399489;2019;2020;3
2025;84408;2019;2020;3
2025;1487491;2019;2020;3
2025;13996;2019;2020;1
2025;72681;2019;2020;3
2025;1188127;2019;2020;3
2025;7676;2019;2020;3
2025;6496;2019;2020;3
2025;93001;2019;2020;3
2025;4503;2019;2020;3
2025;100958;2019;2020;3
2025;2918;2019;2020;3
2025;18594;2019;2020;4
2025;1455021;2019;2020;3
2025;4503;2019;2020;3
2025;1188127;2019;2021;3
2025;97679;2019;2020;3
2025;19434;2019;2020;3
2025;5000930;2019;2020;1
2025;18472;2019;2020;3
2025;1192047;2019;2020;3
2025;100688;2019;2020;3
2025;98506;2019;2021;3
2025;1397771;2019;2020;3
2025;758;2019;2020;3
2025;13601;2019;2020;3
2025;100956;2019;2021;3
2025;1180318;2019;2020;3
2025;4503;2019;2020;3
2025;54490;2019;2020;3
2025;1171609;2019;2021;3
2025;91219;2019;2020;3
2025;1108281;2019;2020;3
2025;100688;2019;2020;3
2025;9326;2019;2020;1
2025;5000841;2019;2020;3
2025;84408;2019;2020;3
2025;5001183;2019;2020;3
2025;1399485;2019;2020;3
2025;93001;2019;2020;3
2025;14234;2019;2020;3
2025;1166567;2019;2020;3
2025;5001183;2019;2020;4
2025;54490;2019;2020;3
2025;5345;2019;2020;3
2025;5345;2019;2020;3
2025;1419799;2019;2020;3
2025;38071;2019;2020;3
2025;64918;2019;2020;3
2025;64918;2019;2020;3
2025;72669;2019;2020;3
2025;5000979;2019;2020;3
2025;100688;2019;2020;3
2025;18472;2019;2020;3
2025;1399486;2019;2020;3
2025;12569;2019;2020;3
2025;7676;2019;2020;3
2025;1399478;2019;2020;3
2025;13601;2019;2020;3
2025;5001466;2019;2020;3
2025;1408509;2019;2020;3
2025;1107;2019;2020;3
2025;5000979;2019;2020;3
2025;21542;2019;2020;3
2025;1200712;2019;2020;3
2025;1184047;2019;2020;3
2025;60660;2019;2020;3
2025;75821;2019;2020;3
2025;1108786;2019;2020;3
2025;1029204;2019;2020;3
2025;1349675;2019;2020;3
2025;12970;2019;2020;1
2025;97679;2019;2020;3
2025;1629;2019;2020;3
2025;11114;2019;2020;3
2025;13996;2019;2020;1
2025;1399481;2019;2020;3
2025;1330031;2019;2020;3
2025;1342536;2019;2020;3
2025;1448710;2019;2020;3
2025;4503;2019;2020;3
2025;1629;2019;2020;3
2025;1334344;2019;2020;3
2025;13200;2019;2020;3
2025;20249;2019;2020;3
2025;39415;2019;2020;3
2025;64918;2019;2020;3
2025;98506;2019;2020;3
2025;1399485;2019;2020;3
2025;74655;2019;2020;3
2025;38071;2019;2020;3
2025;1184047;2019;2020;3
2025;97679;2019;2020;3
2025;1184047;2019;2020;3
2025;1390317;2019;2020;3
2025;1261972;2019;2020;3
2025;5000930;2019;2020;3
2025;48854;2019;2020;3
2025;18594;2019;2020;4
2025;64918;2019;2020;3
2025;5001033;2019;2020;3
2025;1408507;2019;2020;3
2025;140;2019;2019;3
2025;5000841;2019;2020;3
2025;5000812;2019;2020;3
2025;18594;2019;2020;4
2025;7676;2019;2020;3
2025;79007;2019;2020;3
2025;57402;2019;2020;3
2025;19850;2019;2020;3
2025;1399483;2019;2020;3
2025;1314146;2019;2020;3
2025;1258021;2019;2020;3
2025;5000979;2019;2020;3
2025;12970;2019;2020;1
2025;1109361;2019;2020;3
2025;1349675;2019;2020;3
2025;2918;2019;2020;3
2025;1192188;2019;2020;3
2025;7105;2019;2020;3
2025;1029204;2019;2020;3
2025;1190667;2019;2020;3
2025;10224;2019;2020;3
2025;12970;2019;2020;1
2025;1192047;2019;2020;3
2025;2918;2019;2020;3
2025;64918;2019;2020;3
2025;107666;2019;2020;3
2025;57402;2019;2020;3
2025;98506;2019;2021;3
2025;38071;2019;2020;3
2025;66361;2019;2020;3
2025;13996;2019;2020;1
2025;1342536;2019;2021;3
2025;49910;2019;2020;3
2025;107666;2019;2020;3
2025;74594;2019;2020;3
2025;15783;2019;2020;3
2025;1399488;2019;2020;3
2025;12345;2019;2020;3
2025;10224;2019;2020;3
2025;1184047;2019;2020;3
2025;1108786;2019;2020;3
2025;113504;2019;2020;3
2025;9988;2019;2020;3
2025;5909;2019;2020;3
2025;1408259;2019;2020;3
2025;9326;2019;2020;1
2025;5000979;2019;2020;3
2025;108882;2019;2020;3
2025;1108153;2019;2020;1
2025;1483759;2019;2020;3
2025;1190667;2019;2020;3
2025;7676;2019;2020;3
2025;5000978;2019;2020;3
2025;5000978;2019;2020;3
2025;14093;2019;2020;3
2025;1427370;2019;2020;3
2025;1317634;2019;2020;3
2025;9996;2019;2020;3
2025;15839;2019;2020;3
2025;5345;2019;2020;3
2025;1399488;2019;2020;3
2025;1399287;2019;2019;3
2025;14093;2019;2020;3
2025;84408;2019;2020;3
2025;1879;2019;2021;3
2025;103596;2019;2020;3
2025;93001;2019;2020;3
2025;100688;2019;2020;3
2025;9996;2019;2020;3
2025;72669;2019;2020;3
2025;121850;2019;2020;3
2025;57852;2019;2020;3
2025;5345;2019;2020;3
2025;75821;2019;2020;3
2025;59174;2019;2019;3
2025;19086;2019;2020;3
2025;13601;2019;2020;3
2025;1314146;2019;2020;3
2025;1390309;2019;2020;3
2025;98506;2019;2020;3
2025;1342536;2019;2020;3
2025;6711;2019;2019;3
2025;14975;2019;2020;3
2025;121850;2019;2020;3
2025;1408261;2019;2020;3
2025;1399478;2019;2020;3
2025;9996;2019;2020;3
2025;1188849;2019;2023;3
2025;8698;2019;2020;3
2025;57402;2019;2020;3
2025;5000979;2019;2020;3
2025;140;2019;2020;3
2025;1050663;2019;2019;3
2025;1314146;2019;2020;3
2025;59174;2019;2020;3
2025;9805;2019;2020;3
2025;1363536;2019;2020;3
2025;1108281;2019;2020;3
2025;20360;2019;2020;3
2025;85652;2019;2020;3
2025;5001167;2019;2020;3
2025;57402;2019;2020;3
2025;54490;2019;2020;3
2025;1314146;2019;2020;3
2025;100688;2019;2020;3
2025;13996;2019;2020;1
2025;1257777;2019;2021;4
2025;93001;2019;2020;3
2025;2918;2019;2020;3
2025;48854;2019;2020;3
2025;1314146;2019;2020;3
2025;5345;2019;2020;3
2025;1399483;2019;2020;3
2025;59414;2019;2020;3
2025;18605;2019;2019;3
2025;1725;2019;2020;3
2025;64918;2019;2020;3
2025;5001183;2019;2020;3
2025;5001183;2019;2020;4
2025;1314146;2019;2020;3
2025;140;2019;2020;3
2025;1190280;2019;2019;3
2025;1178672;2019;2020;3
2025;1427420;2019;2020;3
2025;13601;2019;2020;3
2025;1200578;2019;2020;3
2025;19850;2019;2020;3
2025;2392;2019;2020;3
2025;1421100;2019;2020;3
2025;5000979;2019;2020;3
2025;18447;2019;2020;3
2025;1448710;2019;2020;3
2025;54490;2019;2020;3
2025;1399485;2019;2020;3
2025;64918;2019;2020;3
2025;98406;2019;2020;3
2025;107666;2019;2020;3
2025;1258021;2019;2020;3
2025;1445016;2019;2020;3
2025;57402;2019;2020;3
2025;20249;2019;2020;3
2025;1408507;2019;2020;3
2025;1314146;2019;2020;3
2025;12970;2019;2020;1
2025;8554;2019;2020;3
2025;5909;2019;2020;3
2025;108014;2019;2020;3
2025;13453;2019;2020;3
2025;1399479;2019;2020;3
2025;12970;2019;2020;1
2025;5000979;2019;2020;3
2025;1419799;2019;2020;3
2025;1200578;2019;2020;3
2025;1050663;2019;2020;3
2025;12970;2019;2020;1
2025;57402;2019;2020;3
2025;12970;2019;2020;1
2025;5000978;2019;2020;3
2025;99476;2019;2021;3
2025;5345;2019;2020;3
2025;57402;2019;2020;3
2025;99476;2019;2021;3
2025;1399484;2019;2020;3
2025;107766;2019;2020;3
2025;1404416;2019;2020;3
2025;1190667;2019;2020;3
2025;1399487;2019;2020;3
2025;48854;2019;2020;3
2025;1184047;2019;2020;3
2025;19850;2019;2020;3
2025;2918;2019;2020;3
2025;1455021;2019;2020;3
2025;1258023;2019;2020;3
2025;121850;2019;2020;3
2025;87537;2019;2020;3
2025;1264844;2019;2020;3
2025;1427419;2019;2020;3
2025;1438629;2019;2020;3
2025;5000933;2019;2020;3
2025;1193759;2019;2021;3
2025;1399477;2019;2020;3
2025;5001033;2019;2020;3
2025;18594;2019;2020;4
2025;1193759;2019;2021;3
2025;14359;2019;2020;3
2025;1725;2019;2020;3
2025;72669;2019;2020;3
2025;1455021;2019;2020;3
2025;1349675;2019;2020;3
2025;5001314;2019;2020;3
2025;1189778;2019;2020;3
2025;8437;2019;2020;3
2025;5001033;2019;2020;3
2025;5000978;2019;2020;3
2025;5345;2019;2020;3
2025;59174;2019;2020;3
2025;1399479;2019;2020;3
2025;1486822;2019;2020;3
2025;1109361;2019;2020;3
2025;1363536;2019;2020;3
2025;8437;2019;2020;3
2025;18605;2019;2019;3
2025;1180318;2019;2020;3
2025;1108786;2019;2020;3
2025;1184432;2019;2019;3
2025;54490;2019;2020;3
2025;1390309;2019;2020;3
2025;1317634;2019;2020;3
2025;1349675;2019;2020;3
2025;54490;2019;2020;3
2025;1184325;2019;2022;3
2025;5001183;2019;2020;4
2025;60660;2019;2020;3
2025;100956;2019;2020;3
2025;84352;2019;2020;3
2025;2918;2019;2020;3
2025;85652;2019;2020;3
2025;54490;2019;2020;3
2025;20249;2019;2020;3
2025;2392;2019;2020;3
2025;1399478;2019;2020;3
2025;1399478;2019;2020;3
2025;7676;2019;2020;3
2025;5345;2019;2020;3
2025;2918;2019;2020;3
2025;98406;2019;2020;3
2025;1029204;2019;2020;3
2025;79007;2019;2020;3
2025;1108786;2019;2020;3
2025;1193759;2019;2019;3
2025;1399614;2019;2020;4
2025;7105;2019;2020;3
2025;1272168;2019;2020;3
2025;1363536;2019;2020;3
2025;2918;2019;2020;3
2025;7837;2019;2019;3
2025;1330031;2019;2020;3
2025;1257548;2019;2025;3
2025;1184432;2019;2020;3
2025;1184047;2019;2020;3
2025;18447;2019;2020;3
2025;2918;2019;2020;3
2025;37304;2019;2020;4
2025;1184047;2019;2020;3
2025;18594;2019;2020;4
2025;5001183;2019;2020;4
2025;1267038;2019;2021;3
2025;1104264;2019;2020;3
2025;1390317;2019;2020;3
2025;1399486;2019;2020;3
2025;49060;2019;2020;3
2025;7676;2019;2020;3
2025;5000812;2019;2020;3
2025;5000933;2019;2020;3
2025;10224;2019;2020;3
2025;1518;2019;2019;3
2025;82224;2019;2021;3
2025;8437;2019;2020;3
2025;1136509;2019;2020;3
2025;140;2019;2020;3
2025;10224;2019;2020;3
2025;100958;2019;2023;3
2025;1184060;2019;2019;3
2025;1136509;2019;2020;3
2025;7676;2019;2020;3
2025;1518495;2019;2020;3
2025;1427419;2019;2020;3
2025;72681;2019;2020;3
2025;1135207;2019;2020;3
2025;1427420;2019;2020;3
2025;57402;2019;2020;3
2025;1363536;2019;2020;3
2025;7676;2019;2020;3
2025;1191415;2019;2020;3
2025;1108281;2019;2020;3
2025;87537;2019;2020;3
2025;64918;2019;2020;3
2025;82224;2019;2020;3
2025;5909;2019;2020;3
2025;3677;2019;2020;3
2025;5000979;2019;2020;3
2025;1171609;2019;2020;3
2025;98506;2019;2020;3
2025;1257777;2019;2020;3
2025;19850;2019;2020;3
2025;5000979;2019;2020;3
2025;7105;2019;2020;3
2025;1879;2019;2020;3
2025;7705;2019;2020;3
2025;1349675;2019;2020;3
2025;121850;2019;2020;3
2025;1363536;2019;2020;3
2025;8437;2019;2020;3
2025;1184060;2019;2020;3
2025;72669;2019;2020;3
2025;1322329;2019;2020;3
2025;5001167;2019;2020;3
2025;18472;2019;2020;3
2025;1200578;2019;2020;3
2025;7676;2019;2020;3
2025;4503;2019;2020;3
2025;1184060;2019;2020;3
2025;84352;2019;2020;3
2025;13723;2019;2020;3
2025;7705;2019;2020;3
2025;15839;2019;2020;3
2025;5001167;2019;2020;3
2025;120983;2019;2020;3
2025;1399616;2019;2020;3
2025;10289;2019;2020;3
2025;7676;2019;2020;3
2025;1107;2019;2020;3
2025;12970;2019;2020;1
2025;1399489;2019;2020;3
2025;12345;2019;2020;3
2025;1399483;2019;2020;3
2025;10222;2019;2020;3
2025;59174;2019;2020;3
2025;72767;2019;2020;3
2025;5001427;2019;2020;3
2025;85652;2019;2020;3
2025;72669;2019;2020;3
2025;1184047;2019;2020;3
2025;38071;2019;2020;3
2025;98406;2019;2020;3
2025;1363536;2019;2020;3
2025;1200712;2019;2020;3
2025;1421013;2019;2020;3
2025;5001183;2019;2020;3
2025;4503;2019;2020;3
2025;1404416;2019;2020;3
2025;1408259;2019;2020;3
2025;51835;2019;2020;3
2025;13996;2019;2020;1
2025;91219;2019;2020;3
2025;1483759;2019;2020;3
2025;1192188;2019;2019;3
2025;1322329;2019;2020;3
2025;2918;2019;2020;3
2025;5345;2019;2020;3
2025;5001294;2019;2021;3
2025;2918;2019;2020;3
2025;11114;2019;2020;3
2025;1342536;2019;2020;3
2025;12569;2019;2020;3
2025;1189778;2019;2020;3
2025;7676;2019;2020;3
2025;1404416;2019;2020;3
2025;1399488;2019;2020;3
2025;99476;2019;2021;3
2025;5001341;2019;2020;3
2025;11316;2019;2020;3
2025;1399483;2019;2020;3
2025;1258023;2019;2020;3
2025;14359;2019;2020;3
2025;87537;2019;2020;3
2025;1322329;2019;2020;3
2025;91219;2019;2019;3
2025;13200;2019;2020;3
2025;1879;2019;2020;3
2025;79007;2019;2020;3
2025;99476;2019;2021;3
2025;5001314;2019;2020;3
2025;1399481;2019;2020;3
2025;2918;2019;2020;3
2025;5000001;2019;2020;3
2025;59174;2019;2020;3
2025;1385538;2019;2020;3
2025;1363536;2019;2020;3
2025;100956;2019;2020;3
2025;84408;2019;2020;3
2025;10591;2019;2020;3
2025;51835;2019;2020;3
2025;1178672;2019;2020;3
2025;98506;2019;2020;3
2025;84408;2019;2020;3
2025;13996;2019;2020;1
2025;13200;2019;2020;3
2025;19294;2019;2021;3
2025;72675;2019;2019;3
2025;1419799;2019;2020;3
2025;1136509;2019;2020;3
2025;1184047;2019;2020;3
2025;1399481;2019;2020;3
2025;87537;2019;2020;3
2025;1457503;2019;2020;3
2025;20249;2019;2020;3
2025;1399481;2019;2020;3
2025;93001;2019;2020;3
2025;5000930;2019;2020;1
2025;1404416;2019;2020;3
2025;1184047;2019;2020;3
2025;57402;2019;2020;3
2025;1408259;2019;2020;3
2025;18594;2019;2020;4
2025;12970;2019;2020;1
2025;72675;2019;2019;3
2025;87941;2019;2020;3
2025;1486822;2019;2020;3
2025;1029204;2019;2020;3
2025;15839;2019;2020;3
2025;85652;2019;2021;3
2025;97679;2019;2020;3
2025;5000979;2019;2020;3
2025;1408259;2019;2020;3
2025;13996;2019;2020;1
2025;1397773;2019;2020;3
2025;7676;2019;2020;3
2025;5001183;2019;2020;3
2025;1184432;2019;2019;3
2025;2918;2019;2020;3
2025;1029204;2019;2020;3
2025;121850;2019;2020;3
2025;1518;2019;2019;3
2025;140;2019;2020;3
2025;1404416;2019;2020;3
2025;1192047;2019;2020;3
2025;93001;2019;2020;3
2025;5345;2019;2020;3
2025;5000812;2019;2020;3
2025;1184047;2019;2020;3
2025;10224;2019;2020;3
2025;10224;2019;2020;3
2025;1457503;2019;2020;3
2025;100958;2019;2020;3
2025;1399486;2019;2020;3
2025;5001341;2019;2020;3
2025;2918;2019;2024;3
2025;1457707;2019;2020;4
2025;1457503;2019;2020;3
2025;15839;2019;2020;3
2025;5001183;2019;2020;3
2025;19850;2019;2020;3
2025;9988;2019;2020;3
2025;1190667;2019;2020;3
2025;5001101;2019;2020;3
2025;98406;2019;2020;3
2025;5000930;2019;2020;1
2025;1879;2019;2020;3
2025;18472;2019;2020;3
2025;91219;2019;2020;3
2025;1399483;2019;2020;3
2025;1184432;2019;2019;3
2025;74655;2019;2020;3
2025;1421100;2019;2020;3
2025;15343;2019;2020;3
2025;5000841;2019;2020;3
2025;8698;2019;2020;3
2025;2918;2019;2020;3
2025;1190280;2019;2019;3
2025;5001167;2019;2020;3
2025;100688;2019;2020;3
2025;1029204;2019;2020;3
2025;57402;2019;2020;3
2025;1399483;2019;2020;3
2025;103596;2019;2020;3
2025;1330031;2019;2020;3
2025;13996;2019;2020;1
2025;5001183;2019;2020;4
2025;5000001;2019;2020;3
2025;100956;2019;2020;3
2025;5001314;2019;2020;3
2025;1399481;2019;2020;3
2025;98406;2019;2020;3
2025;18594;2019;2020;4
2025;2918;2019;2020;3
2025;6496;2019;2020;3
2025;1399483;2019;2020;3
2025;1408259;2019;2020;3
2025;74655;2019;2020;3
2025;1029204;2019;2020;3
2025;13996;2019;2020;1
2025;72675;2019;2020;3
2025;1184047;2019;2020;3
2025;48854;2019;2020;3
2025;11114;2019;2020;3
2025;90059;2019;2020;3
2025;65114;2019;2020;3
2025;84408;2019;2020;3
2025;2918;2019;2020;3
2025;2918;2019;2020;3
2025;1445016;2019;2020;3
2025;74655;2019;2020;3
2025;75821;2019;2020;3
2025;2918;2019;2020;3
2025;1399483;2019;2020;3
2025;6711;2019;2019;3
2025;2918;2019;2020;3
2025;15343;2019;2020;3
2025;2918;2019;2020;3
2025;72669;2019;2020;3
2025;1258021;2019;2020;3
2025;2918;2019;2020;3
2025;5001294;2019;2020;3
2025;13996;2019;2020;1
2025;98409;2019;2020;3
2025;60660;2019;2020;3
2025;1168313;2019;2020;3
2025;5001183;2019;2021;4
2025;18594;2019;2020;4
2025;18594;2019;2020;4
2025;1180318;2019;2020;3
2025;1349675;2019;2020;3
2025;2918;2019;2020;3
2025;1477973;2019;2020;3
2025;12970;2019;2020;1
2025;57852;2019;2020;3
2025;15839;2019;2020;3
2025;5001300;2019;2020;3
2025;5001294;2019;2020;3
2025;1457503;2019;2020;3
2025;7676;2019;2020;3
2025;1108786;2019;2020;3
2025;9996;2019;2020;3
2025;5000930;2019;2020;3
2025;1421100;2019;2020;3
2025;5000979;2019;2020;3
2025;5000930;2019;2020;1
2025;1168313;2019;2020;3
2025;1399483;2019;2020;3
2025;140;2019;2020;3
2025;11114;2019;2020;3
2025;100956;2019;2020;3
2025;1200712;2019;2020;3
2025;1399483;2019;2020;3
2025;84352;2019;2020;3
2025;7676;2019;2020;3
2025;79007;2019;2020;3
2025;1455021;2019;2020;3
2025;72669;2019;2020;3
2025;1399483;2019;2020;3
2025;4503;2019;2020;3
2025;1399483;2019;2020;3
2025;97679;2019;2020;3
2025;1200578;2019;2020;3
2025;18472;2019;2020;3
2025;1314146;2019;2020;3
2025;6711;2019;2019;3
2025;1184047;2019;2020;3
2025;66361;2019;2020;3
2025;1629;2019;2020;3
2025;5920;2019;2020;3
2025;100956;2019;2020;3
2025;758;2019;2020;3
2025;49060;2019;2020;3
2025;1184047;2019;2020;3
2025;85652;2019;2020;3
2025;7676;2019;2020;3
2025;69624;2019;2020;3
2025;121850;2019;2020;3
2025;1180318;2019;2020;3
2025;13996;2019;2020;1
2025;7676;2019;2020;3
2025;13200;2019;2020;3
2025;72681;2019;2020;3
2025;93001;2019;2020;3
2025;5920;2019;2020;3
2025;1135207;2019;2020;3
2025;1184047;2019;2020;3
2025;7676;2019;2020;3
2025;1399483;2019;2020;3
2025;1189778;2019;2020;3
2025;14093;2019;2020;3
2025;1390309;2019;2020;3
2025;1108786;2019;2020;3
2025;12569;2019;2020;3
2025;1421100;2019;2020;3
2025;2918;2019;2020;3
2025;1200578;2019;2020;3
2025;19850;2019;2020;3
2025;2918;2019;2020;3
2025;1135207;2019;2020;3
2025;14093;2019;2020;3
2025;1189607;2019;2020;3
2025;6711;2019;2019;3
2025;1184047;2019;2020;3
2025;5001167;2019;2020;3
2025;87537;2019;2020;3
2025;1399483;2019;2020;3
2025;72669;2019;2022;3
2025;5001183;2019;2020;3
2025;18472;2019;2020;3
2025;1404416;2019;2020;3
2025;1109361;2019;2020;3
2025;87537;2019;2020;3
2025;75821;2019;2020;3
2025;1184047;2019;2020;3
2025;87537;2019;2020;3
2025;1363536;2019;2020;3
2025;18472;2019;2020;3
2025;64918;2019;2020;3
2025;1108281;2019;2020;3
2025;1390317;2019;2020;3
2025;74594;2019;2020;3
2025;14093;2019;2020;3
2025;38071;2019;2020;3
2025;14359;2019;2020;3
2025;1399483;2019;2020;3
2025;1109361;2019;2020;3
2025;5345;2019;2020;3
2025;1408259;2019;2020;3
2025;84352;2019;2020;3
2025;1184047;2019;2020;3
2025;14093;2019;2020;3
2025;1108786;2019;2020;3
2025;5000978;2019;2020;3
2025;69464;2019;2020;3
2025;1109361;2019;2020;3
2025;5000978;2019;2020;3
2025;9996;2019;2020;3
2025;1108281;2019;2020;3
2025;1399483;2019;2020;3
2025;91219;2019;2020;3
2025;5000841;2019;2020;3
2025;1349675;2019;2020;3
2025;1184047;2019;2020;3
2025;1168313;2019;2020;3
2025;9996;2019;2020;3
2025;7676;2019;2020;3
2025;1408507;2019;2020;3
2025;13996;2019;2020;1
2025;5000980;2019;2020;3
2025;74655;2019;2020;3
2025;99476;2019;2020;3
2025;1189778;2019;2020;3
2025;85652;2019;2020;3
2025;6496;2019;2020;3
2025;1109361;2019;2020;3
2025;9996;2019;2020;3
2025;1455021;2019;2020;3
2025;5000979;2019;2020;3
2025;1184060;2019;2020;3
2025;7676;2019;2020;3
2025;72681;2019;2020;3
2025;5000980;2019;2020;3
2025;59174;2019;2019;3
2025;85652;2019;2020;3
2025;1189778;2019;2020;3
2025;2392;2019;2020;3
2025;13996;2019;2020;1
2025;9772;2019;2020;3
2025;5909;2019;2020;3
2025;1184047;2019;2020;3
2025;15839;2019;2020;3
2025;66361;2019;2020;3
2025;15475;2019;2020;1
2025;9988;2019;2020;3
2025;5206;2019;2020;3
2025;4503;2019;2020;3
2025;1184325;2019;2020;3
2025;85652;2019;2020;3
2025;100956;2019;2020;3
2025;11114;2019;2020;3
2025;19850;2019;2020;3
2025;1184047;2019;2020;3
2025;100956;2019;2020;3
2025;72681;2019;2020;3
2025;5001300;2019;2020;3
2025;1184060;2019;2020;3
2025;5000980;2019;2020;3
2025;15475;2019;2020;1
2025;2918;2019;2020;3
2025;1109361;2019;2020;3
2025;9996;2019;2020;3
2025;18594;2019;2020;4
2025;1102360;2019;2020;3
2025;74594;2019;2020;3
2025;85652;2019;2020;3
2025;1399485;2019;2020;3
2025;87537;2019;2020;3
2025;1179501;2019;2020;3
2025;19206;2019;2020;4
2025;9996;2019;2020;3
2025;1108786;2019;2020;3
2025;18594;2019;2020;4
2025;15783;2019;2020;3
2025;12813;2019;2020;3
2025;1190280;2019;2019;3
2025;9996;2019;2020;3
2025;4503;2019;2020;3
2025;9996;2019;2020;3
2025;1438629;2019;2020;3
2025;85652;2019;2020;3
2025;5000978;2019;2020;3
2025;2918;2019;2020;3
2025;14725;2019;2020;3
2025;9996;2019;2020;3
2025;15475;2019;2020;1
2025;6496;2019;2020;3
2025;5000979;2019;2020;3
2025;90483;2019;2019;3
2025;1438629;2019;2020;3
2025;5001167;2019;2020;3
2025;10224;2019;2020;3
2025;1408262;2019;2020;3
2025;1185903;2019;2020;3
2025;1330031;2019;2020;3
2025;19206;2019;2020;4
2025;14975;2019;2020;3
2025;1399480;2019;2020;3
2025;59174;2019;2020;3
2025;100688;2019;2020;3
2025;87537;2019;2020;3
2025;1184047;2019;2020;3
2025;97679;2019;2020;3
2025;6711;2019;2019;3
2025;1397772;2019;2020;3
2025;90483;2019;2019;3
2025;100958;2019;2020;3
2025;1408509;2019;2020;3
2025;1390317;2019;2020;3
2025;1108153;2019;2020;1
2025;5000841;2019;2020;3
2025;1184047;2019;2020;3
2025;64918;2019;2020;3
2025;1258021;2019;2020;3
2025;64918;2019;2020;3
2025;100958;2019;2020;3
2025;1397772;2019;2020;3
2025;97679;2019;2020;3
2025;1330031;2019;2020;3
2025;100956;2019;2020;3
2025;2918;2019;2020;3
2025;11316;2019;2020;3
2025;5001300;2019;2020;3
2025;1184325;2019;2020;3
2025;1385521;2019;2020;3
2025;8437;2019;2020;3
2025;1190667;2019;2020;3
2025;4082;2019;2020;3
2025;19206;2019;2020;4
2025;72669;2019;2020;3
2025;54490;2019;2020;3
2025;7676;2019;2020;3
2025;72675;2019;2019;3
2025;64918;2019;2020;3
2025;5000980;2019;2020;3
2025;1399486;2019;2020;3
2025;1399488;2019;2020;3
2025;98406;2019;2020;3
2025;1363536;2019;2020;3
2025;1342536;2019;2020;3
2025;72669;2019;2020;3
2025;5000930;2019;2020;3
2025;97679;2019;2020;3
2025;5000980;2019;2020;3
2025;1184047;2019;2020;3
2025;5000979;2019;2020;3
2025;86356;2019;2020;3
2025;72663;2019;2020;3
2025;13601;2019;2020;3
2025;9996;2019;2020;3
2025;9326;2019;2020;1
2025;1109361;2019;2020;3
2025;1192047;2019;2020;3
2025;1184432;2019;2020;3
2025;1257777;2019;2020;3
2025;18605;2019;2019;3
2025;19850;2019;2020;3
2025;1184047;2019;2020;3
2025;15475;2019;2020;1
2025;1334344;2019;2021;3
2025;1108786;2019;2020;3
2025;18594;2019;2020;4
2025;1397773;2019;2020;3
2025;1258021;2019;2020;3
2025;9996;2019;2020;3
2025;86356;2019;2020;3
2025;1363536;2019;2021;3
2025;1258021;2019;2020;3
2025;39415;2019;2020;3
2025;12970;2019;2020;1
2025;3677;2019;2020;3
2025;19206;2019;2020;4
2025;19206;2019;2020;4
2025;19206;2019;2020;4
2025;1029204;2019;2020;3
2025;1477973;2019;2020;3
2025;1109361;2019;2020;3
2025;1184047;2019;2020;3
2025;1264844;2019;2020;3
2025;64918;2019;2020;3
2025;1200578;2019;2020;3
2025;7676;2019;2020;3
2025;72675;2019;2019;3
2025;5001033;2019;2020;3
2025;1408259;2019;2020;3
2025;10591;2019;2020;3
2025;57852;2019;2020;3
2025;1278877;2019;2020;3
2025;1184047;2019;2020;3
2025;98409;2019;2020;3
2025;39415;2019;2021;3
2025;18472;2019;2020;3
2025;1278877;2019;2020;3
2025;12970;2019;2020;1
2025;1399489;2019;2020;3
2025;18472;2019;2020;3
2025;9996;2019;2020;3
2025;9996;2019;2020;3
2025;15475;2019;2020;1
2025;9996;2019;2020;3
2025;9996;2019;2020;3
2025;9996;2019;2020;3
2025;868;2019;2020;3
2025;1163738;2019;2019;3
2025;18447;2019;2020;3
2025;868;2019;2021;3
2025;1059179;2019;2022;3
2025;868;2019;2020;3
2025;1135207;2019;2020;3
2025;19850;2019;2020;3
2025;79007;2019;2020;3
2025;100688;2019;2020;3
2025;19850;2019;2020;3
2025;87941;2019;2020;3
2025;107766;2019;2020;3
2025;1342536;2019;2020;3
2025;1399481;2019;2020;3
2025;91399;2019;2020;3
2025;107766;2019;2020;3
2025;1408505;2019;2020;3
2025;7105;2019;2020;3
2025;1190667;2019;2020;3
2025;1518;2019;2020;3
2025;3677;2019;2020;3
2025;5000979;2019;2020;3
2025;107766;2019;2020;3
2025;1518;2019;2020;3
2025;107766;2019;2020;3
2025;107766;2019;2020;3
2025;107766;2019;2020;3
2025;51835;2019;2020;3
2025;72767;2019;2020;3
2025;1342536;2019;2020;3
2025;7676;2019;2020;3
2025;54490;2019;2020;3
2025;5000980;2019;2020;3
2025;1390309;2019;2020;3
2025;1267038;2019;2020;3
2025;1267038;2019;2020;3
2025;5000980;2019;2020;3
2025;11114;2019;2020;3
2025;10289;2019;2020;3
2025;19850;2019;2020;3
2025;1178524;2019;2021;3
2025;1178524;2019;2020;3
2025;5000978;2019;2020;3
2025;1258021;2019;2020;3
2025;9805;2019;2020;3
2025;37304;2019;2020;4
2025;12970;2019;2020;1
2025;1173014;2019;2019;3
2025;2918;2019;2020;3
2025;84408;2019;2020;3
2025;1108786;2019;2020;3
2025;1184047;2019;2020;3
2025;14725;2019;2020;3
2025;121850;2019;2020;3
2025;18472;2019;2020;3
2025;1135207;2019;2020;3
2025;5000841;2019;2020;3
2025;1455021;2019;2021;3
2025;1272168;2019;2020;3
2025;72663;2019;2020;3
2025;2392;2019;2020;3
2025;2392;2019;2020;3
2025;107766;2019;2020;3
2025;1200578;2019;2020;3
2025;91219;2019;2020;3
2025;8698;2019;2020;3
2025;5001294;2019;2020;3
2025;5000812;2019;2020;3
2025;8698;2019;2020;3
2025;90483;2019;2019;3
2025;72667;2019;2020;3
2025;1399486;2019;2020;3
2025;1171609;2019;2020;3
2025;39415;2019;2020;3
2025;12970;2019;2020;1
2025;11114;2019;2020;3
2025;85652;2019;2020;3
2025;4503;2019;2020;3
2025;9996;2019;2020;3
2025;10224;2019;2020;3
2025;72663;2019;2020;3
2025;9996;2019;2020;3
2025;98506;2019;2020;3
2025;90084;2019;2020;3
2025;12970;2019;2020;1
2025;13103;2019;2020;3
2025;9996;2019;2020;3
2025;5001294;2019;2021;3
2025;39415;2019;2020;3
2025;100688;2019;2020;3
2025;11114;2019;2020;3
2025;20249;2019;2020;3
2025;1185025;2019;2020;3
2025;1168313;2019;2020;3
2025;1397772;2019;2020;3
2025;64918;2019;2020;3
2025;51835;2019;2020;3
2025;7676;2019;2020;3
2025;1191415;2019;2020;3
2025;2392;2019;2020;3
2025;64918;2019;2020;3
2025;12970;2019;2020;1
2025;1171609;2019;2020;3
2025;1267038;2019;2021;3
2025;9996;2019;2020;3
2025;5000979;2019;2020;3
2025;7676;2019;2020;3
2025;18447;2019;2020;3
2025;108882;2019;2020;3
2025;19294;2019;2020;3
2025;64918;2019;2020;3
2025;1390317;2019;2020;3
2025;38071;2019;2020;3
2025;91399;2019;2020;3
2025;5000930;2019;2020;3
2025;5000930;2019;2020;1
2025;74655;2019;2020;3
2025;1404416;2019;2020;3
2025;13996;2019;2020;1
2025;6496;2019;2020;3
2025;1135207;2019;2020;3
2025;1200578;2019;2020;3
2025;72681;2019;2020;3
2025;7676;2019;2021;3
2025;1399617;2019;2020;3
2025;1166567;2019;2021;3
2025;1399618;2019;2020;4
2025;9996;2019;2020;3
2025;1399617;2019;2020;3
2025;4503;2019;2020;3
2025;14725;2019;2020;3
2025;72675;2019;2019;3
2025;1108786;2019;2020;3
2025;1408507;2019;2020;3
2025;11316;2019;2020;3
2025;1399481;2019;2020;3
2025;5000001;2019;2020;3
2025;93001;2019;2020;3
2025;13103;2019;2020;3
2025;7676;2019;2020;3
2025;5345;2019;2020;3
2025;103596;2019;2020;3
2025;1135207;2019;2020;3
2025;1029204;2019;2020;3
2025;2918;2019;2020;3
2025;1399480;2019;2020;3
2025;72663;2019;2020;3
2025;1193275;2019;2020;3
2025;72669;2019;2020;3
2025;1185903;2019;2020;3
2025;1193275;2019;2020;3
2025;1185903;2019;2020;3
2025;48854;2019;2020;3
2025;1397771;2019;2020;3
2025;1427419;2019;2020;3
2025;10289;2019;2020;3
2025;1349675;2019;2020;3
2025;12692;2019;2020;3
2025;1108153;2019;2020;1
2025;1102360;2019;2020;3
2025;5000979;2019;2020;3
2025;1171609;2019;2020;3
2025;9996;2019;2020;3
2025;1629;2019;2020;3
2025;1399480;2019;2020;3
2025;18594;2019;2020;4
2025;64918;2019;2020;3
2025;90084;2019;2020;3
2025;13601;2019;2020;3
2025;49060;2019;2020;3
2025;10224;2019;2020;3
2025;5000981;2019;2020;3
2025;1029204;2019;2020;3
2025;1200578;2019;2020;3
2025;5000981;2019;2020;3
2025;66361;2019;2020;3
2025;9996;2019;2020;3
2025;1200578;2019;2020;3
2025;1171609;2019;2020;3
2025;1321864;2019;2020;3
2025;12569;2019;2020;3
2025;72667;2019;2020;3
2025;1342537;2019;2020;3
2025;12569;2019;2020;3
2025;1278877;2019;2020;3
2025;49910;2019;2020;3
2025;1193759;2019;2020;3
2025;5000979;2019;2020;3
2025;19294;2019;2020;3
2025;12569;2019;2020;3
2025;1399287;2019;2020;3
2025;100688;2019;2020;3
2025;5000812;2019;2020;3
2025;1322329;2019;2020;3
2025;1184325;2019;2020;3
2025;12569;2019;2020;3
2025;20360;2019;2020;3
2025;2918;2019;2020;3
2025;84352;2019;2020;3
2025;1184047;2019;2020;3
2025;90483;2019;2019;3
2025;1399287;2019;2020;3
2025;7105;2019;2020;3
2025;64918;2019;2020;3
2025;57852;2019;2020;3
2025;1314146;2019;2020;3
2025;1408505;2019;2020;3
2025;1477973;2019;2020;3
2025;1171609;2019;2020;3
2025;20360;2019;2020;3
2025;5000812;2019;2020;3
2025;16904;2019;2020;3
2025;107766;2019;2020;3
2025;20360;2019;2020;3
2025;1190667;2019;2020;3
2025;107766;2019;2020;3
2025;2918;2019;2020;3
2025;5000812;2019;2020;3
2025;1421100;2019;2020;3
2025;9996;2019;2020;3
2025;79007;2019;2020;3
2025;5000979;2019;2020;3
2025;5000979;2019;2020;3
2025;19434;2019;2020;3
2025;99476;2019;2021;3
2025;13453;2019;2020;3
2025;1267038;2019;2020;3
2025;2918;2019;2020;3
2025;82224;2019;2020;3
2025;74655;2019;2020;3
2025;10224;2019;2020;3
2025;2918;2019;2020;3
2025;1397771;2019;2020;3
2025;7105;2019;2020;3
2025;84352;2019;2020;3
2025;11446;2019;2020;3
2025;84352;2019;2020;3
2025;140;2019;2020;3
2025;72669;2019;2020;3
2025;72681;2019;2020;3
2025;1408507;2019;2020;3
2025;60660;2019;2020;3
2025;20360;2019;2020;3
2025;1399477;2019;2020;3
2025;60660;2019;2020;3
2025;7105;2019;2020;3
2025;1477973;2019;2020;3
2025;12569;2019;2020;3
2025;1059179;2019;2020;3
2025;84352;2019;2020;3
2025;1408507;2019;2020;3
2025;1518;2019;2019;3
2025;20360;2019;2020;3
2025;5000841;2019;2020;3
2025;18605;2019;2019;3
2025;9805;2019;2020;3
2025;72667;2019;2020;3
2025;13453;2019;2020;3
2025;74594;2019;2020;3
2025;7105;2019;2020;3
2025;103596;2019;2020;3
2025;1179501;2019;2020;3
2025;84408;2019;2020;3
2025;1477973;2019;2019;3
2025;7105;2019;2020;3
2025;11114;2019;2020;3
2025;1029204;2019;2021;3
2025;5920;2019;2020;3
2025;2918;2019;2024;3
2025;59174;2019;2019;3
2025;54490;2019;2020;3
2025;10591;2019;2020;3
2025;5345;2019;2020;3
2025;1321864;2019;2020;3
2025;1321864;2019;2020;3
2025;9996;2019;2021;3
2025;5000979;2019;2020;3
2025;74594;2019;2020;3
2025;13103;2019;2020;3
2025;19206;2019;2020;4
2025;107666;2019;2020;3
2025;1408507;2019;2020;3
2025;72669;2019;2020;3
2025;14975;2019;2020;3
2025;51835;2019;2020;3
2025;2918;2019;2020;3
2025;1180318;2019;2020;3
2025;2918;2019;2020;3
2025;71859;2019;2020;3
2025;5000979;2019;2020;3
2025;6711;2019;2019;3
2025;57402;2019;2020;3
2025;59414;2019;2020;3
2025;1200712;2019;2020;3
2025;1342536;2019;2021;3
2025;1163738;2019;2020;3
2025;1421100;2019;2020;3
2025;54490;2019;2020;3
2025;1397771;2019;2020;3
2025;108014;2019;2020;3
2025;1397771;2019;2020;3
2025;18594;2019;2020;4
2025;1408507;2019;2020;3
2025;66361;2019;2020;3
2025;18472;2019;2020;3
2025;12970;2019;2020;1
2025;19294;2019;2020;3
2025;1390309;2019;2020;3
2025;13103;2019;2020;3
2025;9996;2019;2020;3
2025;5000979;2019;2020;3
2025;84408;2019;2020;3
2025;1421013;2019;2020;3
2025;19294;2019;2022;3
2025;84408;2019;2020;3
2025;59174;2019;2019;3
2025;57402;2019;2020;3
2025;1457707;2019;2021;4
2025;90483;2019;2019;3
2025;13453;2019;2020;3
2025;11114;2019;2020;3
2025;1200578;2019;2020;3
2025;19206;2019;2020;4
2025;1879;2019;2020;3
2025;72767;2019;2020;3
2025;1399480;2019;2020;3
2025;72675;2019;2019;3
2025;12970;2019;2020;1
2025;59414;2019;2020;3
2025;51835;2019;2020;3
2025;87941;2019;2020;3
2025;14975;2019;2020;3
2025;72681;2019;2020;3
2025;18472;2019;2020;3
2025;1399480;2019;2020;3
2025;140;2019;2020;3
2025;1178524;2019;2020;3
2025;14975;2019;2020;3
2025;1397771;2019;2020;3
2025;54494;2019;2020;3
2025;5000979;2019;2020;3
2025;1342537;2019;2020;3
2025;103596;2019;2020;3
2025;19850;2019;2020;3
2025;5000979;2019;2021;3
2025;10289;2019;2020;3
2025;72669;2019;2020;3
2025;1192237;2019;2021;3
2025;72681;2019;2020;3
2025;3148;2019;2020;3
2025;78256;2019;2024;3
2025;72669;2019;2020;3
2025;72663;2019;2020;3
2025;9996;2019;2021;3
2025;5909;2019;2020;3
2025;7676;2019;2020;3
2025;87941;2019;2020;3
2025;87941;2019;2020;3
2025;7705;2019;2020;3
2025;1200578;2019;2020;3
2025;1342536;2019;2021;3
2025;57402;2019;2020;3
2025;37304;2019;2021;4
2025;1108153;2019;2020;1
2025;1399481;2019;2020;3
2025;1184047;2019;2020;3
2025;5000812;2019;2020;3
2025;1184047;2019;2020;3
2025;1184047;2019;2020;3
2025;121850;2019;2020;3
2025;5000841;2019;2020;3
2025;1193275;2019;2020;3
2025;2918;2019;2020;3
2025;2348;2019;2020;3
2025;1421100;2019;2020;3
2025;13601;2019;2020;3
2025;1477973;2019;2020;3
2025;64918;2019;2020;3
2025;87941;2019;2020;3
2025;1184047;2019;2020;3
2025;87941;2019;2020;3
2025;84352;2019;2020;3
2025;140;2019;2020;3
2025;4503;2019;2020;3
2025;74655;2019;2020;3
2025;5000841;2019;2020;3
2025;99476;2019;2020;3
2025;1267038;2019;2020;3
2025;10224;2019;2020;3
2025;1202546;2019;2020;3
2025;91219;2019;2020;3
2025;84408;2019;2020;3
2025;74655;2019;2020;3
2025;48854;2019;2020;3
2025;1192047;2019;2020;3
2025;1184047;2019;2020;3
2025;13103;2019;2020;3
2025;6496;2019;2020;3
2025;19850;2019;2020;3
2025;90483;2019;2019;3
2025;1427419;2019;2020;3
2025;72663;2019;2020;3
2025;12569;2019;2020;3
2025;18472;2019;2020;3
2025;49060;2019;2020;3
2025;12970;2019;2020;1
2025;5345;2019;2020;3
2025;7676;2019;2020;3
2025;87941;2019;2020;3
2025;9996;2019;2020;3
2025;7676;2019;2020;3
2025;87941;2019;2020;3
2025;5000841;2019;2020;3
2025;5000841;2019;2020;3
2025;7676;2019;2021;3
2025;1108786;2019;2020;3
2025;87941;2019;2020;3
2025;87941;2019;2020;3
2025;87941;2019;2021;3
2025;74594;2019;2020;3
2025;87941;2019;2020;3
2025;1200578;2019;2020;3
2025;87941;2019;2020;3
2025;87941;2019;2020;3
2025;87941;2019;2020;3
2025;13996;2019;2020;1
2025;5345;2019;2020;3
2025;868;2019;2020;3
2025;5345;2019;2020;3
2025;72675;2019;2019;3
2025;5000930;2019;2020;3
2025;9805;2019;2020;3
2025;72675;2019;2019;3
2025;5000930;2019;2020;3
2025;64918;2019;2020;3
2025;5000812;2019;2020;3
2025;1059179;2019;2020;3
2025;13103;2019;2020;3
2025;71859;2019;2020;3
2025;93001;2019;2020;3
2025;1102360;2019;2020;3
2025;5001300;2019;2020;3
2025;1136509;2019;2020;3
2025;7105;2019;2020;3
2025;13103;2019;2020;3
2025;13103;2019;2020;3
2025;1397773;2019;2020;3
2025;2392;2019;2020;3
2025;9996;2019;2020;3
2025;1399614;2019;2020;4
2025;9996;2019;2020;3
2025;14975;2019;2020;3
2025;19294;2019;2020;3
2025;1390309;2019;2020;3
2025;1390317;2019;2020;3
2025;18472;2019;2020;3
2025;84352;2019;2020;3
2025;90059;2019;2020;3
2025;1397771;2019;2020;3
2025;1399479;2019;2020;3
2025;1399614;2019;2020;4
2025;13103;2019;2020;3
2025;1029204;2019;2020;3
2025;5000841;2019;2020;3
2025;1179501;2019;2020;3
2025;2918;2019;2020;3
2025;5345;2019;2020;3
2025;1477973;2019;2020;3
2025;1050663;2019;2020;3
2025;1397771;2019;2020;3
2025;85652;2019;2020;3
2025;7676;2019;2020;3
2025;72667;2019;2020;3
2025;1408262;2019;2020;3
2025;5345;2019;2020;3
2025;1029204;2019;2020;3
2025;74594;2019;2020;3
2025;9996;2019;2020;3
2025;1108281;2019;2020;3
2025;93001;2019;2020;3
2025;1188849;2019;2023;3
2025;1190280;2019;2019;3
2025;1258021;2019;2020;3
2025;1258023;2019;2020;3
2025;1135207;2019;2020;3
2025;9996;2019;2020;3
2025;1108786;2019;2020;3
2025;1408507;2019;2020;3
2025;53338;2019;2020;3
2025;1192188;2019;2020;3
2025;18447;2019;2020;3
2025;9996;2019;2020;3
2025;1397771;2019;2020;3
2025;11446;2019;2020;3
2025;1191415;2019;2020;3
2025;74655;2019;2020;3
2025;72681;2019;2020;3
2025;1408261;2019;2020;3
2025;1185025;2019;2020;3
2025;71859;2019;2020;3
2025;3677;2019;2020;3
2025;18472;2019;2021;3
2025;4503;2019;2020;3
2025;5000979;2019;2020;3
2025;5000841;2019;2020;3
2025;19086;2019;2020;3
2025;13996;2019;2020;1
2025;15475;2019;2019;1
2025;1200578;2019;2020;3
2025;1171609;2019;2020;3
2025;7676;2019;2020;3
2025;1108281;2019;2020;3
2025;2918;2019;2020;3
2025;7105;2019;2020;3
2025;1363536;2019;2020;3
2025;5000980;2019;2020;3
2025;1363536;2019;2020;3
2025;13996;2019;2020;1
2025;6496;2019;2020;3
2025;5000979;2019;2020;3
2025;74655;2019;2020;3
2025;1385538;2019;2020;3
2025;1483768;2019;2020;3
2025;9805;2019;2020;3
2025;13996;2019;2020;1
2025;7676;2019;2020;3
2025;12970;2019;2020;1
2025;9805;2019;2020;3
2025;18447;2019;2020;3
2025;1725;2019;2020;3
2025;1399617;2019;2020;3
2025;86288;2019;2020;3
2025;1397773;2019;2020;3
2025;7705;2019;2020;3
2025;14234;2019;2020;3
2025;1330031;2019;2020;3
2025;1190667;2019;2020;3
2025;15783;2019;2020;3
2025;74655;2019;2020;3
2025;6711;2019;2019;3
2025;10224;2019;2020;3
2025;11446;2019;2020;3
2025;9326;2019;2020;1
2025;39415;2019;2020;3
2025;84352;2019;2020;3
2025;868;2019;2020;3
2025;13103;2019;2020;3
2025;39415;2019;2020;3
2025;1179501;2019;2020;3
2025;1404416;2019;2020;3
2025;1193759;2019;2021;3
2025;1107;2019;2020;3
2025;1363536;2019;2020;3
2025;1408507;2019;2020;3
2025;1108281;2019;2020;3
2025;1408504;2019;2020;3
2025;1404416;2019;2020;3
2025;9805;2019;2020;3
2025;72669;2019;2020;3
2025;1178672;2019;2020;3
2025;1192237;2019;2020;3
2025;1171609;2019;2020;3
2025;1408507;2019;2020;3
2025;1397771;2019;2020;3
2025;14975;2019;2020;3
2025;74594;2019;2020;3
2025;1408261;2019;2021;3
2025;868;2019;2020;3
2025;9805;2019;2020;3
2025;1322329;2019;2020;3
2025;5001183;2019;2020;4
2025;1192237;2019;2020;3
2025;8698;2019;2020;3
2025;1399479;2019;2020;3
2025;13103;2019;2020;3
2025;1192237;2019;2020;3
2025;1483759;2019;2020;3
2025;1257777;2019;2020;3
2025;1029204;2019;2020;3
2025;10591;2019;2020;3
2025;1399614;2019;2020;4
2025;14234;2019;2020;3
2025;7676;2019;2020;3
2025;1136509;2019;2020;3
2025;93001;2019;2020;3
2025;14975;2019;2020;3
2025;1192237;2019;2020;3
2025;1190667;2019;2020;3
2025;1171609;2019;2020;3
2025;91219;2019;2019;3
2025;1421100;2019;2020;3
2025;1107;2019;2020;3
2025;1397773;2019;2021;3
2025;1397771;2019;2020;3
2025;1322329;2019;2020;3
2025;98406;2019;2020;3
2025;1029204;2019;2020;3
2025;3677;2019;2020;3
2025;5000930;2019;2020;3
2025;1292713;2019;2020;3
2025;90483;2019;2019;3
2025;1108786;2019;2020;3
2025;1178672;2019;2020;3
2025;2918;2019;2020;3
2025;84408;2019;2022;3
2025;72681;2019;2020;3
2025;1189778;2019;2020;3
2025;84408;2019;2020;3
2025;18605;2019;2019;3
2025;1518;2019;2019;3
2025;1397773;2019;2020;3
2025;74594;2019;2020;3
2025;1385521;2019;2020;3
2025;49060;2019;2020;3
2025;19206;2019;2020;4
2025;1136509;2019;2020;3
2025;5001033;2019;2020;3
2025;1108786;2019;2020;3
2025;72669;2019;2020;3
2025;1518;2019;2019;3
2025;84408;2019;2022;3
2025;1518;2019;2019;3
2025;1135207;2019;2020;3
2025;1178672;2019;2020;3
2025;5001183;2019;2020;4
2025;1399481;2019;2020;3
2025;64918;2019;2020;3
2025;6496;2019;2020;3
2025;1192237;2019;2021;3
2025;75821;2019;2021;3
2025;93001;2019;2020;3
2025;72669;2019;2020;3
2025;74655;2019;2020;3
2025;1107;2019;2020;3
2025;79007;2019;2020;3
2025;13996;2019;2020;1
2025;2918;2019;2020;3
2025;1518;2019;2019;3
2025;4503;2019;2020;3
2025;16904;2019;2020;3
2025;3677;2019;2020;3
2025;39415;2019;2020;3
2025;87537;2019;2020;3
2025;64918;2019;2019;3
2025;1192047;2019;2020;3
2025;1192237;2019;2020;3
2025;74655;2019;2020;3
2025;1408507;2019;2020;3
2025;5001294;2019;2020;3
2025;12345;2019;2020;3
2025;5001294;2019;2021;3
2025;1518;2019;2019;3
2025;5000979;2019;2020;3
2025;1029204;2019;2020;3
2025;1171609;2019;2021;3
2025;98506;2019;2020;3
2025;1518;2019;2019;3
2025;57402;2019;2020;3
2025;1518;2019;2019;3
2025;1518;2019;2019;3
2025;108884;2019;2020;3
2025;12015;2019;2020;3
2025;13996;2019;2020;1
2025;1385521;2019;2021;3
2025;107766;2019;2020;3
2025;13103;2019;2020;3
2025;1518;2019;2019;3
2025;99476;2019;2021;3
2025;93001;2019;2020;3
2025;868;2019;2020;3
2025;39415;2019;2020;3
2025;1404416;2019;2020;3
2025;18472;2019;2020;3
2025;1179501;2019;2020;3
2025;1399616;2019;2020;3
2025;74655;2019;2020;3
2025;1518;2019;2019;3
2025;1399614;2019;2020;4
2025;1518;2019;2019;3
2025;1257524;2019;2021;4
2025;13996;2019;2020;1
2025;1397771;2019;2020;3
2025;18472;2019;2020;3
2025;1518;2019;2020;3
2025;1399617;2019;2020;3
2025;868;2019;2020;3
2025;57402;2019;2020;3
2025;113504;2019;2020;3
2025;72681;2019;2020;3
2025;98406;2019;2020;3
2025;1518;2019;2020;3
2025;1518;2019;2019;3
2025;1518;2019;2019;3
2025;13453;2019;2020;3
2025;1518;2019;2019;3
2025;54490;2019;2020;3
2025;1314146;2019;2020;3
2025;1258021;2019;2020;3
2025;5345;2019;2020;3
2025;10289;2019;2020;3
2025;1399481;2019;2020;3
2025;87537;2019;2020;3
2025;9805;2019;2020;3
2025;1419799;2019;2020;3
2025;1185076;2019;2020;3
2025;5000841;2019;2020;3
2025;1518;2019;2019;3
2025;1399616;2019;2020;3
2025;1518495;2019;2020;3
2025;7705;2019;2020;3
2025;3677;2019;2020;3
2025;1518;2019;2019;3
2025;1192237;2019;2020;3
2025;1029204;2019;2020;3
2025;97679;2019;2020;3
2025;19434;2019;2020;3
2025;9772;2019;2020;3
2025;1438629;2019;2020;3
2025;1178524;2019;2020;3
2025;100956;2019;2020;3
2025;7414;2019;2020;3
2025;1385521;2019;2020;3
2025;1385521;2019;2020;3
2025;1397771;2019;2020;3
2025;10224;2019;2020;3
2025;1518;2019;2020;3
2025;1185076;2019;2020;3
2025;1385521;2019;2020;3
2025;1399480;2019;2020;3
2025;1385521;2019;2020;3
2025;1146605;2019;2019;3
2025;1385521;2019;2020;3
2025;74594;2019;2020;3
2025;1438629;2019;2020;3
2025;57402;2019;2020;3
2025;1135207;2019;2020;3
2025;60660;2019;2020;3
2025;1385521;2019;2020;3
2025;6496;2019;2020;3
2025;71859;2019;2020;3
2025;1385521;2019;2020;3
2025;60660;2019;2020;3
2025;18594;2019;2020;4
2025;1385521;2019;2020;3
2025;5345;2019;2020;3
2025;1518;2019;2019;3
2025;1487290;2019;2020;3
2025;74655;2019;2020;3
2025;1322329;2019;2020;3
2025;1518;2019;2020;3
2025;1136509;2019;2020;3
2025;1385521;2019;2020;3
2025;1342537;2019;2020;3
2025;74594;2019;2020;3
2025;7676;2019;2020;3
2025;1050663;2019;2020;3
2025;1518;2019;2019;3
2025;84352;2019;2020;3
2025;1322329;2019;2020;3
2025;1385521;2019;2020;3
2025;10224;2019;2020;3
2025;74594;2019;2020;3
2025;5000933;2019;2020;3
2025;1385521;2019;2020;3
2025;7676;2019;2020;3
2025;103596;2019;2020;3
2025;51699;2019;2020;3
2025;1385521;2019;2020;3
2025;4503;2019;2020;3
2025;87537;2019;2020;3
2025;1385521;2019;2020;3
2025;1385521;2019;2020;3
2025;1438629;2019;2020;3
2025;72669;2019;2020;3
2025;12692;2019;2020;3
2025;1385521;2019;2020;3
2025;90059;2019;2020;3
2025;1385538;2019;2020;3
2025;1258021;2019;2020;3
2025;1399480;2019;2020;3
2025;1135207;2019;2020;3
2025;140;2019;2020;3
2025;1180318;2019;2020;3
2025;71689;2019;2020;3
2025;12970;2019;2020;1
2025;9805;2019;2020;3
2025;1184060;2019;2019;3
2025;98506;2019;2020;3
2025;39415;2019;2020;3
2025;1385521;2019;2020;3
2025;113504;2019;2020;3
2025;13996;2019;2020;1
2025;1171609;2019;2020;3
2025;5001183;2019;2020;3
2025;1136509;2019;2020;3
2025;9988;2019;2020;3
2025;74594;2019;2020;3
2025;5000812;2019;2020;3
2025;5909;2019;2020;3
2025;2918;2019;2020;3
2025;1439;2019;2020;3
2025;91399;2019;2020;3
2025;6496;2019;2020;3
2025;64918;2019;2020;3
2025;1399482;2019;2020;3
2025;5000979;2019;2020;3
2025;1107;2019;2020;3
2025;7676;2019;2020;3
2025;6711;2019;2020;3
2025;7676;2019;2020;3
2025;1314146;2019;2020;3
2025;1136509;2019;2020;3
2025;1322329;2019;2020;3
2025;5000812;2019;2020;3
2025;72663;2019;2020;3
2025;1200578;2019;2020;3
2025;1029204;2019;2020;3
2025;72663;2019;2020;3
2025;1322329;2019;2020;3
2025;84352;2019;2020;3
2025;1408509;2019;2020;3
2025;12015;2019;2020;3
2025;1399481;2019;2020;3
2025;19434;2019;2020;3
2025;18605;2019;2019;3
2025;100958;2019;2020;3
2025;1257524;2019;2020;4
2025;1518495;2019;2020;3
2025;7676;2019;2020;3
2025;1725;2019;2020;3
2025;98506;2019;2020;3
2025;1168313;2019;2020;3
2025;4503;2019;2020;3
2025;72681;2019;2020;3
2025;5001466;2019;2020;3
2025;1258021;2019;2020;3
2025;72663;2019;2020;3
2025;1029204;2019;2020;3
2025;54490;2019;2020;3
2025;1184047;2019;2020;3
2025;59414;2019;2021;3
2025;1404416;2019;2020;3
2025;1171609;2019;2020;3
2025;13601;2019;2020;3
2025;5000812;2019;2020;3
2025;1725;2019;2020;3
2025;18605;2019;2020;3
2025;20058;2019;2021;3
2025;64918;2019;2020;3
2025;72669;2019;2020;3
2025;20360;2019;2020;3
2025;10224;2019;2020;3
2025;5000979;2019;2020;3
2025;1399478;2019;2020;3
2025;5001183;2019;2020;4
2025;6496;2019;2020;3
2025;5000980;2019;2020;3
2025;74655;2019;2020;3
2025;39415;2019;2020;3
2025;5001294;2019;2020;3
2025;6496;2019;2020;3
2025;72767;2019;2020;3
2025;54490;2019;2020;3
2025;72417;2019;2020;3
2025;1408507;2019;2020;3
2025;121850;2019;2020;3
2025;5345;2019;2020;3
2025;5345;2019;2020;3
2025;74594;2019;2020;3
2025;1107;2019;2020;3
2025;87537;2019;2020;3
2025;20058;2019;2021;3
2025;90059;2019;2020;3
2025;6711;2019;2019;3
2025;1292869;2019;2020;3
2025;72663;2019;2020;3
2025;72663;2019;2020;3
2025;1178524;2019;2020;3
2025;1292713;2019;2020;3
2025;9772;2019;2020;3
2025;7705;2019;2020;3
2025;7676;2019;2021;3
2025;1408261;2019;2020;3
2025;72663;2019;2020;3
2025;1448710;2019;2020;3
2025;72663;2019;2020;3
2025;1171609;2019;2020;3
2025;72663;2019;2020;3
2025;1192237;2019;2020;3
2025;1421100;2019;2020;3
2025;66248;2019;2020;3
2025;18605;2019;2020;3
2025;1483768;2019;2020;3
2025;5001033;2019;2020;3
2025;93001;2019;2020;3
2025;59174;2019;2020;3
2025;12345;2019;2020;3
2025;2918;2019;2020;3
2025;5345;2019;2020;3
2025;72663;2019;2020;3
2025;19850;2019;2020;3
2025;59174;2019;2019;3
2025;1314146;2019;2020;3
2025;1193275;2019;2020;3
2025;7705;2019;2020;3
2025;1448710;2019;2020;3
2025;54490;2019;2020;3
2025;1184047;2019;2020;3
2025;54490;2019;2020;3
2025;1408507;2019;2020;3
2025;1029204;2019;2020;3
2025;1202546;2019;2020;3
2025;1180318;2019;2020;3
2025;84408;2019;2020;3
2025;1448710;2019;2020;3
2025;1050663;2019;2020;3
2025;1200578;2019;2020;3
2025;868;2019;2020;3
2025;1184432;2019;2020;3
2025;85652;2019;2020;3
2025;5001183;2019;2020;3
2025;1184047;2019;2020;3
2025;11446;2019;2020;3
2025;4503;2019;2020;3
2025;2918;2019;2020;3
2025;90483;2019;2019;3
2025;1278877;2019;2020;3
2025;7105;2019;2020;3
2025;82224;2019;2020;3
2025;1135207;2019;2020;3
2025;13200;2019;2020;3
2025;1184047;2019;2020;3
2025;74594;2019;2020;3
2025;57402;2019;2020;3
2025;107666;2019;2020;3
2025;72681;2019;2020;3
2025;57402;2019;2020;3
2025;1191415;2019;2020;3
2025;5000812;2019;2020;3
2025;1171609;2019;2020;3
2025;3418;2019;2020;3
2025;1108786;2019;2020;3
2025;12970;2019;2020;1
2025;39415;2019;2020;3
2025;15783;2019;2020;3
2025;84352;2019;2020;3
2025;13723;2019;2020;3
2025;1200578;2019;2020;3
2025;5001183;2019;2020;3
2025;1050663;2019;2020;3
2025;1135207;2019;2020;3
2025;1408262;2019;2020;3
2025;98406;2019;2020;3
2025;18605;2019;2020;3
2025;72681;2019;2020;3
2025;72681;2019;2020;3
2025;1363536;2019;2020;3
2025;54494;2019;2020;3
2025;1200578;2019;2020;3
2025;12970;2019;2020;1
2025;75821;2019;2020;3
2025;49060;2019;2020;3
2025;5001294;2019;2020;3
2025;4503;2019;2020;3
2025;5000841;2019;2020;3
2025;5000980;2019;2020;3
2025;90059;2019;2020;3
2025;11114;2019;2020;3
2025;10591;2019;2020;3
2025;39415;2019;2020;3
2025;7676;2019;2020;3
2025;5909;2019;2020;3
2025;1193275;2019;2020;3
2025;1184047;2019;2020;3
2025;5920;2019;2020;3
2025;6496;2019;2020;3
2025;98406;2019;2020;3
2025;8698;2019;2020;3
2025;2918;2019;2020;3
2025;66361;2019;2021;3
2025;75821;2019;2020;3
2025;1192047;2019;2020;3
2025;1408261;2019;2020;3
2025;1178524;2019;2020;3
2025;86356;2019;2020;3
2025;98506;2019;2020;3
2025;107666;2019;2020;3
2025;86356;2019;2020;3
2025;6496;2019;2020;3
2025;14359;2019;2020;3
2025;74655;2019;2020;3
2025;868;2019;2020;3
2025;1314146;2019;2020;3
2025;868;2019;2020;3
2025;7676;2019;2020;3
2025;1399617;2019;2020;3
2025;1518495;2019;2020;3
2025;1107;2019;2020;3
2025;1190667;2019;2020;3
2025;1029204;2019;2020;3
2025;1264844;2019;2020;3
2025;1135207;2019;2020;3
2025;1477973;2019;2020;3
2025;72669;2019;2020;3
2025;11114;2019;2020;3
2025;1107;2019;2020;3
2025;1408509;2019;2020;3
2025;1163738;2019;2019;3
2025;7676;2019;2020;3
2025;90059;2019;2020;3
2025;1321864;2019;2020;3
2025;1257777;2019;2020;3
2025;1029204;2019;2021;3
2025;1173014;2019;2020;3
2025;10289;2019;2020;3
2025;1397771;2019;2020;3
2025;14359;2019;2020;3
2025;1178672;2019;2020;3
2025;38071;2019;2020;3
2025;5000980;2019;2020;3
2025;90483;2019;2019;3
2025;1408259;2019;2020;3
2025;15839;2019;2021;3
2025;5001033;2019;2020;3
2025;1408259;2019;2020;3
2025;1108786;2019;2020;3
2025;1399478;2019;2020;3
2025;74655;2019;2020;3
2025;100958;2019;2020;3
2025;11446;2019;2020;3
2025;1278877;2019;2020;3
2025;98506;2019;2020;3
2025;1183313;2019;2020;3
2025;1185025;2019;2020;3
2025;1399616;2019;2020;3
2025;1278877;2019;2020;3
2025;1200578;2019;2020;3
2025;57852;2019;2020;3
2025;9996;2019;2020;3
2025;107766;2019;2020;3
2025;4503;2019;2020;3
2025;72663;2019;2020;3
2025;1390311;2019;2020;3
2025;5001183;2019;2020;3
2025;4503;2019;2020;3
2025;13996;2019;2020;1
2025;98406;2019;2020;3
2025;1445016;2019;2020;3
2025;1408262;2019;2020;3
2025;1477973;2019;2020;3
2025;6711;2019;2019;3
2025;1272168;2019;2020;3
2025;1404416;2019;2020;3
2025;1445016;2019;2020;3
2025;72669;2019;2022;3
2025;1183313;2019;2020;3
2025;2392;2019;2020;3
2025;1200578;2019;2020;3
2025;1183313;2019;2020;3
2025;13996;2019;2020;1
2025;6496;2019;2020;3
2025;74594;2019;2020;3
2025;1385538;2019;2020;3
2025;1183313;2019;2020;3
2025;1183313;2019;2020;3
2025;6496;2019;2020;3
2025;5000841;2019;2020;3
2025;74655;2019;2020;3
2025;2918;2019;2020;3
2025;5000979;2019;2020;3
2025;7676;2019;2020;3
2025;66361;2019;2020;3
2025;1317634;2019;2020;3
2025;1399484;2019;2020;3
2025;1108281;2019;2020;3
2025;5345;2019;2020;3
2025;100688;2019;2021;3
2025;74655;2019;2020;3
2025;1029204;2019;2020;3
2025;1184060;2019;2020;3
2025;1200578;2019;2020;3
2025;1184325;2019;2020;3
2025;13103;2019;2020;3
2025;5000979;2019;2020;3
2025;72667;2019;2020;3
2025;15783;2019;2020;3
2025;13103;2019;2020;3
2025;1200578;2019;2020;3
2025;6496;2019;2020;3
2025;1404416;2019;2020;3
2025;1404416;2019;2020;3
2025;1483759;2019;2020;3
2025;1183313;2019;2020;3
2025;5000841;2019;2020;3
2025;1404416;2019;2020;3
2025;1029204;2019;2020;3
2025;7676;2019;2020;3
2025;60660;2019;2020;3
2025;39415;2019;2020;3
2025;1483768;2019;2020;3
2025;99476;2019;2021;3
2025;19206;2019;2020;4
2025;1163738;2019;2020;3
2025;1399615;2019;2020;3
2025;57402;2019;2020;3
2025;18447;2019;2020;3
2025;5000979;2019;2020;3
2025;15475;2019;2020;1
2025;1185903;2019;2020;3
2025;54490;2019;2020;3
2025;5000001;2019;2020;3
2025;74594;2019;2020;3
2025;49060;2019;2020;3
2025;6496;2019;2020;3
2025;59174;2019;2019;3
2025;2918;2019;2020;3
2025;85652;2019;2020;3
2025;1879;2019;2021;3
2025;1390309;2019;2020;3
2025;1107;2019;2020;3
2025;1629;2019;2020;3
2025;6496;2019;2020;3
2025;18447;2019;2022;3
2025;8698;2019;2020;3
2025;1408505;2019;2020;3
2025;15839;2019;2020;3
2025;13424;2019;2019;3
2025;4503;2019;2020;3
2025;6496;2019;2020;3
2025;5001294;2019;2019;3
2025;72663;2019;2020;3
2025;11114;2019;2020;3
2025;5000841;2019;2020;3
2025;1272168;2019;2020;3
2025;85652;2019;2020;3
2025;1190667;2019;2020;3
2025;54490;2019;2020;3
2025;18447;2019;2020;3
2025;2918;2019;2020;3
2025;51835;2019;2020;3
2025;1192047;2019;2020;3
2025;18472;2019;2020;3
2025;74594;2019;2020;3
2025;98406;2019;2020;3
2025;5345;2019;2020;3
2025;5000979;2019;2020;3
2025;86356;2019;2020;3
2025;6496;2019;2020;3
2025;5000979;2019;2020;3
2025;1314146;2019;2020;3
2025;19206;2019;2020;4
2025;93001;2019;2020;3
2025;20058;2019;2020;3
2025;4503;2019;2020;3
2025;12970;2019;2020;1
2025;5000001;2019;2020;3
2025;5000979;2019;2020;3
2025;5000979;2019;2022;3
2025;20360;2019;2020;3
2025;72663;2019;2020;3
2025;5000979;2019;2020;3
2025;72669;2019;2020;3
2025;5000841;2019;2020;3
2025;12970;2019;2020;1
2025;14359;2019;2020;3
2025;5000979;2019;2020;3
2025;72681;2019;2020;3
2025;11316;2019;2020;3
2025;60660;2019;2020;3
2025;1385521;2019;2020;3
2025;1477973;2019;2020;3
2025;1438629;2019;2020;3
2025;1408262;2019;2020;3
2025;1385538;2019;2020;3
2025;1330031;2019;2020;3
2025;5000979;2019;2020;3
2025;18447;2019;2020;3
2025;9996;2019;2020;3
2025;1171609;2019;2020;3
2025;1171609;2019;2020;3
2025;72663;2019;2020;3
2025;1321864;2019;2020;3
2025;100956;2019;2020;3
2025;74655;2019;2020;3
2025;11114;2019;2020;3
2025;1108786;2019;2020;3
2025;100956;2019;2020;3
2025;20360;2019;2020;3
2025;7105;2019;2020;3
2025;90059;2019;2020;3
2025;59414;2019;2020;3
2025;108014;2019;2020;3
2025;1486822;2019;2020;3
2025;868;2019;2020;3
2025;5345;2019;2020;3
2025;74655;2019;2020;3
2025;2392;2019;2020;3
2025;100956;2019;2020;3
2025;1258021;2019;2020;3
2025;1477973;2019;2020;3
2025;1190667;2019;2020;3
2025;1399483;2019;2020;3
2025;1166567;2019;2020;3
2025;4503;2019;2020;3
2025;12970;2019;2020;1
2025;99476;2019;2020;3
2025;51835;2019;2020;3
2025;13286;2019;2019;3
2025;1390309;2019;2020;3
2025;9988;2019;2020;3
2025;59174;2019;2019;3
2025;8554;2019;2020;3
2025;12692;2019;2020;3
2025;1029204;2019;2020;3
2025;1168313;2019;2020;3
2025;5001341;2019;2020;3
2025;1404416;2019;2020;3
2025;108882;2019;2020;3
2025;1477973;2019;2020;3
2025;64918;2019;2020;3
2025;1136509;2019;2020;3
2025;1257548;2019;2020;3
2025;1108786;2019;2020;3
2025;54494;2019;2020;3
2025;108014;2019;2020;3
2025;1477973;2019;2020;3
2025;19850;2019;2020;3
2025;93001;2019;2020;3
2025;1485621;2019;2020;3
2025;13453;2019;2020;3
2025;5000979;2019;2020;3
2025;64918;2019;2020;3
2025;5345;2019;2020;3
2025;13103;2019;2020;3
2025;72663;2019;2020;3
2025;13996;2019;2020;1
2025;1168313;2019;2020;3
2025;6711;2019;2019;3
2025;1184047;2019;2020;3
2025;5000001;2019;2020;3
2025;19206;2019;2021;4
2025;1399486;2019;2020;3
2025;12970;2019;2020;1
2025;7705;2019;2020;3
2025;13453;2019;2020;3
2025;12;2019;2020;3
2025;5909;2019;2020;3
2025;71689;2019;2020;3
2025;1200578;2019;2020;3
2025;14234;2019;2020;3
2025;11114;2019;2020;3
2025;100958;2019;2020;3
2025;140;2019;2020;3
2025;3677;2019;2020;3
2025;1314146;2019;2020;3
2025;7676;2019;2020;3
2025;1390309;2019;2020;3
2025;74594;2019;2020;3
2025;72663;2019;2020;3
2025;65114;2019;2022;3
2025;72663;2019;2020;3
2025;1399486;2019;2020;3
2025;1445016;2019;2020;3
2025;20360;2019;2020;3
2025;1108153;2019;2020;1
2025;1404416;2019;2020;3
2025;1108786;2019;2020;3
2025;12692;2019;2020;3
2025;9988;2019;2025;3
2025;4503;2019;2020;3
2025;72663;2019;2020;3
2025;5000930;2019;2020;1
2025;5000979;2019;2021;3
2025;64918;2019;2020;3
2025;2918;2019;2020;3
2025;74655;2019;2020;3
2025;37304;2019;2020;4
2025;60660;2019;2020;3
2025;1184432;2019;2019;3
2025;1295813;2019;2020;3
2025;2695;2019;2020;3
2025;1399616;2019;2020;3
2025;14975;2019;2020;3
2025;2918;2019;2020;3
2025;12970;2019;2020;1
2025;108882;2019;2020;3
2025;1180318;2019;2020;3
2025;84408;2019;2020;3
2025;1292869;2019;2020;3
2025;59414;2019;2020;3
2025;90059;2019;2020;3
2025;5001183;2019;2020;3
2025;3148;2019;2020;3
2025;1185025;2019;2019;3
2025;10591;2019;2020;3
2025;9996;2019;2020;3
2025;74655;2019;2020;3
2025;20058;2019;2020;3
2025;5000979;2019;2020;3
2025;1363536;2019;2020;3
2025;75821;2019;2020;3
2025;72669;2019;2020;3
2025;19086;2019;2020;3
2025;1725;2019;2020;3
2025;1136509;2019;2020;3
2025;1399484;2019;2020;3
2025;64918;2019;2020;3
2025;15343;2019;2020;3
2025;75821;2019;2020;3
2025;72663;2019;2020;3
2025;93001;2019;2020;3
2025;1408505;2019;2020;3
2025;74655;2019;2020;3
2025;5345;2019;2020;3
2025;9772;2019;2020;3
2025;93001;2019;2020;3
2025;7676;2019;2020;3
2025;72663;2019;2020;3
2025;9772;2019;2020;3
2025;100688;2019;2020;3
2025;13996;2019;2020;1
2025;19850;2019;2020;3
2025;6496;2019;2020;3
2025;13103;2019;2020;3
2025;19850;2019;2020;3
2025;74655;2019;2020;3
2025;1257562;2019;2020;3
2025;10591;2019;2020;3
2025;108882;2019;2020;3
2025;72681;2019;2021;3
2025;87537;2019;2020;3
2025;5000001;2019;2020;3
2025;90059;2019;2020;3
2025;2918;2019;2020;3
2025;66361;2019;2021;3
2025;1295813;2019;2020;3
2025;5000981;2019;2020;3
2025;1399480;2019;2020;3
2025;84352;2019;2020;3
2025;86356;2019;2020;3
2025;1399616;2019;2020;3
2025;59174;2019;2020;3
2025;1180318;2019;2020;3
2025;72663;2019;2020;3
2025;74655;2019;2020;3
2025;7676;2019;2020;3
2025;59174;2019;2019;3
2025;93001;2019;2020;3
2025;72667;2019;2019;3
2025;13996;2019;2020;1
2025;72663;2019;2020;3
2025;13996;2019;2020;1
2025;69624;2019;2020;3
2025;86288;2019;2020;3
2025;18447;2019;2020;3
2025;2918;2019;2020;3
2025;100956;2019;2020;3
2025;5000979;2019;2020;3
2025;1879;2019;2020;3
2025;74655;2019;2020;3
2025;1399484;2019;2020;3
2025;16236;2019;2020;3
2025;1180318;2019;2020;3
2025;1399486;2019;2020;3
2025;1178672;2019;2020;3
2025;9805;2019;2020;3
2025;1421100;2019;2020;3
2025;9805;2019;2020;3
2025;13453;2019;2020;3
2025;19294;2019;2020;3
2025;11446;2019;2020;3
2025;7105;2019;2020;3
2025;1399478;2019;2020;3
2025;6496;2019;2020;3
2025;74655;2019;2020;3
2025;12;2019;2020;3
2025;2918;2019;2020;3
2025;100956;2019;2020;3
2025;66361;2019;2021;3
2025;1445016;2019;2020;3
2025;1399616;2019;2020;3
2025;93001;2019;2020;3
2025;14975;2019;2020;3
2025;48854;2019;2020;3
2025;1390309;2019;2020;3
2025;1399484;2019;2020;3
2025;2918;2019;2020;3
2025;1314146;2019;2020;3
2025;1408508;2019;2020;4
2025;5000979;2019;2020;3
2025;5000812;2019;2020;3
2025;1178524;2019;2020;3
2025;1421013;2019;2020;3
2025;91219;2019;2020;3
2025;10591;2019;2020;3
2025;6711;2019;2020;3
2025;1399616;2019;2020;3
2025;19850;2019;2021;3
2025;91219;2019;2019;3
2025;74655;2019;2020;3
2025;4503;2019;2020;3
2025;6711;2019;2020;3
2025;140;2019;2020;3
2025;1193275;2019;2020;3
2025;66361;2019;2020;3
2025;18447;2019;2020;3
2025;20360;2019;2021;3
2025;6711;2019;2019;3
2025;1202553;2019;2019;3
2025;1427370;2019;2023;3
2025;86356;2019;2020;3
2025;1136509;2019;2020;3
2025;1163738;2019;2020;3
2025;12970;2019;2020;1
2025;57852;2019;2020;3
2025;13601;2019;2020;3
2025;1108786;2019;2020;3
2025;57402;2019;2020;3
2025;1399486;2019;2020;3
2025;10591;2019;2020;3
2025;1178672;2019;2020;3
2025;54494;2019;2020;3
2025;7676;2019;2020;3
2025;57402;2019;2020;3
2025;108884;2019;2020;3
2025;2695;2019;2020;3
2025;1264844;2019;2020;3
2025;20360;2019;2020;3
2025;5000979;2019;2020;3
2025;2918;2019;2020;3
2025;93001;2019;2020;3
2025;13453;2019;2020;3
2025;72663;2019;2020;3
2025;74594;2019;2020;3
2025;1445016;2019;2021;3
2025;7676;2019;2020;3
2025;1292726;2019;2020;3
2025;66248;2019;2020;3
2025;1408262;2019;2020;3
2025;100956;2019;2021;3
2025;1399618;2019;2020;4
2025;1109361;2019;2020;3
2025;13866;2019;2020;3
2025;1190667;2019;2020;3
2025;9772;2019;2020;3
2025;1404416;2019;2020;3
2025;75821;2019;2020;3
2025;2918;2019;2020;3
2025;5000981;2019;2020;3
2025;1485621;2019;2023;3
2025;1629;2019;2020;3
2025;9805;2019;2020;3
2025;19206;2019;2020;4
2025;5000981;2019;2020;3
2025;5000930;2019;2020;3
2025;72681;2019;2020;3
2025;1427419;2019;2019;3
2025;72663;2019;2020;3
2025;54490;2019;2020;3
2025;1399478;2019;2020;3
2025;3677;2019;2020;3
2025;64918;2019;2020;3
2025;72663;2019;2020;3
2025;59414;2019;2020;3
2025;1342537;2019;2020;3
2025;1257524;2019;2021;4
2025;140;2019;2020;3
2025;113504;2019;2020;3
2025;18472;2019;2020;3
2025;65924;2019;2019;3
2025;72675;2019;2019;3
2025;15475;2019;2020;1
2025;11114;2019;2020;3
2025;5000930;2019;2020;3
2025;1257524;2019;2020;4
2025;12345;2019;2020;3
2025;5001167;2019;2020;3
2025;54490;2019;2020;3
2025;59174;2019;2019;3
2025;59174;2019;2020;3
2025;1399488;2019;2020;3
2025;4503;2019;2020;3
2025;1342536;2019;2021;3
2025;7105;2019;2020;3
2025;19850;2019;2021;3
2025;5000981;2019;2020;3
2025;85652;2019;2020;3
2025;87941;2019;2020;3
2025;1363536;2019;2020;3
2025;10224;2019;2020;3
2025;868;2019;2020;3
2025;82224;2019;2020;3
2025;59174;2019;2019;3
2025;74594;2019;2020;3
2025;18594;2019;2020;4
2025;1408259;2019;2020;3
2025;98406;2019;2020;3
2025;5345;2019;2020;3
2025;72663;2019;2020;3
2025;59414;2019;2020;3
2025;91219;2019;2023;3
2025;7105;2019;2020;3
2025;12970;2019;2020;1
2025;1399615;2019;2020;3
2025;5001167;2019;2020;3
2025;7676;2019;2020;3
2025;75821;2019;2020;3
2025;1192188;2019;2020;3
2025;1180318;2019;2020;3
2025;1192188;2019;2020;3
2025;13601;2019;2020;3
2025;1163738;2019;2019;3
2025;5001183;2019;2020;3
2025;6711;2019;2021;3
2025;6711;2019;2019;3
2025;1192237;2019;2020;3
2025;11316;2019;2020;3
2025;1421100;2019;2020;3
2025;65924;2019;2019;3
2025;74594;2019;2020;3
2025;13996;2019;2020;1
2025;74655;2019;2020;3
2025;75821;2019;2020;3
2025;5000981;2019;2020;3
2025;107666;2019;2020;3
2025;13996;2019;2020;1
2025;5000981;2019;2020;3
2025;5000981;2019;2020;3
2025;2392;2019;2020;3
2025;10591;2019;2020;3
2025;1258021;2019;2020;3
2025;1385538;2019;2020;3
2025;15839;2019;2020;3
2025;5001300;2019;2020;3
2025;13996;2019;2020;1
2025;1200578;2019;2020;3
2025;6496;2019;2020;3
2025;108884;2019;2020;3
2025;74594;2019;2020;3
2025;1108281;2019;2020;3
2025;1135207;2019;2020;3
2025;108884;2019;2020;3
2025;74655;2019;2020;3
2025;8437;2019;2020;3
2025;13996;2019;2020;1
2025;100956;2019;2020;3
2025;1486822;2019;2020;3
2025;1135207;2019;2021;3
2025;11114;2019;2020;3
2025;1200578;2019;2020;3
2025;7676;2019;2020;3
2025;1390309;2019;2020;3
2025;13103;2019;2020;3
2025;4503;2019;2020;3
2025;74594;2019;2020;3
2025;100958;2019;2020;3
2025;19434;2019;2020;3
2025;5000979;2019;2020;3
2025;1107;2019;2020;3
2025;5000979;2019;2020;3
2025;1421013;2019;2020;3
2025;108882;2019;2020;3
2025;1477973;2019;2020;3
2025;107766;2019;2020;3
2025;868;2019;2020;3
2025;140;2019;2020;3
2025;5001183;2019;2020;4
2025;1390309;2019;2020;3
2025;5000841;2019;2020;3
2025;72681;2019;2019;3
2025;1107;2019;2020;3
2025;74594;2019;2020;3
2025;1190280;2019;2019;3
2025;93001;2019;2020;3
2025;5001167;2019;2020;3
2025;1200578;2019;2020;3
2025;86356;2019;2020;3
2025;1427420;2019;2020;3
2025;5345;2019;2020;3
2025;1135207;2019;2020;3
2025;99476;2019;2020;3
2025;5000841;2019;2020;3
2025;1725;2019;2022;3
2025;3677;2019;2020;3
2025;1136509;2019;2020;3
2025;54490;2019;2020;3
2025;108884;2019;2020;3
2025;2392;2019;2020;3
2025;5000979;2019;2020;3
2025;74655;2019;2020;3
2025;57402;2019;2020;3
2025;5001167;2019;2020;3
2025;72669;2019;2020;3
2025;1108786;2019;2020;3
2025;1278877;2019;2020;3
2025;9772;2019;2020;3
2025;13996;2019;2020;1
2025;1399616;2019;2020;3
2025;1629;2019;2020;3
2025;868;2019;2020;3
2025;108884;2019;2020;3
2025;9772;2019;2021;3
2025;2918;2019;2020;3
2025;1184047;2019;2020;3
2025;7676;2019;2020;3
2025;1200712;2019;2020;3
2025;1292726;2019;2020;3
2025;64918;2019;2020;3
2025;1135207;2019;2020;3
2025;13996;2019;2020;1
2025;2918;2019;2020;3
2025;74594;2019;2020;3
2025;1397772;2019;2020;3
2025;54490;2019;2020;3
2025;1163738;2019;2020;3
2025;13453;2019;2020;3
2025;13996;2019;2020;1
2025;1050663;2019;2020;3
2025;1438629;2019;2020;3
2025;4503;2019;2020;3
2025;1330031;2019;2020;3
2025;1399489;2019;2020;3
2025;1135207;2019;2020;3
2025;1313341;2019;2021;3
2025;65924;2019;2020;3
2025;1189607;2019;2020;3
2025;9772;2019;2020;3
2025;100958;2019;2020;3
2025;59414;2019;2020;3
2025;1108786;2019;2020;3
2025;66361;2019;2020;3
2025;5345;2019;2020;3
2025;57402;2019;2020;3
2025;4503;2019;2020;3
2025;74655;2019;2020;3
2025;1486822;2019;2020;3
2025;59414;2019;2020;3
2025;1342536;2019;2021;3
2025;1189607;2019;2020;3
2025;1342536;2019;2020;3
2025;54490;2019;2020;3
2025;74655;2019;2020;3
2025;1107;2019;2020;3
2025;1438629;2019;2020;3
2025;13996;2019;2020;1
2025;18447;2019;2020;3
2025;108882;2019;2020;3
2025;1397772;2019;2020;3
2025;98406;2019;2020;3
2025;60660;2019;2020;3
2025;1179501;2019;2020;3
2025;13601;2019;2020;3
2025;108884;2019;2020;3
2025;1188127;2019;2021;3
2025;13996;2019;2020;1
2025;9326;2019;2020;1
2025;3418;2019;2020;3
2025;5345;2019;2020;3
2025;1404416;2019;2020;3
2025;108882;2019;2020;3
2025;59174;2019;2019;3
2025;108882;2019;2020;3
2025;1399486;2019;2020;3
2025;74655;2019;2020;3
2025;1278877;2019;2020;3
2025;1104264;2019;2020;3
2025;108882;2019;2020;3
2025;8698;2019;2020;3
2025;1257548;2019;2020;3
2025;85652;2019;2020;3
2025;5000980;2019;2020;3
2025;140;2019;2020;3
2025;91399;2019;2020;3
2025;1399480;2019;2020;3
2025;9326;2019;2020;1
2025;54490;2019;2020;3
2025;108882;2019;2020;3
2025;1879;2019;2020;3
2025;5001341;2019;2020;3
2025;13996;2019;2020;1
2025;5001294;2019;2020;3
2025;1397771;2019;2020;3
2025;5000979;2019;2022;3
2025;108884;2019;2020;3
2025;1189607;2019;2020;3
2025;20249;2019;2020;3
2025;97679;2019;2020;3
2025;86356;2019;2020;3
2025;3677;2019;2020;3
2025;1163738;2019;2020;3
2025;108884;2019;2020;3
2025;13996;2019;2020;1
2025;108884;2019;2020;3
2025;1184047;2019;2020;3
2025;11446;2019;2020;3
2025;13996;2019;2020;1
2025;72669;2019;2022;3
2025;10289;2019;2020;3
2025;5000930;2019;2020;3
2025;13996;2019;2020;1
2025;8698;2019;2020;3
2025;108884;2019;2020;3
2025;1193264;2019;2021;3
2025;108882;2019;2020;3
2025;8698;2019;2020;3
2025;1108786;2019;2019;3
2025;1477973;2019;2020;3
2025;48854;2019;2021;3
2025;78256;2019;2024;3
2025;6711;2019;2019;3
2025;59174;2019;2020;3
2025;108884;2019;2020;3
2025;13996;2019;2020;1
2025;108884;2019;2020;3
2025;74655;2019;2020;3
2025;10289;2019;2020;3
2025;13103;2019;2020;3
2025;38071;2019;2020;3
2025;85652;2019;2020;3
2025;39415;2019;2020;3
2025;108884;2019;2020;3
2025;100956;2019;2020;3
2025;8698;2019;2020;3
2025;98406;2019;2020;3
2025;108884;2019;2020;3
2025;108882;2019;2020;3
2025;107666;2019;2020;3
2025;74594;2019;2020;3
2025;72767;2019;2020;3
2025;108884;2019;2020;3
2025;1180318;2019;2020;3
2025;10591;2019;2020;3
2025;1258021;2019;2020;3
2025;868;2019;2020;3
2025;868;2019;2020;3
2025;1421013;2019;2020;3
2025;1190667;2019;2020;3
2025;1104264;2019;2020;3
2025;1427419;2019;2020;3
2025;86356;2019;2020;3
2025;1059179;2019;2020;3
2025;1184047;2019;2020;3
2025;100956;2019;2020;3
2025;74655;2019;2020;3
2025;12813;2019;2020;3
2025;108884;2019;2020;3
2025;1202546;2019;2020;3
2025;1438629;2019;2020;3
2025;8698;2019;2021;3
2025;87537;2019;2020;3
2025;5000812;2019;2020;3
2025;74594;2019;2020;3
2025;1295813;2019;2020;3
2025;1421013;2019;2020;3
2025;100958;2019;2020;3
2025;140;2019;2020;3
2025;7676;2019;2020;3
2025;72669;2019;2022;3
2025;12345;2019;2020;3
2025;7676;2019;2020;3
2025;1190667;2019;2020;3
2025;108884;2019;2020;3
2025;72767;2019;2020;3
2025;100956;2019;2020;3
2025;5000979;2019;2020;3
2025;13103;2019;2020;3
2025;74594;2019;2020;3
2025;13996;2019;2020;1
2025;1399486;2019;2020;3
2025;13103;2019;2020;3
2025;1029204;2019;2020;3
2025;1136509;2019;2020;3
2025;108884;2019;2020;3
2025;20360;2019;2020;3
2025;74594;2019;2020;3
2025;108884;2019;2020;3
2025;1399486;2019;2020;3
2025;108884;2019;2020;3
2025;107666;2019;2020;3
2025;1363536;2019;2020;3
2025;868;2019;2020;3
2025;5001183;2019;2020;4
2025;6496;2019;2020;3
2025;1184047;2019;2020;3
2025;1404416;2019;2020;3
2025;5000841;2019;2020;3
2025;108884;2019;2020;3
2025;8698;2019;2020;3
2025;8698;2019;2020;3
2025;108884;2019;2020;3
2025;9772;2019;2020;3
2025;1385538;2019;2020;3
2025;12569;2019;2019;3
2025;8437;2019;2020;3
2025;1487491;2019;2020;3
2025;9772;2019;2020;3
2025;108884;2019;2022;3
2025;1629;2019;2020;3
2025;12569;2019;2020;3
2025;13103;2019;2020;3
2025;1390311;2019;2019;3
2025;108884;2019;2019;3
2025;1278877;2019;2020;3
2025;18594;2019;2020;4
2025;108884;2019;2020;3
2025;54490;2019;2020;3
2025;72681;2019;2020;3
2025;1404416;2019;2020;3
2025;5000812;2019;2020;3
2025;5000981;2019;2020;3
2025;1264844;2019;2020;3
2025;8698;2019;2020;3
2025;5000933;2019;2020;3
2025;1200578;2019;2020;3
2025;1397771;2019;2021;3
2025;1278877;2019;2020;3
2025;1477973;2019;2020;3
2025;8698;2019;2020;3
2025;5000980;2019;2020;3
2025;74655;2019;2020;3
2025;5345;2019;2020;3
2025;1109361;2019;2020;3
2025;2918;2019;2020;3
2025;108884;2019;2020;3
2025;1385538;2019;2019;3
2025;38071;2019;2020;3
2025;108884;2019;2020;3
2025;5000812;2019;2020;3
2025;1202553;2019;2020;3
2025;9772;2019;2020;3
2025;85652;2019;2020;3
2025;108884;2019;2020;3
2025;100956;2019;2020;3
2025;18447;2019;2020;3
2025;9805;2019;2020;3
2025;1427419;2019;2020;3
2025;86356;2019;2020;3
2025;121850;2019;2020;3
2025;86356;2019;2020;3
2025;86356;2019;2020;3
2025;5001294;2019;2020;3
2025;108884;2019;2020;3
2025;5000981;2019;2020;3
2025;5000981;2019;2020;3
2025;1135207;2019;2020;3
2025;1399479;2019;2020;3
2025;5000981;2019;2020;3
2025;100956;2019;2020;3
2025;108884;2019;2020;3
2025;85652;2019;2020;3
2025;108884;2019;2020;3
2025;1257562;2019;2020;3
2025;5000981;2019;2020;3
2025;9772;2019;2020;3
2025;5000981;2019;2020;3
2025;72681;2019;2020;3
2025;72667;2019;2020;3
2025;8698;2019;2020;3
2025;5000812;2019;2023;3
2025;108884;2019;2020;3
2025;1029204;2019;2020;3
2025;5001294;2019;2020;3
2025;13601;2019;2020;3
2025;90059;2019;2020;3
2025;14975;2019;2020;3
2025;5000933;2019;2020;3
2025;1487491;2019;2020;3
2025;1163738;2019;2019;3
2025;107766;2019;2020;3
2025;11114;2019;2020;3
2025;13601;2019;2020;3
2025;1390311;2019;2020;3
2025;1408259;2019;2020;3
2025;2918;2019;2020;3
2025;13996;2019;2020;1
2025;72767;2019;2020;3
2025;8698;2019;2020;3
2025;8698;2019;2020;3
2025;1193264;2019;2020;3
2025;1178524;2019;2020;3
2025;868;2019;2020;3
2025;1453564;2019;2020;3
2025;868;2019;2021;3
2025;1725;2019;2020;3
2025;108884;2019;2020;3
2025;14615;2019;2020;3
2025;1029204;2019;2020;3
2025;1272168;2019;2020;3
2025;6711;2019;2019;3
2025;8698;2019;2020;3
2025;19850;2019;2020;3
2025;1109361;2019;2020;3
2025;1427420;2019;2020;3
2025;108884;2019;2020;3
2025;1390309;2019;2020;3
2025;9988;2019;2020;3
2025;1455021;2019;2020;3
2025;1421100;2019;2020;3
2025;1349675;2019;2020;3
2025;9772;2019;2020;3
2025;1180318;2019;2020;3
2025;74655;2019;2020;3
2025;108884;2019;2020;3
2025;84408;2019;2020;3
2025;1399486;2019;2020;3
2025;9772;2019;2020;3
2025;1190667;2019;2020;3
2025;91219;2019;2020;3
2025;86356;2019;2020;3
2025;9772;2019;2020;3
2025;1408507;2019;2020;3
2025;9772;2019;2020;3
2025;108884;2019;2020;3
2025;74655;2019;2020;3
2025;74655;2019;2020;3
2025;8437;2019;2020;3
2025;9996;2019;2020;3
2025;9772;2019;2020;3
2025;74655;2019;2020;3
2025;100956;2019;2021;3
2025;9772;2019;2020;3
2025;1408505;2019;2020;3
2025;7705;2019;2020;3
2025;74655;2019;2020;3
2025;71859;2019;2020;3
2025;79007;2019;2020;3
2025;108884;2019;2020;3
2025;1104264;2019;2020;3
2025;20249;2019;2020;3
2025;74655;2019;2020;3
2025;1397772;2019;2020;3
2025;54490;2019;2020;3
2025;1419799;2019;2020;3
2025;60660;2019;2020;3
2025;14359;2019;2020;3
2025;1438629;2019;2020;3
2025;74655;2019;2020;3
2025;1404416;2019;2020;3
2025;108884;2019;2020;3
2025;13103;2019;2020;3
2025;13103;2019;2020;3
2025;5000933;2019;2020;3
2025;60660;2019;2020;3
2025;8698;2019;2020;3
2025;60660;2019;2020;3
2025;108884;2019;2020;3
2025;48854;2019;2020;3
2025;1419799;2019;2020;3
2025;5001300;2019;2020;3
2025;2392;2019;2020;3
2025;21542;2019;2020;3
2025;74594;2019;2020;3
2025;5001300;2019;2020;3
2025;20360;2019;2020;3
2025;97679;2019;2020;3
2025;18594;2019;2020;4
2025;868;2019;2020;3
2025;108884;2019;2020;3
2025;13103;2019;2020;3
2025;7676;2019;2020;3
2025;8698;2019;2020;3
2025;13453;2019;2020;3
2025;1399617;2019;2020;3
2025;13601;2019;2020;3
2025;1342536;2019;2020;3
2025;86356;2019;2020;3
2025;108014;2019;2020;3
2025;13996;2019;2020;1
2025;59174;2019;2019;3
2025;1408507;2019;2020;3
2025;1278877;2019;2020;3
2025;39415;2019;2020;3
2025;8698;2019;2020;3
2025;1257548;2019;2020;3
2025;86356;2019;2020;3
2025;13103;2019;2020;3
2025;86356;2019;2020;3
2025;108884;2019;2020;3
2025;1427420;2019;2020;3
2025;74655;2019;2020;3
2025;86356;2019;2021;3
2025;108884;2019;2020;3
2025;5000979;2019;2020;3
2025;1399478;2019;2020;3
2025;74655;2019;2020;3
2025;1278877;2019;2020;3
2025;108884;2019;2020;3
2025;91219;2019;2020;3
2025;74655;2019;2020;3
2025;74655;2019;2020;3
2025;108884;2019;2020;3
2025;1421100;2019;2020;3
2025;13103;2019;2020;3
2025;79007;2019;2020;3
2025;59174;2019;2020;3
2025;2392;2019;2020;3
2025;1399618;2019;2020;4
2025;108884;2019;2020;3
2025;74655;2019;2020;3
2025;74655;2019;2020;3
2025;19294;2019;2020;3
2025;98409;2019;2020;3
2025;84408;2019;2022;3
2025;18447;2019;2020;3
2025;108884;2019;2020;3
2025;5000980;2019;2020;3
2025;1385538;2019;2020;3
2025;5000980;2019;2020;3
2025;90084;2019;2019;3
2025;1390311;2019;2020;3
2025;86356;2019;2020;3
2025;19206;2019;2020;4
2025;86356;2019;2020;3
2025;100956;2019;2020;3
2025;59174;2019;2020;3
2025;54490;2019;2020;3
2025;1419799;2019;2020;3
2025;39415;2019;2020;3
2025;12569;2019;2020;3
2025;72667;2019;2020;3
2025;1257548;2019;2020;3
2025;1292713;2019;2020;3
2025;86356;2019;2020;3
2025;64918;2019;2020;3
2025;57402;2019;2020;3
2025;2304;2019;2020;3
2025;74655;2019;2020;3
2025;86356;2019;2020;3
2025;86356;2019;2020;3
2025;108882;2019;2020;3
2025;1295813;2019;2015;3
2025;13103;2019;2020;3
2025;1399287;2019;2019;3
2025;1725;2019;2020;3
2025;86356;2019;2020;3
2025;5001300;2019;2019;3
2025;7676;2019;2020;3
2025;5000979;2019;2020;3
2025;2918;2019;2020;3
2025;7676;2019;2020;3
2025;108884;2019;2020;3
2025;86356;2019;2020;3
2025;86356;2019;2020;3
2025;113504;2019;2020;3
2025;100958;2019;2020;3
2025;5000933;2019;2020;3
2025;72767;2019;2020;3
2025;1486298;2019;2020;3
2025;1104264;2019;2020;3
2025;108884;2019;2020;3
2025;5001300;2019;2020;3
2025;1050663;2019;2020;3
2025;7676;2019;2020;3
2025;1477973;2019;2020;3
2025;1029204;2019;2020;3
2025;13996;2019;2020;1
2025;1136509;2019;2020;3
2025;5001300;2019;2020;3
2025;19206;2019;2020;4
2025;8698;2019;2020;3
2025;98506;2019;2020;3
2025;8698;2019;2020;3
2025;15783;2019;2020;3
2025;5000001;2019;2020;3
2025;39415;2019;2020;3
2025;19294;2019;2020;3
2025;57402;2019;2020;3
2025;9996;2019;2020;3
2025;14975;2019;2020;3
2025;71859;2019;2020;3
2025;7105;2019;2020;3
2025;1168313;2019;2020;3
2025;72669;2019;2020;3
2025;86356;2019;2020;3
2025;9805;2019;2020;3
2025;98406;2019;2020;3
2025;868;2019;2020;3
2025;37304;2019;2020;4
2025;1390317;2019;2020;3
2025;72667;2019;2020;3
2025;6496;2019;2020;3
2025;5001167;2019;2020;3
2025;1453564;2019;2020;3
2025;74594;2019;2020;3
2025;1404416;2019;2020;3
2025;99476;2019;2020;3
2025;84408;2019;2020;3
2025;19294;2019;2020;3
2025;84408;2019;2020;3
2025;108014;2019;2020;3
2025;98406;2019;2020;3
2025;1258021;2019;2020;3
2025;1108281;2019;2020;3
2025;74655;2019;2020;3
2025;100688;2019;2020;3
2025;79007;2019;2020;3
2025;39415;2019;2020;3
2025;18472;2019;2020;3
2025;59174;2019;2019;3
2025;7105;2019;2020;3
2025;6496;2019;2020;3
2025;6496;2019;2020;3
2025;19850;2019;2020;3
2025;1349675;2019;2020;3
2025;107666;2019;2020;3
2025;1349675;2019;2020;3
2025;1050663;2019;2019;3
2025;5000980;2019;2020;3
2025;72669;2019;2020;3
2025;121850;2019;2020;3
2025;13453;2019;2020;3
2025;1108786;2019;2020;3
2025;5000812;2019;2020;3
2025;18447;2019;2020;3
2025;5000979;2019;2020;3
2025;72669;2019;2020;3
2025;3677;2019;2020;3
2025;5000981;2019;2020;3
2025;2918;2019;2020;3
2025;11114;2019;2020;3
2025;1399617;2019;2020;3
2025;5345;2019;2020;3
2025;13601;2019;2020;3
2025;20249;2019;2020;3
2025;12345;2019;2020;3
2025;1342536;2019;2021;3
2025;1171609;2019;2020;3
2025;1408505;2019;2019;3
2025;2392;2019;2020;3
2025;90483;2019;2019;3
2025;91219;2019;2020;3
2025;54490;2019;2020;3
2025;60660;2019;2020;3
2025;2918;2019;2020;3
2025;2918;2019;2020;3
2025;1184047;2019;2020;3
2025;1202539;2019;2019;3
2025;5001314;2019;2021;3
2025;107666;2019;2020;3
2025;39415;2019;2021;3
2025;97679;2019;2020;3
2025;1104264;2019;2020;3
2025;1427420;2019;2020;3
2025;1184325;2019;2020;3
2025;10289;2019;2020;3
2025;5001294;2019;2020;3
2025;1108281;2019;2020;3
2025;90059;2019;2020;3
2025;1108281;2019;2020;3
2025;64918;2019;2020;3
2025;84352;2019;2020;3
2025;84408;2019;2020;3
2025;74655;2019;2020;3
2025;57402;2019;2020;3
2025;19434;2019;2020;3
2025;1321864;2019;2020;3
2025;1295813;2019;2020;3
2025;90059;2019;2020;3
2025;18447;2019;2020;3
2025;98506;2019;2020;3
2025;18447;2019;2020;3
2025;75821;2019;2020;3
2025;10224;2019;2020;3
2025;1171609;2019;2020;3
2025;1185903;2019;2020;3
2025;5000981;2019;2020;3
2025;1108786;2019;2020;3
2025;39415;2019;2020;3
2025;72767;2019;2020;3
2025;1180318;2019;2020;3
2025;8698;2019;2020;3
2025;87537;2019;2020;3
2025;10222;2019;2020;3
2025;1390309;2019;2020;3
2025;85652;2019;2020;3
2025;60660;2019;2020;3
2025;868;2019;2020;3
2025;107666;2019;2020;3
2025;72767;2019;2020;3
2025;1438629;2019;2020;3
2025;1184047;2019;2020;3
2025;5000978;2019;2020;3
2025;9996;2019;2020;3
2025;5000978;2019;2020;3
2025;18447;2019;2020;3
2025;64918;2019;2020;3
2025;74655;2019;2020;3
2025;1295813;2019;2020;3
2025;5000978;2019;2020;3
2025;74655;2019;2020;3
2025;7676;2019;2020;3
2025;5000978;2019;2020;3
2025;72767;2019;2020;3
2025;1421013;2019;2020;3
2025;100688;2019;2020;3
2025;1399480;2019;2020;3
2025;18472;2019;2020;3
2025;8698;2019;2020;3
2025;1104264;2019;2020;3
2025;74655;2019;2020;3
2025;1399486;2019;2020;3
2025;1193264;2019;2020;3
2025;2918;2019;2020;3
2025;1629;2019;2020;3
2025;1408262;2019;2020;3
2025;1399480;2019;2020;3
2025;8698;2019;2020;3
2025;59414;2019;2020;3
2025;5345;2019;2020;3
2025;1397772;2019;2020;3
2025;98506;2019;2020;3
2025;8698;2019;2020;3
2025;14093;2019;2020;3
2025;1184432;2019;2019;3
2025;74655;2019;2020;3
2025;1399486;2019;2020;3
2025;1295813;2019;2020;3
2025;49060;2019;2020;3
2025;1188900;2019;2020;3
2025;1184047;2019;2020;3
2025;1188900;2019;2020;3
2025;8698;2019;2020;3
2025;74655;2019;2020;3
2025;1188900;2019;2020;3
2025;1399482;2019;2020;3
2025;51835;2019;2020;3
2025;1184047;2019;2020;3
2025;1163738;2019;2020;3
2025;91399;2019;2020;3
2025;5000841;2019;2020;3
2025;85652;2019;2020;3
2025;14725;2019;2020;3
2025;74655;2019;2020;3
2025;84352;2019;2020;3
2025;1295813;2019;2020;3
2025;74655;2019;2020;3
2025;74655;2019;2020;3
2025;7676;2019;2020;3
2025;8698;2019;2020;3
2025;8698;2019;2020;3
2025;1178524;2019;2020;3
2025;3418;2019;2020;3
2025;54490;2019;2020;3
2025;12813;2019;2021;3
2025;12970;2019;2020;1
2025;1342536;2019;2021;3
2025;1180318;2019;2020;3
2025;74655;2019;2020;3
2025;8698;2019;2020;3
2025;18605;2019;2019;3
2025;98406;2019;2020;3
2025;5000979;2019;2020;3
2025;108882;2019;2020;3
2025;1192047;2019;2020;3
2025;1399485;2019;2020;3
2025;5000979;2019;2020;3
2025;9805;2019;2020;3
2025;74655;2019;2020;3
2025;98406;2019;2020;3
2025;1135207;2019;2020;3
2025;100956;2019;2020;3
2025;8698;2019;2020;3
2025;98506;2019;2020;3
2025;75821;2019;2020;3
2025;98406;2019;2020;3
2025;59414;2019;2020;3
2025;19850;2019;2020;3
2025;18472;2019;2020;3
2025;72417;2019;2020;3
2025;7676;2019;2020;3
2025;74655;2019;2020;3
2025;121850;2019;2020;3
2025;1487491;2019;2020;3
2025;1104264;2019;2020;3
2025;74655;2019;2020;3
2025;51835;2019;2020;3
2025;18472;2019;2020;3
2025;72681;2019;2020;3
2025;19850;2019;2020;3
2025;5000930;2019;2020;1
2025;19434;2019;2020;3
2025;71859;2019;2020;3
2025;59174;2019;2020;3
2025;72669;2019;2020;3
2025;74655;2019;2020;3
2025;7676;2019;2020;3
2025;20249;2019;2020;3
2025;1029204;2019;2020;3
2025;8698;2019;2020;3
2025;5001300;2019;2020;3
2025;1295813;2019;2020;3
2025;85652;2019;2020;3
2025;5001300;2019;2020;3
2025;8698;2019;2020;3
2025;2918;2019;2020;3
2025;1258021;2019;2020;3
2025;8698;2019;2020;3
2025;1179501;2019;2020;3
2025;38071;2019;2020;3
2025;12015;2019;2020;3
2025;2695;2019;2020;3
2025;72669;2019;2020;3
2025;75821;2019;2020;3
2025;1421100;2019;2020;3
2025;72669;2019;2020;3
2025;1193275;2019;2020;3
2025;1171609;2019;2020;3
2025;1399484;2019;2020;3
2025;108884;2019;2020;3
2025;12345;2019;2020;3
2025;5345;2019;2020;3
2025;74594;2019;2020;3
2025;1295813;2019;2020;3
2025;13996;2019;2020;1
2025;1278877;2019;2020;3
2025;7676;2019;2020;3
2025;1171609;2019;2020;3
2025;1295813;2019;2020;3
2025;87941;2019;2020;3
2025;1399480;2019;2020;3
2025;8437;2019;2020;3
2025;99476;2019;2021;3
2025;15475;2019;2020;1
2025;39415;2019;2020;3
2025;90483;2019;2019;3
2025;14359;2019;2020;3
2025;1408505;2019;2020;3
2025;11114;2019;2020;3
2025;39415;2019;2021;3
2025;2918;2019;2020;3
2025;1185903;2019;2020;3
2025;20360;2019;2020;3
2025;1399480;2019;2020;3
2025;5001183;2019;2020;3
2025;6496;2019;2020;3
2025;1108281;2019;2020;3
2025;1257548;2019;2020;3
2025;10224;2019;2020;3
2025;100688;2019;2020;3
2025;57852;2019;2020;3
2025;5345;2019;2020;3
2025;1295813;2019;2020;3
2025;1408505;2019;2020;3
2025;8554;2019;2020;3
2025;1135207;2019;2020;3
2025;10289;2019;2020;3
2025;100956;2019;2020;3
2025;7676;2019;2020;3
2025;84352;2019;2020;3
2025;48854;2019;2020;3
2025;1180318;2019;2020;3
2025;5000933;2019;2020;3
2025;5000979;2019;2020;3
2025;1390309;2019;2020;3
2025;121850;2019;2020;3
2025;1390309;2019;2020;3
2025;5000979;2019;2020;3
2025;11114;2019;2020;3
2025;72669;2019;2020;3
2025;7414;2019;2019;3
2025;2918;2019;2020;3
2025;1163738;2019;2019;3
2025;99476;2019;2021;2
2025;93001;2019;2020;3
2025;5000930;2019;2020;3
2025;5000841;2019;2020;3
2025;12970;2019;2020;1
2025;91399;2019;2020;3
2025;64918;2019;2020;3
2025;15343;2019;2020;3
2025;1192047;2019;2020;3
2025;5001183;2019;2020;3
2025;99476;2019;2021;3
2025;19850;2019;2020;3
2025;1179189;2019;2020;3
2025;85652;2019;2020;3
2025;1486822;2019;2020;3
2025;37304;2019;2020;4
2025;1408507;2019;2020;3
2025;5000841;2019;2020;3
2025;49060;2019;2020;3
2025;13424;2019;2019;3
2025;1050663;2019;2020;3
2025;54490;2019;2020;3
2025;1257777;2019;2021;3
2025;2918;2019;2020;3
2025;1200578;2019;2020;3
2025;49060;2019;2020;3
2025;1193275;2019;2020;3
2025;69464;2019;2020;3
2025;20360;2019;2020;3
2025;1200578;2019;2020;3
2025;72681;2019;2020;3
2025;85652;2019;2020;3
2025;85652;2019;2020;3
2025;65924;2019;2019;3
2025;5001167;2019;2020;3
2025;6496;2019;2020;3
2025;7414;2019;2020;3
2025;19850;2019;2020;3
2025;6711;2019;2019;3
2025;8698;2019;2020;3
2025;2918;2019;2020;3
2025;5000930;2019;2020;1
2025;1421100;2019;2020;3
2025;1178524;2019;2020;3
2025;57402;2019;2020;3
2025;6711;2019;2019;3
2025;5000978;2019;2020;3
2025;91399;2019;2020;3
2025;1163738;2019;2020;3
2025;64918;2019;2020;3
2025;1185903;2019;2020;3
2025;2918;2019;2020;3
2025;74655;2019;2020;3
2025;1397771;2019;2020;3
2025;97679;2019;2020;3
2025;11316;2019;2020;3
2025;57402;2019;2020;3
2025;80037;2019;2019;3
2025;72663;2019;2020;3
2025;74594;2019;2020;3
2025;59414;2019;2020;3
2025;7414;2019;2020;3
2025;5001341;2019;2020;3
2025;1050663;2019;2020;3
2025;18594;2019;2020;4
2025;1029204;2019;2020;3
2025;72675;2019;2019;3
2025;99476;2019;2021;3
2025;7705;2019;2020;3
2025;1321864;2019;2020;3
2025;91219;2019;2020;3
2025;10591;2019;2020;3
2025;66361;2019;2020;3
2025;8698;2019;2020;3
2025;8698;2019;2020;3
2025;5000001;2019;2020;3
2025;18472;2019;2020;3
2025;7414;2019;2020;3
2025;2918;2019;2020;3
2025;59414;2019;2020;3
2025;2392;2019;2020;3
2025;5001183;2019;2020;4
2025;121850;2019;2020;3
2025;2918;2019;2020;3
2025;1184047;2019;2020;3
2025;19850;2019;2020;3
2025;16904;2019;2020;3
2025;12015;2019;2020;3
2025;72675;2019;2019;3
2025;1317634;2019;2020;3
2025;72663;2019;2020;3
2025;1399477;2019;2021;3
2025;13996;2019;2020;1
2025;12970;2019;2020;1
2025;1108786;2019;2020;3
2025;5001300;2019;2020;3
2025;86356;2019;2020;3
2025;99476;2019;2021;3
2025;93001;2019;2020;3
2025;1101742;2019;2020;3
2025;1879;2019;2020;3
2025;59174;2019;2019;3
2025;5001294;2019;2020;3
2025;93001;2019;2020;3
2025;1272168;2019;2020;3
2025;1399616;2019;2020;3
2025;12970;2019;2020;1
2025;64918;2019;2020;3
2025;1101742;2019;2020;3
2025;7676;2019;2020;3
2025;8698;2019;2020;3
2025;1107;2019;2020;3
2025;15475;2019;2020;1
2025;59414;2019;2020;3
2025;1399619;2019;2020;3
2025;2918;2019;2020;3
2025;2918;2019;2020;3
2025;1171609;2019;2020;3
2025;8437;2019;2020;3
2025;5000979;2019;2020;3
2025;2918;2019;2020;3
2025;1192047;2019;2020;3
2025;1050663;2019;2020;3
2025;100688;2019;2020;3
2025;18605;2019;2019;3
2025;97679;2019;2020;3
2025;10591;2019;2020;3
2025;5000930;2019;2020;3
2025;19850;2019;2020;3
2025;19294;2019;2020;3
2025;1108786;2019;2020;3
2025;18605;2019;2019;3
2025;1321864;2019;2020;3
2025;5920;2019;2020;3
2025;13601;2019;2020;3
2025;121850;2019;2020;3
2025;1399479;2019;2020;3
2025;1200578;2019;2020;3
2025;1334344;2019;2020;3
2025;54490;2019;2020;3
2025;121850;2019;2020;3
2025;7676;2019;2020;3
2025;868;2019;2020;3
2025;8698;2019;2020;3
2025;15343;2019;2020;3
2025;5001183;2019;2020;3
2025;20058;2019;2020;3
2025;74594;2019;2020;3
2025;4503;2019;2020;3
2025;18447;2019;2020;3
2025;60660;2019;2020;3
2025;8698;2019;2020;3
2025;74655;2019;2020;3
2025;1200578;2019;2020;3
2025;5000930;2019;2020;3
2025;4503;2019;2020;3
2025;1295813;2019;2020;3
2025;7105;2019;2020;3
2025;72767;2019;2020;3
2025;90091;2019;2020;3
2025;8698;2019;2020;3
2025;87941;2019;2020;3
2025;2918;2019;2020;3
2025;868;2019;2020;3
2025;1178672;2019;2020;3
2025;2918;2019;2020;3
2025;1136509;2019;2020;3
2025;91219;2019;2020;3
2025;8698;2019;2020;3
2025;4503;2019;2020;3
2025;8698;2019;2020;3
2025;1399481;2019;2020;3
2025;1107;2019;2020;3
2025;8698;2019;2020;3
2025;14093;2019;2020;3
2025;1399481;2019;2020;3
2025;51835;2019;2020;3
2025;8698;2019;2020;3
2025;8698;2019;2020;3
2025;90483;2019;2019;3
2025;12813;2019;2020;3
2025;71859;2019;2020;3
2025;8698;2019;2020;3
2025;8698;2019;2020;3
2025;1390311;2019;2020;3
2025;99476;2019;2021;3
2025;1342536;2019;2021;3
2025;1342536;2019;2020;3
2025;59414;2019;2020;3
2025;98409;2019;2020;3
2025;4503;2019;2020;3
2025;11114;2019;2020;3
2025;51835;2019;2020;3
2025;1427419;2019;2020;3
2025;5001300;2019;2020;3
2025;79007;2019;2020;3
2025;8698;2019;2020;3
2025;1427419;2019;2020;3
2025;90059;2019;2020;3
2025;10222;2019;2020;3
2025;1399287;2019;2019;3
2025;1439;2019;2020;3
2025;5000841;2019;2020;3
2025;5000933;2019;2020;3
2025;1427420;2019;2020;3
2025;1184060;2019;2020;3
2025;1321864;2019;2020;3
2025;868;2019;2020;3
2025;8698;2019;2021;3
2025;1179501;2019;2020;3
2025;1399479;2019;2020;3
2025;2918;2019;2020;3
2025;59174;2019;2020;3
2025;7105;2019;2020;3
2025;2918;2019;2020;3
2025;1397772;2019;2020;3
2025;74655;2019;2020;3
2025;1399480;2019;2020;3
2025;100956;2019;2020;3
2025;7676;2019;2020;3
2025;64918;2019;2020;3
2025;1202553;2019;2020;3
2025;100958;2019;2020;3
2025;5000979;2019;2020;3
2025;5920;2019;2020;3
2025;5000981;2019;2020;3
2025;5000841;2019;2020;3
2025;8698;2019;2019;3
2025;1399478;2019;2020;3
2025;14359;2019;2020;3
2025;19294;2019;2020;3
2025;54490;2019;2020;3
2025;8698;2019;2020;3
2025;1487491;2019;2020;3
2025;8698;2019;2020;3
2025;108882;2019;2020;3
2025;1385538;2019;2020;3
2025;5000979;2019;2020;3
2025;5000981;2019;2020;3
2025;98409;2019;2020;3
2025;1136509;2019;2020;3
2025;71859;2019;2020;3
2025;1163738;2019;2020;3
2025;9772;2019;2020;3
2025;1059179;2019;2020;3
2025;1725;2019;2020;3
2025;1399481;2019;2020;3
2025;8698;2019;2020;3
2025;1399617;2019;2020;3
2025;1399486;2019;2020;3
2025;1278877;2019;2020;3
2025;13996;2019;2020;1
2025;84352;2019;2020;3
2025;12015;2019;2020;3
2025;93001;2019;2020;3
2025;5000930;2019;2020;1
2025;5000978;2019;2020;3
2025;1136509;2019;2020;3
2025;5000981;2019;2020;3
2025;1445016;2019;2020;3
2025;18594;2019;2020;4
2025;12015;2019;2020;3
2025;100958;2019;2020;3
2025;1184325;2019;2020;3
2025;54490;2019;2020;3
2025;5920;2019;2020;3
2025;1486298;2019;2020;3
2025;8698;2019;2023;3
2025;97679;2019;2020;3
2025;1399478;2019;2020;3
2025;8698;2019;2020;3
2025;86356;2019;2020;3
2025;1321864;2019;2020;3
2025;5001183;2019;2020;4
2025;91219;2019;2020;3
2025;72669;2019;2020;3
2025;18594;2019;2020;4
2025;19850;2019;2020;3
2025;12970;2019;2020;1
2025;1330031;2019;2021;3
2025;1188900;2019;2020;3
2025;13996;2019;2020;1
2025;1292713;2019;2020;3
2025;72667;2019;2020;3
2025;9988;2019;2020;3
2025;1200712;2019;2020;3
2025;66361;2019;2020;3
2025;1178524;2019;2020;3
2025;5000979;2019;2020;3
2025;1399618;2019;2020;4
2025;1179501;2019;2020;3
2025;1192188;2019;2019;3
2025;72667;2019;2020;3
2025;13996;2019;2020;1
2025;2392;2019;2020;3
2025;71859;2019;2020;3
2025;87537;2019;2020;3
2025;9805;2019;2020;3
2025;1179501;2019;2020;3
2025;3677;2019;2020;3
2025;1179501;2019;2020;3
2025;1477973;2019;2020;3
2025;1136509;2019;2020;3
2025;74655;2019;2020;3
2025;1163738;2019;2019;3
2025;1397773;2019;2020;3
2025;14093;2019;2020;3
2025;1278877;2019;2020;3
2025;87941;2019;2020;3
2025;5000980;2019;2020;3
2025;5000841;2019;2020;3
2025;74655;2019;2020;3
2025;100688;2019;2020;3
2025;74594;2019;2020;3
2025;18447;2019;2020;3
2025;13866;2019;2020;3
2025;12015;2019;2020;3
2025;1399477;2019;2020;3
2025;59174;2019;2020;3
2025;1342536;2019;2020;3
2025;868;2019;2020;3
2025;84408;2019;2020;3
2025;1190667;2019;2020;3
2025;2918;2019;2020;3
2025;1445016;2019;2021;3
2025;1171609;2019;2020;3
2025;1108281;2019;2020;3
2025;18472;2019;2020;3
2025;6496;2019;2020;3
2025;1408262;2019;2020;3
2025;1399479;2019;2020;3
2025;5000978;2019;2020;3
2025;1136509;2019;2020;3
2025;15343;2019;2020;3
2025;5000930;2019;2020;3
2025;1135207;2019;2020;3
2025;1136509;2019;2020;3
2025;1136509;2019;2020;3
2025;99476;2019;2021;3
2025;98406;2019;2020;3
2025;4503;2019;2020;3
2025;5000980;2019;2020;3
2025;2918;2019;2020;3
2025;1108786;2019;2020;3
2025;1408259;2019;2021;3
2025;12813;2019;2020;3
2025;1399287;2019;2020;3
2025;15475;2019;2020;1
2025;14234;2019;2020;3
2025;10289;2019;2020;3
2025;5000980;2019;2020;3
2025;1180318;2019;2020;3
2025;10591;2019;2020;3
2025;7676;2019;2020;3
2025;5000930;2019;2020;3
2025;74655;2019;2020;3
2025;18472;2019;2020;3
2025;2918;2019;2020;3
2025;14359;2019;2020;3
2025;1108786;2019;2020;3
2025;85652;2019;2020;3
2025;7705;2019;2020;3
2025;1427419;2019;2020;3
2025;1408505;2019;2020;3
2025;1188900;2019;2020;3
2025;14975;2019;2020;3
2025;16904;2019;2020;3
2025;93001;2019;2020;3
2025;1163738;2019;2019;3
2025;1188900;2019;2020;3
2025;1349675;2019;2020;3
2025;1191415;2019;2020;3
2025;64918;2019;2020;3
2025;1397771;2019;2020;3
2025;1518495;2019;2020;3
2025;1136509;2019;2020;3
2025;1171609;2019;2020;3
2025;9996;2019;2020;3
2025;79007;2019;2020;3
2025;1399481;2019;2020;3
2025;9772;2019;2020;3
2025;9772;2019;2020;3
2025;5345;2019;2020;3
2025;1408259;2019;2020;3
2025;1314146;2019;2020;3
2025;1629;2019;2020;3
2025;5000981;2019;2020;3
2025;9772;2019;2020;3
2025;1188900;2019;2020;3
2025;9772;2019;2020;3
2025;1408505;2019;2020;3
2025;1257524;2019;2020;4
2025;1399486;2019;2020;3
2025;1050663;2019;2020;3
2025;86288;2019;2020;3
2025;9772;2019;2020;3
2025;1171609;2019;2020;3
2025;9772;2019;2020;3
2025;1136509;2019;2020;3
2025;84352;2019;2020;3
2025;6711;2019;2019;3
2025;18594;2019;2020;4
2025;1185903;2019;2020;3
2025;86356;2019;2020;3
2025;5001300;2019;2019;3
2025;9772;2019;2020;3
2025;19850;2019;2020;3
2025;5001183;2019;2020;4
2025;1136509;2019;2020;3
2025;7414;2019;2020;3
2025;1185025;2019;2020;3
2025;1408262;2019;2020;3
2025;7414;2019;2020;3
2025;1342536;2019;2020;3
2025;5909;2019;2020;3
2025;1179189;2019;2020;3
2025;7414;2019;2020;3
2025;12813;2019;2020;3
2025;1408509;2019;2020;3
2025;15475;2019;2020;1
2025;7414;2019;2020;3
2025;2918;2019;2020;3
2025;9772;2019;2020;3
2025;5001427;2019;2022;3
2025;82224;2019;2020;3
2025;1439;2019;2020;3
2025;1192188;2019;2019;3
2025;74655;2020;2020;3
2025;121850;2020;2021;3
2025;1390311;2020;2020;3
2025;7414;2020;2020;3
2025;49060;2020;2020;3
2025;49060;2020;2020;3
2025;7414;2020;2020;3
2025;39415;2020;2020;3
2025;10591;2020;2020;3
2025;1342536;2020;2021;3
2025;72669;2020;2020;3
2025;1166567;2020;2020;3
2025;59174;2020;2020;3
2025;1408505;2020;2020;3
2025;1173014;2020;2020;3
2025;20360;2020;2020;3
2025;48854;2020;2020;3
2025;1486298;2020;2020;3
2025;90483;2020;2020;3
2025;39415;2020;2020;3
2025;72669;2020;2020;3
2025;39415;2020;2020;3
2025;1408507;2020;2020;3
2025;1408505;2020;2020;3
2025;39415;2020;2020;3
2025;1408507;2020;2020;3
2025;1342536;2020;2020;3
2025;1104264;2020;2020;3
2025;72767;2020;2020;3
2025;1200578;2020;2020;3
2025;57852;2020;2020;2
2025;2348;2020;2020;3
2025;5001101;2020;2020;3
2025;1029204;2020;2020;3
2025;85652;2020;2020;3
2025;4503;2020;2020;3
2025;13453;2020;2020;3
2025;1408507;2020;2020;3
2025;19294;2020;2020;3
2025;1445016;2020;2021;3
2025;108014;2020;2020;3
2025;1171609;2020;2020;3
2025;99476;2020;2021;3
2025;48854;2020;2020;3
2025;11114;2020;2020;3
2025;48854;2020;2020;3
2025;1342536;2020;2020;3
2025;9326;2020;2020;1
2025;1200578;2020;2021;3
2025;84352;2020;2020;3
2025;48854;2020;2020;3
2025;1178672;2020;2020;3
2025;5001294;2020;2020;3
2025;1192237;2020;2020;3
2025;1190667;2020;2020;3
2025;72681;2020;2020;3
2025;1188900;2020;2020;3
2025;1191415;2020;2020;3
2025;7676;2020;2020;3
2025;11114;2020;2020;3
2025;7676;2020;2020;3
2025;84352;2020;2020;3
2025;4503;2020;2020;3
2025;48854;2020;2020;3
2025;1483768;2020;2020;3
2025;18472;2020;2020;3
2025;84352;2020;2020;3
2025;1390311;2020;2020;3
2025;84352;2020;2020;3
2025;18472;2020;2020;3
2025;1179189;2020;2020;3
2025;1390311;2020;2020;3
2025;5001300;2020;2020;3
2025;10289;2020;2020;3
2025;1179189;2020;2020;3
2025;1179189;2020;2020;3
2025;1179189;2020;2020;3
2025;1185025;2020;2020;3
2025;1108786;2020;2020;3
2025;9772;2020;2020;3
2025;9772;2020;2020;3
2025;9772;2020;2020;3
2025;1518495;2020;2020;3
2025;5000981;2020;2020;3
2025;48854;2020;2020;3
2025;90084;2020;2021;3
2025;72669;2020;2021;3
2025;1191415;2020;2020;3
2025;1190621;2020;2021;3
2025;1190621;2020;2021;3
2025;1190621;2020;2021;3
2025;4503;2020;2020;3
2025;1184047;2020;2020;3
2025;1190621;2020;2020;3
2025;90084;2020;2020;3
2025;9805;2020;2020;3
2025;5001033;2020;2020;3
2025;1190621;2020;2020;3
2025;1179189;2020;2020;3
2025;72663;2020;2020;3
2025;10224;2020;2020;3
2025;2304;2020;2021;3
2025;72681;2020;2020;3
2025;84352;2020;2020;3
2025;99476;2020;2021;3
2025;5001033;2020;2020;3
2025;5000980;2020;2020;3
2025;99476;2020;2021;3
2025;72681;2020;2023;3
2025;1200578;2020;2020;3
2025;72669;2020;2020;3
2025;10591;2020;2020;3
2025;9988;2020;2020;1
2025;5001033;2020;2020;3
2025;5000980;2020;2020;3
2025;1171609;2020;2020;3
2025;13996;2020;2021;1
2025;20360;2020;2020;3
2025;1879;2020;2021;3
2025;48854;2020;2020;3
2025;2304;2020;2020;3
2025;100958;2020;2021;3
2025;87537;2020;2021;3
2025;72669;2020;2020;3
2025;10591;2020;2020;3
2025;72681;2020;2020;3
2025;90483;2020;2020;3
2025;5001033;2020;2020;3
2025;72669;2020;2021;3
2025;7414;2020;2020;3
2025;20360;2020;2020;3
2025;72675;2020;2020;3
2025;48854;2020;2020;3
2025;1179189;2020;2023;3
2025;4503;2020;2020;3
2025;1173014;2020;2018;3
2025;1173014;2020;2020;3
2025;72681;2020;2020;3
2025;72681;2020;2020;3
2025;1173014;2020;2020;3
2025;108014;2020;2020;3
2025;5000930;2020;2020;1
2025;5000001;2020;2022;3
2025;15343;2020;2020;3
2025;8698;2020;2020;3
2025;1192047;2020;2020;3
2025;84352;2020;2020;3
2025;9805;2020;2020;3
2025;1185025;2020;2020;3
2025;10591;2020;2020;3
2025;1108786;2020;2020;3
2025;1059179;2020;2021;3
2025;7676;2020;2020;3
2025;1390311;2020;2020;3
2025;1390311;2020;2020;3
2025;98406;2020;2020;3
2025;12345;2020;2020;3
2025;7414;2020;2020;3
2025;7414;2020;2020;3
2025;6496;2020;2020;3
2025;54490;2020;2021;3
2025;5001183;2020;2020;3
2025;48854;2020;2021;3
2025;1184047;2020;2020;3
2025;72667;2020;2020;3
2025;19294;2020;2021;3
2025;5000981;2020;2020;3
2025;1184047;2020;2020;3
2025;1102360;2020;2020;3
2025;1192188;2020;2020;3
2025;1192188;2020;2020;3
2025;5001294;2020;2020;3
2025;69624;2020;2020;3
2025;1879;2020;2021;3
2025;4503;2020;2020;3
2025;140;2020;2021;3
2025;1184325;2020;2020;3
2025;84352;2020;2020;3
2025;59174;2020;2020;3
2025;7676;2020;2020;3
2025;5001294;2020;2020;3
2025;9805;2020;2020;3
2025;1184325;2020;2020;3
2025;1163738;2020;2020;3
2025;57852;2020;2020;3
2025;4503;2020;2020;3
2025;10289;2020;2020;3
2025;84352;2020;2020;3
2025;1184325;2020;2020;3
2025;48854;2020;2020;3
2025;48854;2020;2020;3
2025;18472;2020;2020;3
2025;39415;2020;2021;3
2025;98406;2020;2021;3
2025;1439;2020;2020;3
2025;84352;2020;2020;3
2025;87537;2020;2021;3
2025;20058;2020;2021;3
2025;1399483;2020;2022;3
2025;7676;2020;2020;3
2025;59174;2020;2020;3
2025;12970;2020;2020;1
2025;57402;2020;2020;3
2025;1184325;2020;2020;3
2025;1188127;2020;2020;3
2025;1188127;2020;2020;3
2025;1108786;2020;2020;3
2025;5000812;2020;2020;3
2025;1188127;2020;2022;3
2025;12015;2020;2020;3
2025;1257777;2020;2021;3
2025;1327450;2020;2020;3
2025;1184047;2020;2020;3
2025;108014;2020;2020;3
2025;19294;2020;2022;3
2025;1342536;2020;2021;3
2025;54490;2020;2021;3
2025;7676;2020;2020;3
2025;72667;2020;2020;3
2025;1180318;2020;2020;3
2025;1408507;2020;2020;3
2025;1257524;2020;2021;4
2025;1457707;2020;2021;4
2025;1879;2020;2021;3
2025;19294;2020;2020;3
2025;19206;2020;2020;4
2025;59174;2020;2020;3
2025;1188849;2020;2021;3
2025;5001101;2020;2020;3
2025;1108786;2020;2020;3
2025;12970;2020;2020;1
2025;48854;2020;2020;3
2025;59174;2020;2020;3
2025;121850;2020;2021;3
2025;1108786;2020;2020;3
2025;4503;2020;2020;3
2025;1397772;2020;2020;3
2025;1184047;2020;2019;3
2025;99476;2020;2021;3
2025;4503;2020;2020;3
2025;1184047;2020;2020;3
2025;90483;2020;2020;3
2025;19294;2020;2020;3
2025;1334344;2020;2021;3
2025;87537;2020;2021;3
2025;39415;2020;2023;3
2025;10591;2020;2020;3
2025;1445016;2020;2020;3
2025;13996;2020;2021;1
2025;13996;2020;2021;1
2025;19294;2020;2020;3
2025;9996;2020;2020;3
2025;121850;2020;2021;3
2025;121850;2020;2021;3
2025;121850;2020;2021;3
2025;121850;2020;2021;3
2025;121850;2020;2021;3
2025;121850;2020;2021;3
2025;121850;2020;2021;3
2025;121850;2020;2021;3
2025;121850;2020;2021;3
2025;121850;2020;2021;3
2025;121850;2020;2021;3
2025;121850;2020;2021;3
2025;121850;2020;2021;3
2025;121850;2020;2021;3
2025;121850;2020;2021;3
2025;121850;2020;2021;3
2025;121850;2020;2021;3
2025;121850;2020;2021;3
2025;121850;2020;2021;3
2025;121850;2020;2021;3
2025;121850;2020;2021;3
2025;121850;2020;2021;3
2025;72669;2020;2021;3
2025;59174;2020;2020;3
2025;5001294;2020;2020;3
2025;5001294;2020;2021;3
2025;5001294;2020;2020;3
2025;48854;2020;2020;3
2025;9996;2020;2021;3
2025;84352;2020;2020;3
2025;7676;2020;2020;3
2025;1408507;2020;2020;3
2025;84408;2020;2020;3
2025;1408507;2020;2020;3
2025;1408507;2020;2020;3
2025;72681;2020;2020;3
2025;72681;2020;2020;3
2025;48854;2020;2020;3
2025;48854;2020;2020;3
2025;72681;2020;2020;3
2025;1363536;2020;2020;3
2025;1879;2020;2021;3
2025;5000812;2020;2021;3
2025;1427419;2020;2020;3
2025;84408;2020;2020;3
2025;121850;2020;2021;3
2025;121850;2020;2021;3
2025;72669;2020;2020;3
2025;72681;2020;2020;3
2025;9996;2020;2020;3
2025;20360;2020;2020;3
2025;18472;2020;2020;3
2025;5001294;2020;2021;3
2025;1408507;2020;2020;3
2025;1184047;2020;2020;3
2025;3418;2020;2020;3
2025;13286;2020;2021;3
2025;48854;2020;2020;3
2025;1257548;2020;2023;3
2025;1421013;2020;2020;3
2025;7676;2020;2020;3
2025;10591;2020;2020;3
2025;64918;2020;2020;3
2025;1342537;2020;2020;3
2025;99476;2020;2021;3
2025;1518495;2020;2020;3
2025;99476;2020;2021;3
2025;5001294;2020;2021;3
2025;5001294;2020;2021;3
2025;99476;2020;2021;3
2025;5001294;2020;2021;3
2025;72681;2020;2020;3
2025;72681;2020;2020;3
2025;74594;2020;2020;3
2025;1200578;2020;2020;3
2025;1135207;2020;2020;3
2025;39415;2020;2020;3
2025;74655;2020;2020;3
2025;1390311;2020;2020;3
2025;1200578;2020;2020;3
2025;39415;2020;2021;3
2025;1183313;2020;2020;3
2025;1485621;2020;2020;3
2025;1485621;2020;2023;3
2025;19294;2020;2020;3
2025;98406;2020;2020;3
2025;48854;2020;2020;3
2025;4503;2020;2020;3
2025;87537;2020;2021;3
2025;1518495;2020;2020;3
2025;1483768;2020;2020;3
2025;1257524;2020;2021;4
2025;10289;2020;2020;3
2025;72681;2020;2020;3
2025;10289;2020;2020;3
2025;64918;2020;2022;3
2025;7676;2020;2020;3
2025;1190667;2020;2020;3
2025;1427419;2020;2021;3
2025;72767;2020;2020;3
2025;1192047;2020;2020;3
2025;1163738;2020;2020;3
2025;1477973;2020;2020;3
2025;1189778;2020;2020;3
2025;72681;2020;2020;3
2025;1029204;2020;2020;3
2025;48854;2020;2020;3
2025;39415;2020;2020;3
2025;72681;2020;2020;3
2025;108884;2020;2020;3
2025;74655;2020;2020;3
2025;108014;2020;2020;3
2025;7105;2020;2020;3
2025;1390311;2020;2020;3
2025;7676;2020;2021;3
2025;1107;2020;2020;3
2025;8698;2020;2020;3
2025;99476;2020;2020;3
2025;1200578;2020;2022;3
2025;1408507;2020;2020;3
2025;108884;2020;2020;3
2025;1171609;2020;2021;3
2025;108884;2020;2020;3
2025;1390311;2020;2020;3
2025;37304;2020;2021;4
2025;48854;2020;2020;3
2025;1390311;2020;2020;3
2025;5001294;2020;2021;3
2025;72669;2020;2020;3
2025;7676;2020;2020;3
2025;108884;2020;2020;3
2025;7676;2020;2020;3
2025;1390311;2020;2020;3
2025;1184047;2020;2020;3
2025;84352;2020;2020;3
2025;10289;2020;2020;3
2025;71859;2020;2020;3
2025;7676;2020;2020;3
2025;59174;2020;2020;3
2025;98406;2020;2020;3
2025;48854;2020;2020;3
2025;74655;2020;2020;3
2025;8698;2020;2020;3
2025;121850;2020;2021;3
2025;85652;2020;2020;3
2025;5000933;2020;2020;3
2025;72669;2020;2020;3
2025;10591;2020;2020;3
2025;84352;2020;2020;3
2025;98506;2020;2021;3
2025;72681;2020;2020;3
2025;1390311;2020;2020;3
2025;48854;2020;2020;3
2025;1029204;2020;2020;3
2025;87537;2020;2021;3
2025;5000981;2020;2020;3
2025;121850;2020;2021;3
2025;57402;2020;2020;3
2025;48854;2020;2020;3
2025;72669;2020;2021;3
2025;1390311;2020;2020;3
2025;48854;2020;2020;3
2025;59414;2021;2022;3
2025;1278877;2021;2022;3
2025;90084;2021;2021;3
2025;1278877;2021;2023;3
2025;1408508;2021;2023;4
2025;5000001;2021;2022;3
2025;10289;2021;2020;3
2025;19294;2021;2020;3
2025;1257524;2021;2021;4
2025;1257777;2021;2021;3
2025;5001294;2021;2021;3
2025;19294;2021;2020;3
2025;1334344;2021;2021;3
2025;1334344;2021;2021;3
2025;5001294;2021;2021;3
2025;1334344;2021;2021;3
2025;12970;2021;2021;1
2025;13996;2021;2022;1
2025;1408505;2021;2021;3
2025;1278877;2021;2022;3
2025;1278877;2021;2022;3
2025;1200578;2021;2022;3
2025;1349675;2021;2022;3
2025;1278877;2021;2022;3
2025;1408508;2021;2023;4
2025;1278877;2021;2022;3
2025;1278877;2021;2022;3
2025;19294;2021;2020;3
2025;13996;2022;2023;1
2025;1184432;2022;2020;3
2025;54490;2022;2023;3
2025;1278877;2022;2023;3
2025;54490;2022;2023;3
2025;1192188;2022;2020;3
2025;13996;2022;2023;1
2025;54490;2022;2023;3
2025;78256;2022;2024;3
2025;13996;2022;2023;1
2025;65114;2022;2023;3
2025;1278877;2022;2023;3
2025;18472;2023;2020;3
2025;64918;2023;2023;3
2025;64918;2024;2024;3
2025;64918;2024;2024;3
2025;1146605;2024;2019;3
2025;64918;2024;2024;3
2025;19086;2025;2019;3
2025;84408;2029;2020;3
