NU_ANO;CO_CURSO;NU_IDADE
2025;9805;21
2025;1191415;21
2025;59414;21
2025;1108786;21
2025;5001294;21
2025;5001294;21
2025;72767;21
2025;19294;21
2025;5001183;21
2025;59174;21
2025;72667;21
2025;72669;21
2025;5000812;21
2025;72681;21
2025;1408507;21
2025;108014;21
2025;72681;21
2025;79007;21
2025;1050663;21
2025;5001294;21
2025;5000979;21
2025;1180318;21
2025;1183313;21
2025;1408507;21
2025;1257777;21
2025;72681;21
2025;19294;21
2025;1184432;21
2025;19294;21
2025;78256;21
2025;57852;21
2025;1257562;21
2025;1483773;22
2025;59414;22
2025;1390309;22
2025;1408507;22
2025;1188900;22
2025;18447;22
2025;5001314;22
2025;5000001;22
2025;72681;22
2025;78256;22
2025;98406;22
2025;37304;22
2025;1200578;22
2025;7414;22
2025;99476;22
2025;72669;22
2025;98406;22
2025;5000001;22
2025;1408507;22
2025;72669;22
2025;99476;22
2025;4503;22
2025;5000979;22
2025;5000979;22
2025;1029204;22
2025;5000001;22
2025;1171609;22
2025;10289;22
2025;108882;22
2025;3677;22
2025;1184432;22
2025;16904;22
2025;14725;22
2025;74655;22
2025;1178524;22
2025;72667;22
2025;79007;22
2025;11114;22
2025;8698;22
2025;1184047;22
2025;13866;22
2025;72669;22
2025;1191415;22
2025;7105;22
2025;1179189;22
2025;72681;22
2025;1399485;22
2025;1427420;22
2025;11114;22
2025;5000841;22
2025;11233;22
2025;1399483;22
2025;1427420;22
2025;1445016;22
2025;19294;22
2025;1399481;22
2025;9805;22
2025;1421013;22
2025;2392;22
2025;108884;22
2025;9772;22
2025;1399477;22
2025;1342536;22
2025;98409;22
2025;1200578;22
2025;100956;22
2025;8698;22
2025;1399616;22
2025;1399287;22
2025;12015;22
2025;1193275;22
2025;98406;22
2025;1330031;22
2025;18472;22
2025;15475;22
2025;1455021;22
2025;20249;22
2025;5000930;22
2025;1190667;22
2025;4503;22
2025;1200578;22
2025;84352;22
2025;1483759;22
2025;72681;22
2025;13996;22
2025;37304;22
2025;1136509;22
2025;20360;22
2025;1191415;22
2025;1448710;22
2025;99476;22
2025;5920;22
2025;85652;22
2025;72681;22
2025;99476;22
2025;12015;22
2025;100958;22
2025;1342536;22
2025;59174;22
2025;1050663;22
2025;72767;22
2025;1178672;22
2025;87537;22
2025;1173014;22
2025;5001341;22
2025;86288;22
2025;19294;22
2025;1399481;22
2025;1322329;22
2025;100956;22
2025;1390311;22
2025;18472;22
2025;74655;22
2025;108882;22
2025;72681;22
2025;1190667;22
2025;10289;22
2025;84352;22
2025;1171609;22
2025;1200578;22
2025;1050663;22
2025;5909;22
2025;1408507;22
2025;10224;22
2025;72681;22
2025;59414;22
2025;51699;22
2025;1184047;22
2025;57402;22
2025;20360;22
2025;84352;22
2025;18447;22
2025;72767;22
2025;868;22
2025;1385521;22
2025;79007;22
2025;99476;22
2025;49060;22
2025;1200578;22
2025;59414;22
2025;5000001;22
2025;72681;22
2025;13996;22
2025;20360;22
2025;1179189;22
2025;59414;22
2025;84352;22
2025;6496;22
2025;7705;22
2025;7676;22
2025;2918;22
2025;1445016;22
2025;5000981;22
2025;64918;22
2025;10289;22
2025;1314146;22
2025;1200578;22
2025;103596;22
2025;3418;22
2025;72767;22
2025;19434;22
2025;1317634;22
2025;72681;22
2025;1184325;22
2025;1192188;22
2025;12569;22
2025;1184325;22
2025;19294;22
2025;39415;22
2025;12813;22
2025;72669;22
2025;1363536;22
2025;49910;22
2025;5001033;22
2025;5000981;22
2025;1399480;22
2025;1190667;22
2025;98406;22
2025;60660;22
2025;1390311;22
2025;18594;22
2025;1189778;22
2025;39415;22
2025;1483768;22
2025;59174;22
2025;1390317;22
2025;1322329;22
2025;15343;22
2025;5000930;22
2025;1390311;22
2025;59414;22
2025;39415;22
2025;19206;22
2025;72681;22
2025;108882;22
2025;48854;22
2025;1136509;22
2025;1200578;22
2025;60660;22
2025;90483;22
2025;1184432;22
2025;1184432;22
2025;72669;22
2025;1029204;22
2025;868;22
2025;2304;22
2025;5345;22
2025;59174;22
2025;1179189;22
2025;72667;22
2025;100956;22
2025;1399477;22
2025;59414;22
2025;1108786;22
2025;71859;22
2025;7676;22
2025;72669;22
2025;13996;22
2025;1390317;22
2025;90084;22
2025;1192188;22
2025;6496;22
2025;1179501;22
2025;74655;22
2025;78256;22
2025;1397771;22
2025;13453;22
2025;1173014;22
2025;12015;22
2025;6496;22
2025;1457006;22
2025;12692;22
2025;5000001;22
2025;18605;22
2025;108882;22
2025;1408507;22
2025;72681;22
2025;868;22
2025;1184047;22
2025;5000930;22
2025;12015;22
2025;49060;22
2025;72681;22
2025;57402;22
2025;59414;22
2025;84352;22
2025;8437;22
2025;59174;22
2025;1272168;22
2025;84352;22
2025;10591;22
2025;1173014;22
2025;1192237;22
2025;10222;22
2025;64918;22
2025;11446;22
2025;1184432;22
2025;39415;22
2025;1390309;22
2025;3677;22
2025;2392;22
2025;38071;22
2025;5001033;22
2025;39415;22
2025;1109361;22
2025;1173014;22
2025;4503;22
2025;1363536;22
2025;19850;22
2025;1330031;22
2025;1258021;22
2025;65924;22
2025;72681;22
2025;1193275;22
2025;5000930;22
2025;1183313;22
2025;71689;22
2025;2392;22
2025;1193275;22
2025;10289;22
2025;1399480;22
2025;9996;22
2025;79007;22
2025;1465625;22
2025;5920;22
2025;5001294;22
2025;99476;22
2025;5001294;22
2025;57402;22
2025;7705;22
2025;5001341;22
2025;59414;22
2025;1390311;22
2025;69624;22
2025;39415;22
2025;1193275;22
2025;108882;22
2025;13601;22
2025;57402;22
2025;13601;22
2025;59174;22
2025;1421013;22
2025;6496;22
2025;72767;22
2025;1408261;22
2025;18472;22
2025;1390309;22
2025;98409;22
2025;1178672;22
2025;10289;22
2025;5000812;22
2025;91219;22
2025;5000979;22
2025;1050663;22
2025;98506;22
2025;1183313;22
2025;1390311;22
2025;1200578;22
2025;99476;22
2025;113504;22
2025;5000930;22
2025;5001450;22
2025;7705;22
2025;1408507;22
2025;51835;22
2025;1334344;22
2025;1192047;22
2025;6711;22
2025;8698;22
2025;1173014;22
2025;84408;22
2025;9805;22
2025;100958;22
2025;868;22
2025;1107;22
2025;1166567;22
2025;5000841;22
2025;98506;22
2025;53338;22
2025;5000981;22
2025;5001294;22
2025;1179189;22
2025;4503;22
2025;72667;22
2025;1108786;22
2025;5000979;22
2025;7676;22
2025;1483768;22
2025;1421100;22
2025;1171609;22
2025;1168313;22
2025;1427419;22
2025;113504;22
2025;1108786;22
2025;1050663;22
2025;1408505;22
2025;1363536;22
2025;39415;22
2025;37304;22
2025;19294;22
2025;1486822;22
2025;1193275;22
2025;5001294;22
2025;1272168;22
2025;59174;22
2025;1192188;22
2025;1399615;22
2025;1178524;22
2025;57852;22
2025;100688;22
2025;4503;22
2025;1390309;22
2025;1399480;22
2025;1190667;22
2025;79007;22
2025;1190667;22
2025;72669;22
2025;5000930;22
2025;1200578;22
2025;39415;22
2025;59414;22
2025;5000001;22
2025;1190667;22
2025;1192188;22
2025;15475;22
2025;99476;22
2025;1184325;22
2025;1180318;22
2025;1191415;22
2025;6496;22
2025;5000930;22
2025;59174;22
2025;2392;22
2025;13200;22
2025;72667;22
2025;9988;22
2025;100956;22
2025;19294;22
2025;10224;22
2025;1108786;22
2025;1168313;22
2025;108884;22
2025;39415;22
2025;2918;22
2025;1109361;22
2025;1385538;22
2025;1399477;22
2025;19206;22
2025;7414;22
2025;1135207;22
2025;100956;22
2025;13453;22
2025;72669;22
2025;18472;22
2025;5000979;22
2025;98506;22
2025;19294;22
2025;1390309;22
2025;1399478;22
2025;1173014;22
2025;1108786;22
2025;1399287;22
2025;14093;22
2025;1191415;22
2025;1390311;22
2025;1179189;22
2025;72681;22
2025;99476;22
2025;1184047;22
2025;19434;22
2025;5001314;22
2025;1050663;22
2025;72669;22
2025;72681;22
2025;18594;22
2025;39415;22
2025;5001294;22
2025;19434;22
2025;72681;22
2025;72767;22
2025;69624;22
2025;1445016;22
2025;1629;22
2025;99476;22
2025;108882;22
2025;5000981;22
2025;1483768;22
2025;5000930;22
2025;87537;22
2025;101228;22
2025;1257524;22
2025;12569;22
2025;7414;22
2025;1421013;22
2025;1390309;22
2025;10591;22
2025;1438629;22
2025;12813;22
2025;20360;22
2025;72681;22
2025;18472;22
2025;1179189;22
2025;5001314;22
2025;5000981;22
2025;39415;22
2025;1184047;22
2025;1050663;22
2025;9988;22
2025;90483;22
2025;1408507;22
2025;1257777;22
2025;11446;22
2025;1408507;22
2025;1257524;22
2025;5001294;22
2025;108884;22
2025;98506;22
2025;1421013;22
2025;1135207;22
2025;1108786;22
2025;1190667;22
2025;1419799;22
2025;1342536;22
2025;87537;22
2025;48854;22
2025;37304;22
2025;59174;22
2025;5001294;22
2025;59414;22
2025;4503;22
2025;84352;22
2025;74655;22
2025;37304;22
2025;1192237;22
2025;60660;22
2025;1190621;22
2025;39415;22
2025;1179189;22
2025;15839;22
2025;108014;22
2025;3418;22
2025;8698;22
2025;19294;22
2025;1408505;22
2025;12015;22
2025;7676;22
2025;90483;22
2025;11114;22
2025;1178672;22
2025;1427420;22
2025;74655;22
2025;1399480;22
2025;1399481;22
2025;72669;22
2025;1050663;22
2025;108884;22
2025;1184047;22
2025;87537;22
2025;1399479;22
2025;7676;22
2025;8437;22
2025;13996;22
2025;59414;22
2025;1485621;22
2025;1257777;22
2025;1192188;22
2025;1399618;22
2025;1192237;22
2025;5001033;22
2025;1180318;22
2025;868;22
2025;79007;22
2025;108882;22
2025;72667;22
2025;5001167;22
2025;5000930;22
2025;5920;22
2025;72663;22
2025;1257562;22
2025;1180318;22
2025;90483;22
2025;59414;22
2025;1455021;22
2025;57402;22
2025;1483768;22
2025;1257777;22
2025;98506;22
2025;1257562;22
2025;1487290;22
2025;72669;22
2025;1173014;22
2025;1184047;22
2025;1317634;22
2025;1399481;22
2025;3677;22
2025;1257777;22
2025;57402;22
2025;5001300;22
2025;74655;22
2025;1135207;22
2025;98406;22
2025;1349675;22
2025;12569;22
2025;1179189;22
2025;1192188;22
2025;1399481;22
2025;8698;22
2025;72669;22
2025;38071;22
2025;12970;22
2025;8698;22
2025;7414;22
2025;11114;22
2025;1385521;22
2025;20360;22
2025;101228;22
2025;72669;22
2025;39415;22
2025;72681;22
2025;5000979;22
2025;64918;22
2025;1408508;22
2025;1483768;22
2025;8698;22
2025;1342536;22
2025;1059179;22
2025;69624;22
2025;1135207;22
2025;72675;22
2025;1390311;22
2025;79007;22
2025;72681;22
2025;100956;22
2025;51835;22
2025;1166567;22
2025;12015;22
2025;1108786;22
2025;868;22
2025;75821;22
2025;93001;22
2025;5909;22
2025;14234;22
2025;868;22
2025;74655;22
2025;5000980;22
2025;113504;22
2025;5001033;22
2025;5001300;22
2025;1179501;22
2025;8698;22
2025;59414;22
2025;1178524;22
2025;100958;22
2025;1184047;22
2025;1190280;22
2025;108882;22
2025;1185903;22
2025;1108786;22
2025;1190667;22
2025;1408507;22
2025;5001294;22
2025;5001341;22
2025;1317634;22
2025;18472;22
2025;90084;22
2025;1192047;22
2025;16904;22
2025;79007;22
2025;5001294;22
2025;1399615;22
2025;97679;22
2025;98506;22
2025;868;22
2025;14975;22
2025;1477973;22
2025;1104264;22
2025;38071;22
2025;100958;22
2025;10591;22
2025;5001314;22
2025;9772;22
2025;93001;22
2025;1190667;22
2025;1190621;22
2025;57402;22
2025;5000981;22
2025;1108786;22
2025;59174;22
2025;1453564;22
2025;5001300;22
2025;1179189;22
2025;39415;22
2025;5000979;22
2025;2918;22
2025;1385538;22
2025;1191415;22
2025;1483773;22
2025;6496;22
2025;72669;22
2025;59414;22
2025;1184325;22
2025;1257777;22
2025;1486298;22
2025;8698;22
2025;72669;22
2025;5001466;22
2025;1322329;22
2025;1408509;22
2025;5000979;22
2025;1136509;22
2025;5001314;22
2025;90483;22
2025;84352;22
2025;91219;22
2025;1399486;22
2025;72681;22
2025;1390311;22
2025;5000930;22
2025;1399618;22
2025;1108786;22
2025;72681;22
2025;3677;22
2025;72681;22
2025;72767;22
2025;13453;22
2025;1171609;22
2025;1059179;22
2025;100688;22
2025;4503;22
2025;72663;22
2025;1184432;22
2025;1455021;22
2025;1180318;22
2025;4503;22
2025;1257562;22
2025;19434;22
2025;57402;22
2025;1399486;22
2025;39415;22
2025;1629;22
2025;8698;22
2025;69624;22
2025;6496;22
2025;5000933;22
2025;1385538;22
2025;2304;22
2025;10289;22
2025;1385521;22
2025;72681;22
2025;1192188;22
2025;20249;22
2025;85652;22
2025;1109361;22
2025;78256;22
2025;39415;22
2025;59414;22
2025;74655;22
2025;1184325;22
2025;5000933;22
2025;5000930;22
2025;87941;22
2025;1257777;22
2025;1427420;22
2025;101228;22
2025;1399481;22
2025;75821;22
2025;1487290;22
2025;1257524;22
2025;1485621;22
2025;19294;22
2025;1135207;22
2025;1179189;22
2025;5001314;22
2025;93001;22
2025;19206;22
2025;1257524;22
2025;1108786;22
2025;100956;22
2025;1725;22
2025;99476;22
2025;1438629;22
2025;1457707;22
2025;84408;22
2025;5000930;22
2025;5001294;22
2025;19294;22
2025;13996;22
2025;1322329;22
2025;1477973;22
2025;78256;22
2025;1193275;22
2025;5000979;22
2025;99476;22
2025;11114;23
2025;1029204;23
2025;19434;23
2025;99476;23
2025;1408507;23
2025;758;23
2025;18472;23
2025;66361;23
2025;107666;23
2025;12970;23
2025;20360;23
2025;1438629;23
2025;5001033;23
2025;7676;23
2025;16236;23
2025;5206;23
2025;1483759;23
2025;5000001;23
2025;19850;23
2025;100956;23
2025;7705;23
2025;5000978;23
2025;1184047;23
2025;59414;23
2025;6496;23
2025;1257524;23
2025;59174;23
2025;5001450;23
2025;9996;23
2025;1184060;23
2025;1183958;23
2025;100956;23
2025;100958;23
2025;8437;23
2025;8698;23
2025;5001167;23
2025;15783;23
2025;10289;23
2025;1257548;23
2025;6711;23
2025;1292726;23
2025;5001314;23
2025;7676;23
2025;5000979;23
2025;1173014;23
2025;60660;23
2025;87941;23
2025;1390309;23
2025;7676;23
2025;72767;23
2025;13601;23
2025;10224;23
2025;1108786;23
2025;1108786;23
2025;86356;23
2025;18447;23
2025;49060;23
2025;1408259;23
2025;38071;23
2025;108884;23
2025;18472;23
2025;1202546;23
2025;1258023;23
2025;74655;23
2025;1272168;23
2025;57852;23
2025;1179501;23
2025;9996;23
2025;72669;23
2025;59414;23
2025;7676;23
2025;1108786;23
2025;66248;23
2025;9996;23
2025;6711;23
2025;5000981;23
2025;18605;23
2025;72767;23
2025;5000979;23
2025;90084;23
2025;1314146;23
2025;1185025;23
2025;98406;23
2025;1258023;23
2025;6496;23
2025;86356;23
2025;1465625;23
2025;72669;23
2025;5000930;23
2025;85652;23
2025;93001;23
2025;85652;23
2025;7676;23
2025;1486822;23
2025;74655;23
2025;72767;23
2025;14975;23
2025;5001183;23
2025;1190667;23
2025;1399480;23
2025;9996;23
2025;1179189;23
2025;868;23
2025;1258023;23
2025;98409;23
2025;1399487;23
2025;48854;23
2025;19850;23
2025;9805;23
2025;48854;23
2025;5345;23
2025;97679;23
2025;60660;23
2025;20058;23
2025;90059;23
2025;18594;23
2025;9772;23
2025;11114;23
2025;1486298;23
2025;9772;23
2025;78256;23
2025;5000930;23
2025;9772;23
2025;1192188;23
2025;1193759;23
2025;5000841;23
2025;1363536;23
2025;108014;23
2025;10224;23
2025;13103;23
2025;1349675;23
2025;7705;23
2025;1399478;23
2025;1408505;23
2025;9772;23
2025;7676;23
2025;1363536;23
2025;1397771;23
2025;5001033;23
2025;1190667;23
2025;1399614;23
2025;1136509;23
2025;7105;23
2025;8698;23
2025;100956;23
2025;14093;23
2025;1180318;23
2025;1185903;23
2025;1399480;23
2025;1477973;23
2025;1108153;23
2025;1102360;23
2025;1455021;23
2025;2392;23
2025;5206;23
2025;5000001;23
2025;20249;23
2025;5000930;23
2025;1214209;23
2025;99476;23
2025;57402;23
2025;57852;23
2025;98506;23
2025;1399481;23
2025;72669;23
2025;72663;23
2025;12970;23
2025;11114;23
2025;1399481;23
2025;5000931;23
2025;11233;23
2025;9326;23
2025;7705;23
2025;107666;23
2025;8437;23
2025;3418;23
2025;5000001;23
2025;1477973;23
2025;1136509;23
2025;8437;23
2025;1448710;23
2025;72669;23
2025;140;23
2025;78256;23
2025;85652;23
2025;1258021;23
2025;14975;23
2025;1059179;23
2025;100688;23
2025;78256;23
2025;1477973;23
2025;74594;23
2025;57402;23
2025;98409;23
2025;74655;23
2025;9772;23
2025;78256;23
2025;1390309;23
2025;72667;23
2025;72663;23
2025;3677;23
2025;1317634;23
2025;84408;23
2025;5345;23
2025;1178672;23
2025;1483773;23
2025;72667;23
2025;1190667;23
2025;1163738;23
2025;8698;23
2025;6496;23
2025;84352;23
2025;7676;23
2025;1050663;23
2025;75821;23
2025;5001466;23
2025;8698;23
2025;7676;23
2025;84408;23
2025;49060;23
2025;1453564;23
2025;19434;23
2025;7105;23
2025;1180318;23
2025;9805;23
2025;1408507;23
2025;1184047;23
2025;1173014;23
2025;1200712;23
2025;87537;23
2025;1399616;23
2025;98506;23
2025;20249;23
2025;868;23
2025;1104264;23
2025;7414;23
2025;5000931;23
2025;79007;23
2025;7414;23
2025;2348;23
2025;9772;23
2025;7414;23
2025;98406;23
2025;78256;23
2025;1349675;23
2025;18447;23
2025;1184047;23
2025;11446;23
2025;74594;23
2025;5000933;23
2025;1455021;23
2025;107666;23
2025;868;23
2025;1421013;23
2025;1029204;23
2025;12813;23
2025;1342536;23
2025;69464;23
2025;14234;23
2025;84352;23
2025;64918;23
2025;1258021;23
2025;79007;23
2025;72675;23
2025;5000930;23
2025;85652;23
2025;758;23
2025;1292713;23
2025;1399481;23
2025;1390309;23
2025;1518;23
2025;12345;23
2025;100688;23
2025;87941;23
2025;98406;23
2025;1408261;23
2025;1321864;23
2025;90084;23
2025;90059;23
2025;59174;23
2025;140;23
2025;12970;23
2025;5001167;23
2025;108014;23
2025;758;23
2025;90084;23
2025;82224;23
2025;14234;23
2025;72669;23
2025;1385538;23
2025;108884;23
2025;5000001;23
2025;20360;23
2025;38071;23
2025;5001300;23
2025;1477973;23
2025;72675;23
2025;18594;23
2025;98506;23
2025;20249;23
2025;13453;23
2025;1108786;23
2025;1408507;23
2025;18472;23
2025;1438629;23
2025;51835;23
2025;1330031;23
2025;1171609;23
2025;1349675;23
2025;1399619;23
2025;1399483;23
2025;1399481;23
2025;1173014;23
2025;74594;23
2025;5000812;23
2025;5001183;23
2025;5001294;23
2025;5000978;23
2025;74655;23
2025;1163738;23
2025;5001033;23
2025;64918;23
2025;1108786;23
2025;85652;23
2025;100958;23
2025;64918;23
2025;1180318;23
2025;74655;23
2025;12970;23
2025;7676;23
2025;1629;23
2025;12569;23
2025;12;23
2025;13601;23
2025;21542;23
2025;7676;23
2025;74655;23
2025;18594;23
2025;5001300;23
2025;38071;23
2025;54490;23
2025;1166567;23
2025;64918;23
2025;5001300;23
2025;9996;23
2025;6496;23
2025;6711;23
2025;90084;23
2025;1108281;23
2025;12970;23
2025;53338;23
2025;13601;23
2025;6496;23
2025;100956;23
2025;6496;23
2025;98506;23
2025;1390309;23
2025;71859;23
2025;1188127;23
2025;1408504;23
2025;8698;23
2025;5000812;23
2025;5000980;23
2025;98506;23
2025;85652;23
2025;72663;23
2025;78256;23
2025;74655;23
2025;1390309;23
2025;93001;23
2025;15475;23
2025;74594;23
2025;1135207;23
2025;15475;23
2025;90059;23
2025;14359;23
2025;15343;23
2025;1257524;23
2025;1179189;23
2025;1455021;23
2025;1397773;23
2025;5000812;23
2025;9988;23
2025;1390311;23
2025;1408508;23
2025;1342537;23
2025;1397773;23
2025;9805;23
2025;53338;23
2025;66361;23
2025;98406;23
2025;1485621;23
2025;1399480;23
2025;1363536;23
2025;1399486;23
2025;9996;23
2025;6496;23
2025;5000979;23
2025;1406536;23
2025;85652;23
2025;1183313;23
2025;1188127;23
2025;7676;23
2025;98409;23
2025;1184047;23
2025;72667;23
2025;1408504;23
2025;140;23
2025;1200578;23
2025;3148;23
2025;74655;23
2025;8437;23
2025;91219;23
2025;108882;23
2025;72667;23
2025;1108281;23
2025;1102360;23
2025;1163738;23
2025;5001183;23
2025;5000931;23
2025;1399618;23
2025;18594;23
2025;1189778;23
2025;1136509;23
2025;1188900;23
2025;7676;23
2025;1408509;23
2025;1879;23
2025;2392;23
2025;87941;23
2025;37304;23
2025;8437;23
2025;1108786;23
2025;5206;23
2025;59414;23
2025;7105;23
2025;11114;23
2025;1457006;23
2025;1029763;23
2025;10224;23
2025;5000930;23
2025;11233;23
2025;9996;23
2025;1168313;23
2025;7676;23
2025;1059179;23
2025;78256;23
2025;140;23
2025;5000980;23
2025;868;23
2025;1163738;23
2025;97679;23
2025;7705;23
2025;9326;23
2025;108882;23
2025;1257562;23
2025;5000979;23
2025;1180318;23
2025;2304;23
2025;5000933;23
2025;1184047;23
2025;12970;23
2025;1184047;23
2025;84352;23
2025;18472;23
2025;12015;23
2025;51835;23
2025;1184047;23
2025;1108281;23
2025;98406;23
2025;72667;23
2025;1419799;23
2025;19850;23
2025;72681;23
2025;7105;23
2025;1408505;23
2025;18472;23
2025;1200578;23
2025;90084;23
2025;5001300;23
2025;5000979;23
2025;93001;23
2025;15475;23
2025;1202553;23
2025;1173014;23
2025;18605;23
2025;1200578;23
2025;51835;23
2025;2304;23
2025;1200712;23
2025;1408504;23
2025;20360;23
2025;91219;23
2025;1185903;23
2025;1192188;23
2025;1408262;23
2025;1363536;23
2025;10224;23
2025;13866;23
2025;1192047;23
2025;82224;23
2025;100956;23
2025;5000812;23
2025;1059179;23
2025;90059;23
2025;1136509;23
2025;5000980;23
2025;868;23
2025;868;23
2025;1184047;23
2025;1363536;23
2025;5000980;23
2025;1185076;23
2025;85652;23
2025;7105;23
2025;14234;23
2025;19294;23
2025;7676;23
2025;7676;23
2025;100958;23
2025;90059;23
2025;1173014;23
2025;57852;23
2025;57402;23
2025;57402;23
2025;1330031;23
2025;140;23
2025;5345;23
2025;1184432;23
2025;3418;23
2025;1342536;23
2025;72667;23
2025;59174;23
2025;5001300;23
2025;1399615;23
2025;1173014;23
2025;1397772;23
2025;2304;23
2025;74594;23
2025;1408259;23
2025;64918;23
2025;20360;23
2025;1448710;23
2025;1188900;23
2025;1399486;23
2025;87537;23
2025;8437;23
2025;2918;23
2025;10224;23
2025;10591;23
2025;1102360;23
2025;101228;23
2025;5000978;23
2025;4503;23
2025;6496;23
2025;90483;23
2025;108014;23
2025;20360;23
2025;1108786;23
2025;1179501;23
2025;74594;23
2025;7676;23
2025;6496;23
2025;1327450;23
2025;57402;23
2025;1725;23
2025;1189778;23
2025;1190667;23
2025;75821;23
2025;14093;23
2025;1029204;23
2025;5345;23
2025;1399478;23
2025;5345;23
2025;97679;23
2025;59414;23
2025;72681;23
2025;9805;23
2025;5000980;23
2025;5001300;23
2025;5000930;23
2025;1399616;23
2025;64918;23
2025;1168313;23
2025;1399489;23
2025;90084;23
2025;21542;23
2025;4503;23
2025;64918;23
2025;1184325;23
2025;868;23
2025;1390309;23
2025;11114;23
2025;107666;23
2025;1399618;23
2025;5000001;23
2025;18447;23
2025;99476;23
2025;20249;23
2025;121850;23
2025;1136509;23
2025;108882;23
2025;2392;23
2025;1419799;23
2025;5001294;23
2025;20249;23
2025;3148;23
2025;9326;23
2025;90084;23
2025;20058;23
2025;5000981;23
2025;1258023;23
2025;1135207;23
2025;72669;23
2025;1192047;23
2025;90847;23
2025;1342536;23
2025;19206;23
2025;14359;23
2025;4503;23
2025;10289;23
2025;1408504;23
2025;1408507;23
2025;1029204;23
2025;5001033;23
2025;5206;23
2025;14234;23
2025;1397772;23
2025;1390309;23
2025;1184047;23
2025;1385538;23
2025;10224;23
2025;3677;23
2025;1171609;23
2025;84408;23
2025;78256;23
2025;11446;23
2025;5000812;23
2025;1399477;23
2025;10591;23
2025;868;23
2025;78256;23
2025;1399618;23
2025;1184047;23
2025;98506;23
2025;1179189;23
2025;90059;23
2025;19850;23
2025;66248;23
2025;5000979;23
2025;1629;23
2025;1438629;23
2025;87941;23
2025;868;23
2025;90483;23
2025;98506;23
2025;5000841;23
2025;2304;23
2025;5000980;23
2025;19434;23
2025;1342537;23
2025;84352;23
2025;1397771;23
2025;868;23
2025;1184047;23
2025;1108786;23
2025;1184047;23
2025;1408259;23
2025;5345;23
2025;1399481;23
2025;20360;23
2025;72663;23
2025;5001294;23
2025;1399478;23
2025;5000979;23
2025;1399484;23
2025;60660;23
2025;7676;23
2025;5000979;23
2025;9996;23
2025;1399617;23
2025;85652;23
2025;108882;23
2025;1029204;23
2025;7105;23
2025;1135207;23
2025;79007;23
2025;18605;23
2025;97679;23
2025;1168313;23
2025;3677;23
2025;5000978;23
2025;20249;23
2025;7705;23
2025;9996;23
2025;91219;23
2025;98409;23
2025;5000980;23
2025;108014;23
2025;1029204;23
2025;6496;23
2025;59414;23
2025;2392;23
2025;7105;23
2025;1445016;23
2025;84352;23
2025;57402;23
2025;1163738;23
2025;91399;23
2025;3677;23
2025;1427370;23
2025;7105;23
2025;1427419;23
2025;1192047;23
2025;1257777;23
2025;1184047;23
2025;86288;23
2025;12569;23
2025;97679;23
2025;1107;23
2025;1200578;23
2025;18447;23
2025;1192188;23
2025;5345;23
2025;1192237;23
2025;1059179;23
2025;57852;23
2025;5001167;23
2025;91219;23
2025;1399287;23
2025;6496;23
2025;1188900;23
2025;1399483;23
2025;7676;23
2025;72667;23
2025;74655;23
2025;53338;23
2025;1189607;23
2025;18594;23
2025;64918;23
2025;14234;23
2025;90483;23
2025;8437;23
2025;1408507;23
2025;1399480;23
2025;12569;23
2025;91219;23
2025;1188900;23
2025;1184325;23
2025;71689;23
2025;1173014;23
2025;1399487;23
2025;1457503;23
2025;19434;23
2025;18447;23
2025;6496;23
2025;93001;23
2025;64918;23
2025;71859;23
2025;84352;23
2025;72767;23
2025;1189607;23
2025;51835;23
2025;10222;23
2025;1108786;23
2025;1465625;23
2025;4503;23
2025;1314146;23
2025;1477973;23
2025;140;23
2025;20360;23
2025;1163738;23
2025;1190280;23
2025;11114;23
2025;97679;23
2025;9988;23
2025;66361;23
2025;1258021;23
2025;20058;23
2025;1390309;23
2025;49060;23
2025;12569;23
2025;1267038;23
2025;4503;23
2025;1399478;23
2025;1107;23
2025;5001183;23
2025;1397771;23
2025;19850;23
2025;97679;23
2025;7676;23
2025;1192237;23
2025;1184047;23
2025;2918;23
2025;5000979;23
2025;49060;23
2025;5000979;23
2025;1399480;23
2025;1399478;23
2025;1059179;23
2025;7676;23
2025;57402;23
2025;1188127;23
2025;9988;23
2025;9772;23
2025;1399481;23
2025;1397772;23
2025;86356;23
2025;19850;23
2025;5000979;23
2025;5000930;23
2025;868;23
2025;13601;23
2025;10224;23
2025;1399481;23
2025;90483;23
2025;1342536;23
2025;1457503;23
2025;13723;23
2025;5000979;23
2025;13996;23
2025;59174;23
2025;12692;23
2025;1399480;23
2025;1136509;23
2025;69464;23
2025;1136509;23
2025;57402;23
2025;20360;23
2025;5001450;23
2025;18605;23
2025;107666;23
2025;5000979;23
2025;6711;23
2025;1184060;23
2025;1465625;23
2025;5345;23
2025;64918;23
2025;1399486;23
2025;1163738;23
2025;1321864;23
2025;1477973;23
2025;75821;23
2025;100956;23
2025;1295813;23
2025;11114;23
2025;49060;23
2025;12345;23
2025;5000981;23
2025;87537;23
2025;1278877;23
2025;18447;23
2025;18472;23
2025;54490;23
2025;1184432;23
2025;1278877;23
2025;71859;23
2025;10224;23
2025;107766;23
2025;100956;23
2025;1399618;23
2025;5001101;23
2025;75821;23
2025;10224;23
2025;1390309;23
2025;19434;23
2025;1457707;23
2025;5345;23
2025;5001314;23
2025;1257524;23
2025;1390311;23
2025;5001033;23
2025;3418;23
2025;1136509;23
2025;868;23
2025;1185025;23
2025;7676;23
2025;108884;23
2025;11114;23
2025;72667;23
2025;6496;23
2025;15475;23
2025;1322329;23
2025;60660;23
2025;1184325;23
2025;1486822;23
2025;15475;23
2025;16236;23
2025;59414;23
2025;86288;23
2025;1399484;23
2025;72767;23
2025;1477973;23
2025;5000980;23
2025;1397771;23
2025;1163738;23
2025;100956;23
2025;7676;23
2025;1408262;23
2025;1107;23
2025;4503;23
2025;5000979;23
2025;4503;23
2025;1173014;23
2025;18447;23
2025;90084;23
2025;1193264;23
2025;84352;23
2025;64918;23
2025;10591;23
2025;758;23
2025;1399479;23
2025;1390309;23
2025;1178672;23
2025;1184047;23
2025;84408;23
2025;11114;23
2025;1448710;23
2025;1397771;23
2025;39415;23
2025;1408508;23
2025;18605;23
2025;758;23
2025;90084;23
2025;74655;23
2025;1427419;23
2025;48854;23
2025;10591;23
2025;5000001;23
2025;1408507;23
2025;15839;23
2025;4503;23
2025;85652;23
2025;1108786;23
2025;1216474;23
2025;59174;23
2025;72663;23
2025;84352;23
2025;108014;23
2025;59414;23
2025;1192188;23
2025;10222;23
2025;1363536;23
2025;87941;23
2025;59414;23
2025;14093;23
2025;60660;23
2025;9988;23
2025;5001314;23
2025;1399482;23
2025;1193275;23
2025;72675;23
2025;7414;23
2025;5000981;23
2025;5000930;23
2025;7705;23
2025;5000930;23
2025;1193759;23
2025;74594;23
2025;74655;23
2025;1408507;23
2025;1190667;23
2025;6496;23
2025;1190667;23
2025;71859;23
2025;72417;23
2025;90059;23
2025;15475;23
2025;84408;23
2025;12970;23
2025;59174;23
2025;1107;23
2025;5001300;23
2025;15839;23
2025;1445016;23
2025;11233;23
2025;5000980;23
2025;121850;23
2025;5000001;23
2025;57402;23
2025;65924;23
2025;1399478;23
2025;4503;23
2025;99476;23
2025;90084;23
2025;100688;23
2025;90084;23
2025;7705;23
2025;1171609;23
2025;1399486;23
2025;13200;23
2025;4503;23
2025;71859;23
2025;5000930;23
2025;15343;23
2025;5001314;23
2025;57402;23
2025;16904;23
2025;20249;23
2025;140;23
2025;1173014;23
2025;74594;23
2025;9996;23
2025;9988;23
2025;64918;23
2025;1399616;23
2025;64918;23
2025;39415;23
2025;100688;23
2025;82224;23
2025;1180318;23
2025;1408259;23
2025;87537;23
2025;7676;23
2025;6711;23
2025;1107;23
2025;69624;23
2025;19206;23
2025;1190280;23
2025;74655;23
2025;60660;23
2025;5000001;23
2025;5206;23
2025;1419799;23
2025;5000930;23
2025;72663;23
2025;13996;23
2025;1179189;23
2025;10224;23
2025;1465625;23
2025;1408507;23
2025;48854;23
2025;1190667;23
2025;1179189;23
2025;74594;23
2025;1191415;23
2025;1408259;23
2025;51835;23
2025;91219;23
2025;90059;23
2025;7705;23
2025;1390311;23
2025;14093;23
2025;5000979;23
2025;7676;23
2025;1108786;23
2025;1483768;23
2025;3148;23
2025;1399484;23
2025;59414;23
2025;87941;23
2025;868;23
2025;5000933;23
2025;12692;23
2025;54490;23
2025;1184325;23
2025;5000930;23
2025;72669;23
2025;1192188;23
2025;15475;23
2025;12569;23
2025;14093;23
2025;84352;23
2025;7676;23
2025;1408504;23
2025;100958;23
2025;37304;23
2025;72675;23
2025;98406;23
2025;1465625;23
2025;1163738;23
2025;74655;23
2025;5345;23
2025;9772;23
2025;1390309;23
2025;868;23
2025;1200712;23
2025;108882;23
2025;5000812;23
2025;11114;23
2025;1184325;23
2025;1267038;23
2025;14975;23
2025;14975;23
2025;7676;23
2025;1258021;23
2025;1427370;23
2025;1408509;23
2025;1264844;23
2025;1485621;23
2025;9772;23
2025;18447;23
2025;1408259;23
2025;1171609;23
2025;79007;23
2025;59414;23
2025;1399485;23
2025;107666;23
2025;1330031;23
2025;87537;23
2025;5001033;23
2025;1184432;23
2025;3677;23
2025;1108786;23
2025;5001300;23
2025;91399;23
2025;1399477;23
2025;1168313;23
2025;1408505;23
2025;57402;23
2025;12970;23
2025;1879;23
2025;75821;23
2025;4720;23
2025;1390309;23
2025;1192047;23
2025;5000930;23
2025;74655;23
2025;57402;23
2025;1173014;23
2025;75821;23
2025;8554;23
2025;66361;23
2025;6496;23
2025;69464;23
2025;5000930;23
2025;1317634;23
2025;5000931;23
2025;1185903;23
2025;85652;23
2025;10591;23
2025;64918;23
2025;10289;23
2025;1385521;23
2025;5909;23
2025;72669;23
2025;8437;23
2025;1171609;23
2025;78256;23
2025;86288;23
2025;75821;23
2025;5000931;23
2025;11316;23
2025;5000001;23
2025;87537;23
2025;12970;23
2025;1408508;23
2025;99476;23
2025;100688;23
2025;84408;23
2025;18472;23
2025;868;23
2025;5001033;23
2025;1166567;23
2025;1408261;23
2025;1363536;23
2025;1408261;23
2025;1314146;23
2025;10591;23
2025;4503;23
2025;5206;23
2025;1399483;23
2025;5000979;23
2025;5000841;23
2025;6496;23
2025;1278877;23
2025;1408259;23
2025;1029204;23
2025;60660;23
2025;1314146;23
2025;99476;23
2025;15783;23
2025;93001;23
2025;1171609;23
2025;48854;23
2025;1399617;23
2025;38071;23
2025;8698;23
2025;1050663;23
2025;59174;23
2025;5000981;23
2025;19206;23
2025;1404416;23
2025;90483;23
2025;69464;23
2025;19294;23
2025;5345;23
2025;6711;23
2025;100956;23
2025;5000933;23
2025;1180318;23
2025;1200578;23
2025;72669;23
2025;100956;23
2025;5345;23
2025;11446;23
2025;1408261;23
2025;1330031;23
2025;51835;23
2025;2304;23
2025;5345;23
2025;1185025;23
2025;82224;23
2025;758;23
2025;100956;23
2025;1264844;23
2025;1264844;23
2025;5345;23
2025;5000979;23
2025;9805;23
2025;57402;23
2025;7705;23
2025;5000979;23
2025;108884;23
2025;39415;23
2025;1184060;23
2025;1135207;23
2025;14093;23
2025;11114;23
2025;20249;23
2025;1190667;23
2025;84352;23
2025;1399616;23
2025;1477973;23
2025;107766;23
2025;1200578;23
2025;10289;23
2025;1321864;23
2025;8960;23
2025;5000981;23
2025;5000001;23
2025;72675;23
2025;1192188;23
2025;7676;23
2025;107666;23
2025;1257777;23
2025;82224;23
2025;1163738;23
2025;868;23
2025;11114;23
2025;1168313;23
2025;5000980;23
2025;1445016;23
2025;20249;23
2025;1363536;23
2025;90483;23
2025;18594;23
2025;1184432;23
2025;9772;23
2025;140;23
2025;5000979;23
2025;1399489;23
2025;1295813;23
2025;71859;23
2025;4720;23
2025;1725;23
2025;15475;23
2025;1408259;23
2025;1180318;23
2025;97679;23
2025;1419799;23
2025;1477973;23
2025;1184047;23
2025;74655;23
2025;1180318;23
2025;8437;23
2025;64918;23
2025;57402;23
2025;1399618;23
2025;2304;23
2025;85652;23
2025;1258023;23
2025;72669;23
2025;1399479;23
2025;84352;23
2025;7676;23
2025;1399479;23
2025;1397772;23
2025;1108281;23
2025;84408;23
2025;1179189;23
2025;107666;23
2025;11114;23
2025;7676;23
2025;1363536;23
2025;1163738;23
2025;57402;23
2025;868;23
2025;108884;23
2025;69464;23
2025;12345;23
2025;72675;23
2025;1390309;23
2025;1438629;23
2025;1278877;23
2025;1102360;23
2025;93001;23
2025;108882;23
2025;13996;23
2025;6496;23
2025;7414;23
2025;5000812;23
2025;12569;23
2025;140;23
2025;1483773;23
2025;1397773;23
2025;5001183;23
2025;51835;23
2025;57852;23
2025;7676;23
2025;98506;23
2025;5001033;23
2025;1278877;23
2025;74594;23
2025;6711;23
2025;7676;23
2025;1399482;23
2025;1188127;23
2025;71859;23
2025;60660;23
2025;6711;23
2025;19850;23
2025;8698;23
2025;6496;23
2025;64918;23
2025;90084;23
2025;9805;23
2025;2304;23
2025;98406;23
2025;20058;23
2025;7676;23
2025;84352;23
2025;1171609;23
2025;13996;23
2025;1408261;23
2025;5000812;23
2025;9996;23
2025;98406;23
2025;4503;23
2025;97679;23
2025;99476;23
2025;1342536;23
2025;19206;23
2025;9996;23
2025;5000930;23
2025;5001294;23
2025;1483773;23
2025;74655;23
2025;140;23
2025;86356;23
2025;8698;23
2025;72681;23
2025;7676;23
2025;71859;23
2025;1399486;23
2025;5001033;23
2025;5000979;23
2025;18472;23
2025;1109361;23
2025;5000930;23
2025;1445016;23
2025;72667;23
2025;60660;23
2025;13996;23
2025;97679;23
2025;1173014;23
2025;5920;23
2025;5001300;23
2025;19294;23
2025;18594;23
2025;2304;23
2025;74655;23
2025;1408509;23
2025;1180318;23
2025;100958;23
2025;87941;23
2025;100956;23
2025;57402;23
2025;1477973;23
2025;1518;23
2025;1188900;23
2025;1107;23
2025;9772;23
2025;1385538;23
2025;74594;23
2025;12569;23
2025;1179189;23
2025;5206;23
2025;16904;23
2025;1192237;23
2025;108014;23
2025;93001;23
2025;98406;23
2025;75821;23
2025;8437;23
2025;8698;23
2025;6496;23
2025;1184047;23
2025;90084;23
2025;1171609;23
2025;20058;23
2025;57402;23
2025;5001033;23
2025;1135207;23
2025;1180318;23
2025;93001;23
2025;1192047;23
2025;11114;23
2025;87537;23
2025;20058;23
2025;84352;23
2025;1135207;23
2025;5000978;23
2025;1390317;23
2025;18447;23
2025;57402;23
2025;8698;23
2025;1193275;23
2025;5001167;23
2025;1190667;23
2025;14359;23
2025;9988;23
2025;1059179;23
2025;5000981;23
2025;93001;23
2025;13103;23
2025;1330031;23
2025;1314146;23
2025;1136509;23
2025;11233;23
2025;1179501;23
2025;107666;23
2025;85652;23
2025;74655;23
2025;2918;23
2025;1330031;23
2025;48854;23
2025;11446;23
2025;10289;23
2025;1171609;23
2025;65114;23
2025;1258021;23
2025;1363536;23
2025;5001183;23
2025;13103;23
2025;39415;23
2025;1445016;23
2025;1267038;23
2025;7676;23
2025;1107;23
2025;98506;23
2025;7676;23
2025;19206;23
2025;20058;23
2025;98506;23
2025;7705;23
2025;108884;23
2025;19850;23
2025;1184325;23
2025;98406;23
2025;72681;23
2025;11114;23
2025;1363536;23
2025;1029204;23
2025;98406;23
2025;16904;23
2025;9772;23
2025;1258021;23
2025;868;23
2025;8437;23
2025;100958;23
2025;1178672;23
2025;74655;23
2025;20360;23
2025;64918;23
2025;91219;23
2025;1399488;23
2025;93001;23
2025;7705;23
2025;1421100;23
2025;14615;23
2025;10224;23
2025;107666;23
2025;1190621;23
2025;20360;23
2025;98409;23
2025;1419799;23
2025;59174;23
2025;90059;23
2025;9996;23
2025;1390311;23
2025;1397772;23
2025;5001183;23
2025;1192047;23
2025;74594;23
2025;15839;23
2025;84408;23
2025;1168313;23
2025;13103;23
2025;5001033;23
2025;1419799;23
2025;1184325;23
2025;98406;23
2025;14975;23
2025;5000931;23
2025;98409;23
2025;1135207;23
2025;1108281;23
2025;9988;23
2025;5000979;23
2025;1457707;23
2025;9772;23
2025;90091;23
2025;108884;23
2025;72681;23
2025;1399617;23
2025;12970;23
2025;99476;23
2025;59174;23
2025;87537;23
2025;5000979;23
2025;64918;23
2025;2392;23
2025;1397771;23
2025;4503;23
2025;49060;23
2025;5345;23
2025;1261971;23
2025;6496;23
2025;7676;23
2025;12015;23
2025;19294;23
2025;10289;23
2025;2304;23
2025;1108281;23
2025;1317634;23
2025;1178524;23
2025;140;23
2025;49060;23
2025;1427419;23
2025;1171609;23
2025;84352;23
2025;1390309;23
2025;9988;23
2025;868;23
2025;1408505;23
2025;19850;23
2025;9772;23
2025;108884;23
2025;108884;23
2025;1258021;23
2025;11114;23
2025;1050663;23
2025;20058;23
2025;108884;23
2025;1163738;23
2025;98409;23
2025;1200712;23
2025;5000979;23
2025;5000979;23
2025;2304;23
2025;59174;23
2025;1192047;23
2025;7676;23
2025;9988;23
2025;38071;23
2025;7414;23
2025;5001427;23
2025;49060;23
2025;11114;23
2025;1178524;23
2025;72669;23
2025;11114;23
2025;1629;23
2025;90084;23
2025;59174;23
2025;20360;23
2025;1385521;23
2025;86356;23
2025;20360;23
2025;10224;23
2025;99476;23
2025;1193275;23
2025;107766;23
2025;2695;23
2025;107766;23
2025;1421013;23
2025;9996;23
2025;20249;23
2025;5001183;23
2025;1136509;23
2025;19294;23
2025;1189607;23
2025;1399481;23
2025;1185025;23
2025;99476;23
2025;98406;23
2025;868;23
2025;98406;23
2025;91219;23
2025;74594;23
2025;1029204;23
2025;84352;23
2025;57402;23
2025;1188900;23
2025;5000981;23
2025;868;23
2025;1202573;23
2025;1390317;23
2025;4720;23
2025;87537;23
2025;5000841;23
2025;1184047;23
2025;38071;23
2025;107666;23
2025;87941;23
2025;1171609;23
2025;14563;23
2025;1178672;23
2025;51835;23
2025;60660;23
2025;1438629;23
2025;5000979;23
2025;1267038;23
2025;1102360;23
2025;10224;23
2025;98406;23
2025;1179501;23
2025;87941;23
2025;1385521;23
2025;5001167;23
2025;868;23
2025;9988;23
2025;2918;23
2025;4503;23
2025;100958;23
2025;1419799;23
2025;15475;23
2025;20249;23
2025;4503;23
2025;11114;23
2025;1108786;23
2025;107666;23
2025;1188849;23
2025;11114;23
2025;90084;23
2025;1330031;23
2025;1192188;23
2025;1518495;23
2025;107666;23
2025;108884;23
2025;51835;23
2025;12970;23
2025;7676;23
2025;98406;23
2025;100956;23
2025;1725;23
2025;12345;23
2025;59174;23
2025;1399481;23
2025;71859;23
2025;5001183;23
2025;84352;23
2025;1108786;23
2025;108882;23
2025;72669;23
2025;58412;23
2025;10591;23
2025;100956;23
2025;19850;23
2025;5000980;23
2025;14359;23
2025;21542;23
2025;57402;23
2025;1399486;23
2025;1385521;23
2025;85652;23
2025;1178672;23
2025;6496;23
2025;20249;23
2025;5000980;23
2025;20058;23
2025;1179189;23
2025;1295813;23
2025;5000979;23
2025;6711;23
2025;72767;23
2025;1397771;23
2025;1292713;23
2025;7705;23
2025;1399479;23
2025;9772;23
2025;1629;23
2025;1342536;23
2025;84408;23
2025;1399486;23
2025;98406;23
2025;868;23
2025;108882;23
2025;18605;23
2025;121850;23
2025;5001033;23
2025;11114;23
2025;1188900;23
2025;107666;23
2025;10591;23
2025;1276878;23
2025;1421013;23
2025;10224;23
2025;1102360;23
2025;1200578;23
2025;1438629;23
2025;1179189;23
2025;8437;23
2025;1363536;23
2025;20058;23
2025;1408509;23
2025;3677;23
2025;7414;23
2025;75821;23
2025;74655;23
2025;14234;23
2025;1322329;23
2025;93001;23
2025;108884;23
2025;85652;23
2025;78256;23
2025;100958;23
2025;19850;23
2025;85652;23
2025;99476;23
2025;1178672;23
2025;60660;23
2025;5000812;23
2025;74655;23
2025;16904;23
2025;1190667;23
2025;19850;23
2025;5000981;23
2025;108014;23
2025;1184047;23
2025;98506;23
2025;1390311;23
2025;9996;23
2025;2304;23
2025;8698;23
2025;1314146;23
2025;12970;23
2025;1399480;23
2025;2392;23
2025;49060;23
2025;71859;23
2025;5000979;23
2025;1363536;23
2025;90059;23
2025;1184047;23
2025;5000930;23
2025;7105;23
2025;15475;23
2025;1399483;23
2025;98406;23
2025;16904;23
2025;74655;23
2025;38071;23
2025;5345;23
2025;7676;23
2025;7414;23
2025;12970;23
2025;1168313;23
2025;1725;23
2025;20360;23
2025;6711;23
2025;18605;23
2025;13601;23
2025;1385538;23
2025;64918;23
2025;51835;23
2025;1258021;23
2025;1257777;23
2025;98406;23
2025;1257777;23
2025;6711;23
2025;13996;23
2025;1257524;23
2025;5920;23
2025;2695;23
2025;6711;23
2025;1457503;23
2025;5001341;23
2025;4503;23
2025;1183313;23
2025;93001;23
2025;5001033;23
2025;5000979;23
2025;5000980;23
2025;1193759;23
2025;59414;23
2025;1408259;23
2025;1190667;23
2025;1390317;23
2025;90084;23
2025;1184047;23
2025;13200;23
2025;51835;23
2025;7705;23
2025;91219;23
2025;1427419;23
2025;1408509;23
2025;19850;23
2025;64918;23
2025;98406;23
2025;15475;23
2025;107666;23
2025;10224;23
2025;1486298;23
2025;5001167;23
2025;72667;23
2025;59174;23
2025;15343;23
2025;7676;23
2025;49910;23
2025;1399480;23
2025;1342536;23
2025;72667;23
2025;72681;23
2025;59174;23
2025;5000930;23
2025;1404416;23
2025;18447;23
2025;1399479;23
2025;1399486;23
2025;66361;23
2025;1193264;23
2025;1257777;23
2025;5001167;23
2025;1427419;23
2025;1163738;23
2025;11114;23
2025;5000981;23
2025;5000933;23
2025;1399480;23
2025;93001;23
2025;79007;23
2025;1184047;23
2025;72675;23
2025;1192047;23
2025;5000931;23
2025;19850;23
2025;66248;23
2025;5000930;23
2025;1179189;23
2025;7676;23
2025;1108281;23
2025;1193275;23
2025;5000931;23
2025;6496;23
2025;1408505;23
2025;71859;23
2025;20058;23
2025;5000981;23
2025;71859;23
2025;1427419;23
2025;20058;23
2025;12970;23
2025;84352;23
2025;7705;23
2025;90059;23
2025;74594;23
2025;74655;23
2025;1104264;23
2025;49060;23
2025;93001;23
2025;1136509;23
2025;1518;23
2025;1483759;23
2025;69624;23
2025;1445016;23
2025;18605;23
2025;2392;23
2025;13601;23
2025;1278877;23
2025;12345;23
2025;1397771;23
2025;1029204;23
2025;1408261;23
2025;1321864;23
2025;8698;23
2025;1179501;23
2025;1184047;23
2025;2304;23
2025;74594;23
2025;5000981;23
2025;97679;23
2025;98506;23
2025;1184047;23
2025;49060;23
2025;14093;23
2025;84352;23
2025;2392;23
2025;65924;23
2025;8698;23
2025;1448710;23
2025;66361;23
2025;11446;23
2025;74594;23
2025;93001;23
2025;1399481;23
2025;10224;23
2025;79007;23
2025;5001033;23
2025;1725;23
2025;6711;23
2025;868;23
2025;18472;23
2025;59174;23
2025;1108281;23
2025;6711;23
2025;1108281;23
2025;54490;23
2025;74594;23
2025;12;23
2025;98506;23
2025;1258021;23
2025;6496;23
2025;9805;23
2025;1029204;23
2025;5001450;23
2025;86356;23
2025;1180318;23
2025;98409;23
2025;12970;23
2025;18605;23
2025;1399483;23
2025;82224;23
2025;57402;23
2025;5000930;23
2025;64918;23
2025;1184060;23
2025;1399486;23
2025;48854;23
2025;1192237;23
2025;1486298;23
2025;93001;23
2025;1408509;23
2025;1465625;23
2025;1399619;23
2025;7676;23
2025;1390317;23
2025;1399485;23
2025;1399619;23
2025;1185903;23
2025;86288;23
2025;5000930;23
2025;108014;23
2025;5001294;23
2025;59174;23
2025;4503;23
2025;1258021;23
2025;48854;23
2025;5000930;23
2025;72669;23
2025;121850;23
2025;16236;23
2025;20058;23
2025;16904;23
2025;1399486;23
2025;8698;23
2025;13601;23
2025;20058;23
2025;19206;23
2025;5345;23
2025;57402;23
2025;5000981;23
2025;107666;23
2025;74594;23
2025;5001294;23
2025;8698;23
2025;1108786;23
2025;5001183;23
2025;6496;23
2025;1190667;23
2025;19206;23
2025;5001294;23
2025;1188127;23
2025;1483773;23
2025;5000979;23
2025;1163738;23
2025;90084;23
2025;98506;23
2025;5001294;23
2025;1059179;23
2025;1453564;23
2025;12345;23
2025;1135207;23
2025;1188900;23
2025;7105;23
2025;74655;23
2025;5000979;23
2025;1184047;23
2025;1408261;23
2025;5345;23
2025;74655;23
2025;107766;23
2025;87537;23
2025;97679;23
2025;389;23
2025;1108786;23
2025;57402;23
2025;1385538;23
2025;13601;23
2025;9805;23
2025;1202553;23
2025;1184047;23
2025;91219;23
2025;18472;23
2025;5000841;23
2025;8437;23
2025;64918;23
2025;1879;23
2025;1185903;23
2025;2392;23
2025;15475;23
2025;1390317;23
2025;107666;23
2025;15839;23
2025;15839;23
2025;99476;23
2025;1200578;23
2025;86356;23
2025;1059179;23
2025;5000981;23
2025;19850;23
2025;1363536;23
2025;5000979;23
2025;1102360;23
2025;1448710;23
2025;74655;23
2025;1399617;23
2025;8698;23
2025;8437;23
2025;8437;23
2025;90084;23
2025;1179189;23
2025;75821;23
2025;108884;23
2025;4503;23
2025;13601;23
2025;5345;23
2025;1184432;23
2025;1257524;23
2025;1109361;23
2025;1173014;23
2025;868;23
2025;1107;23
2025;90059;23
2025;1184047;23
2025;6496;23
2025;1135207;23
2025;1192047;23
2025;59174;23
2025;12970;23
2025;99476;23
2025;1193275;23
2025;9996;23
2025;60660;23
2025;13601;23
2025;1295813;23
2025;59414;23
2025;1385538;23
2025;1178524;23
2025;5001167;23
2025;1399484;23
2025;87537;23
2025;51835;23
2025;64918;23
2025;72669;23
2025;5000931;23
2025;108882;23
2025;1108786;23
2025;8960;23
2025;1322329;23
2025;86356;23
2025;1342536;23
2025;100956;23
2025;6496;23
2025;5000981;23
2025;93001;23
2025;91219;23
2025;6496;23
2025;1214209;23
2025;59174;23
2025;10591;23
2025;84352;23
2025;1102360;23
2025;59414;23
2025;1108786;23
2025;1465625;23
2025;74655;23
2025;5000812;23
2025;1399488;23
2025;90084;23
2025;1107;23
2025;15343;23
2025;1180318;23
2025;72681;23
2025;8437;23
2025;8437;23
2025;6711;23
2025;78256;23
2025;5000980;23
2025;87537;23
2025;100956;23
2025;8698;23
2025;64918;23
2025;2304;23
2025;51835;23
2025;20360;23
2025;72675;23
2025;15475;23
2025;9988;23
2025;1483768;23
2025;9805;23
2025;72669;23
2025;8698;23
2025;5909;23
2025;90059;23
2025;90084;23
2025;1108786;23
2025;2304;23
2025;19206;23
2025;84408;23
2025;98409;23
2025;74594;23
2025;74655;23
2025;59414;23
2025;1184047;23
2025;9805;23
2025;5345;23
2025;100958;23
2025;8554;23
2025;1108786;23
2025;18447;23
2025;1399482;23
2025;5001033;23
2025;1408262;23
2025;10591;23
2025;1190280;23
2025;57402;23
2025;100956;23
2025;1399479;23
2025;1399480;23
2025;74655;23
2025;10224;23
2025;1477973;23
2025;90084;23
2025;59414;23
2025;1276878;23
2025;1330031;23
2025;5001450;23
2025;100688;23
2025;1168313;23
2025;99476;23
2025;108884;23
2025;1408262;23
2025;19434;23
2025;98406;23
2025;90847;23
2025;1107;23
2025;1190667;23
2025;90084;23
2025;74655;23
2025;5000930;23
2025;12813;23
2025;6711;23
2025;72667;23
2025;54494;23
2025;1486822;23
2025;108884;23
2025;6496;23
2025;72667;23
2025;6496;23
2025;5000930;23
2025;91219;23
2025;64918;23
2025;8698;23
2025;7705;23
2025;1184047;23
2025;1438629;23
2025;1278877;23
2025;1408261;23
2025;2304;23
2025;5000841;23
2025;2304;23
2025;1029204;23
2025;79007;23
2025;1455021;23
2025;140;23
2025;13723;23
2025;20360;23
2025;9805;23
2025;6496;23
2025;107666;23
2025;1399618;23
2025;5920;23
2025;100956;23
2025;48854;23
2025;7676;23
2025;2695;23
2025;1408505;23
2025;13996;23
2025;9996;23
2025;1385521;23
2025;71689;23
2025;5001167;23
2025;5000931;23
2025;1397771;23
2025;5000812;23
2025;1314146;23
2025;2392;23
2025;2304;23
2025;1171609;23
2025;84352;23
2025;19206;23
2025;15343;23
2025;15343;23
2025;14093;23
2025;1102360;23
2025;60660;23
2025;5206;23
2025;9772;23
2025;1267038;23
2025;1342536;23
2025;51835;23
2025;9772;23
2025;6496;23
2025;1330031;23
2025;5206;23
2025;15475;23
2025;1184047;23
2025;1408507;23
2025;7414;23
2025;108882;23
2025;1342536;23
2025;108014;23
2025;9805;23
2025;8437;23
2025;1184047;23
2025;1185025;23
2025;86356;23
2025;1408259;23
2025;74655;23
2025;5000980;23
2025;1427419;23
2025;87537;23
2025;1104264;23
2025;5001167;23
2025;1193759;23
2025;6496;23
2025;1192047;23
2025;13103;23
2025;1399617;23
2025;1363536;23
2025;1399287;23
2025;1421013;23
2025;72669;23
2025;1408505;23
2025;1184047;23
2025;1183313;23
2025;1184047;23
2025;1321864;23
2025;4503;23
2025;5001466;23
2025;1192237;23
2025;69464;23
2025;72669;23
2025;1193264;23
2025;1399486;23
2025;1171609;23
2025;5000979;23
2025;1330031;23
2025;72681;23
2025;100956;23
2025;1455021;23
2025;9805;23
2025;1104264;23
2025;79007;23
2025;93001;23
2025;1342536;23
2025;90084;23
2025;5000001;23
2025;5001183;23
2025;7676;23
2025;14359;23
2025;20058;23
2025;7705;23
2025;1397771;23
2025;1399481;23
2025;90847;23
2025;1184047;23
2025;1518;23
2025;1385538;23
2025;72667;23
2025;1408507;23
2025;121850;23
2025;93001;23
2025;1189778;23
2025;2392;23
2025;57402;23
2025;18472;23
2025;11114;23
2025;1399483;23
2025;57852;23
2025;15475;23
2025;59174;23
2025;5001183;23
2025;1108786;23
2025;5001341;23
2025;12345;23
2025;1399478;23
2025;1390311;23
2025;12569;23
2025;1421100;23
2025;97679;23
2025;15475;23
2025;1321864;23
2025;5000979;23
2025;1399478;23
2025;86288;23
2025;5000979;23
2025;1192237;23
2025;1427419;23
2025;37304;23
2025;98406;23
2025;72675;23
2025;5000979;23
2025;1448710;23
2025;100958;23
2025;1193275;23
2025;5000930;23
2025;1295813;23
2025;1108281;23
2025;69624;23
2025;1184325;23
2025;12692;23
2025;5345;23
2025;20249;23
2025;16236;23
2025;1192237;23
2025;72675;23
2025;1427419;23
2025;1190667;23
2025;1397771;23
2025;18472;23
2025;1486822;23
2025;1486298;23
2025;8437;23
2025;15475;23
2025;1192188;23
2025;7705;23
2025;2392;23
2025;11114;23
2025;9805;23
2025;1419799;23
2025;13996;23
2025;19850;23
2025;1059179;23
2025;1184047;23
2025;1258021;23
2025;72681;23
2025;78256;23
2025;2304;23
2025;11316;23
2025;1390317;23
2025;1385538;23
2025;93001;23
2025;72663;23
2025;9772;23
2025;9988;23
2025;1399483;23
2025;99476;23
2025;18472;23
2025;15475;23
2025;38071;23
2025;5000812;23
2025;1399287;23
2025;1408509;23
2025;1485621;23
2025;1399479;23
2025;98406;23
2025;5000930;23
2025;5001300;23
2025;72681;23
2025;5000930;23
2025;72681;23
2025;9772;23
2025;5000979;23
2025;1258021;23
2025;11114;23
2025;11114;23
2025;74655;23
2025;1390309;23
2025;5345;23
2025;1163738;23
2025;1445016;23
2025;101228;23
2025;12970;23
2025;10222;23
2025;75821;23
2025;9772;23
2025;74655;23
2025;1292725;23
2025;1102360;23
2025;1184060;23
2025;12569;23
2025;1399486;23
2025;1399614;23
2025;14093;23
2025;1136509;23
2025;98406;23
2025;5001294;23
2025;108014;23
2025;1188127;23
2025;2304;23
2025;1399287;23
2025;3148;23
2025;10591;23
2025;1184047;23
2025;758;23
2025;57402;23
2025;15475;23
2025;11114;23
2025;100958;23
2025;868;23
2025;5001294;23
2025;9988;23
2025;5000979;23
2025;1629;23
2025;1163738;23
2025;5000980;23
2025;8698;23
2025;1445016;23
2025;1200712;23
2025;87537;23
2025;1483768;23
2025;4082;23
2025;5000979;23
2025;1483773;23
2025;100956;23
2025;1200712;23
2025;8437;23
2025;7676;23
2025;5345;23
2025;15475;23
2025;48854;23
2025;5345;23
2025;75821;23
2025;9996;23
2025;1390309;23
2025;90084;23
2025;8960;23
2025;1189607;23
2025;1193275;23
2025;1184047;23
2025;74655;23
2025;74594;23
2025;1185903;23
2025;1146605;23
2025;5000930;23
2025;1184047;23
2025;1102360;23
2025;1173014;23
2025;60660;23
2025;60660;23
2025;1408259;23
2025;13103;23
2025;8698;23
2025;5000978;23
2025;13996;23
2025;90084;23
2025;1184325;23
2025;7676;23
2025;5001183;23
2025;72681;23
2025;18472;23
2025;1879;23
2025;5001183;23
2025;108884;23
2025;7105;23
2025;5001033;23
2025;98506;23
2025;108884;23
2025;18472;23
2025;1108786;23
2025;1104264;23
2025;98406;23
2025;1171609;23
2025;108882;23
2025;13601;23
2025;1399479;23
2025;868;23
2025;10591;23
2025;1192047;23
2025;20249;23
2025;15343;23
2025;1184047;23
2025;1408505;23
2025;100688;23
2025;1399486;23
2025;1453564;23
2025;1191415;23
2025;1135207;23
2025;11114;23
2025;10222;23
2025;1258021;23
2025;1408259;23
2025;1188127;23
2025;1342536;23
2025;1191415;23
2025;1050663;23
2025;4503;23
2025;100958;23
2025;1399287;23
2025;87537;23
2025;15343;23
2025;90059;23
2025;1190667;23
2025;1193275;23
2025;1168313;23
2025;1390309;23
2025;1483773;23
2025;5000001;23
2025;5001183;23
2025;1725;23
2025;1102360;23
2025;7105;23
2025;7676;23
2025;91219;23
2025;1171609;23
2025;72669;23
2025;1399477;23
2025;12345;23
2025;59414;23
2025;99476;23
2025;7676;23
2025;2918;23
2025;97679;23
2025;1109361;23
2025;9988;23
2025;12569;23
2025;1171609;23
2025;10591;23
2025;1185076;23
2025;14359;23
2025;1399481;23
2025;11114;23
2025;84408;23
2025;1408259;23
2025;5000979;23
2025;1390309;23
2025;1184060;23
2025;13453;23
2025;100958;23
2025;5206;23
2025;7676;23
2025;13103;23
2025;100956;23
2025;5000001;23
2025;72675;23
2025;98506;23
2025;5000978;23
2025;90847;23
2025;72681;23
2025;1184047;23
2025;3418;23
2025;1108281;23
2025;5001300;23
2025;49060;23
2025;20249;23
2025;91219;23
2025;15475;23
2025;5000930;23
2025;79007;23
2025;7705;23
2025;18447;23
2025;79007;23
2025;7414;23
2025;18447;23
2025;1879;23
2025;1179189;23
2025;5920;23
2025;18472;23
2025;1408507;23
2025;57402;23
2025;108882;23
2025;38071;23
2025;1029204;23
2025;72681;23
2025;1399616;23
2025;1171609;23
2025;14359;23
2025;57402;23
2025;15839;23
2025;107766;23
2025;1200712;23
2025;13601;23
2025;1108281;23
2025;868;23
2025;1178672;23
2025;5206;23
2025;1180318;23
2025;5000930;23
2025;1385521;23
2025;98406;23
2025;99476;23
2025;79007;23
2025;59414;23
2025;12970;23
2025;5000979;23
2025;1184060;23
2025;1321864;23
2025;100688;23
2025;6496;23
2025;1363536;23
2025;7676;23
2025;18447;23
2025;12692;23
2025;1107;23
2025;87941;23
2025;1314146;23
2025;1202539;23
2025;1485621;23
2025;93001;23
2025;1725;23
2025;1295813;23
2025;13200;23
2025;18447;23
2025;1629;23
2025;868;23
2025;7676;23
2025;5001294;23
2025;5000001;23
2025;1334344;23
2025;1189778;23
2025;5000812;23
2025;9988;23
2025;1390317;23
2025;1483768;23
2025;7676;23
2025;5000979;23
2025;59414;23
2025;12569;23
2025;72663;23
2025;59174;23
2025;1190667;23
2025;8437;23
2025;5000930;23
2025;4503;23
2025;11114;23
2025;74594;23
2025;6496;23
2025;1171609;23
2025;1258021;23
2025;1385521;23
2025;5000980;23
2025;1184432;23
2025;51835;23
2025;1399615;23
2025;5001183;23
2025;1059179;23
2025;1399480;23
2025;1171609;23
2025;5000980;23
2025;1363536;23
2025;1108281;23
2025;72675;23
2025;9996;23
2025;5345;23
2025;1173014;23
2025;91219;23
2025;1438629;23
2025;98406;23
2025;107666;23
2025;10224;23
2025;11233;23
2025;1059179;23
2025;1108786;23
2025;11446;23
2025;5001183;23
2025;90084;23
2025;19294;23
2025;1457707;23
2025;84408;23
2025;1349675;23
2025;107666;23
2025;1059179;23
2025;1879;23
2025;1419799;23
2025;10289;23
2025;7705;23
2025;18472;23
2025;90483;23
2025;38071;23
2025;1399480;23
2025;1518;23
2025;5001167;23
2025;10224;23
2025;72417;23
2025;1399480;23
2025;1487290;23
2025;1322329;23
2025;19850;23
2025;1399614;23
2025;86356;23
2025;1184060;23
2025;1399615;23
2025;5345;23
2025;7676;23
2025;1518;23
2025;90084;23
2025;1190280;23
2025;4503;23
2025;1399486;23
2025;5000979;23
2025;1193275;23
2025;87537;23
2025;1104264;23
2025;90084;23
2025;1173014;23
2025;1408259;23
2025;1485621;23
2025;72681;23
2025;75821;23
2025;1029204;23
2025;1190621;23
2025;1101742;23
2025;1190621;23
2025;1322329;23
2025;5001167;23
2025;59414;23
2025;20249;23
2025;48854;23
2025;11114;23
2025;93001;23
2025;13723;23
2025;8437;23
2025;1363536;23
2025;1173014;23
2025;97679;23
2025;13601;23
2025;85652;23
2025;1390309;23
2025;9805;23
2025;5000930;23
2025;1184060;23
2025;9772;23
2025;98506;23
2025;87537;23
2025;5001300;23
2025;1342536;23
2025;140;23
2025;20249;23
2025;84352;23
2025;12970;23
2025;1314146;23
2025;19294;23
2025;13103;23
2025;1295813;23
2025;5000981;23
2025;75821;23
2025;5000979;23
2025;64918;23
2025;108882;23
2025;100958;23
2025;74655;23
2025;20360;23
2025;98506;23
2025;1314146;23
2025;6711;23
2025;10224;23
2025;87941;23
2025;5909;23
2025;74594;23
2025;9996;23
2025;82224;23
2025;48854;23
2025;13866;23
2025;19434;23
2025;1483759;23
2025;3677;23
2025;7676;23
2025;98409;23
2025;1408262;23
2025;5001167;23
2025;13453;23
2025;107666;23
2025;11233;23
2025;90059;23
2025;13453;23
2025;1179189;23
2025;51835;23
2025;1486822;23
2025;1397773;23
2025;78256;23
2025;15343;23
2025;18605;23
2025;19294;23
2025;1184047;23
2025;1178672;23
2025;1190667;23
2025;18447;23
2025;72669;23
2025;100958;23
2025;1399483;23
2025;1385538;23
2025;93001;23
2025;1180318;23
2025;1184047;23
2025;57402;23
2025;74655;23
2025;1477973;23
2025;5000930;23
2025;1029204;23
2025;1180318;23
2025;20360;23
2025;4503;23
2025;53338;23
2025;5001183;23
2025;1487290;23
2025;72681;23
2025;15475;23
2025;18447;23
2025;7676;23
2025;86356;23
2025;5206;23
2025;5001167;23
2025;1173014;23
2025;9772;23
2025;13453;23
2025;13601;23
2025;1185025;23
2025;1399481;23
2025;1390309;23
2025;1363536;23
2025;7705;23
2025;1173014;23
2025;7705;23
2025;7676;23
2025;5000812;23
2025;9772;23
2025;7705;23
2025;98406;23
2025;10591;23
2025;100958;23
2025;69464;23
2025;1183313;23
2025;5000812;23
2025;18447;23
2025;98409;23
2025;15343;23
2025;5000001;23
2025;1184047;23
2025;1399484;23
2025;7676;23
2025;1029204;23
2025;100958;23
2025;7105;23
2025;5345;23
2025;100688;23
2025;18594;23
2025;9988;23
2025;1135207;23
2025;90084;23
2025;5206;23
2025;5001033;23
2025;9772;23
2025;7414;23
2025;1399478;23
2025;9996;23
2025;5000930;23
2025;1190667;23
2025;53338;23
2025;9772;23
2025;1330031;23
2025;1184047;23
2025;1029204;23
2025;4503;23
2025;57852;23
2025;9805;23
2025;1629;23
2025;8437;23
2025;1390309;23
2025;1399477;23
2025;1257548;23
2025;9326;23
2025;98506;23
2025;18472;23
2025;18594;23
2025;1171609;23
2025;1390317;23
2025;9772;23
2025;10289;23
2025;1342449;23
2025;18605;23
2025;84408;23
2025;868;23
2025;85652;23
2025;54494;23
2025;97679;23
2025;1180318;23
2025;15839;23
2025;5001300;23
2025;10289;23
2025;1518;23
2025;1483773;23
2025;74655;23
2025;4503;23
2025;1107;23
2025;86356;23
2025;9772;23
2025;5000933;23
2025;100956;23
2025;6496;23
2025;86288;23
2025;1390311;23
2025;60660;23
2025;1408505;23
2025;1163738;23
2025;100958;23
2025;84408;23
2025;9772;23
2025;84352;23
2025;59174;23
2025;1397772;23
2025;1109361;23
2025;5345;23
2025;1184047;23
2025;72681;23
2025;2304;23
2025;86356;23
2025;72681;23
2025;303;23
2025;86356;23
2025;12970;23
2025;14234;23
2025;1278877;23
2025;1399478;23
2025;64918;23
2025;108884;23
2025;12569;23
2025;7705;23
2025;93001;23
2025;13996;23
2025;5001183;23
2025;1173014;23
2025;1108786;23
2025;1192188;23
2025;107766;23
2025;1214209;23
2025;10591;23
2025;9772;23
2025;5000812;23
2025;15475;23
2025;82224;23
2025;1385521;23
2025;97679;23
2025;37304;23
2025;1188900;23
2025;1408504;23
2025;1408507;23
2025;93001;23
2025;82224;23
2025;90084;23
2025;10289;23
2025;1330031;23
2025;1342536;23
2025;1399478;23
2025;9772;23
2025;1399485;23
2025;5000980;23
2025;100958;23
2025;1136509;23
2025;5000933;23
2025;4503;23
2025;97679;23
2025;5000812;23
2025;5000980;23
2025;108882;23
2025;12015;23
2025;9772;23
2025;9772;23
2025;1261972;23
2025;5000981;23
2025;6496;23
2025;59174;23
2025;5001300;23
2025;5000979;23
2025;91219;23
2025;11114;23
2025;1399480;23
2025;57402;23
2025;97679;23
2025;1178672;23
2025;15839;23
2025;1107;23
2025;11114;23
2025;87537;23
2025;66248;23
2025;5000981;23
2025;1264844;23
2025;5345;23
2025;5001033;23
2025;1185903;23
2025;18594;23
2025;1408262;23
2025;1399477;23
2025;10224;23
2025;59414;23
2025;5000979;23
2025;2304;23
2025;1179501;23
2025;78256;23
2025;72681;23
2025;1427419;23
2025;59414;23
2025;57402;23
2025;7676;23
2025;19850;23
2025;72667;23
2025;1408259;23
2025;5206;23
2025;107666;23
2025;6496;23
2025;79007;23
2025;90483;23
2025;5345;23
2025;87941;23
2025;84352;23
2025;1050663;23
2025;5000931;23
2025;19850;23
2025;5000979;23
2025;12970;23
2025;19294;23
2025;78256;23
2025;7414;23
2025;5000978;23
2025;5000979;23
2025;1408505;23
2025;98506;23
2025;1408504;23
2025;1455021;23
2025;1184047;23
2025;100956;23
2025;9772;23
2025;72667;23
2025;1363536;23
2025;1264844;23
2025;1399615;23
2025;74655;23
2025;1107;23
2025;64918;23
2025;5000931;23
2025;1191415;23
2025;74655;23
2025;108884;23
2025;1193275;23
2025;72681;23
2025;1258021;23
2025;12970;23
2025;389;23
2025;4503;23
2025;1629;23
2025;57402;23
2025;5001183;23
2025;7705;23
2025;39415;23
2025;15475;23
2025;1178524;23
2025;5001300;23
2025;6496;23
2025;90483;23
2025;5001341;23
2025;100958;23
2025;1190667;23
2025;1193264;23
2025;66248;23
2025;108884;23
2025;90483;23
2025;140;23
2025;1397773;23
2025;1257524;23
2025;57402;23
2025;5001183;23
2025;1185903;23
2025;7676;23
2025;18447;23
2025;7676;23
2025;57852;23
2025;86356;23
2025;93001;23
2025;1314146;23
2025;1321864;23
2025;1179501;23
2025;79007;23
2025;39415;23
2025;72669;23
2025;9805;23
2025;5000981;23
2025;1185903;23
2025;1427420;23
2025;1136509;23
2025;1399616;23
2025;2304;23
2025;6496;23
2025;5000933;23
2025;5000001;23
2025;72669;23
2025;140;23
2025;1399483;23
2025;1108281;23
2025;11114;23
2025;1518;23
2025;1321864;23
2025;87537;23
2025;107766;23
2025;1191415;23
2025;1408262;23
2025;1180318;23
2025;37304;23
2025;59174;23
2025;7105;23
2025;1421013;23
2025;1185025;23
2025;57402;23
2025;2695;23
2025;1178672;23
2025;75821;23
2025;78256;23
2025;8437;23
2025;1108786;23
2025;107666;23
2025;1295813;23
2025;1390309;23
2025;1342537;23
2025;10224;23
2025;7414;23
2025;1399617;23
2025;1193275;23
2025;97679;23
2025;7676;23
2025;72669;23
2025;1295813;23
2025;1292869;23
2025;1399481;23
2025;1349675;23
2025;1135207;23
2025;1188849;23
2025;1278877;23
2025;5000930;23
2025;5000978;23
2025;108882;23
2025;4503;23
2025;868;23
2025;19294;23
2025;8698;23
2025;99476;23
2025;5000931;23
2025;13453;23
2025;1445016;23
2025;1029204;23
2025;87537;23
2025;11114;23
2025;1421013;23
2025;59174;23
2025;1629;23
2025;1399486;23
2025;72675;23
2025;5920;23
2025;4503;23
2025;1483773;23
2025;1879;23
2025;6711;23
2025;1184047;23
2025;10224;23
2025;9996;23
2025;90084;23
2025;10222;23
2025;53338;23
2025;5000930;23
2025;74655;23
2025;19294;23
2025;868;23
2025;72675;23
2025;1050663;23
2025;1725;23
2025;10224;23
2025;14234;23
2025;7705;23
2025;12345;23
2025;1399488;23
2025;1399287;23
2025;1390317;23
2025;12345;23
2025;72669;23
2025;100688;23
2025;12345;23
2025;1385538;23
2025;108884;23
2025;7676;23
2025;9996;23
2025;9996;23
2025;59174;23
2025;18594;23
2025;1879;23
2025;38071;23
2025;6496;23
2025;1404416;23
2025;100956;23
2025;1258021;23
2025;15839;23
2025;113504;23
2025;74655;23
2025;108882;23
2025;84408;23
2025;7676;23
2025;18594;23
2025;20249;23
2025;13996;23
2025;1200712;23
2025;108014;23
2025;9988;23
2025;5206;23
2025;74655;23
2025;1168313;23
2025;1184432;23
2025;12970;23
2025;90059;23
2025;5000979;23
2025;1399488;23
2025;5000978;23
2025;1202553;23
2025;1397771;23
2025;1518495;23
2025;13103;23
2025;13996;23
2025;1483773;23
2025;5000979;23
2025;5001101;23
2025;1445016;23
2025;140;23
2025;18594;23
2025;72667;23
2025;74655;23
2025;5001167;23
2025;5000933;23
2025;100956;23
2025;1399480;23
2025;14093;23
2025;8698;23
2025;39415;23
2025;100956;23
2025;1408507;23
2025;90084;23
2025;11233;23
2025;1171609;23
2025;6711;23
2025;1173014;23
2025;1408261;23
2025;1108786;23
2025;15475;23
2025;74655;23
2025;15783;23
2025;8437;23
2025;66248;23
2025;72669;23
2025;5001300;23
2025;13996;23
2025;9996;23
2025;108884;23
2025;97679;23
2025;5000979;23
2025;1477973;23
2025;2304;23
2025;107666;23
2025;15475;23
2025;1483768;23
2025;1385521;23
2025;1171609;23
2025;1399489;23
2025;4503;23
2025;7414;23
2025;79007;23
2025;5001183;23
2025;91399;23
2025;1107;23
2025;1427419;23
2025;64918;23
2025;1258021;23
2025;2304;23
2025;100958;23
2025;15475;23
2025;18605;23
2025;18472;23
2025;7676;23
2025;1178524;23
2025;49060;23
2025;1390309;23
2025;87537;23
2025;5000841;23
2025;6496;23
2025;19294;23
2025;1188127;23
2025;15343;23
2025;85652;23
2025;72669;23
2025;5000930;23
2025;1029204;23
2025;5000979;23
2025;74655;23
2025;86356;23
2025;1108786;23
2025;1192188;23
2025;5000980;23
2025;1399480;23
2025;5000981;23
2025;74655;23
2025;1427420;23
2025;140;23
2025;7676;23
2025;108884;23
2025;1136509;23
2025;64918;23
2025;868;23
2025;11114;23
2025;1427419;23
2025;11114;23
2025;108884;23
2025;19294;23
2025;1135207;23
2025;103596;23
2025;97679;23
2025;2304;23
2025;3677;23
2025;91219;23
2025;9772;23
2025;7676;23
2025;1136509;23
2025;868;23
2025;48854;23
2025;99476;23
2025;868;23
2025;1029204;23
2025;1278877;23
2025;90059;23
2025;9996;23
2025;5001033;23
2025;74655;23
2025;10224;23
2025;57402;23
2025;72675;23
2025;93001;23
2025;12015;23
2025;79007;23
2025;1397773;23
2025;1399480;23
2025;72663;23
2025;1349675;23
2025;12970;23
2025;5345;23
2025;1188900;23
2025;1725;23
2025;1108153;23
2025;59414;23
2025;14615;23
2025;13453;23
2025;4503;23
2025;18447;23
2025;66361;23
2025;5000931;23
2025;5000930;23
2025;100956;23
2025;86356;23
2025;51835;23
2025;72663;23
2025;15475;23
2025;72669;23
2025;86356;23
2025;6711;23
2025;1184325;23
2025;64918;23
2025;5000978;23
2025;2304;23
2025;5000812;23
2025;57402;23
2025;2918;23
2025;1292869;23
2025;18472;23
2025;72669;23
2025;18472;23
2025;868;23
2025;1190667;23
2025;1322329;23
2025;10222;23
2025;14563;23
2025;72669;23
2025;5000979;23
2025;1330031;23
2025;1180318;23
2025;13996;23
2025;1190280;23
2025;20249;23
2025;90059;23
2025;72669;23
2025;74655;23
2025;65924;23
2025;100956;23
2025;868;23
2025;69464;23
2025;1188127;23
2025;57402;23
2025;1292713;23
2025;3677;23
2025;15343;23
2025;98506;23
2025;54494;23
2025;4082;23
2025;19086;23
2025;5001167;23
2025;2392;23
2025;74655;23
2025;1399478;23
2025;12970;23
2025;1192237;23
2025;1059179;23
2025;72663;23
2025;5000979;23
2025;1257524;23
2025;1108786;23
2025;2392;23
2025;54490;23
2025;20249;23
2025;86356;23
2025;8698;23
2025;1257777;23
2025;1349675;23
2025;8554;23
2025;108014;23
2025;1399483;23
2025;1397772;23
2025;8437;23
2025;18605;23
2025;12015;23
2025;1408507;23
2025;5001314;23
2025;1136509;23
2025;5920;23
2025;9988;23
2025;1190621;23
2025;108014;23
2025;1292713;23
2025;72669;23
2025;1179189;23
2025;5000930;23
2025;8698;23
2025;18447;23
2025;59414;23
2025;1180318;23
2025;90483;23
2025;84408;23
2025;13103;23
2025;1445016;23
2025;1399616;23
2025;1399488;23
2025;60660;23
2025;13601;23
2025;1029204;23
2025;9988;23
2025;1399478;23
2025;8554;23
2025;1190621;23
2025;91219;23
2025;7676;23
2025;9772;23
2025;1477973;23
2025;74655;23
2025;1421013;23
2025;14359;23
2025;9996;23
2025;84352;23
2025;100688;23
2025;9805;23
2025;1419799;23
2025;9772;23
2025;100956;23
2025;20249;23
2025;97679;23
2025;5001294;23
2025;1135207;23
2025;1029204;23
2025;13601;23
2025;15475;23
2025;72663;23
2025;1445016;23
2025;18472;23
2025;19086;23
2025;108014;23
2025;37304;23
2025;20360;23
2025;13601;23
2025;90091;23
2025;8437;23
2025;72663;23
2025;108882;23
2025;15475;23
2025;1487491;23
2025;5345;23
2025;5000979;23
2025;1059179;23
2025;1317634;23
2025;5001294;23
2025;5001300;23
2025;1184432;23
2025;100958;23
2025;20058;23
2025;108884;23
2025;9996;23
2025;7676;23
2025;11446;23
2025;121850;23
2025;51835;23
2025;1399484;23
2025;59174;23
2025;1107;23
2025;1629;23
2025;20058;23
2025;1879;23
2025;15839;23
2025;1029204;23
2025;1184325;23
2025;49060;23
2025;1257548;23
2025;1487491;23
2025;1629;23
2025;1178524;23
2025;51835;23
2025;108884;23
2025;5000979;23
2025;59414;23
2025;98406;23
2025;11233;23
2025;1108281;23
2025;1108786;23
2025;1192188;23
2025;5001300;23
2025;5206;23
2025;2392;23
2025;59174;23
2025;5001450;23
2025;1390317;23
2025;1397771;23
2025;5000001;23
2025;5000930;23
2025;87941;23
2025;1200578;23
2025;51835;23
2025;100956;23
2025;90084;23
2025;1188127;23
2025;1267038;23
2025;1183958;23
2025;5000930;23
2025;15475;23
2025;1059179;23
2025;85652;23
2025;1349675;23
2025;1257777;23
2025;38071;23
2025;86356;23
2025;5000981;23
2025;98406;23
2025;5001300;23
2025;18472;23
2025;57402;23
2025;15783;23
2025;8698;23
2025;6496;23
2025;74655;23
2025;1193275;23
2025;15475;23
2025;100956;23
2025;12970;23
2025;100956;23
2025;9772;23
2025;12569;23
2025;9772;23
2025;1349675;23
2025;5000930;23
2025;1399618;23
2025;12345;23
2025;15783;23
2025;90084;23
2025;1184325;23
2025;6496;23
2025;1406536;23
2025;9805;23
2025;5345;23
2025;74655;23
2025;18447;23
2025;84352;23
2025;78256;23
2025;5000930;23
2025;1399482;23
2025;1292713;23
2025;18594;23
2025;1483773;23
2025;5000841;23
2025;11114;23
2025;4503;23
2025;1399486;23
2025;93001;23
2025;99476;23
2025;100688;23
2025;7105;23
2025;1193275;23
2025;8698;23
2025;1408507;23
2025;9805;23
2025;100958;23
2025;1334344;23
2025;1059179;23
2025;5001183;23
2025;1188900;23
2025;1135207;23
2025;53338;23
2025;5001450;23
2025;1385521;23
2025;108884;23
2025;74655;23
2025;13103;23
2025;868;23
2025;1445016;23
2025;59414;23
2025;90059;23
2025;65924;23
2025;66248;23
2025;5000812;23
2025;1200578;23
2025;1399483;23
2025;1188849;23
2025;9996;23
2025;7676;23
2025;1108786;23
2025;1188849;23
2025;59174;23
2025;71689;23
2025;7676;23
2025;93001;23
2025;1399478;23
2025;1486822;23
2025;39415;23
2025;1173014;23
2025;18447;23
2025;1184047;23
2025;7676;23
2025;1108786;23
2025;5345;23
2025;13103;23
2025;6496;23
2025;1399617;23
2025;18472;23
2025;93001;23
2025;1399480;23
2025;1390317;23
2025;1399486;23
2025;87537;23
2025;79007;23
2025;6711;23
2025;1390309;23
2025;20058;23
2025;38071;23
2025;3418;23
2025;13103;23
2025;5000979;23
2025;7676;23
2025;1258023;23
2025;1180318;23
2025;9988;23
2025;1185903;23
2025;51835;23
2025;5345;23
2025;98506;23
2025;13103;23
2025;1629;23
2025;97679;23
2025;1518;23
2025;1321864;23
2025;11114;23
2025;100956;23
2025;5206;23
2025;100958;23
2025;868;23
2025;100958;23
2025;1171609;23
2025;6711;23
2025;20058;23
2025;13601;23
2025;5000931;23
2025;49060;23
2025;107766;23
2025;4503;23
2025;98406;23
2025;93001;23
2025;12;23
2025;1059179;23
2025;98406;23
2025;19206;23
2025;64918;23
2025;5345;23
2025;57852;23
2025;10591;23
2025;1108786;23
2025;2695;23
2025;11114;23
2025;85652;23
2025;1399618;23
2025;1477973;23
2025;39415;23
2025;1184047;23
2025;7676;23
2025;1059179;23
2025;93001;23
2025;5000981;23
2025;1179501;23
2025;5001033;23
2025;5001341;23
2025;1399480;23
2025;5000931;23
2025;1059179;23
2025;13103;23
2025;5000812;23
2025;2392;23
2025;1427419;23
2025;90084;23
2025;1487491;23
2025;72669;23
2025;5001341;23
2025;1163738;23
2025;1629;23
2025;74594;23
2025;13453;23
2025;1483773;23
2025;1483768;23
2025;1399481;23
2025;1258021;23
2025;84352;23
2025;90084;23
2025;1465625;23
2025;1385538;23
2025;9805;23
2025;6496;23
2025;86356;23
2025;18472;23
2025;1173014;23
2025;20058;23
2025;5345;23
2025;91219;23
2025;1390309;23
2025;1190621;23
2025;1108786;23
2025;5000933;23
2025;1168313;23
2025;1385538;23
2025;1445016;23
2025;100688;23
2025;7105;23
2025;20360;23
2025;12345;23
2025;6496;23
2025;5000979;23
2025;98506;23
2025;15475;23
2025;1189778;23
2025;140;23
2025;5000979;23
2025;9996;23
2025;5000979;23
2025;7676;23
2025;12970;23
2025;1342536;23
2025;72767;23
2025;1408262;23
2025;60660;23
2025;6496;23
2025;5000980;23
2025;5000980;23
2025;91219;23
2025;15343;23
2025;1518;23
2025;1399481;23
2025;1178672;23
2025;1050663;23
2025;12569;23
2025;7705;23
2025;5000979;23
2025;20360;23
2025;57402;23
2025;19850;23
2025;1408259;23
2025;14234;23
2025;5000812;23
2025;5001183;23
2025;5000841;23
2025;75821;23
2025;1399478;23
2025;5000979;23
2025;1171609;23
2025;1518;23
2025;72669;23
2025;72669;23
2025;93001;23
2025;86356;23
2025;74655;23
2025;19086;23
2025;87537;23
2025;1399616;23
2025;1399480;23
2025;90847;23
2025;75821;23
2025;1445016;23
2025;8698;23
2025;107666;23
2025;5000978;23
2025;19294;23
2025;5001033;23
2025;1184047;23
2025;16904;23
2025;87537;23
2025;1108281;23
2025;64918;23
2025;1397771;23
2025;1192047;23
2025;84408;23
2025;38071;23
2025;1363536;23
2025;8698;23
2025;8698;23
2025;5206;23
2025;11446;23
2025;5000980;23
2025;1135207;23
2025;7676;23
2025;1108786;23
2025;90483;23
2025;1257777;23
2025;15475;23
2025;8698;23
2025;19206;23
2025;1135207;23
2025;66361;23
2025;1390311;23
2025;1363536;23
2025;1408504;23
2025;7676;23
2025;1171609;23
2025;1190667;23
2025;140;23
2025;66361;23
2025;15475;23
2025;48854;23
2025;1200712;23
2025;87537;23
2025;1278877;23
2025;1399489;23
2025;7705;23
2025;13200;23
2025;6496;23
2025;1399487;23
2025;1108786;23
2025;9996;23
2025;1257562;23
2025;5000979;23
2025;11233;23
2025;74655;23
2025;1321864;23
2025;1278877;23
2025;1278877;23
2025;5909;23
2025;84408;23
2025;5000979;23
2025;1168313;23
2025;1171609;23
2025;1408509;23
2025;64918;23
2025;75821;23
2025;12692;23
2025;1390309;23
2025;91399;23
2025;93001;23
2025;1108786;23
2025;1390309;23
2025;2304;23
2025;64918;23
2025;7676;23
2025;72681;23
2025;1399478;23
2025;140;23
2025;1163738;23
2025;7676;23
2025;100958;23
2025;84408;23
2025;84352;23
2025;1136509;23
2025;8698;23
2025;11316;23
2025;108884;23
2025;20249;23
2025;90084;23
2025;1107;23
2025;1399615;23
2025;72669;23
2025;1173014;23
2025;64918;23
2025;39415;23
2025;13103;23
2025;1453564;23
2025;14359;23
2025;15475;23
2025;10222;23
2025;16236;23
2025;1421013;23
2025;113504;23
2025;19850;23
2025;10224;23
2025;85652;23
2025;107766;23
2025;7676;23
2025;91399;23
2025;18447;23
2025;108882;23
2025;5920;23
2025;5000981;23
2025;1184047;23
2025;5000930;23
2025;1258021;23
2025;7676;23
2025;1107;23
2025;87537;23
2025;19206;23
2025;1439;23
2025;5000812;23
2025;1399477;23
2025;4503;23
2025;1188900;23
2025;59414;23
2025;5001300;23
2025;60660;23
2025;1334344;23
2025;1399614;23
2025;71689;23
2025;90084;23
2025;84352;23
2025;86356;23
2025;78256;23
2025;1455021;23
2025;1200712;23
2025;7676;23
2025;2918;23
2025;72663;23
2025;87537;23
2025;2304;23
2025;1408504;23
2025;1399489;23
2025;1278877;23
2025;72767;23
2025;7676;23
2025;1399477;23
2025;85652;23
2025;108884;23
2025;9805;23
2025;1192188;23
2025;85652;23
2025;1408261;23
2025;19206;23
2025;5000930;23
2025;1397771;23
2025;60660;23
2025;1192188;23
2025;12970;23
2025;48854;23
2025;49060;23
2025;108884;23
2025;1179501;23
2025;1399617;23
2025;64918;23
2025;1363536;23
2025;97679;23
2025;1399480;23
2025;1455021;23
2025;1408259;23
2025;1192188;23
2025;1390309;23
2025;60660;23
2025;39415;23
2025;1136509;23
2025;868;23
2025;85652;23
2025;12015;23
2025;5001033;23
2025;85652;23
2025;1184047;23
2025;5000981;23
2025;60660;23
2025;108884;23
2025;74594;23
2025;59174;23
2025;5000933;23
2025;1408505;23
2025;5001183;23
2025;1109361;23
2025;1108281;23
2025;20249;23
2025;20360;23
2025;15783;23
2025;57852;23
2025;90084;23
2025;5000930;23
2025;7105;23
2025;1399481;23
2025;1408507;23
2025;19206;23
2025;1483759;23
2025;1173014;23
2025;5000980;23
2025;11114;23
2025;1185025;23
2025;1173014;23
2025;1278877;23
2025;1399484;23
2025;79007;23
2025;1879;23
2025;1322329;23
2025;15475;23
2025;1184432;23
2025;86356;23
2025;5000812;23
2025;1190667;23
2025;6711;23
2025;1184047;23
2025;1330031;23
2025;1200578;23
2025;1477973;23
2025;1408508;23
2025;1189778;23
2025;72767;23
2025;1108786;23
2025;5000812;23
2025;12692;23
2025;1136509;23
2025;14093;23
2025;1477973;23
2025;57402;23
2025;1292869;23
2025;11114;23
2025;5001167;23
2025;1179501;23
2025;1397772;23
2025;103596;23
2025;1108153;23
2025;6496;23
2025;5000980;23
2025;4503;23
2025;7676;23
2025;1190667;23
2025;1399616;23
2025;86356;23
2025;1107;23
2025;5001300;23
2025;11114;23
2025;11114;23
2025;5345;23
2025;85652;23
2025;1397772;23
2025;5000979;23
2025;98406;23
2025;66361;23
2025;72663;23
2025;1404416;23
2025;98406;23
2025;86356;23
2025;86356;23
2025;74655;23
2025;7105;23
2025;11114;23
2025;7414;23
2025;2348;23
2025;18594;23
2025;18472;23
2025;6496;23
2025;1135207;23
2025;1317634;23
2025;1321864;23
2025;8698;23
2025;1399485;23
2025;98409;23
2025;113504;23
2025;72669;23
2025;9996;23
2025;6496;23
2025;1184047;23
2025;38071;23
2025;91219;23
2025;90483;23
2025;8554;23
2025;57402;23
2025;12813;23
2025;1190667;23
2025;1107;23
2025;51835;23
2025;74594;23
2025;86356;23
2025;11114;23
2025;65924;23
2025;5001033;23
2025;1321864;23
2025;1184325;23
2025;1191415;23
2025;90084;23
2025;5000933;23
2025;1408505;23
2025;1136509;23
2025;1163738;23
2025;93001;23
2025;74655;23
2025;1427370;23
2025;1408507;23
2025;1193264;23
2025;1399480;23
2025;5000980;23
2025;48854;23
2025;1321864;23
2025;108882;23
2025;1050663;23
2025;1200712;23
2025;5000930;23
2025;71859;23
2025;1487491;23
2025;98406;23
2025;1191415;23
2025;7414;23
2025;1257562;23
2025;1184432;23
2025;86356;23
2025;5000979;23
2025;10224;23
2025;1399618;23
2025;1185025;23
2025;12569;23
2025;1518;23
2025;100958;23
2025;64918;23
2025;91219;23
2025;11233;23
2025;5345;23
2025;5000980;23
2025;1178524;23
2025;5000001;23
2025;1399616;23
2025;87941;23
2025;5000812;23
2025;14234;23
2025;1397771;23
2025;13996;23
2025;74655;23
2025;11233;23
2025;59174;23
2025;1029204;23
2025;64918;23
2025;82224;23
2025;5001427;23
2025;9988;23
2025;10224;23
2025;12813;23
2025;4503;23
2025;1168313;23
2025;8698;23
2025;97679;23
2025;15839;23
2025;78256;23
2025;5000979;23
2025;1427420;23
2025;74655;23
2025;1200712;23
2025;1385538;23
2025;2392;23
2025;71859;23
2025;1178672;23
2025;1173014;23
2025;1180318;23
2025;74655;23
2025;1385538;23
2025;5000980;23
2025;7676;23
2025;90059;23
2025;5000978;23
2025;87941;23
2025;5001294;23
2025;3418;23
2025;2304;23
2025;5000979;23
2025;74655;23
2025;18472;23
2025;4503;23
2025;1050663;23
2025;74594;23
2025;74594;23
2025;14975;23
2025;1185903;23
2025;5001183;23
2025;60660;23
2025;1190667;23
2025;74655;23
2025;1385521;23
2025;1261972;23
2025;6496;23
2025;54490;23
2025;1438629;23
2025;107766;23
2025;71859;23
2025;54490;23
2025;84352;23
2025;1135207;23
2025;1438629;23
2025;98406;23
2025;74655;23
2025;1179189;23
2025;1342449;23
2025;1385538;23
2025;99476;23
2025;6496;23
2025;108884;23
2025;7676;23
2025;5000001;23
2025;10289;23
2025;1108786;23
2025;14234;23
2025;1477973;23
2025;10289;23
2025;9988;23
2025;5001450;23
2025;1321864;23
2025;7105;23
2025;6711;23
2025;87537;23
2025;1168313;23
2025;1322329;23
2025;59174;23
2025;15475;23
2025;9996;23
2025;74655;23
2025;74655;23
2025;1453564;23
2025;90483;23
2025;20360;23
2025;2695;23
2025;1399478;23
2025;1261971;23
2025;10289;23
2025;90483;23
2025;19294;23
2025;84352;23
2025;1026;23
2025;72675;23
2025;9988;23
2025;74594;23
2025;7705;23
2025;5000930;23
2025;7105;23
2025;10224;23
2025;1192047;23
2025;66361;23
2025;18472;23
2025;868;23
2025;54490;23
2025;82224;23
2025;1135207;23
2025;90084;23
2025;79007;23
2025;19206;23
2025;5001300;23
2025;1879;23
2025;8437;23
2025;14093;23
2025;20058;23
2025;65924;23
2025;86356;23
2025;108884;23
2025;5001300;23
2025;15475;23
2025;12569;23
2025;1322329;23
2025;72681;23
2025;90084;23
2025;1029204;23
2025;6496;23
2025;1321864;23
2025;1184325;23
2025;6496;23
2025;87537;23
2025;19850;23
2025;74655;23
2025;1314146;23
2025;5000930;23
2025;4082;23
2025;84408;23
2025;18472;23
2025;1390309;23
2025;1342536;23
2025;140;23
2025;1399479;23
2025;100956;23
2025;1330031;23
2025;1399480;23
2025;12015;23
2025;14563;23
2025;1321864;23
2025;5001300;23
2025;1029204;23
2025;21542;23
2025;78256;23
2025;1349675;23
2025;5000981;23
2025;86288;23
2025;10224;23
2025;85652;23
2025;1193275;23
2025;1184047;23
2025;5000979;23
2025;20360;23
2025;1317634;23
2025;1257777;23
2025;20249;23
2025;1399480;23
2025;1390309;23
2025;1518495;23
2025;1399478;23
2025;74655;23
2025;5345;23
2025;1102360;23
2025;108884;23
2025;20058;23
2025;3677;23
2025;79007;23
2025;19294;23
2025;11114;23
2025;93001;23
2025;18594;23
2025;1487491;23
2025;1179189;23
2025;4503;23
2025;1136509;23
2025;18447;23
2025;13996;23
2025;19850;23
2025;72663;23
2025;1192188;23
2025;7676;23
2025;5001183;23
2025;59414;23
2025;78256;23
2025;868;23
2025;15839;23
2025;108884;23
2025;5001341;23
2025;20360;23
2025;1399481;23
2025;1399488;23
2025;3677;23
2025;4503;23
2025;108884;23
2025;12;23
2025;1029204;23
2025;72417;23
2025;72681;23
2025;1108786;23
2025;1029204;23
2025;1108281;23
2025;72681;23
2025;100956;23
2025;1292726;23
2025;72667;23
2025;7676;23
2025;5000930;23
2025;5001033;23
2025;2918;23
2025;53338;23
2025;72767;23
2025;108882;23
2025;87941;23
2025;64918;23
2025;100956;23
2025;5000981;23
2025;15475;23
2025;3677;23
2025;12970;23
2025;18594;23
2025;9988;23
2025;1421013;23
2025;108014;23
2025;1191415;23
2025;14093;23
2025;7105;23
2025;14725;23
2025;87537;23
2025;72681;23
2025;72681;23
2025;84408;23
2025;11316;23
2025;1264844;23
2025;84352;23
2025;84408;23
2025;72663;23
2025;5345;23
2025;84352;23
2025;7676;23
2025;39415;23
2025;98506;23
2025;64918;23
2025;84352;23
2025;1458090;23
2025;100956;23
2025;1190667;23
2025;12970;23
2025;6711;23
2025;1427370;23
2025;87537;23
2025;9772;23
2025;1029204;23
2025;1390309;23
2025;51835;23
2025;1135207;23
2025;1399478;23
2025;20249;23
2025;7105;23
2025;74655;23
2025;1107;23
2025;2392;23
2025;7705;23
2025;1408504;23
2025;91399;23
2025;5000978;23
2025;90483;23
2025;1448710;23
2025;7105;23
2025;1518495;23
2025;90084;23
2025;1178672;23
2025;98409;23
2025;9805;23
2025;69464;23
2025;72681;23
2025;74594;23
2025;78256;23
2025;1190621;23
2025;1390309;23
2025;107666;23
2025;69624;23
2025;74655;23
2025;1171609;23
2025;15475;23
2025;9996;23
2025;54494;23
2025;1334344;23
2025;140;23
2025;6711;23
2025;1518;23
2025;72669;23
2025;49060;23
2025;1029204;23
2025;1399486;23
2025;57402;23
2025;1421100;23
2025;64918;23
2025;5001183;23
2025;1408507;23
2025;1190667;23
2025;12015;23
2025;1184432;23
2025;39415;23
2025;1399477;23
2025;1399480;23
2025;72669;23
2025;8437;23
2025;1292713;23
2025;74594;23
2025;20360;23
2025;18447;23
2025;1059179;23
2025;1342536;23
2025;2918;23
2025;1399477;23
2025;57402;23
2025;75821;23
2025;1390309;23
2025;1135207;23
2025;1108786;23
2025;1399480;23
2025;90084;23
2025;74655;23
2025;5000978;23
2025;72675;23
2025;7705;23
2025;98409;23
2025;12970;23
2025;5000812;23
2025;1108786;23
2025;78256;23
2025;91219;23
2025;19206;23
2025;7676;23
2025;5000930;23
2025;5001300;23
2025;11114;23
2025;5920;23
2025;5345;23
2025;1190667;23
2025;12813;23
2025;85652;23
2025;74594;23
2025;5000979;23
2025;5000933;23
2025;5000812;23
2025;5345;23
2025;1173014;23
2025;10289;23
2025;99476;23
2025;1188849;23
2025;11446;23
2025;101228;23
2025;1108786;23
2025;5000981;23
2025;1163738;23
2025;85652;23
2025;1399614;23
2025;1408507;23
2025;1404416;23
2025;78256;23
2025;1189607;23
2025;1180318;23
2025;1330031;23
2025;1173014;23
2025;12345;23
2025;1184325;23
2025;54494;23
2025;49060;23
2025;1188127;23
2025;1184325;23
2025;1190280;23
2025;1487491;23
2025;1180318;23
2025;1408262;23
2025;98406;23
2025;90084;23
2025;8698;23
2025;5000979;23
2025;59414;23
2025;1184325;23
2025;1059179;23
2025;91219;23
2025;13103;23
2025;5909;23
2025;2392;23
2025;6711;23
2025;1419799;23
2025;74655;23
2025;1202573;23
2025;1184325;23
2025;57402;23
2025;5000980;23
2025;20360;23
2025;90084;23
2025;1109361;23
2025;1399478;23
2025;1465625;23
2025;2304;23
2025;1192237;23
2025;108882;23
2025;7105;23
2025;1188900;23
2025;5000931;23
2025;5001450;23
2025;1179501;23
2025;5000979;23
2025;18594;23
2025;11233;23
2025;5000980;23
2025;1385521;23
2025;1408259;23
2025;108884;23
2025;5000933;23
2025;38071;23
2025;19294;23
2025;15475;23
2025;91219;23
2025;6496;23
2025;5000980;23
2025;1258021;23
2025;84352;23
2025;1349675;23
2025;1453564;23
2025;1399486;23
2025;1399486;23
2025;16236;23
2025;13103;23
2025;72667;23
2025;5345;23
2025;7676;23
2025;8698;23
2025;12;23
2025;9996;23
2025;7414;23
2025;1477973;23
2025;13103;23
2025;5000812;23
2025;1404416;23
2025;72663;23
2025;1397771;23
2025;1487290;23
2025;5000980;23
2025;1107;23
2025;78256;23
2025;1136509;23
2025;1184060;23
2025;19850;23
2025;13601;23
2025;1193275;23
2025;1397771;23
2025;19850;23
2025;4503;23
2025;9805;23
2025;107766;23
2025;13103;23
2025;1267038;23
2025;1258021;23
2025;72669;23
2025;107766;23
2025;1349675;23
2025;1385521;23
2025;7676;23
2025;74594;23
2025;64918;23
2025;71859;23
2025;1408505;23
2025;1258023;23
2025;1202553;23
2025;10591;23
2025;1408505;23
2025;84352;23
2025;7105;23
2025;12569;23
2025;1189607;23
2025;5345;23
2025;1188900;23
2025;14975;23
2025;100956;23
2025;5001183;23
2025;59174;23
2025;20249;23
2025;1385521;23
2025;7105;23
2025;74655;23
2025;5000930;23
2025;18594;23
2025;5000001;23
2025;7105;23
2025;1385538;23
2025;1179189;23
2025;57402;23
2025;1136509;23
2025;21542;23
2025;18594;23
2025;1363536;23
2025;15343;23
2025;5000931;23
2025;59174;23
2025;1029204;23
2025;2392;23
2025;1171609;23
2025;1445016;23
2025;90084;23
2025;1399481;23
2025;8698;23
2025;5000930;23
2025;54490;23
2025;1399480;23
2025;54490;23
2025;1385538;23
2025;1399481;23
2025;7705;23
2025;97679;23
2025;90084;23
2025;1276878;23
2025;99476;23
2025;5000001;23
2025;9996;23
2025;1202546;23
2025;1397772;23
2025;1486822;23
2025;5000812;23
2025;72669;23
2025;71859;23
2025;5000001;23
2025;1390317;23
2025;72767;23
2025;1190280;23
2025;1455021;23
2025;1408262;23
2025;5909;23
2025;107666;23
2025;108884;23
2025;14359;23
2025;1136509;23
2025;1427420;23
2025;1188127;23
2025;1483768;23
2025;13103;23
2025;103596;23
2025;37304;23
2025;1399617;23
2025;20360;23
2025;84408;23
2025;5920;23
2025;20058;23
2025;1193264;23
2025;20360;23
2025;100956;23
2025;38071;23
2025;1397772;23
2025;1029204;23
2025;5001183;23
2025;59174;23
2025;72669;23
2025;5001341;23
2025;7414;23
2025;90059;23
2025;1399478;23
2025;66361;23
2025;3148;23
2025;8554;23
2025;108884;23
2025;2304;23
2025;78256;23
2025;1108786;23
2025;108884;23
2025;107766;23
2025;10222;23
2025;1257524;23
2025;13601;23
2025;1050663;23
2025;38071;23
2025;72767;23
2025;57402;23
2025;1108786;23
2025;1108786;23
2025;107766;23
2025;1397773;23
2025;2304;23
2025;9772;23
2025;1185903;23
2025;86356;23
2025;1171609;23
2025;1399287;23
2025;18472;23
2025;121850;23
2025;758;23
2025;1168313;23
2025;72681;23
2025;1399483;23
2025;108884;23
2025;1257548;23
2025;1518;23
2025;108884;23
2025;64918;23
2025;1104264;23
2025;1188127;23
2025;37304;23
2025;5000812;23
2025;107666;23
2025;1408504;23
2025;64918;23
2025;1408261;23
2025;72675;23
2025;6496;23
2025;15475;23
2025;1108786;23
2025;1178672;23
2025;7676;23
2025;8698;23
2025;1173014;23
2025;2392;23
2025;1109361;23
2025;1399478;23
2025;1183313;23
2025;1385538;23
2025;1629;23
2025;1192237;23
2025;84352;23
2025;1390309;23
2025;1184047;23
2025;5345;23
2025;1179189;23
2025;13996;23
2025;39415;23
2025;72681;23
2025;51699;23
2025;1399618;23
2025;64918;23
2025;7676;23
2025;1439;23
2025;5000001;23
2025;108882;23
2025;5345;23
2025;6496;23
2025;108884;23
2025;87537;23
2025;59174;23
2025;78256;23
2025;87941;23
2025;99476;23
2025;99476;23
2025;13453;23
2025;1419799;23
2025;5001466;23
2025;1629;23
2025;1185025;23
2025;98506;23
2025;8437;23
2025;1399486;23
2025;12692;23
2025;37304;23
2025;1399486;23
2025;100956;23
2025;1399614;23
2025;1487290;23
2025;1385538;23
2025;6496;23
2025;2392;23
2025;7676;23
2025;86356;23
2025;1453564;23
2025;5001294;23
2025;100958;23
2025;1399616;23
2025;5000931;23
2025;10591;23
2025;5000978;23
2025;5000981;23
2025;1399485;23
2025;5909;23
2025;1200578;23
2025;59414;23
2025;1180318;23
2025;1109361;23
2025;1136509;23
2025;1399615;23
2025;5345;23
2025;1179189;23
2025;1399614;23
2025;1477973;23
2025;7414;23
2025;6496;23
2025;87537;23
2025;5920;23
2025;51835;23
2025;2304;23
2025;1399478;23
2025;2392;23
2025;107666;23
2025;74655;23
2025;1483768;23
2025;2918;23
2025;84408;23
2025;108882;23
2025;72663;23
2025;74655;23
2025;1136509;23
2025;100956;23
2025;19206;23
2025;1029204;23
2025;1399478;23
2025;1399486;23
2025;5000979;23
2025;1321864;23
2025;7705;23
2025;20249;23
2025;1184432;23
2025;8437;23
2025;5000979;23
2025;86356;23
2025;72767;23
2025;18447;23
2025;20360;23
2025;90483;23
2025;5000001;23
2025;85586;23
2025;72675;23
2025;10224;23
2025;97679;23
2025;7676;23
2025;5000978;23
2025;1438629;23
2025;1184325;23
2025;5000981;23
2025;1399481;23
2025;10224;23
2025;1399480;23
2025;1725;23
2025;54494;23
2025;1330031;23
2025;1108786;23
2025;19206;23
2025;14359;23
2025;12970;23
2025;1180318;23
2025;59414;23
2025;1184047;23
2025;1408507;23
2025;84352;23
2025;10591;23
2025;1202553;23
2025;74655;23
2025;5345;23
2025;90483;23
2025;90084;23
2025;1108786;23
2025;90084;23
2025;2392;23
2025;5345;23
2025;71859;23
2025;10289;23
2025;12569;23
2025;1438629;23
2025;14975;23
2025;9996;23
2025;74655;23
2025;108884;23
2025;9996;23
2025;1397772;23
2025;72681;23
2025;1166567;23
2025;5000979;23
2025;1399614;23
2025;5920;23
2025;11233;23
2025;1171609;23
2025;1109361;23
2025;7676;23
2025;1295813;23
2025;1258023;23
2025;1108786;23
2025;1408504;23
2025;2918;23
2025;6711;23
2025;87941;23
2025;1180318;23
2025;64918;23
2025;4503;23
2025;1390309;23
2025;84408;23
2025;1518495;23
2025;64918;23
2025;13601;23
2025;1390309;23
2025;59174;23
2025;10289;23
2025;84352;23
2025;85652;23
2025;60660;23
2025;72667;23
2025;1399615;23
2025;1453564;23
2025;1322329;23
2025;13453;23
2025;100956;23
2025;90483;23
2025;10222;23
2025;90059;23
2025;1334344;23
2025;1518;23
2025;1438629;23
2025;98406;23
2025;100956;23
2025;74594;23
2025;19850;23
2025;86356;23
2025;5001300;23
2025;19206;23
2025;9988;23
2025;8437;23
2025;90084;23
2025;58412;23
2025;72663;23
2025;1200578;23
2025;72681;23
2025;8698;23
2025;87537;23
2025;7676;23
2025;1188900;23
2025;1184432;23
2025;2918;23
2025;1399480;23
2025;97679;23
2025;90084;23
2025;1445016;23
2025;1102360;23
2025;90483;23
2025;1321864;23
2025;19434;23
2025;72675;23
2025;12015;23
2025;1188849;23
2025;75821;23
2025;64918;23
2025;2918;23
2025;57402;23
2025;5001300;23
2025;87941;23
2025;100958;23
2025;100956;23
2025;1173014;23
2025;38071;23
2025;1397772;23
2025;39415;23
2025;19850;23
2025;19850;23
2025;51835;23
2025;87537;23
2025;100958;23
2025;72767;23
2025;1518;23
2025;20249;23
2025;5000981;23
2025;1178672;23
2025;5345;23
2025;5000981;23
2025;10289;23
2025;5920;23
2025;72681;23
2025;2304;23
2025;98406;23
2025;7705;23
2025;59174;23
2025;1427420;23
2025;1180318;23
2025;1518;23
2025;1342536;23
2025;13200;23
2025;93001;23
2025;1267038;23
2025;60660;23
2025;1029204;23
2025;100958;23
2025;1257777;23
2025;868;23
2025;1399478;23
2025;1399481;23
2025;2304;23
2025;72669;23
2025;108884;23
2025;5001300;23
2025;1483773;23
2025;100958;23
2025;72681;23
2025;1397771;23
2025;1192047;23
2025;10591;23
2025;85652;23
2025;71859;23
2025;5001033;23
2025;2918;23
2025;5000979;23
2025;8698;23
2025;1399489;23
2025;6496;23
2025;10222;23
2025;100956;23
2025;98506;23
2025;10289;23
2025;11114;23
2025;39415;23
2025;1184047;23
2025;1518;23
2025;1725;23
2025;1029204;23
2025;12813;23
2025;5206;23
2025;1438629;23
2025;13103;23
2025;1179189;23
2025;1397772;23
2025;79007;23
2025;1171609;23
2025;12015;23
2025;140;23
2025;74594;23
2025;1390311;23
2025;1399616;23
2025;1399614;23
2025;1321864;23
2025;38071;23
2025;1408509;23
2025;1135207;23
2025;72675;23
2025;1483773;23
2025;100956;23
2025;5000979;23
2025;84408;23
2025;1029204;23
2025;5000001;23
2025;1419799;23
2025;5000979;23
2025;1408505;23
2025;1257777;23
2025;5920;23
2025;1171609;23
2025;14234;23
2025;1330031;23
2025;101228;23
2025;10224;23
2025;5000980;23
2025;1135207;23
2025;1029204;23
2025;9772;23
2025;5000978;23
2025;11233;23
2025;75821;23
2025;1399486;23
2025;2392;23
2025;1188127;23
2025;1104264;23
2025;1257562;23
2025;5000981;23
2025;1390311;23
2025;1179501;23
2025;1399480;23
2025;1445016;23
2025;1257777;23
2025;1190280;23
2025;18594;23
2025;20360;23
2025;5000981;23
2025;7676;23
2025;75821;23
2025;5345;23
2025;18472;23
2025;7676;23
2025;8698;23
2025;59174;23
2025;9996;23
2025;39415;23
2025;5000001;23
2025;18594;23
2025;108884;23
2025;1445016;23
2025;15475;23
2025;6496;23
2025;100958;23
2025;9805;23
2025;1399617;23
2025;13103;23
2025;9772;23
2025;1399619;23
2025;93001;23
2025;5000812;23
2025;15475;23
2025;72669;23
2025;1390309;23
2025;1178524;23
2025;49060;23
2025;14234;23
2025;14359;23
2025;5001167;23
2025;1408505;23
2025;5000980;23
2025;9805;23
2025;1136509;23
2025;868;23
2025;389;23
2025;8698;23
2025;87941;23
2025;19294;23
2025;38071;23
2025;7676;23
2025;72669;23
2025;100688;23
2025;140;23
2025;1188127;23
2025;1200712;23
2025;5001033;23
2025;90084;23
2025;19850;23
2025;14234;23
2025;87537;23
2025;8554;23
2025;1136509;23
2025;5345;23
2025;5000841;23
2025;18472;23
2025;7676;23
2025;84352;23
2025;6496;23
2025;87537;23
2025;13996;23
2025;11114;23
2025;1171609;23
2025;1184325;23
2025;7676;23
2025;1192237;23
2025;13996;23
2025;108884;23
2025;19206;23
2025;1399618;23
2025;1385538;23
2025;74655;23
2025;1184047;23
2025;1465625;23
2025;15475;23
2025;64918;23
2025;100688;23
2025;868;23
2025;87537;23
2025;5001300;23
2025;1179501;23
2025;1445016;23
2025;100958;23
2025;1104264;23
2025;12970;23
2025;10222;23
2025;20360;23
2025;1421013;23
2025;18472;23
2025;5001183;23
2025;1399619;23
2025;5000930;23
2025;86356;23
2025;5345;23
2025;6496;23
2025;1109361;23
2025;2304;23
2025;1419799;23
2025;1342536;23
2025;108884;23
2025;19206;23
2025;107766;23
2025;12813;23
2025;78256;23
2025;1193275;23
2025;2304;23
2025;16236;23
2025;98406;23
2025;1059179;23
2025;13103;23
2025;5345;23
2025;108884;23
2025;1184060;23
2025;1107;23
2025;72767;23
2025;5000979;23
2025;1342536;23
2025;11114;23
2025;1477973;23
2025;59414;23
2025;108882;23
2025;5000979;23
2025;1200578;23
2025;1725;23
2025;5000812;23
2025;93001;23
2025;1445016;23
2025;5001183;23
2025;6496;23
2025;93001;23
2025;9805;23
2025;1178672;23
2025;107766;23
2025;1385538;23
2025;11233;23
2025;48854;23
2025;5000001;23
2025;99476;23
2025;6496;23
2025;1399480;23
2025;2304;23
2025;5909;23
2025;59414;23
2025;1200578;23
2025;90059;23
2025;98506;23
2025;5000930;23
2025;1390309;23
2025;13996;23
2025;1421013;23
2025;97679;23
2025;1457503;23
2025;7676;23
2025;18447;23
2025;1200578;23
2025;1029763;23
2025;74655;23
2025;100956;23
2025;1101742;23
2025;108884;23
2025;4503;23
2025;1399287;23
2025;10591;23
2025;49060;23
2025;5000930;23
2025;1108786;23
2025;5345;23
2025;1188900;23
2025;4503;23
2025;72663;23
2025;1200578;23
2025;9996;23
2025;72681;23
2025;3148;23
2025;1108281;23
2025;1278877;23
2025;11114;23
2025;868;23
2025;5000930;23
2025;1171609;23
2025;84408;23
2025;6496;23
2025;1178524;23
2025;19850;23
2025;1185025;23
2025;18594;23
2025;10591;23
2025;5000979;23
2025;1390309;23
2025;64918;23
2025;1050663;23
2025;7676;23
2025;15475;23
2025;1278877;23
2025;5000841;23
2025;5909;23
2025;1399477;23
2025;2304;23
2025;1427420;23
2025;5000979;23
2025;5000979;23
2025;98406;23
2025;1399486;23
2025;1178524;23
2025;98406;23
2025;5000812;23
2025;5000979;23
2025;7676;23
2025;19294;23
2025;97679;23
2025;1173014;23
2025;1200712;23
2025;72681;23
2025;1202553;23
2025;100688;23
2025;1136509;23
2025;1295813;23
2025;4503;23
2025;1107;23
2025;78256;23
2025;64918;23
2025;12569;23
2025;7105;23
2025;87537;23
2025;13996;23
2025;107666;23
2025;1184047;23
2025;4503;23
2025;2304;23
2025;1342536;23
2025;84408;23
2025;3418;23
2025;97679;23
2025;1108281;23
2025;7676;23
2025;5345;23
2025;71859;23
2025;59174;23
2025;84352;23
2025;9805;23
2025;19850;23
2025;1448710;23
2025;74594;23
2025;39415;23
2025;54494;23
2025;20249;23
2025;1192237;23
2025;97679;23
2025;10222;23
2025;90059;23
2025;1184047;23
2025;9988;23
2025;64918;23
2025;11114;23
2025;9805;23
2025;5001314;23
2025;19206;23
2025;5000979;23
2025;4503;23
2025;91219;23
2025;1185903;23
2025;1342536;23
2025;19294;23
2025;1108786;23
2025;91219;23
2025;38071;23
2025;1322329;23
2025;1408505;23
2025;1189607;23
2025;19434;23
2025;6496;23
2025;8698;23
2025;72767;23
2025;93001;23
2025;1136509;23
2025;3418;23
2025;64918;23
2025;868;23
2025;1257524;23
2025;48854;23
2025;59174;23
2025;18472;23
2025;84352;23
2025;140;23
2025;5000001;23
2025;5000979;23
2025;6496;23
2025;6711;23
2025;1108786;23
2025;99476;23
2025;1183313;23
2025;5000979;23
2025;1421100;23
2025;60660;23
2025;100956;23
2025;6496;23
2025;66361;23
2025;5345;23
2025;1184047;23
2025;9805;23
2025;10591;23
2025;2392;23
2025;1399483;23
2025;1518;23
2025;1179189;23
2025;1342537;23
2025;1629;23
2025;8698;23
2025;1178524;23
2025;1385521;23
2025;6711;23
2025;1399481;23
2025;90483;23
2025;72667;23
2025;7676;23
2025;5000981;23
2025;15475;23
2025;11316;23
2025;6496;23
2025;64918;23
2025;5001183;23
2025;12692;23
2025;10289;23
2025;1108153;23
2025;1190667;23
2025;9988;23
2025;1192047;23
2025;1399486;23
2025;1059179;23
2025;15839;23
2025;19850;23
2025;72681;23
2025;1321864;23
2025;7676;23
2025;65924;23
2025;5000930;23
2025;19294;23
2025;1390317;23
2025;8554;23
2025;868;23
2025;11446;23
2025;37304;23
2025;140;23
2025;84408;23
2025;1518;23
2025;18447;23
2025;9772;23
2025;72675;23
2025;57402;23
2025;90059;23
2025;74655;23
2025;93001;23
2025;1184047;23
2025;5000981;23
2025;4503;23
2025;59414;23
2025;1257562;23
2025;9805;23
2025;64918;23
2025;5000930;23
2025;10591;23
2025;1390317;23
2025;4503;23
2025;74594;23
2025;1518;23
2025;1278877;23
2025;4720;23
2025;11316;23
2025;6496;23
2025;93001;23
2025;1399481;23
2025;86288;23
2025;1385538;23
2025;1408262;23
2025;98506;23
2025;5000930;23
2025;5000981;23
2025;93001;23
2025;1397773;23
2025;5000001;23
2025;1363536;23
2025;1438629;23
2025;7676;23
2025;1168313;23
2025;1445016;23
2025;6496;23
2025;72681;23
2025;1399481;23
2025;9772;23
2025;5000979;23
2025;1184047;23
2025;1321864;23
2025;18447;23
2025;1101742;23
2025;1421013;23
2025;8698;23
2025;100958;23
2025;1200712;23
2025;107766;23
2025;59174;23
2025;1173014;23
2025;1327450;23
2025;1135207;23
2025;1408259;23
2025;15783;23
2025;868;23
2025;1408259;23
2025;90084;23
2025;1455021;23
2025;51835;23
2025;1135207;23
2025;5000979;23
2025;1399483;23
2025;1408507;23
2025;1399481;23
2025;4503;23
2025;1173014;23
2025;100956;23
2025;15475;23
2025;1408505;23
2025;79007;23
2025;6711;23
2025;100958;23
2025;8437;23
2025;2695;23
2025;4503;23
2025;78256;23
2025;13200;23
2025;1421013;23
2025;5000978;23
2025;100688;23
2025;20249;23
2025;1184047;23
2025;108882;23
2025;11114;23
2025;4503;23
2025;1438629;23
2025;1629;23
2025;1102360;23
2025;10224;23
2025;74655;23
2025;6711;23
2025;1399480;23
2025;1390309;23
2025;140;23
2025;1453564;23
2025;1399483;23
2025;2392;23
2025;1397771;23
2025;1483773;23
2025;6496;23
2025;1349675;23
2025;8554;23
2025;11233;23
2025;1184325;23
2025;1408504;23
2025;74594;23
2025;18447;23
2025;1190667;23
2025;3677;23
2025;9805;23
2025;5000930;23
2025;1185025;23
2025;19294;23
2025;5000930;23
2025;5345;23
2025;1390317;23
2025;18472;23
2025;1184047;23
2025;97679;23
2025;1192237;23
2025;86356;23
2025;86288;23
2025;1136509;23
2025;90084;23
2025;84408;23
2025;20058;23
2025;15475;23
2025;1200712;23
2025;5000979;23
2025;90483;23
2025;20360;23
2025;19850;23
2025;1184047;23
2025;84352;23
2025;64918;23
2025;13996;23
2025;14975;23
2025;98409;23
2025;9326;23
2025;75821;23
2025;1399618;23
2025;5000930;23
2025;108884;23
2025;1629;23
2025;10591;23
2025;5001183;23
2025;39415;23
2025;98506;23
2025;74655;23
2025;1408259;23
2025;5000930;23
2025;107666;23
2025;1483773;23
2025;57402;23
2025;98409;23
2025;74655;23
2025;10222;23
2025;1185025;23
2025;59174;23
2025;5000812;23
2025;5001300;23
2025;11114;23
2025;1477973;23
2025;1399616;23
2025;100958;23
2025;90059;23
2025;4503;23
2025;1399478;23
2025;108882;23
2025;99476;23
2025;1202553;23
2025;4503;23
2025;8698;23
2025;86356;23
2025;5000979;23
2025;84352;23
2025;39415;23
2025;15475;23
2025;1427370;23
2025;1257524;23
2025;150039;23
2025;75821;23
2025;5000930;23
2025;72669;23
2025;1399478;23
2025;1342536;23
2025;5000930;23
2025;1108281;23
2025;72667;23
2025;1189778;23
2025;16236;23
2025;10224;23
2025;1349675;23
2025;8437;23
2025;74594;23
2025;1184047;23
2025;4503;23
2025;85652;23
2025;72767;23
2025;72667;23
2025;1399484;23
2025;90084;23
2025;5001300;23
2025;1168313;23
2025;5206;23
2025;18447;23
2025;1330031;23
2025;100956;23
2025;12970;23
2025;1408259;23
2025;9805;23
2025;72681;23
2025;84408;23
2025;5001341;23
2025;100956;23
2025;13996;23
2025;72667;23
2025;1399486;23
2025;9805;23
2025;1257548;23
2025;72667;23
2025;12569;23
2025;5345;23
2025;1168313;23
2025;15343;23
2025;90483;23
2025;72663;23
2025;78256;23
2025;15839;23
2025;10591;23
2025;15839;23
2025;1163738;23
2025;1399477;23
2025;10289;23
2025;1399616;23
2025;4503;23
2025;1185025;23
2025;1059179;23
2025;20249;23
2025;66248;23
2025;2918;23
2025;64918;23
2025;1109361;23
2025;64918;23
2025;74594;23
2025;1184325;23
2025;15475;23
2025;20360;23
2025;1399483;23
2025;82224;23
2025;71859;23
2025;1107;23
2025;1108281;23
2025;87537;23
2025;1108281;23
2025;82224;23
2025;72681;23
2025;1050663;23
2025;1185025;23
2025;18472;23
2025;1257524;23
2025;2304;23
2025;1408509;23
2025;98406;23
2025;6711;23
2025;1184047;23
2025;38071;23
2025;1168313;23
2025;15839;23
2025;5920;23
2025;1200578;23
2025;5001314;23
2025;98406;23
2025;11114;23
2025;9988;23
2025;6496;23
2025;98506;23
2025;1321864;23
2025;1029204;23
2025;5000979;23
2025;1725;23
2025;1399483;23
2025;97679;23
2025;1190667;23
2025;93001;23
2025;98506;23
2025;74655;23
2025;1029204;23
2025;1189778;23
2025;18472;23
2025;86288;23
2025;84408;23
2025;8698;23
2025;1342536;23
2025;7676;23
2025;15343;23
2025;86356;23
2025;1314146;23
2025;90084;23
2025;8698;23
2025;1168313;23
2025;5001167;23
2025;108014;23
2025;1261972;23
2025;5000981;23
2025;8437;23
2025;1163738;23
2025;1408507;23
2025;66361;23
2025;14093;23
2025;1178672;23
2025;1257524;23
2025;6711;23
2025;1178672;23
2025;1399477;23
2025;1179189;23
2025;1292713;23
2025;1192047;23
2025;6711;23
2025;74655;23
2025;1184047;23
2025;1184047;23
2025;107766;23
2025;1278877;23
2025;5000981;23
2025;48854;23
2025;1385538;23
2025;54490;23
2025;72669;23
2025;91219;23
2025;72669;23
2025;19850;23
2025;74594;23
2025;14093;23
2025;1178672;23
2025;8698;23
2025;1178672;23
2025;75821;23
2025;7676;23
2025;74655;23
2025;5206;23
2025;1190667;23
2025;5000001;23
2025;1029204;23
2025;2348;23
2025;1179189;23
2025;74655;23
2025;71859;23
2025;57402;23
2025;39415;23
2025;1163738;23
2025;9805;23
2025;1363536;23
2025;12970;23
2025;100956;23
2025;1171609;23
2025;38071;23
2025;1427420;23
2025;84408;23
2025;19294;23
2025;79007;23
2025;5001033;23
2025;1408259;23
2025;7105;23
2025;59414;23
2025;1193275;23
2025;66361;23
2025;5001033;23
2025;5001427;23
2025;1184325;23
2025;98409;23
2025;1200712;23
2025;7676;23
2025;1029204;23
2025;5345;23
2025;1107;23
2025;1399617;23
2025;11114;23
2025;18472;23
2025;9996;23
2025;1399616;23
2025;1257562;23
2025;108882;23
2025;1321864;23
2025;10224;23
2025;5000981;23
2025;1399617;23
2025;51835;23
2025;12970;23
2025;74655;23
2025;9772;23
2025;99476;23
2025;14234;23
2025;1483773;23
2025;20360;23
2025;60660;23
2025;19850;23
2025;7676;23
2025;13996;23
2025;7676;23
2025;14359;23
2025;54490;23
2025;1399477;23
2025;1518;23
2025;71859;23
2025;9996;23
2025;5000930;23
2025;87537;23
2025;5001183;23
2025;389;23
2025;5000930;23
2025;9988;23
2025;1487491;23
2025;5345;23
2025;1399617;23
2025;7705;23
2025;72681;23
2025;1399616;23
2025;5001033;23
2025;72681;23
2025;108014;23
2025;1108786;23
2025;1267038;23
2025;1385538;23
2025;79007;23
2025;1427420;23
2025;4503;23
2025;1184047;23
2025;1399480;23
2025;12015;23
2025;72669;23
2025;13996;23
2025;1455021;23
2025;1184047;23
2025;5000930;23
2025;758;23
2025;72669;23
2025;1408504;23
2025;1399486;23
2025;51835;23
2025;1185903;23
2025;1321864;23
2025;57402;23
2025;71859;23
2025;72675;23
2025;97679;23
2025;1399480;23
2025;100958;23
2025;7105;23
2025;19850;23
2025;90483;23
2025;1029204;23
2025;1278877;23
2025;90483;23
2025;140;23
2025;75821;23
2025;74594;23
2025;87537;23
2025;1278877;23
2025;7676;23
2025;1108786;23
2025;1278877;23
2025;2918;23
2025;5000978;23
2025;10224;23
2025;93001;23
2025;6496;23
2025;1408507;23
2025;72669;23
2025;99476;23
2025;1399484;23
2025;1190667;23
2025;1192188;23
2025;1136509;23
2025;1385538;23
2025;1408504;23
2025;18472;23
2025;1135207;23
2025;8437;23
2025;1457503;23
2025;90084;23
2025;1397771;23
2025;72669;23
2025;74594;23
2025;1192047;23
2025;12970;23
2025;74655;23
2025;90483;23
2025;84408;23
2025;100956;23
2025;5001183;23
2025;1258021;23
2025;1518495;23
2025;1397772;23
2025;5001294;23
2025;1136509;23
2025;15783;23
2025;98506;23
2025;108882;23
2025;58412;23
2025;78256;23
2025;1178672;23
2025;86356;23
2025;5345;23
2025;90084;23
2025;72669;23
2025;1184432;23
2025;1419799;23
2025;1185025;23
2025;64918;23
2025;57402;23
2025;59174;23
2025;1184060;23
2025;84408;23
2025;57402;23
2025;2695;23
2025;1184060;23
2025;1629;23
2025;1477973;23
2025;1399486;23
2025;16236;23
2025;5000001;23
2025;99476;23
2025;91219;23
2025;16904;23
2025;100958;23
2025;7105;23
2025;57402;23
2025;1184047;23
2025;1408261;23
2025;1399481;23
2025;1188900;23
2025;1399614;23
2025;1408259;23
2025;4503;23
2025;1399489;23
2025;72417;23
2025;20058;23
2025;5001341;23
2025;72667;23
2025;4503;23
2025;1190667;23
2025;19850;23
2025;75821;23
2025;15839;23
2025;1108786;23
2025;39415;23
2025;90084;23
2025;1200578;23
2025;8698;23
2025;100958;23
2025;1363536;23
2025;100956;23
2025;1108786;23
2025;1029204;23
2025;10591;23
2025;7414;23
2025;13996;23
2025;97679;23
2025;72663;23
2025;48854;23
2025;60660;23
2025;18605;23
2025;59174;23
2025;1483773;23
2025;1408507;23
2025;14563;23
2025;1453564;23
2025;1342536;23
2025;98406;23
2025;1136509;23
2025;10591;23
2025;1455021;23
2025;1185903;23
2025;7676;23
2025;7676;23
2025;6711;23
2025;1200578;23
2025;1185025;23
2025;12970;23
2025;72669;23
2025;1385538;23
2025;48854;23
2025;60660;23
2025;6496;23
2025;1385538;23
2025;71859;23
2025;1184047;23
2025;1399483;23
2025;37304;23
2025;108014;23
2025;7676;23
2025;5206;23
2025;7676;23
2025;20249;23
2025;2392;23
2025;97679;23
2025;108882;23
2025;79007;23
2025;1399482;23
2025;11316;23
2025;8437;23
2025;57852;23
2025;20058;23
2025;9996;23
2025;7676;23
2025;9988;23
2025;2918;23
2025;1184047;23
2025;1171609;23
2025;5000979;23
2025;72767;23
2025;18594;23
2025;13996;23
2025;97679;23
2025;48854;23
2025;1342536;23
2025;59414;23
2025;1408262;23
2025;10591;23
2025;97679;23
2025;1184047;23
2025;5000979;23
2025;57402;23
2025;66361;23
2025;91219;23
2025;108884;24
2025;1135207;24
2025;1445016;24
2025;7676;24
2025;1171609;24
2025;7676;24
2025;1397772;24
2025;5001300;24
2025;1200578;24
2025;58412;24
2025;1188127;24
2025;1399481;24
2025;1193275;24
2025;90091;24
2025;1390309;24
2025;93001;24
2025;20249;24
2025;60660;24
2025;1399486;24
2025;9772;24
2025;1185903;24
2025;3148;24
2025;1173014;24
2025;1214209;24
2025;65924;24
2025;72675;24
2025;85652;24
2025;12970;24
2025;12015;24
2025;1257524;24
2025;97679;24
2025;5000979;24
2025;71859;24
2025;1059179;24
2025;5000979;24
2025;8554;24
2025;868;24
2025;11233;24
2025;20249;24
2025;64918;24
2025;1453564;24
2025;1108281;24
2025;1408507;24
2025;3148;24
2025;1068548;24
2025;113504;24
2025;13996;24
2025;1192188;24
2025;1166567;24
2025;1185076;24
2025;103596;24
2025;868;24
2025;10289;24
2025;9996;24
2025;101228;24
2025;7676;24
2025;1445016;24
2025;6496;24
2025;1399486;24
2025;98409;24
2025;19206;24
2025;1518;24
2025;5000001;24
2025;8960;24
2025;48854;24
2025;65924;24
2025;84352;24
2025;12970;24
2025;11114;24
2025;1408504;24
2025;1173014;24
2025;1399614;24
2025;1135207;24
2025;121850;24
2025;1173014;24
2025;12970;24
2025;5000841;24
2025;1183958;24
2025;13866;24
2025;113504;24
2025;66248;24
2025;108014;24
2025;1101742;24
2025;5000981;24
2025;1399480;24
2025;5000812;24
2025;1385538;24
2025;12970;24
2025;1200578;24
2025;1107;24
2025;98406;24
2025;1385521;24
2025;1385538;24
2025;2918;24
2025;59174;24
2025;5000980;24
2025;5000001;24
2025;16904;24
2025;84352;24
2025;1173014;24
2025;9772;24
2025;1390317;24
2025;1189778;24
2025;15475;24
2025;1342536;24
2025;1184047;24
2025;4503;24
2025;8554;24
2025;64918;24
2025;868;24
2025;1406536;24
2025;15475;24
2025;72667;24
2025;19294;24
2025;84408;24
2025;5000981;24
2025;10591;24
2025;1109361;24
2025;72675;24
2025;5001300;24
2025;74594;24
2025;74655;24
2025;13103;24
2025;1399486;24
2025;84352;24
2025;19206;24
2025;98506;24
2025;11114;24
2025;90084;24
2025;100956;24
2025;84352;24
2025;72417;24
2025;5000979;24
2025;8698;24
2025;14975;24
2025;18594;24
2025;5000933;24
2025;90084;24
2025;5001294;24
2025;113504;24
2025;1184432;24
2025;1189778;24
2025;1427420;24
2025;98506;24
2025;1518;24
2025;8554;24
2025;18594;24
2025;1104264;24
2025;87537;24
2025;1342536;24
2025;74594;24
2025;1059179;24
2025;7676;24
2025;1183958;24
2025;20249;24
2025;8437;24
2025;7705;24
2025;1216474;24
2025;5000981;24
2025;9996;24
2025;1190280;24
2025;79007;24
2025;1518;24
2025;90059;24
2025;1184325;24
2025;1725;24
2025;71859;24
2025;1408509;24
2025;90483;24
2025;5000979;24
2025;48854;24
2025;389;24
2025;1171609;24
2025;1178672;24
2025;57402;24
2025;12970;24
2025;1135207;24
2025;10591;24
2025;5000930;24
2025;108014;24
2025;57852;24
2025;108014;24
2025;57402;24
2025;107766;24
2025;1399478;24
2025;9988;24
2025;5001341;24
2025;3677;24
2025;1184047;24
2025;1136509;24
2025;11114;24
2025;69624;24
2025;1050663;24
2025;87941;24
2025;19434;24
2025;18594;24
2025;7676;24
2025;11233;24
2025;74594;24
2025;72767;24
2025;1192047;24
2025;100958;24
2025;1408505;24
2025;5000001;24
2025;1135207;24
2025;13723;24
2025;19850;24
2025;121850;24
2025;11233;24
2025;108882;24
2025;12015;24
2025;19294;24
2025;1191415;24
2025;5206;24
2025;1136509;24
2025;100958;24
2025;1399489;24
2025;1421100;24
2025;1483805;24
2025;4720;24
2025;7105;24
2025;13996;24
2025;7676;24
2025;97679;24
2025;14563;24
2025;98506;24
2025;1202553;24
2025;1349675;24
2025;82224;24
2025;54494;24
2025;91219;24
2025;1261972;24
2025;100956;24
2025;4503;24
2025;1342536;24
2025;13200;24
2025;1327450;24
2025;5000981;24
2025;1135207;24
2025;389;24
2025;7676;24
2025;64918;24
2025;100688;24
2025;1390317;24
2025;8437;24
2025;5001183;24
2025;90091;24
2025;1171609;24
2025;5000812;24
2025;20249;24
2025;13453;24
2025;1397772;24
2025;1108786;24
2025;1163738;24
2025;1200578;24
2025;1453564;24
2025;15783;24
2025;60660;24
2025;1342536;24
2025;14234;24
2025;1059179;24
2025;75821;24
2025;7676;24
2025;1190280;24
2025;5000001;24
2025;72663;24
2025;98506;24
2025;72669;24
2025;9996;24
2025;97679;24
2025;53338;24
2025;1342536;24
2025;75821;24
2025;4503;24
2025;85652;24
2025;5001314;24
2025;1109361;24
2025;8960;24
2025;1272168;24
2025;57852;24
2025;87941;24
2025;13286;24
2025;87537;24
2025;99476;24
2025;13723;24
2025;1342536;24
2025;1178672;24
2025;1879;24
2025;1518;24
2025;98406;24
2025;1257562;24
2025;19850;24
2025;15475;24
2025;18447;24
2025;12692;24
2025;3677;24
2025;1026;24
2025;90483;24
2025;1399619;24
2025;39415;24
2025;12970;24
2025;8437;24
2025;1399615;24
2025;12;24
2025;7105;24
2025;5920;24
2025;1200578;24
2025;91219;24
2025;90483;24
2025;1397771;24
2025;64918;24
2025;72681;24
2025;1342536;24
2025;1185076;24
2025;10224;24
2025;5001033;24
2025;10222;24
2025;1390317;24
2025;1185025;24
2025;72669;24
2025;1439;24
2025;1399477;24
2025;1188900;24
2025;2695;24
2025;1399487;24
2025;101228;24
2025;1397773;24
2025;1173014;24
2025;65924;24
2025;108882;24
2025;97679;24
2025;6496;24
2025;12569;24
2025;5206;24
2025;13200;24
2025;79007;24
2025;6496;24
2025;87537;24
2025;1107;24
2025;1029204;24
2025;1390311;24
2025;1173014;24
2025;78256;24
2025;11233;24
2025;1202553;24
2025;1457006;24
2025;72669;24
2025;140;24
2025;87537;24
2025;5000933;24
2025;120983;24
2025;98506;24
2025;7676;24
2025;12970;24
2025;1108281;24
2025;5000980;24
2025;1179189;24
2025;14093;24
2025;1725;24
2025;1408259;24
2025;1179189;24
2025;121850;24
2025;54490;24
2025;7705;24
2025;5920;24
2025;84408;24
2025;1342536;24
2025;57852;24
2025;1185076;24
2025;11114;24
2025;1059179;24
2025;71689;24
2025;1108786;24
2025;7676;24
2025;108882;24
2025;4503;24
2025;1184432;24
2025;65924;24
2025;86288;24
2025;1397773;24
2025;59414;24
2025;10591;24
2025;5001033;24
2025;9772;24
2025;1486298;24
2025;15839;24
2025;72669;24
2025;5206;24
2025;84352;24
2025;1108786;24
2025;4503;24
2025;1029204;24
2025;1408259;24
2025;1385538;24
2025;5000933;24
2025;97679;24
2025;10222;24
2025;1725;24
2025;4082;24
2025;100956;24
2025;1173014;24
2025;10224;24
2025;5001450;24
2025;1399483;24
2025;74655;24
2025;8554;24
2025;13996;24
2025;1408262;24
2025;1458090;24
2025;1390309;24
2025;1390309;24
2025;1178672;24
2025;14725;24
2025;107666;24
2025;19850;24
2025;8437;24
2025;72675;24
2025;12970;24
2025;13103;24
2025;13103;24
2025;1349675;24
2025;5001450;24
2025;1192237;24
2025;5000980;24
2025;150039;24
2025;5001450;24
2025;1192237;24
2025;1200712;24
2025;72767;24
2025;5000979;24
2025;1272168;24
2025;1399616;24
2025;69624;24
2025;49060;24
2025;16236;24
2025;1184325;24
2025;1107;24
2025;5920;24
2025;7105;24
2025;93001;24
2025;1192237;24
2025;98409;24
2025;72669;24
2025;19206;24
2025;11233;24
2025;1185025;24
2025;5909;24
2025;37304;24
2025;19850;24
2025;103596;24
2025;82224;24
2025;6711;24
2025;1399481;24
2025;84352;24
2025;1330031;24
2025;1184325;24
2025;12345;24
2025;18594;24
2025;5001341;24
2025;1455021;24
2025;11233;24
2025;15475;24
2025;5000980;24
2025;5206;24
2025;5000812;24
2025;90483;24
2025;84408;24
2025;1202546;24
2025;1188900;24
2025;121850;24
2025;5000812;24
2025;2304;24
2025;2348;24
2025;1192188;24
2025;87537;24
2025;11114;24
2025;9326;24
2025;1179189;24
2025;1104264;24
2025;12345;24
2025;37304;24
2025;1399618;24
2025;1322329;24
2025;18447;24
2025;1408507;24
2025;87537;24
2025;1408505;24
2025;5000001;24
2025;14093;24
2025;12569;24
2025;5001300;24
2025;18447;24
2025;1163738;24
2025;1427419;24
2025;1059179;24
2025;5000001;24
2025;11446;24
2025;1317634;24
2025;5000001;24
2025;5000841;24
2025;108014;24
2025;87537;24
2025;1363536;24
2025;100958;24
2025;5000001;24
2025;7105;24
2025;85652;24
2025;98409;24
2025;1166567;24
2025;51835;24
2025;1399619;24
2025;91219;24
2025;98409;24
2025;758;24
2025;7676;24
2025;150039;24
2025;100688;24
2025;87941;24
2025;48854;24
2025;57852;24
2025;1439;24
2025;1399478;24
2025;7676;24
2025;1029204;24
2025;1136509;24
2025;1168313;24
2025;99476;24
2025;1109361;24
2025;1390311;24
2025;66361;24
2025;12970;24
2025;59414;24
2025;74655;24
2025;72667;24
2025;98406;24
2025;1192188;24
2025;1399480;24
2025;5001033;24
2025;1192188;24
2025;1202547;24
2025;120983;24
2025;1059179;24
2025;51835;24
2025;1109361;24
2025;16904;24
2025;5001314;24
2025;8698;24
2025;1457006;24
2025;1397771;24
2025;107666;24
2025;60660;24
2025;11316;24
2025;1399487;24
2025;1399617;24
2025;1399487;24
2025;1408505;24
2025;18605;24
2025;1330031;24
2025;80037;24
2025;74594;24
2025;1321864;24
2025;1183313;24
2025;1399487;24
2025;9805;24
2025;9805;24
2025;20249;24
2025;54490;24
2025;1276878;24
2025;5001183;24
2025;7705;24
2025;1399480;24
2025;37304;24
2025;90091;24
2025;90483;24
2025;7676;24
2025;10224;24
2025;39415;24
2025;3677;24
2025;1173014;24
2025;1188900;24
2025;13103;24
2025;2392;24
2025;1257777;24
2025;1202546;24
2025;90084;24
2025;1399618;24
2025;1173014;24
2025;7676;24
2025;1184060;24
2025;1104264;24
2025;18594;24
2025;5001300;24
2025;1404416;24
2025;15839;24
2025;5000812;24
2025;1363536;24
2025;1180318;24
2025;72663;24
2025;1108281;24
2025;107766;24
2025;1272168;24
2025;20360;24
2025;1173014;24
2025;1173014;24
2025;59174;24
2025;10224;24
2025;1173014;24
2025;11114;24
2025;3148;24
2025;1135207;24
2025;74655;24
2025;91219;24
2025;1179189;24
2025;9805;24
2025;11446;24
2025;1163738;24
2025;11114;24
2025;1108153;24
2025;1330031;24
2025;87537;24
2025;1278877;24
2025;80037;24
2025;1179189;24
2025;1179189;24
2025;2304;24
2025;69624;24
2025;74594;24
2025;8554;24
2025;8437;24
2025;1180318;24
2025;1427420;24
2025;8554;24
2025;1104264;24
2025;5001300;24
2025;97679;24
2025;7837;24
2025;86356;24
2025;1408504;24
2025;1168313;24
2025;5909;24
2025;12692;24
2025;5909;24
2025;1408505;24
2025;389;24
2025;1026;24
2025;9772;24
2025;11114;24
2025;5001033;24
2025;1408259;24
2025;74594;24
2025;4082;24
2025;1399619;24
2025;1295813;24
2025;1399478;24
2025;1108281;24
2025;1399482;24
2025;12970;24
2025;7676;24
2025;1192188;24
2025;2918;24
2025;1183958;24
2025;8554;24
2025;1363536;24
2025;82224;24
2025;1439;24
2025;1191415;24
2025;1202573;24
2025;140;24
2025;3148;24
2025;5000001;24
2025;1327450;24
2025;1179189;24
2025;868;24
2025;20249;24
2025;8960;24
2025;5001450;24
2025;1178524;24
2025;12692;24
2025;5000981;24
2025;1192047;24
2025;86356;24
2025;1408262;24
2025;1171609;24
2025;100688;24
2025;1192188;24
2025;58412;24
2025;2695;24
2025;5000980;24
2025;1399478;24
2025;2392;24
2025;7414;24
2025;64918;24
2025;57402;24
2025;5909;24
2025;1349675;24
2025;1629;24
2025;107766;24
2025;53338;24
2025;69624;24
2025;4503;24
2025;5001314;24
2025;7105;24
2025;4503;24
2025;99476;24
2025;7105;24
2025;59174;24
2025;1026;24
2025;90483;24
2025;16236;24
2025;5345;24
2025;10222;24
2025;1397773;24
2025;7105;24
2025;13601;24
2025;1185025;24
2025;65114;24
2025;7105;24
2025;1185903;24
2025;1317634;24
2025;1629;24
2025;5000931;24
2025;12;24
2025;1107;24
2025;59414;24
2025;100958;24
2025;1108153;24
2025;1399616;24
2025;1399478;24
2025;1267038;24
2025;7705;24
2025;1179501;24
2025;5000931;24
2025;5920;24
2025;1399489;24
2025;1136509;24
2025;1178524;24
2025;20249;24
2025;3677;24
2025;1200578;24
2025;91219;24
2025;1330031;24
2025;12015;24
2025;72669;24
2025;2918;24
2025;5001101;24
2025;1629;24
2025;1171609;24
2025;98409;24
2025;9772;24
2025;1408505;24
2025;98409;24
2025;868;24
2025;8698;24
2025;54490;24
2025;9772;24
2025;5000930;24
2025;1317634;24
2025;1191415;24
2025;107766;24
2025;90084;24
2025;20249;24
2025;75821;24
2025;87537;24
2025;5000001;24
2025;57402;24
2025;5000931;24
2025;1477973;24
2025;5909;24
2025;10591;24
2025;78256;24
2025;1258021;24
2025;9988;24
2025;13424;24
2025;9772;24
2025;1190280;24
2025;59414;24
2025;15475;24
2025;9772;24
2025;38071;24
2025;13424;24
2025;1135207;24
2025;14359;24
2025;5000931;24
2025;10224;24
2025;14359;24
2025;1190667;24
2025;1408262;24
2025;1465625;24
2025;12970;24
2025;64918;24
2025;1136509;24
2025;91399;24
2025;9772;24
2025;1399482;24
2025;97679;24
2025;1408261;24
2025;1518;24
2025;18447;24
2025;1200578;24
2025;7676;24
2025;1399478;24
2025;9772;24
2025;1725;24
2025;1188849;24
2025;39415;24
2025;10222;24
2025;1178672;24
2025;107666;24
2025;1184060;24
2025;1200712;24
2025;37304;24
2025;86288;24
2025;1629;24
2025;1397772;24
2025;1202573;24
2025;1397773;24
2025;1327450;24
2025;9988;24
2025;1135207;24
2025;1385521;24
2025;1180318;24
2025;14359;24
2025;90091;24
2025;57402;24
2025;72663;24
2025;1408505;24
2025;7837;24
2025;1193264;24
2025;49060;24
2025;74594;24
2025;7676;24
2025;59414;24
2025;8437;24
2025;1518;24
2025;1349675;24
2025;108884;24
2025;90483;24
2025;91219;24
2025;1419799;24
2025;14975;24
2025;19434;24
2025;93001;24
2025;38071;24
2025;15783;24
2025;14359;24
2025;6711;24
2025;20058;24
2025;74594;24
2025;91219;24
2025;98406;24
2025;3677;24
2025;1214209;24
2025;1257524;24
2025;20249;24
2025;140;24
2025;1399482;24
2025;1725;24
2025;1349675;24
2025;9805;24
2025;5345;24
2025;1202553;24
2025;107666;24
2025;1264844;24
2025;100688;24
2025;1183958;24
2025;1879;24
2025;16236;24
2025;1629;24
2025;78256;24
2025;98409;24
2025;1390317;24
2025;1445016;24
2025;1202553;24
2025;87941;24
2025;1313341;24
2025;10224;24
2025;1108281;24
2025;59174;24
2025;14563;24
2025;65114;24
2025;389;24
2025;100958;24
2025;13601;24
2025;5206;24
2025;5000980;24
2025;1108281;24
2025;13424;24
2025;19850;24
2025;1135207;24
2025;5345;24
2025;5000930;24
2025;1184047;24
2025;11114;24
2025;59414;24
2025;5001300;24
2025;1419799;24
2025;1321864;24
2025;1390309;24
2025;120983;24
2025;1050663;24
2025;5000980;24
2025;484;24
2025;1438629;24
2025;12015;24
2025;12015;24
2025;1399618;24
2025;389;24
2025;6496;24
2025;1342536;24
2025;7705;24
2025;84352;24
2025;1399287;24
2025;1725;24
2025;1399486;24
2025;1330031;24
2025;120983;24
2025;1183313;24
2025;13601;24
2025;2304;24
2025;10224;24
2025;9772;24
2025;20360;24
2025;8554;24
2025;1168313;24
2025;99476;24
2025;1399478;24
2025;1108281;24
2025;91399;24
2025;1257524;24
2025;79007;24
2025;108884;24
2025;7414;24
2025;72767;24
2025;1421013;24
2025;79007;24
2025;1184060;24
2025;90084;24
2025;100958;24
2025;1216474;24
2025;71689;24
2025;59174;24
2025;12813;24
2025;59174;24
2025;1321864;24
2025;1408259;24
2025;14359;24
2025;2918;24
2025;1518;24
2025;1192188;24
2025;1317634;24
2025;5000930;24
2025;14563;24
2025;100956;24
2025;1184432;24
2025;1192237;24
2025;1102360;24
2025;5000979;24
2025;13601;24
2025;91219;24
2025;1879;24
2025;1190280;24
2025;20249;24
2025;5001450;24
2025;93001;24
2025;5000812;24
2025;9772;24
2025;14234;24
2025;100688;24
2025;5001183;24
2025;98406;24
2025;90084;24
2025;20249;24
2025;72667;24
2025;2695;24
2025;87941;24
2025;1202553;24
2025;1399617;24
2025;11446;24
2025;1101742;24
2025;1295813;24
2025;14093;24
2025;15475;24
2025;11446;24
2025;7676;24
2025;1050663;24
2025;85652;24
2025;1029204;24
2025;6496;24
2025;9326;24
2025;1399487;24
2025;1192237;24
2025;1408504;24
2025;5000979;24
2025;1457503;24
2025;103596;24
2025;64918;24
2025;59414;24
2025;1399616;24
2025;5001466;24
2025;82224;24
2025;1050663;24
2025;1200712;24
2025;54490;24
2025;12970;24
2025;15475;24
2025;1385538;24
2025;1180318;24
2025;15475;24
2025;1390317;24
2025;90084;24
2025;868;24
2025;1202546;24
2025;71859;24
2025;1202553;24
2025;19850;24
2025;100956;24
2025;9805;24
2025;74594;24
2025;1399485;24
2025;8437;24
2025;72663;24
2025;9805;24
2025;1518;24
2025;5000001;24
2025;84352;24
2025;9996;24
2025;8698;24
2025;78256;24
2025;19850;24
2025;9772;24
2025;5206;24
2025;11114;24
2025;90084;24
2025;103596;24
2025;16236;24
2025;87941;24
2025;72669;24
2025;57402;24
2025;14093;24
2025;75821;24
2025;1173014;24
2025;7676;24
2025;1408505;24
2025;1200578;24
2025;90084;24
2025;12970;24
2025;90084;24
2025;1192237;24
2025;57402;24
2025;12015;24
2025;12;24
2025;11446;24
2025;1321864;24
2025;90084;24
2025;1179189;24
2025;90084;24
2025;8554;24
2025;1322329;24
2025;72663;24
2025;4503;24
2025;90059;24
2025;13200;24
2025;1629;24
2025;1190621;24
2025;4503;24
2025;484;24
2025;1179189;24
2025;87941;24
2025;87537;24
2025;1397772;24
2025;90084;24
2025;1190621;24
2025;5000930;24
2025;10591;24
2025;2304;24
2025;1879;24
2025;9988;24
2025;1408505;24
2025;1258021;24
2025;15839;24
2025;90084;24
2025;1427419;24
2025;1453564;24
2025;5001314;24
2025;78256;24
2025;87941;24
2025;5000980;24
2025;303;24
2025;100688;24
2025;1108153;24
2025;18594;24
2025;9996;24
2025;1190621;24
2025;758;24
2025;12970;24
2025;1257562;24
2025;15343;24
2025;1190621;24
2025;84408;24
2025;4720;24
2025;1179189;24
2025;16236;24
2025;80037;24
2025;1190621;24
2025;1192047;24
2025;4503;24
2025;5001341;24
2025;1190621;24
2025;1397771;24
2025;6496;24
2025;9996;24
2025;1385538;24
2025;1190621;24
2025;1183313;24
2025;7676;24
2025;1173014;24
2025;12970;24
2025;91219;24
2025;1487491;24
2025;1349675;24
2025;48854;24
2025;1399485;24
2025;9805;24
2025;389;24
2025;1438629;24
2025;14093;24
2025;9326;24
2025;72663;24
2025;5000812;24
2025;1179189;24
2025;51835;24
2025;72663;24
2025;1399480;24
2025;15475;24
2025;1438629;24
2025;8437;24
2025;13453;24
2025;91219;24
2025;58412;24
2025;39415;24
2025;5000812;24
2025;5345;24
2025;54490;24
2025;1185076;24
2025;6711;24
2025;59414;24
2025;1399616;24
2025;9996;24
2025;90084;24
2025;1179189;24
2025;1421013;24
2025;6496;24
2025;13996;24
2025;100958;24
2025;9326;24
2025;12970;24
2025;1399485;24
2025;3677;24
2025;12970;24
2025;5001033;24
2025;1179189;24
2025;1185903;24
2025;6496;24
2025;13601;24
2025;64918;24
2025;18447;24
2025;6711;24
2025;1317634;24
2025;1183958;24
2025;8437;24
2025;1108786;24
2025;1257524;24
2025;97679;24
2025;72681;24
2025;72663;24
2025;72669;24
2025;11114;24
2025;15783;24
2025;19294;24
2025;60660;24
2025;87537;24
2025;20360;24
2025;1136509;24
2025;8437;24
2025;1190280;24
2025;113504;24
2025;14234;24
2025;1190621;24
2025;1190621;24
2025;100958;24
2025;72663;24
2025;5000001;24
2025;1317634;24
2025;60660;24
2025;14725;24
2025;1278877;24
2025;1190621;24
2025;1190621;24
2025;1518;24
2025;1136509;24
2025;2695;24
2025;5920;24
2025;5000933;24
2025;1108153;24
2025;1179189;24
2025;5000981;24
2025;18447;24
2025;54490;24
2025;1421013;24
2025;4720;24
2025;5000841;24
2025;90059;24
2025;13424;24
2025;1725;24
2025;84352;24
2025;1342536;24
2025;78256;24
2025;11233;24
2025;1179189;24
2025;1202546;24
2025;13286;24
2025;108882;24
2025;84352;24
2025;13996;24
2025;54490;24
2025;98406;24
2025;87537;24
2025;20058;24
2025;5920;24
2025;1399616;24
2025;1465625;24
2025;1108281;24
2025;90059;24
2025;5001300;24
2025;1518;24
2025;1191415;24
2025;5345;24
2025;91219;24
2025;1135207;24
2025;1438629;24
2025;107666;24
2025;1399481;24
2025;57852;24
2025;1178524;24
2025;84408;24
2025;13996;24
2025;97679;24
2025;15475;24
2025;1184047;24
2025;1278877;24
2025;54490;24
2025;16904;24
2025;5001033;24
2025;2304;24
2025;1173014;24
2025;1453564;24
2025;2304;24
2025;6496;24
2025;1399480;24
2025;7676;24
2025;2304;24
2025;13601;24
2025;7414;24
2025;2304;24
2025;1399480;24
2025;1136509;24
2025;1059179;24
2025;2304;24
2025;1477973;24
2025;1109361;24
2025;5000933;24
2025;59174;24
2025;5000812;24
2025;1179189;24
2025;1184432;24
2025;15839;24
2025;5000930;24
2025;1136509;24
2025;9988;24
2025;6711;24
2025;11114;24
2025;1185076;24
2025;1163738;24
2025;1136509;24
2025;86288;24
2025;39415;24
2025;5345;24
2025;9772;24
2025;1178672;24
2025;14563;24
2025;86288;24
2025;5920;24
2025;5000001;24
2025;1264844;24
2025;1264844;24
2025;3148;24
2025;74655;24
2025;2304;24
2025;2304;24
2025;1109361;24
2025;6496;24
2025;1192047;24
2025;5000933;24
2025;1136509;24
2025;1189607;24
2025;2304;24
2025;97679;24
2025;11114;24
2025;84352;24
2025;20360;24
2025;1135207;24
2025;2304;24
2025;1272168;24
2025;2304;24
2025;2304;24
2025;72669;24
2025;1200578;24
2025;1477973;24
2025;5000930;24
2025;98406;24
2025;1189607;24
2025;15343;24
2025;14234;24
2025;1327450;24
2025;7676;24
2025;1188900;24
2025;9996;24
2025;18594;24
2025;11114;24
2025;98406;24
2025;100956;24
2025;71859;24
2025;12015;24
2025;12569;24
2025;18594;24
2025;12569;24
2025;14359;24
2025;1179189;24
2025;2695;24
2025;1272168;24
2025;1399479;24
2025;15475;24
2025;49060;24
2025;18594;24
2025;9805;24
2025;13424;24
2025;5001033;24
2025;1257524;24
2025;51835;24
2025;1183958;24
2025;7676;24
2025;1190667;24
2025;5001033;24
2025;8554;24
2025;140;24
2025;1408505;24
2025;6496;24
2025;79007;24
2025;12015;24
2025;1278877;24
2025;15343;24
2025;1173014;24
2025;99476;24
2025;1107;24
2025;5000979;24
2025;1485621;24
2025;100956;24
2025;98506;24
2025;1261972;24
2025;74655;24
2025;1168313;24
2025;108884;24
2025;7676;24
2025;11233;24
2025;108014;24
2025;72675;24
2025;4720;24
2025;18594;24
2025;7414;24
2025;74655;24
2025;1173014;24
2025;1397772;24
2025;18594;24
2025;11114;24
2025;1399482;24
2025;99476;24
2025;5001314;24
2025;69464;24
2025;11114;24
2025;93001;24
2025;1321864;24
2025;13866;24
2025;100956;24
2025;66248;24
2025;1390309;24
2025;90483;24
2025;1192188;24
2025;72669;24
2025;18472;24
2025;1184325;24
2025;5000812;24
2025;2304;24
2025;4503;24
2025;8437;24
2025;2918;24
2025;1102360;24
2025;1108786;24
2025;1453564;24
2025;13286;24
2025;1202539;24
2025;1107;24
2025;59414;24
2025;13424;24
2025;1408505;24
2025;121850;24
2025;87941;24
2025;51835;24
2025;9996;24
2025;389;24
2025;1108786;24
2025;98506;24
2025;74655;24
2025;5001427;24
2025;107666;24
2025;1399478;24
2025;71689;24
2025;5001101;24
2025;1276878;24
2025;2392;24
2025;120983;24
2025;20249;24
2025;5001341;24
2025;12569;24
2025;84408;24
2025;1408507;24
2025;9988;24
2025;1397772;24
2025;107766;24
2025;108014;24
2025;65114;24
2025;1216474;24
2025;10222;24
2025;1438629;24
2025;1187646;24
2025;1445016;24
2025;8437;24
2025;10224;24
2025;7676;24
2025;1399480;24
2025;12970;24
2025;1399287;24
2025;48854;24
2025;99476;24
2025;4503;24
2025;4503;24
2025;2918;24
2025;10224;24
2025;100956;24
2025;72417;24
2025;1202553;24
2025;1173014;24
2025;39415;24
2025;78256;24
2025;90084;24
2025;98406;24
2025;12970;24
2025;1399479;24
2025;1171609;24
2025;10591;24
2025;3677;24
2025;1399618;24
2025;19850;24
2025;7676;24
2025;1192047;24
2025;3677;24
2025;1390309;24
2025;18472;24
2025;389;24
2025;6711;24
2025;12345;24
2025;5000979;24
2025;37304;24
2025;1322329;24
2025;15475;24
2025;1135207;24
2025;5001183;24
2025;78256;24
2025;5000001;24
2025;1317634;24
2025;14234;24
2025;97679;24
2025;20249;24
2025;90059;24
2025;1399483;24
2025;1317634;24
2025;1725;24
2025;19434;24
2025;71859;24
2025;13453;24
2025;100956;24
2025;87537;24
2025;1108786;24
2025;1445016;24
2025;1107;24
2025;1399485;24
2025;101228;24
2025;1397773;24
2025;389;24
2025;1180318;24
2025;1108786;24
2025;12569;24
2025;303;24
2025;1321864;24
2025;1427419;24
2025;85652;24
2025;1185903;24
2025;1457503;24
2025;1059179;24
2025;98406;24
2025;1457707;24
2025;85652;24
2025;69624;24
2025;1171609;24
2025;758;24
2025;9326;24
2025;1725;24
2025;9996;24
2025;8437;24
2025;71859;24
2025;5001183;24
2025;97679;24
2025;1477973;24
2025;98406;24
2025;79007;24
2025;48854;24
2025;389;24
2025;1216474;24
2025;5345;24
2025;14359;24
2025;66248;24
2025;9988;24
2025;1879;24
2025;74594;24
2025;72663;24
2025;1166567;24
2025;1518495;24
2025;1408505;24
2025;1136509;24
2025;19434;24
2025;6711;24
2025;15475;24
2025;1397773;24
2025;1399477;24
2025;57852;24
2025;11316;24
2025;13200;24
2025;2392;24
2025;93001;24
2025;1216474;24
2025;90847;24
2025;72667;24
2025;9326;24
2025;1193275;24
2025;12970;24
2025;10224;24
2025;1399616;24
2025;1438629;24
2025;11114;24
2025;1363536;24
2025;90847;24
2025;7676;24
2025;69624;24
2025;90847;24
2025;19206;24
2025;53338;24
2025;57402;24
2025;90847;24
2025;66248;24
2025;98406;24
2025;90847;24
2025;13723;24
2025;9772;24
2025;1445016;24
2025;98406;24
2025;7676;24
2025;9988;24
2025;1192047;24
2025;11446;24
2025;11446;24
2025;1292726;24
2025;10289;24
2025;108882;24
2025;6496;24
2025;18594;24
2025;1327450;24
2025;5000812;24
2025;15343;24
2025;1390309;24
2025;1385521;24
2025;18594;24
2025;1107;24
2025;72767;24
2025;84352;24
2025;8437;24
2025;1187646;24
2025;75821;24
2025;9996;24
2025;1427420;24
2025;19434;24
2025;1399618;24
2025;15475;24
2025;1168313;24
2025;11114;24
2025;10591;24
2025;8437;24
2025;1202553;24
2025;99476;24
2025;72681;24
2025;1408508;24
2025;74594;24
2025;79007;24
2025;5001167;24
2025;18594;24
2025;1278877;24
2025;1397772;24
2025;72681;24
2025;1725;24
2025;5000930;24
2025;5345;24
2025;1190280;24
2025;4503;24
2025;18447;24
2025;1257524;24
2025;4503;24
2025;14234;24
2025;1342536;24
2025;90483;24
2025;1483768;24
2025;5000930;24
2025;85652;24
2025;1292869;24
2025;1458090;24
2025;1257524;24
2025;8437;24
2025;1399618;24
2025;11114;24
2025;11233;24
2025;1408507;24
2025;1349675;24
2025;2304;24
2025;5000979;24
2025;79007;24
2025;90483;24
2025;97679;24
2025;14975;24
2025;7105;24
2025;107666;24
2025;1216474;24
2025;1202553;24
2025;389;24
2025;14359;24
2025;108884;24
2025;1397772;24
2025;5001341;24
2025;37304;24
2025;12015;24
2025;1135207;24
2025;9988;24
2025;18472;24
2025;1399480;24
2025;18447;24
2025;11233;24
2025;1385521;24
2025;5001033;24
2025;1342536;24
2025;65114;24
2025;5909;24
2025;16904;24
2025;11446;24
2025;1518;24
2025;1267038;24
2025;13866;24
2025;1399478;24
2025;100958;24
2025;1200712;24
2025;1342536;24
2025;15475;24
2025;91219;24
2025;5001300;24
2025;9988;24
2025;1257777;24
2025;1483773;24
2025;1399488;24
2025;1399616;24
2025;1399478;24
2025;7676;24
2025;113504;24
2025;7705;24
2025;1439;24
2025;98406;24
2025;5001466;24
2025;1184047;24
2025;1185903;24
2025;121850;24
2025;1202553;24
2025;389;24
2025;78256;24
2025;1313341;24
2025;4082;24
2025;10222;24
2025;9805;24
2025;1108786;24
2025;20249;24
2025;1390317;24
2025;1163738;24
2025;5001300;24
2025;18447;24
2025;72669;24
2025;12970;24
2025;100956;24
2025;12692;24
2025;72681;24
2025;72767;24
2025;1327450;24
2025;5000981;24
2025;7414;24
2025;5001300;24
2025;15475;24
2025;12813;24
2025;93001;24
2025;5920;24
2025;1163738;24
2025;9988;24
2025;78256;24
2025;100688;24
2025;54494;24
2025;93001;24
2025;87537;24
2025;20360;24
2025;2304;24
2025;7676;24
2025;48854;24
2025;1879;24
2025;79007;24
2025;99476;24
2025;1029204;24
2025;10224;24
2025;7676;24
2025;1314146;24
2025;6496;24
2025;1483759;24
2025;19850;24
2025;1108153;24
2025;74655;24
2025;11446;24
2025;2695;24
2025;1390309;24
2025;5345;24
2025;1438629;24
2025;389;24
2025;5000001;24
2025;54490;24
2025;5000930;24
2025;1879;24
2025;5345;24
2025;11446;24
2025;1629;24
2025;64918;24
2025;5000930;24
2025;18594;24
2025;84408;24
2025;107766;24
2025;14234;24
2025;6496;24
2025;5000930;24
2025;5000979;24
2025;1185025;24
2025;5001033;24
2025;1102360;24
2025;1399488;24
2025;1390317;24
2025;1202573;24
2025;9326;24
2025;107666;24
2025;7676;24
2025;18472;24
2025;15475;24
2025;4503;24
2025;1179189;24
2025;1399477;24
2025;85652;24
2025;1483773;24
2025;1257524;24
2025;5000979;24
2025;74655;24
2025;13453;24
2025;9996;24
2025;1518495;24
2025;97679;24
2025;93001;24
2025;97679;24
2025;1257548;24
2025;5920;24
2025;5920;24
2025;8554;24
2025;5001300;24
2025;2392;24
2025;4720;24
2025;1029204;24
2025;11114;24
2025;59174;24
2025;90483;24
2025;1390309;24
2025;6496;24
2025;82224;24
2025;13103;24
2025;60660;24
2025;72767;24
2025;9988;24
2025;91219;24
2025;1465625;24
2025;7676;24
2025;11114;24
2025;7837;24
2025;19294;24
2025;100958;24
2025;2918;24
2025;5000930;24
2025;72669;24
2025;1399477;24
2025;14563;24
2025;1399489;24
2025;19206;24
2025;5345;24
2025;1029204;24
2025;2392;24
2025;1190667;24
2025;1399480;24
2025;19206;24
2025;1399477;24
2025;98406;24
2025;1109361;24
2025;86356;24
2025;1173014;24
2025;1390317;24
2025;82224;24
2025;75821;24
2025;100958;24
2025;82224;24
2025;1059179;24
2025;90483;24
2025;103596;24
2025;1399489;24
2025;1421013;24
2025;19434;24
2025;51835;24
2025;1483773;24
2025;87941;24
2025;100958;24
2025;1107;24
2025;74655;24
2025;2918;24
2025;37304;24
2025;1399618;24
2025;1518;24
2025;120983;24
2025;8437;24
2025;11446;24
2025;98506;24
2025;5001183;24
2025;1385538;24
2025;1408507;24
2025;12970;24
2025;1193275;24
2025;18447;24
2025;5000979;24
2025;7837;24
2025;38071;24
2025;1483773;24
2025;19850;24
2025;51835;24
2025;7414;24
2025;868;24
2025;19850;24
2025;1399617;24
2025;14725;24
2025;1483773;24
2025;4503;24
2025;1258023;24
2025;5001300;24
2025;5000979;24
2025;84408;24
2025;72667;24
2025;5920;24
2025;18472;24
2025;5000933;24
2025;1330031;24
2025;1342536;24
2025;1104264;24
2025;12569;24
2025;10224;24
2025;90483;24
2025;1397772;24
2025;14359;24
2025;1314146;24
2025;5000812;24
2025;1258021;24
2025;5001294;24
2025;14234;24
2025;3148;24
2025;14359;24
2025;11316;24
2025;1202553;24
2025;11114;24
2025;6711;24
2025;7705;24
2025;69624;24
2025;5000981;24
2025;1314146;24
2025;7705;24
2025;75821;24
2025;4720;24
2025;1349675;24
2025;1108786;24
2025;6496;24
2025;85652;24
2025;14725;24
2025;78256;24
2025;868;24
2025;1399477;24
2025;1518;24
2025;18472;24
2025;5001427;24
2025;868;24
2025;64918;24
2025;1399487;24
2025;6496;24
2025;8437;24
2025;57402;24
2025;1183313;24
2025;13723;24
2025;9996;24
2025;8554;24
2025;12345;24
2025;72667;24
2025;12569;24
2025;1330031;24
2025;2695;24
2025;9805;24
2025;5000001;24
2025;98506;24
2025;9805;24
2025;1399617;24
2025;1267038;24
2025;389;24
2025;78256;24
2025;1184325;24
2025;5000931;24
2025;1166567;24
2025;78256;24
2025;1453564;24
2025;1108786;24
2025;1059179;24
2025;39415;24
2025;7837;24
2025;57852;24
2025;9772;24
2025;868;24
2025;66248;24
2025;87537;24
2025;5000930;24
2025;1190667;24
2025;48854;24
2025;100688;24
2025;107766;24
2025;13996;24
2025;1068548;24
2025;13453;24
2025;1317634;24
2025;9805;24
2025;1399614;24
2025;79007;24
2025;1879;24
2025;1385521;24
2025;1050663;24
2025;2918;24
2025;7414;24
2025;1026;24
2025;1421100;24
2025;10591;24
2025;1050663;24
2025;5001183;24
2025;13996;24
2025;1385538;24
2025;3148;24
2025;71859;24
2025;90059;24
2025;51835;24
2025;87537;24
2025;1313341;24
2025;1059179;24
2025;5920;24
2025;8960;24
2025;1399482;24
2025;98406;24
2025;19294;24
2025;100956;24
2025;1483768;24
2025;1399618;24
2025;1408259;24
2025;1200578;24
2025;78256;24
2025;78256;24
2025;1399615;24
2025;15839;24
2025;66361;24
2025;5000841;24
2025;1427419;24
2025;1879;24
2025;12569;24
2025;1399478;24
2025;107666;24
2025;1397771;24
2025;1879;24
2025;2392;24
2025;38071;24
2025;48854;24
2025;38071;24
2025;4503;24
2025;1135207;24
2025;87537;24
2025;98409;24
2025;82224;24
2025;1102360;24
2025;14615;24
2025;100956;24
2025;1879;24
2025;79007;24
2025;8554;24
2025;107766;24
2025;12970;24
2025;100956;24
2025;5000001;24
2025;19206;24
2025;4720;24
2025;15783;24
2025;1173014;24
2025;1202573;24
2025;59414;24
2025;10224;24
2025;1629;24
2025;16236;24
2025;1518;24
2025;1183958;24
2025;19850;24
2025;14563;24
2025;87537;24
2025;18594;24
2025;59174;24
2025;1173014;24
2025;11233;24
2025;5000979;24
2025;1483773;24
2025;60660;24
2025;7676;24
2025;12692;24
2025;2695;24
2025;1399484;24
2025;1173014;24
2025;72663;24
2025;10591;24
2025;868;24
2025;1334344;24
2025;8437;24
2025;19850;24
2025;1059179;24
2025;1399615;24
2025;8698;24
2025;1408507;24
2025;1192047;24
2025;1427370;24
2025;74594;24
2025;1107;24
2025;97679;24
2025;7676;24
2025;1483773;24
2025;99476;24
2025;1397771;24
2025;3148;24
2025;4503;24
2025;1295813;24
2025;86288;24
2025;4503;24
2025;107666;24
2025;1487491;24
2025;1455021;24
2025;1185025;24
2025;1465625;24
2025;11114;24
2025;5001300;24
2025;57402;24
2025;1264844;24
2025;5000930;24
2025;1173014;24
2025;59174;24
2025;1184432;24
2025;1104264;24
2025;5001033;24
2025;84352;24
2025;1191415;24
2025;5000930;24
2025;5001033;24
2025;5001183;24
2025;72675;24
2025;91219;24
2025;87537;24
2025;64918;24
2025;7676;24
2025;5001466;24
2025;98406;24
2025;74655;24
2025;7676;24
2025;1399489;24
2025;13996;24
2025;1399615;24
2025;5000001;24
2025;1178672;24
2025;1188127;24
2025;5001101;24
2025;18447;24
2025;1193275;24
2025;1404416;24
2025;9996;24
2025;100956;24
2025;1136509;24
2025;1321864;24
2025;1059179;24
2025;20360;24
2025;5000931;24
2025;9996;24
2025;5000931;24
2025;1202553;24
2025;9996;24
2025;5000931;24
2025;2695;24
2025;9772;24
2025;5000931;24
2025;72667;24
2025;5000812;24
2025;59414;24
2025;1321864;24
2025;1385538;24
2025;74594;24
2025;91219;24
2025;69624;24
2025;64918;24
2025;1173014;24
2025;1214209;24
2025;14093;24
2025;1029204;24
2025;12813;24
2025;98406;24
2025;5345;24
2025;1879;24
2025;120983;24
2025;120983;24
2025;1257524;24
2025;1168313;24
2025;4503;24
2025;11233;24
2025;1184047;24
2025;1135207;24
2025;5001033;24
2025;1183958;24
2025;90483;24
2025;389;24
2025;7676;24
2025;5000812;24
2025;1419799;24
2025;1188127;24
2025;1059179;24
2025;5000981;24
2025;1408504;24
2025;5000981;24
2025;86356;24
2025;100956;24
2025;7676;24
2025;1059179;24
2025;11446;24
2025;1314146;24
2025;84352;24
2025;91399;24
2025;8960;24
2025;1445016;24
2025;1408259;24
2025;1059179;24
2025;1059179;24
2025;54494;24
2025;1385538;24
2025;1342449;24
2025;6496;24
2025;7414;24
2025;1629;24
2025;1192047;24
2025;10222;24
2025;1278877;24
2025;5001314;24
2025;74594;24
2025;90483;24
2025;1214209;24
2025;1427370;24
2025;1135207;24
2025;48854;24
2025;1059179;24
2025;87941;24
2025;1438629;24
2025;87537;24
2025;9996;24
2025;1184432;24
2025;97679;24
2025;7676;24
2025;7676;24
2025;1180318;24
2025;10224;24
2025;13286;24
2025;10289;24
2025;1202539;24
2025;1180318;24
2025;1455021;24
2025;5001300;24
2025;9996;24
2025;1483768;24
2025;13996;24
2025;1193759;24
2025;9996;24
2025;84408;24
2025;1408259;24
2025;48854;24
2025;1202546;24
2025;8960;24
2025;1629;24
2025;57402;24
2025;84352;24
2025;84352;24
2025;1192188;24
2025;72669;24
2025;1399488;24
2025;85652;24
2025;78256;24
2025;1390309;24
2025;1485621;24
2025;1178672;24
2025;4082;24
2025;1178672;24
2025;1278877;24
2025;1171609;24
2025;74655;24
2025;72417;24
2025;1629;24
2025;78256;24
2025;1486298;24
2025;15475;24
2025;12970;24
2025;91219;24
2025;5000841;24
2025;1108281;24
2025;84352;24
2025;8437;24
2025;7676;24
2025;1185076;24
2025;75821;24
2025;7105;24
2025;6496;24
2025;5001101;24
2025;19206;24
2025;1399477;24
2025;1189778;24
2025;90483;24
2025;98506;24
2025;100956;24
2025;1439;24
2025;18447;24
2025;74655;24
2025;15783;24
2025;13601;24
2025;1184432;24
2025;91219;24
2025;72675;24
2025;1188127;24
2025;5001167;24
2025;5000930;24
2025;51835;24
2025;72669;24
2025;84352;24
2025;38071;24
2025;1487491;24
2025;1188900;24
2025;20360;24
2025;86356;24
2025;87537;24
2025;7105;24
2025;1188127;24
2025;11446;24
2025;5001300;24
2025;1108281;24
2025;14093;24
2025;5000979;24
2025;1173014;24
2025;86356;24
2025;11114;24
2025;303;24
2025;15475;24
2025;1438629;24
2025;1108786;24
2025;66248;24
2025;1385538;24
2025;5345;24
2025;11446;24
2025;5909;24
2025;78256;24
2025;99476;24
2025;84352;24
2025;5000001;24
2025;8554;24
2025;13601;24
2025;86356;24
2025;1445016;24
2025;6496;24
2025;107666;24
2025;59414;24
2025;5345;24
2025;1399617;24
2025;100956;24
2025;1191415;24
2025;15783;24
2025;74655;24
2025;3148;24
2025;64918;24
2025;39415;24
2025;1202573;24
2025;1200712;24
2025;1029204;24
2025;4503;24
2025;87537;24
2025;19850;24
2025;3677;24
2025;1457503;24
2025;98409;24
2025;64918;24
2025;1399478;24
2025;9996;24
2025;90059;24
2025;65114;24
2025;9805;24
2025;57402;24
2025;12692;24
2025;5920;24
2025;87537;24
2025;1342536;24
2025;9988;24
2025;5001033;24
2025;19434;24
2025;72767;24
2025;1385538;24
2025;13601;24
2025;1190280;24
2025;484;24
2025;5001294;24
2025;1258021;24
2025;15343;24
2025;100956;24
2025;8554;24
2025;868;24
2025;1483773;24
2025;86288;24
2025;5345;24
2025;1108281;24
2025;6496;24
2025;1200712;24
2025;84408;24
2025;97679;24
2025;1725;24
2025;1200712;24
2025;74655;24
2025;87941;24
2025;1178672;24
2025;1059179;24
2025;1518;24
2025;54490;24
2025;72667;24
2025;120983;24
2025;79007;24
2025;15475;24
2025;1390311;24
2025;1257562;24
2025;1168313;24
2025;7837;24
2025;1397771;24
2025;1342610;24
2025;1190280;24
2025;86288;24
2025;78256;24
2025;1202553;24
2025;7837;24
2025;64918;24
2025;18472;24
2025;59414;24
2025;20058;24
2025;60660;24
2025;1180318;24
2025;1163738;24
2025;5000001;24
2025;97679;24
2025;1397773;24
2025;5345;24
2025;12;24
2025;1349675;24
2025;1385538;24
2025;758;24
2025;84352;24
2025;5000930;24
2025;13453;24
2025;14359;24
2025;1438629;24
2025;1399618;24
2025;54490;24
2025;1184047;24
2025;5001466;24
2025;758;24
2025;9996;24
2025;1317634;24
2025;91219;24
2025;1390317;24
2025;8437;24
2025;5001300;24
2025;108882;24
2025;66361;24
2025;14234;24
2025;1439;24
2025;97679;24
2025;11114;24
2025;5000930;24
2025;65114;24
2025;13723;24
2025;97679;24
2025;2348;24
2025;1408507;24
2025;1445016;24
2025;12692;24
2025;1485621;24
2025;21542;24
2025;18472;24
2025;5000812;24
2025;39415;24
2025;100958;24
2025;20058;24
2025;14359;24
2025;1439;24
2025;1879;24
2025;758;24
2025;1427370;24
2025;54494;24
2025;86288;24
2025;1267038;24
2025;1264844;24
2025;1399486;24
2025;1163738;24
2025;1725;24
2025;38071;24
2025;1397773;24
2025;5000930;24
2025;18594;24
2025;1390317;24
2025;1421100;24
2025;5000979;24
2025;1189607;24
2025;60660;24
2025;11446;24
2025;1184047;24
2025;1342537;24
2025;1334344;24
2025;5000930;24
2025;1421100;24
2025;12813;24
2025;1408504;24
2025;1192237;24
2025;1108281;24
2025;1397772;24
2025;15839;24
2025;7105;24
2025;1184432;24
2025;39415;24
2025;66248;24
2025;1184325;24
2025;1408507;24
2025;1278877;24
2025;20058;24
2025;758;24
2025;20058;24
2025;1180318;24
2025;1178672;24
2025;12569;24
2025;9996;24
2025;87941;24
2025;12015;24
2025;13996;24
2025;1879;24
2025;12813;24
2025;113504;24
2025;87537;24
2025;5000930;24
2025;4503;24
2025;1180318;24
2025;39415;24
2025;66361;24
2025;1399486;24
2025;18447;24
2025;97679;24
2025;72767;24
2025;71859;24
2025;18594;24
2025;20360;24
2025;7676;24
2025;13286;24
2025;103596;24
2025;39415;24
2025;72767;24
2025;1171609;24
2025;13424;24
2025;19294;24
2025;1399614;24
2025;65924;24
2025;16236;24
2025;13996;24
2025;82224;24
2025;72669;24
2025;86356;24
2025;7705;24
2025;5000931;24
2025;1486822;24
2025;12970;24
2025;90059;24
2025;18472;24
2025;93001;24
2025;5000931;24
2025;59414;24
2025;1399477;24
2025;1108281;24
2025;1180318;24
2025;113504;24
2025;4720;24
2025;20249;24
2025;11233;24
2025;90084;24
2025;10224;24
2025;1184432;24
2025;51699;24
2025;10289;24
2025;7705;24
2025;11316;24
2025;13286;24
2025;1216474;24
2025;82224;24
2025;15475;24
2025;74655;24
2025;103596;24
2025;1408505;24
2025;100688;24
2025;1135207;24
2025;84408;24
2025;86288;24
2025;1136509;24
2025;74655;24
2025;59414;24
2025;7105;24
2025;1173014;24
2025;7705;24
2025;39415;24
2025;1445016;24
2025;69624;24
2025;90084;24
2025;1107;24
2025;97679;24
2025;13200;24
2025;60660;24
2025;1399483;24
2025;1518;24
2025;90059;24
2025;69624;24
2025;82224;24
2025;7676;24
2025;1261971;24
2025;87537;24
2025;1390309;24
2025;6496;24
2025;74655;24
2025;1408505;24
2025;1136509;24
2025;10224;24
2025;4082;24
2025;1483759;24
2025;72669;24
2025;868;24
2025;10224;24
2025;1427370;24
2025;1445016;24
2025;868;24
2025;90847;24
2025;14615;24
2025;1185903;24
2025;1272168;24
2025;1408259;24
2025;51835;24
2025;1397772;24
2025;12970;24
2025;1399287;24
2025;1330031;24
2025;18447;24
2025;1184432;24
2025;5000981;24
2025;11233;24
2025;5000979;24
2025;1107;24
2025;14093;24
2025;5000979;24
2025;1188900;24
2025;1192047;24
2025;5001341;24
2025;1173014;24
2025;74594;24
2025;100956;24
2025;1399287;24
2025;54494;24
2025;84408;24
2025;19850;24
2025;69624;24
2025;1178672;24
2025;13723;24
2025;11114;24
2025;2695;24
2025;16904;24
2025;6711;24
2025;13601;24
2025;758;24
2025;49060;24
2025;5909;24
2025;7676;24
2025;1179501;24
2025;1342536;24
2025;5000812;24
2025;1458090;24
2025;14359;24
2025;3677;24
2025;1399618;24
2025;1725;24
2025;1107;24
2025;65114;24
2025;1179189;24
2025;78256;24
2025;5000981;24
2025;2695;24
2025;98409;24
2025;79007;24
2025;15343;24
2025;72669;24
2025;69624;24
2025;1184047;24
2025;1321864;24
2025;12970;24
2025;64918;24
2025;5000930;24
2025;57402;24
2025;12692;24
2025;74655;24
2025;7705;24
2025;4503;24
2025;1399489;24
2025;11233;24
2025;57402;24
2025;1438629;24
2025;72667;24
2025;1202573;24
2025;10591;24
2025;97679;24
2025;1408259;24
2025;1202553;24
2025;1200712;24
2025;1390309;24
2025;91219;24
2025;3677;24
2025;72669;24
2025;2918;24
2025;8554;24
2025;5000001;24
2025;87537;24
2025;90059;24
2025;5001183;24
2025;5000979;24
2025;1385521;24
2025;1173014;24
2025;140;24
2025;59174;24
2025;1408507;24
2025;100958;24
2025;1257524;24
2025;1185903;24
2025;2695;24
2025;20249;24
2025;5000979;24
2025;1483768;24
2025;1408505;24
2025;4082;24
2025;12569;24
2025;5920;24
2025;74655;24
2025;1439;24
2025;1342449;24
2025;13286;24
2025;87941;24
2025;1399479;24
2025;14975;24
2025;86356;24
2025;71859;24
2025;1278877;24
2025;82224;24
2025;1108786;24
2025;18472;24
2025;12813;24
2025;1178524;24
2025;103596;24
2025;12692;24
2025;72663;24
2025;13601;24
2025;15343;24
2025;1192188;24
2025;108882;24
2025;1421013;24
2025;1399478;24
2025;1184047;24
2025;1188127;24
2025;2918;24
2025;1399478;24
2025;1136509;24
2025;19294;24
2025;108884;24
2025;12970;24
2025;5000930;24
2025;19850;24
2025;1321864;24
2025;14359;24
2025;12970;24
2025;1439;24
2025;11114;24
2025;72681;24
2025;20360;24
2025;1327450;24
2025;1455021;24
2025;91219;24
2025;1427420;24
2025;7705;24
2025;1385538;24
2025;758;24
2025;140;24
2025;8437;24
2025;72767;24
2025;8554;24
2025;11114;24
2025;18605;24
2025;10591;24
2025;1342536;24
2025;1397773;24
2025;14234;24
2025;5001314;24
2025;15343;24
2025;4720;24
2025;5000930;24
2025;1349675;24
2025;1180318;24
2025;6496;24
2025;14359;24
2025;14615;24
2025;1202573;24
2025;1397772;24
2025;11233;24
2025;1439;24
2025;1399481;24
2025;6711;24
2025;108884;24
2025;6496;24
2025;5345;24
2025;1068548;24
2025;98406;24
2025;1385538;24
2025;97679;24
2025;140;24
2025;1322329;24
2025;13601;24
2025;1427419;24
2025;1183958;24
2025;1190280;24
2025;1168313;24
2025;389;24
2025;1408505;24
2025;39415;24
2025;90483;24
2025;5000930;24
2025;1399480;24
2025;1258021;24
2025;1408505;24
2025;6496;24
2025;13200;24
2025;5920;24
2025;1184047;24
2025;16236;24
2025;1427419;24
2025;66361;24
2025;13286;24
2025;14563;24
2025;1397773;24
2025;12;24
2025;15343;24
2025;84352;24
2025;13866;24
2025;100688;24
2025;72681;24
2025;82224;24
2025;12970;24
2025;1257562;24
2025;1397773;24
2025;1264844;24
2025;1390309;24
2025;69464;24
2025;72663;24
2025;15783;24
2025;5345;24
2025;91219;24
2025;107666;24
2025;100956;24
2025;1184047;24
2025;1349675;24
2025;10224;24
2025;38071;24
2025;1465625;24
2025;5000930;24
2025;48854;24
2025;5345;24
2025;1317634;24
2025;93001;24
2025;1419799;24
2025;16236;24
2025;100958;24
2025;1408259;24
2025;1477973;24
2025;1183313;24
2025;72681;24
2025;1399485;24
2025;59414;24
2025;93001;24
2025;5345;24
2025;1184432;24
2025;1257777;24
2025;9772;24
2025;4503;24
2025;10591;24
2025;19294;24
2025;108014;24
2025;1029204;24
2025;84408;24
2025;1399480;24
2025;14725;24
2025;1399614;24
2025;1439;24
2025;4082;24
2025;57402;24
2025;98506;24
2025;10222;24
2025;868;24
2025;7676;24
2025;1292869;24
2025;5345;24
2025;1184047;24
2025;1190667;24
2025;101228;24
2025;1173014;24
2025;1257562;24
2025;10224;24
2025;99476;24
2025;1399487;24
2025;12569;24
2025;1485621;24
2025;1439;24
2025;4503;24
2025;1278877;24
2025;15839;24
2025;1390309;24
2025;1427370;24
2025;10222;24
2025;9805;24
2025;1399479;24
2025;1184060;24
2025;18594;24
2025;59414;24
2025;1390309;24
2025;1214209;24
2025;90483;24
2025;72669;24
2025;85652;24
2025;13453;24
2025;107666;24
2025;6711;24
2025;1317634;24
2025;1179189;24
2025;90483;24
2025;1427370;24
2025;7676;24
2025;1295813;24
2025;107766;24
2025;7676;24
2025;1408262;24
2025;2392;24
2025;121850;24
2025;1390309;24
2025;19294;24
2025;57852;24
2025;1342537;24
2025;107666;24
2025;13200;24
2025;6496;24
2025;1390317;24
2025;20249;24
2025;90483;24
2025;57402;24
2025;1342536;24
2025;107666;24
2025;90059;24
2025;38071;24
2025;5345;24
2025;20249;24
2025;1216474;24
2025;1202573;24
2025;1399478;24
2025;6496;24
2025;14093;24
2025;12970;24
2025;11114;24
2025;1408504;24
2025;12569;24
2025;1879;24
2025;57402;24
2025;13286;24
2025;91219;24
2025;90059;24
2025;51699;24
2025;107666;24
2025;4503;24
2025;1272168;24
2025;5001341;24
2025;1477973;24
2025;1465625;24
2025;10224;24
2025;7676;24
2025;11114;24
2025;1168313;24
2025;60660;24
2025;11233;24
2025;8437;24
2025;1163738;24
2025;97679;24
2025;1399487;24
2025;12692;24
2025;1108153;24
2025;87941;24
2025;1321864;24
2025;140;24
2025;14563;24
2025;5345;24
2025;6496;24
2025;1322329;24
2025;14975;24
2025;12813;24
2025;2918;24
2025;11114;24
2025;14234;24
2025;10289;24
2025;74655;24
2025;59414;24
2025;1189778;24
2025;78256;24
2025;5345;24
2025;51835;24
2025;1258021;24
2025;5000930;24
2025;1108153;24
2025;2695;24
2025;13996;24
2025;5000979;24
2025;57852;24
2025;1399481;24
2025;2695;24
2025;5000979;24
2025;65924;24
2025;72663;24
2025;15783;24
2025;8437;24
2025;1399481;24
2025;1399481;24
2025;7414;24
2025;12970;24
2025;93001;24
2025;90847;24
2025;1168313;24
2025;87941;24
2025;1187646;24
2025;9772;24
2025;1408507;24
2025;1457503;24
2025;1202539;24
2025;5345;24
2025;8437;24
2025;1397772;24
2025;90847;24
2025;5001101;24
2025;1178672;24
2025;5000841;24
2025;1190621;24
2025;19850;24
2025;1178672;24
2025;13601;24
2025;1629;24
2025;2695;24
2025;90847;24
2025;100958;24
2025;10222;24
2025;72681;24
2025;758;24
2025;98406;24
2025;1189778;24
2025;15475;24
2025;72669;24
2025;13200;24
2025;1349675;24
2025;1483768;24
2025;4503;24
2025;1292726;24
2025;1188127;24
2025;6496;24
2025;1068548;24
2025;18594;24
2025;5000001;24
2025;4503;24
2025;4082;24
2025;4082;24
2025;11446;24
2025;1183313;24
2025;1399287;24
2025;108884;24
2025;74655;24
2025;100688;24
2025;1421013;24
2025;12970;24
2025;1101742;24
2025;108882;24
2025;9326;24
2025;90483;24
2025;1448710;24
2025;1189607;24
2025;18594;24
2025;87941;24
2025;4082;24
2025;1408259;24
2025;1183313;24
2025;100956;24
2025;16236;24
2025;90084;24
2025;71859;24
2025;5000980;24
2025;13996;24
2025;72681;24
2025;15343;24
2025;2304;24
2025;1879;24
2025;1399488;24
2025;5000979;24
2025;20249;24
2025;1216474;24
2025;2918;24
2025;1278877;24
2025;6496;24
2025;1439;24
2025;7414;24
2025;8437;24
2025;16904;24
2025;12569;24
2025;74655;24
2025;13601;24
2025;1104264;24
2025;1399477;24
2025;9772;24
2025;12569;24
2025;5000001;24
2025;1191415;24
2025;19294;24
2025;101228;24
2025;12970;24
2025;15783;24
2025;15783;24
2025;72417;24
2025;107766;24
2025;11233;24
2025;1183313;24
2025;100956;24
2025;5000980;24
2025;1408505;24
2025;13424;24
2025;1408259;24
2025;108882;24
2025;101228;24
2025;1342536;24
2025;15783;24
2025;90059;24
2025;93001;24
2025;5206;24
2025;1108786;24
2025;1518;24
2025;18447;24
2025;12970;24
2025;19850;24
2025;140;24
2025;868;24
2025;3677;24
2025;1257524;24
2025;1202539;24
2025;86288;24
2025;10289;24
2025;74655;24
2025;1487290;24
2025;1427370;24
2025;10224;24
2025;5000978;24
2025;758;24
2025;15783;24
2025;7414;24
2025;18594;24
2025;49910;24
2025;1278877;24
2025;12970;24
2025;1317634;24
2025;15783;24
2025;75821;24
2025;1190667;24
2025;389;24
2025;87537;24
2025;1168313;24
2025;59414;24
2025;14615;24
2025;93001;24
2025;9772;24
2025;19206;24
2025;84408;24
2025;7837;24
2025;1408507;24
2025;91399;24
2025;5000933;24
2025;12345;24
2025;1390317;24
2025;1183313;24
2025;120983;24
2025;14234;24
2025;1200578;24
2025;98506;24
2025;6496;24
2025;74655;24
2025;1390317;24
2025;78256;24
2025;1202539;24
2025;1477973;24
2025;100956;24
2025;12692;24
2025;8554;24
2025;86356;24
2025;11316;24
2025;11114;24
2025;85652;24
2025;9988;24
2025;5920;24
2025;868;24
2025;72663;24
2025;1173014;24
2025;5000978;24
2025;1278877;24
2025;5000841;24
2025;1059179;24
2025;303;24
2025;1200712;24
2025;2918;24
2025;2348;24
2025;11233;24
2025;1725;24
2025;1166567;24
2025;4503;24
2025;99476;24
2025;868;24
2025;7676;24
2025;87941;24
2025;91219;24
2025;65114;24
2025;1108281;24
2025;1399481;24
2025;7676;24
2025;9326;24
2025;57402;24
2025;1180318;24
2025;11114;24
2025;59174;24
2025;1330031;24
2025;1200712;24
2025;1200578;24
2025;12970;24
2025;1178672;24
2025;1188900;24
2025;5909;24
2025;1330031;24
2025;1399478;24
2025;1518495;24
2025;100956;24
2025;1725;24
2025;7705;24
2025;1183958;24
2025;1200578;24
2025;1193275;24
2025;54494;24
2025;59414;24
2025;1399487;24
2025;20360;24
2025;121850;24
2025;1390309;24
2025;1192237;24
2025;100688;24
2025;11114;24
2025;14975;24
2025;1192188;24
2025;8960;24
2025;1188127;24
2025;64918;24
2025;5909;24
2025;1363536;24
2025;1192188;24
2025;5909;24
2025;4503;24
2025;74655;24
2025;5000841;24
2025;1399479;24
2025;7676;24
2025;1136509;24
2025;1390309;24
2025;72663;24
2025;5001466;24
2025;303;24
2025;14234;24
2025;1136509;24
2025;1178672;24
2025;13103;24
2025;12970;24
2025;1399478;24
2025;15343;24
2025;72667;24
2025;1399478;24
2025;74655;24
2025;1427370;24
2025;1108786;24
2025;1188127;24
2025;74594;24
2025;1399478;24
2025;64918;24
2025;98506;24
2025;1399287;24
2025;12692;24
2025;11114;24
2025;1399478;24
2025;1421100;24
2025;60660;24
2025;389;24
2025;1453564;24
2025;19294;24
2025;108014;24
2025;1629;24
2025;1188127;24
2025;87537;24
2025;72681;24
2025;1191415;24
2025;1189778;24
2025;11114;24
2025;1179189;24
2025;1321864;24
2025;1486822;24
2025;82224;24
2025;1258023;24
2025;1445016;24
2025;69464;24
2025;12692;24
2025;72667;24
2025;1188127;24
2025;12970;24
2025;91399;24
2025;14975;24
2025;5001101;24
2025;6496;24
2025;1202573;24
2025;1399480;24
2025;1421100;24
2025;9772;24
2025;74655;24
2025;5909;24
2025;15783;24
2025;1026;24
2025;66248;24
2025;1292869;24
2025;51835;24
2025;1390309;24
2025;1136509;24
2025;1406536;24
2025;1257562;24
2025;100688;24
2025;1390309;24
2025;1342536;24
2025;1342537;24
2025;1190667;24
2025;64918;24
2025;100958;24
2025;6711;24
2025;2918;24
2025;74655;24
2025;1108153;24
2025;4720;24
2025;108882;24
2025;99476;24
2025;9772;24
2025;13601;24
2025;7676;24
2025;6496;24
2025;1192188;24
2025;1465625;24
2025;84408;24
2025;18447;24
2025;1408507;24
2025;1188127;24
2025;12970;24
2025;1029204;24
2025;1188127;24
2025;7705;24
2025;1163738;24
2025;16236;24
2025;1390317;24
2025;389;24
2025;2918;24
2025;1180318;24
2025;12970;24
2025;90059;24
2025;3677;24
2025;1342536;24
2025;4503;24
2025;5000812;24
2025;6711;24
2025;8437;24
2025;1029204;24
2025;5345;24
2025;12970;24
2025;108882;24
2025;10289;24
2025;1399481;24
2025;1399617;24
2025;5000930;24
2025;1179189;24
2025;1188127;24
2025;108884;24
2025;18447;24
2025;1258021;24
2025;1184325;24
2025;1108786;24
2025;1107;24
2025;48854;24
2025;15839;24
2025;1421013;24
2025;51835;24
2025;1390317;24
2025;1104264;24
2025;13286;24
2025;19294;24
2025;11316;24
2025;85652;24
2025;1483759;24
2025;1399618;24
2025;12692;24
2025;15783;24
2025;98506;24
2025;8437;24
2025;10222;24
2025;93001;24
2025;98409;24
2025;85586;24
2025;37304;24
2025;4503;24
2025;69464;24
2025;9772;24
2025;72669;24
2025;1183958;24
2025;15475;24
2025;108884;24
2025;11233;24
2025;1191415;24
2025;12;24
2025;74655;24
2025;13200;24
2025;5920;24
2025;108884;24
2025;4503;24
2025;10224;24
2025;1173014;24
2025;5345;24
2025;71859;24
2025;18605;24
2025;20249;24
2025;107766;24
2025;1200578;24
2025;5001427;24
2025;12015;24
2025;1190667;24
2025;389;24
2025;10224;24
2025;1399487;24
2025;10289;24
2025;4503;24
2025;7676;24
2025;7105;24
2025;72667;24
2025;38071;24
2025;140;24
2025;1399485;24
2025;93001;24
2025;100688;24
2025;108014;24
2025;1272168;24
2025;868;24
2025;4503;24
2025;9772;24
2025;72767;24
2025;1342537;24
2025;16904;24
2025;98406;24
2025;19206;24
2025;12970;24
2025;1190280;24
2025;1135207;24
2025;5000930;24
2025;87537;24
2025;5001294;24
2025;15839;24
2025;98406;24
2025;13200;24
2025;1278877;24
2025;1029204;24
2025;9996;24
2025;1108786;24
2025;8698;24
2025;1192188;24
2025;7676;24
2025;1397771;24
2025;5000979;24
2025;1192237;24
2025;14615;24
2025;12569;24
2025;18605;24
2025;10222;24
2025;1342536;24
2025;1107;24
2025;5001300;24
2025;65114;24
2025;5000979;24
2025;1136509;24
2025;18447;24
2025;12345;24
2025;1185076;24
2025;1180318;24
2025;1136509;24
2025;14093;24
2025;1399487;24
2025;1342536;24
2025;1267038;24
2025;1408505;24
2025;1189778;24
2025;150039;24
2025;38071;24
2025;1399485;24
2025;389;24
2025;1184047;24
2025;10289;24
2025;103596;24
2025;5000930;24
2025;5345;24
2025;1399481;24
2025;1200712;24
2025;64918;24
2025;84352;24
2025;4082;24
2025;1136509;24
2025;13996;24
2025;150039;24
2025;18605;24
2025;18594;24
2025;13723;24
2025;1029204;24
2025;2918;24
2025;57402;24
2025;19850;24
2025;1399615;24
2025;60660;24
2025;10222;24
2025;1321864;24
2025;5909;24
2025;2348;24
2025;5000979;24
2025;87537;24
2025;65924;24
2025;91219;24
2025;100958;24
2025;1421100;24
2025;1408259;24
2025;91399;24
2025;91219;24
2025;8437;24
2025;19294;24
2025;7676;24
2025;2918;24
2025;1408261;24
2025;140;24
2025;57402;24
2025;90483;24
2025;1399486;24
2025;1629;24
2025;12970;24
2025;1314146;24
2025;1264844;24
2025;57402;24
2025;100958;24
2025;13601;24
2025;59174;24
2025;1342536;24
2025;90483;24
2025;72767;24
2025;11114;24
2025;1397773;24
2025;107766;24
2025;1408505;24
2025;5909;24
2025;1342536;24
2025;1399478;24
2025;1399478;24
2025;37304;24
2025;15783;24
2025;66248;24
2025;9805;24
2025;93001;24
2025;7837;24
2025;5000978;24
2025;1439;24
2025;113504;24
2025;9996;24
2025;1427370;24
2025;12015;24
2025;1136509;24
2025;19850;24
2025;91219;24
2025;10224;24
2025;2695;24
2025;1408504;24
2025;1200712;24
2025;1408505;24
2025;108884;24
2025;39415;24
2025;13601;24
2025;1104264;24
2025;5001300;24
2025;18605;24
2025;1029763;24
2025;57852;24
2025;13601;24
2025;19086;24
2025;1385538;24
2025;1321864;24
2025;1399484;24
2025;1486822;24
2025;64918;24
2025;1399486;24
2025;5000979;24
2025;1399478;24
2025;14615;24
2025;5001294;24
2025;11114;24
2025;1188127;24
2025;9772;24
2025;1171609;24
2025;1108281;24
2025;1314146;24
2025;93001;24
2025;9805;24
2025;1292869;24
2025;39415;24
2025;85652;24
2025;90059;24
2025;12970;24
2025;10591;24
2025;1136509;24
2025;1029204;24
2025;12569;24
2025;7676;24
2025;1200712;24
2025;72767;24
2025;1193264;24
2025;1314146;24
2025;18605;24
2025;1408507;24
2025;5001183;24
2025;20249;24
2025;8554;24
2025;1202553;24
2025;1445016;24
2025;98409;24
2025;15475;24
2025;5001167;24
2025;7837;24
2025;93001;24
2025;18447;24
2025;1399614;24
2025;1448710;24
2025;1399485;24
2025;13200;24
2025;75821;24
2025;90059;24
2025;5000979;24
2025;1135207;24
2025;1399480;24
2025;19434;24
2025;20249;24
2025;10289;24
2025;12692;24
2025;1192047;24
2025;1314146;24
2025;93001;24
2025;5909;24
2025;15343;24
2025;57402;24
2025;5909;24
2025;12813;24
2025;74594;24
2025;72675;24
2025;11114;24
2025;108014;24
2025;1399479;24
2025;12970;24
2025;11316;24
2025;1185025;24
2025;120983;24
2025;13866;24
2025;1725;24
2025;74594;24
2025;72681;24
2025;1317634;24
2025;1257524;24
2025;13866;24
2025;13286;24
2025;1108786;24
2025;1421100;24
2025;12970;24
2025;72669;24
2025;54490;24
2025;18447;24
2025;93001;24
2025;16904;24
2025;1390317;24
2025;90483;24
2025;1445016;24
2025;84352;24
2025;1390317;24
2025;2695;24
2025;1184047;24
2025;98406;24
2025;9326;24
2025;1455021;24
2025;1264844;24
2025;90483;24
2025;78256;24
2025;98506;24
2025;1136509;24
2025;1399480;24
2025;14359;24
2025;1725;24
2025;72669;24
2025;7676;24
2025;11316;24
2025;37304;24
2025;1349675;24
2025;1278877;24
2025;3148;24
2025;91219;24
2025;19850;24
2025;1189778;24
2025;97679;24
2025;19206;24
2025;1178524;24
2025;1184432;24
2025;1399614;24
2025;1457707;24
2025;1178672;24
2025;1399479;24
2025;100958;24
2025;7676;24
2025;87537;24
2025;1445016;24
2025;1190667;24
2025;98409;24
2025;10224;24
2025;85586;24
2025;13866;24
2025;1184432;24
2025;1321864;24
2025;1342610;24
2025;72663;24
2025;14563;24
2025;1317634;24
2025;13601;24
2025;14975;24
2025;9326;24
2025;72667;24
2025;107766;24
2025;18605;24
2025;1173014;24
2025;1193275;24
2025;7676;24
2025;1406536;24
2025;1190280;24
2025;79007;24
2025;99476;24
2025;100958;24
2025;13200;24
2025;5000978;24
2025;91219;24
2025;37304;24
2025;1193759;24
2025;1399489;24
2025;66248;24
2025;1108786;24
2025;78256;24
2025;140;24
2025;1406536;24
2025;11446;24
2025;5000978;24
2025;7837;24
2025;99476;24
2025;5000980;24
2025;90483;24
2025;5000978;24
2025;64918;24
2025;85586;24
2025;1272168;24
2025;5206;24
2025;2918;24
2025;66361;24
2025;74655;24
2025;90059;24
2025;78256;24
2025;1109361;24
2025;98406;24
2025;16236;24
2025;1486298;24
2025;100688;24
2025;87941;24
2025;1349675;24
2025;1342536;24
2025;12569;24
2025;15783;24
2025;13453;24
2025;59174;24
2025;15475;24
2025;39415;24
2025;1278877;24
2025;72667;24
2025;72675;24
2025;100956;24
2025;8698;24
2025;8437;24
2025;8437;24
2025;1314146;24
2025;87537;24
2025;5000812;24
2025;1629;24
2025;1179501;24
2025;5000841;24
2025;58412;24
2025;74655;24
2025;1725;24
2025;13601;24
2025;8698;24
2025;51835;24
2025;1193275;24
2025;18594;24
2025;1200712;24
2025;14359;24
2025;87941;24
2025;1184060;24
2025;74655;24
2025;1397773;24
2025;1108281;24
2025;1104264;24
2025;1192188;24
2025;12;24
2025;1518495;24
2025;12692;24
2025;78256;24
2025;74655;24
2025;72669;24
2025;1879;24
2025;1342536;24
2025;103596;24
2025;5345;24
2025;15783;24
2025;1184432;24
2025;82224;24
2025;57402;24
2025;64918;24
2025;74655;24
2025;64918;24
2025;868;24
2025;1399483;24
2025;14975;24
2025;19434;24
2025;7837;24
2025;39415;24
2025;1257777;24
2025;15343;24
2025;1399477;24
2025;72669;24
2025;12813;24
2025;93001;24
2025;5000930;24
2025;14093;24
2025;74655;24
2025;5001101;24
2025;5001466;24
2025;1258023;24
2025;7705;24
2025;389;24
2025;1102360;24
2025;1314146;24
2025;99476;24
2025;1399487;24
2025;1178672;24
2025;1107;24
2025;1258023;24
2025;121850;24
2025;87537;24
2025;59414;24
2025;1184047;24
2025;1184060;24
2025;97679;24
2025;1427419;24
2025;1421100;24
2025;72669;24
2025;389;24
2025;2695;24
2025;11114;24
2025;5001300;24
2025;4503;24
2025;7676;24
2025;1178524;24
2025;1200578;24
2025;10591;24
2025;5001450;24
2025;11114;24
2025;1185903;24
2025;9988;24
2025;57402;24
2025;4503;24
2025;19294;24
2025;5920;24
2025;1419799;24
2025;69464;24
2025;1178524;24
2025;15839;24
2025;100956;24
2025;5920;24
2025;150039;24
2025;120983;24
2025;64918;24
2025;1200712;24
2025;9772;24
2025;100688;24
2025;20058;24
2025;4720;24
2025;18447;24
2025;1168313;24
2025;1317634;24
2025;1258023;24
2025;71859;24
2025;11114;24
2025;12345;24
2025;1518;24
2025;18472;24
2025;5001427;24
2025;57402;24
2025;1183313;24
2025;12692;24
2025;5345;24
2025;4082;24
2025;1321864;24
2025;6711;24
2025;1029204;24
2025;1184047;24
2025;98506;24
2025;86288;24
2025;39415;24
2025;1390309;24
2025;1292713;24
2025;1399483;24
2025;1257777;24
2025;11114;24
2025;13996;24
2025;1200712;24
2025;7676;24
2025;4503;24
2025;13723;24
2025;57402;24
2025;1408259;24
2025;1483759;24
2025;1725;24
2025;1342536;24
2025;9326;24
2025;1363536;24
2025;8554;24
2025;1342536;24
2025;1180318;24
2025;59414;24
2025;5000979;24
2025;87537;24
2025;57402;24
2025;1173014;24
2025;18472;24
2025;1107;24
2025;1257524;24
2025;1261972;24
2025;1258023;24
2025;82224;24
2025;1108281;24
2025;97679;24
2025;5001466;24
2025;18472;24
2025;1104264;24
2025;98506;24
2025;13424;24
2025;14359;24
2025;8554;24
2025;1202553;24
2025;1330031;24
2025;14093;24
2025;1257524;24
2025;1278877;24
2025;15343;24
2025;90483;24
2025;90059;24
2025;20249;24
2025;12569;24
2025;74594;24
2025;1438629;24
2025;5000930;24
2025;2918;24
2025;37304;24
2025;13453;24
2025;1399483;24
2025;13453;24
2025;84352;24
2025;1397772;24
2025;5909;24
2025;1104264;24
2025;1483768;24
2025;1457707;24
2025;1107;24
2025;7105;24
2025;1399483;24
2025;16236;24
2025;5001033;24
2025;1399617;24
2025;5345;24
2025;5345;24
2025;91219;24
2025;18472;24
2025;72675;24
2025;13723;24
2025;11114;24
2025;1408507;24
2025;13453;24
2025;1629;24
2025;9326;24
2025;84408;24
2025;71859;24
2025;82224;24
2025;74655;24
2025;12970;24
2025;11446;24
2025;1404416;24
2025;108882;24
2025;19850;24
2025;13996;24
2025;100956;24
2025;12970;24
2025;84408;24
2025;98406;24
2025;59414;24
2025;1178672;24
2025;1399481;24
2025;1184325;24
2025;1192047;24
2025;1029204;24
2025;103596;24
2025;59414;24
2025;4082;24
2025;93001;24
2025;303;24
2025;11233;24
2025;19434;24
2025;1397771;24
2025;389;24
2025;59414;24
2025;1397773;24
2025;15475;24
2025;85652;24
2025;5001183;24
2025;71859;24
2025;7676;24
2025;5345;24
2025;99476;24
2025;1200578;24
2025;8437;24
2025;1108153;24
2025;10224;24
2025;1457503;24
2025;13601;24
2025;72681;24
2025;1190280;24
2025;1397773;24
2025;1202539;24
2025;1184047;24
2025;57402;24
2025;1202573;24
2025;108882;24
2025;15783;24
2025;20249;24
2025;1183958;24
2025;5000930;24
2025;7414;24
2025;14725;24
2025;5345;24
2025;13103;24
2025;1317634;24
2025;1399618;24
2025;1518495;24
2025;1188900;24
2025;87537;24
2025;38071;24
2025;12970;24
2025;6711;24
2025;91399;24
2025;1188127;24
2025;1107;24
2025;1421100;24
2025;5000841;24
2025;1190621;24
2025;5001183;24
2025;10591;24
2025;19434;24
2025;1457503;24
2025;100688;24
2025;2918;24
2025;13723;24
2025;98406;24
2025;103596;24
2025;13723;24
2025;1200712;24
2025;39415;24
2025;5000001;24
2025;1390309;24
2025;87537;24
2025;5001183;24
2025;8698;24
2025;1029204;24
2025;11114;24
2025;1385521;24
2025;51835;24
2025;1163738;24
2025;87537;24
2025;12015;24
2025;5000979;24
2025;100958;24
2025;11114;24
2025;108882;24
2025;1135207;24
2025;2392;24
2025;1193264;24
2025;98406;24
2025;90059;24
2025;11114;24
2025;84408;24
2025;5001183;24
2025;71859;24
2025;9996;24
2025;107666;24
2025;72669;24
2025;14615;24
2025;1457503;24
2025;107666;24
2025;5001167;24
2025;38071;24
2025;13601;24
2025;14234;24
2025;1136509;24
2025;5000930;24
2025;75821;24
2025;9805;24
2025;64918;24
2025;19206;24
2025;18472;24
2025;18594;24
2025;15343;24
2025;7676;24
2025;5909;24
2025;1258021;24
2025;5001101;24
2025;5001450;24
2025;1317634;24
2025;1029204;24
2025;1184325;24
2025;38071;24
2025;5001183;24
2025;5001341;24
2025;79007;24
2025;85586;24
2025;1399618;24
2025;98409;24
2025;1445016;24
2025;5001341;24
2025;5000933;24
2025;1180318;24
2025;98409;24
2025;1399478;24
2025;12970;24
2025;5001167;24
2025;758;24
2025;69624;24
2025;6496;24
2025;1457503;24
2025;84352;24
2025;100958;24
2025;64706;24
2025;1445016;24
2025;1397773;24
2025;1419799;24
2025;78256;24
2025;1457503;24
2025;3677;24
2025;12569;24
2025;1457503;24
2025;71859;24
2025;51835;24
2025;7676;24
2025;1200578;24
2025;10224;24
2025;11316;24
2025;72663;24
2025;2918;24
2025;9326;24
2025;72681;24
2025;1455021;24
2025;1629;24
2025;1183958;24
2025;1314146;24
2025;868;24
2025;69464;24
2025;66361;24
2025;20249;24
2025;79007;24
2025;8698;24
2025;1267038;24
2025;90483;24
2025;2695;24
2025;1314146;24
2025;11316;24
2025;4503;24
2025;9996;24
2025;20058;24
2025;1108153;24
2025;13996;24
2025;11316;24
2025;1029204;24
2025;3148;24
2025;64918;24
2025;59414;24
2025;48854;24
2025;1190621;24
2025;93001;24
2025;1261972;24
2025;2392;24
2025;13866;24
2025;1385538;24
2025;1257777;24
2025;19206;24
2025;12015;24
2025;1390317;24
2025;4503;24
2025;1879;24
2025;85652;24
2025;12569;24
2025;1108786;24
2025;121850;24
2025;1439;24
2025;2348;24
2025;4503;24
2025;1439;24
2025;90059;24
2025;1190667;24
2025;1190667;24
2025;5000980;24
2025;1188127;24
2025;1321864;24
2025;108882;24
2025;74594;24
2025;1439;24
2025;1108786;24
2025;1184047;24
2025;1136509;24
2025;13723;24
2025;93001;24
2025;13424;24
2025;59174;24
2025;8554;24
2025;1397771;24
2025;1188127;24
2025;1725;24
2025;1317634;24
2025;1179501;24
2025;14615;24
2025;14359;24
2025;14093;24
2025;48854;24
2025;12970;24
2025;2695;24
2025;64706;24
2025;6496;24
2025;150039;24
2025;91219;24
2025;86288;24
2025;1421100;24
2025;87537;24
2025;5920;24
2025;5000812;24
2025;90091;24
2025;19434;24
2025;1629;24
2025;19434;24
2025;1445016;24
2025;5000979;24
2025;5000979;24
2025;72663;24
2025;1261972;24
2025;1421100;24
2025;1421013;24
2025;1397772;24
2025;19206;24
2025;1349675;24
2025;87941;24
2025;9772;24
2025;91399;24
2025;82224;24
2025;1399287;24
2025;59414;24
2025;1189607;24
2025;1184047;24
2025;19434;24
2025;98406;24
2025;5001183;24
2025;93001;24
2025;1725;24
2025;1404416;24
2025;1421100;24
2025;1419799;24
2025;868;24
2025;1109361;24
2025;758;24
2025;87537;24
2025;64918;24
2025;14975;24
2025;1363536;24
2025;1457503;24
2025;5001300;24
2025;8437;24
2025;1192188;24
2025;1163738;24
2025;2695;24
2025;1399478;24
2025;59174;24
2025;1518;24
2025;14093;24
2025;14359;24
2025;7676;24
2025;12970;24
2025;1518;24
2025;13866;24
2025;1184325;24
2025;13200;24
2025;8437;24
2025;1399479;24
2025;100688;24
2025;12345;24
2025;1190667;24
2025;5345;24
2025;1408259;24
2025;1518;24
2025;1419799;24
2025;14093;24
2025;1725;24
2025;13286;24
2025;1295813;24
2025;1109361;24
2025;5000978;24
2025;5000979;24
2025;1108281;24
2025;5000978;24
2025;1349675;24
2025;120983;24
2025;1109361;24
2025;7837;24
2025;1399481;24
2025;150039;24
2025;5920;24
2025;2695;24
2025;71859;24
2025;49910;24
2025;90483;24
2025;1439;24
2025;37304;24
2025;100958;24
2025;1399484;24
2025;59414;24
2025;1385521;24
2025;121850;24
2025;9996;24
2025;64918;24
2025;1108786;24
2025;1257777;24
2025;1135207;24
2025;1184060;24
2025;5909;24
2025;4503;24
2025;98406;24
2025;5345;24
2025;13103;24
2025;72681;24
2025;13996;24
2025;1408505;24
2025;868;24
2025;38071;24
2025;103596;24
2025;64918;24
2025;5909;24
2025;74594;24
2025;15343;24
2025;1399478;24
2025;5909;24
2025;87941;24
2025;90091;24
2025;1313341;24
2025;15343;24
2025;5206;24
2025;1399488;24
2025;5000812;24
2025;12569;24
2025;72417;24
2025;868;24
2025;5001294;24
2025;15343;24
2025;1385538;24
2025;8554;24
2025;14359;24
2025;48854;24
2025;5001033;24
2025;7676;24
2025;5000980;24
2025;7676;24
2025;9996;24
2025;9772;24
2025;5000841;24
2025;15839;24
2025;8437;24
2025;1629;24
2025;99476;24
2025;9996;24
2025;1317634;24
2025;14975;24
2025;1427420;24
2025;12692;24
2025;14975;24
2025;1399479;24
2025;5001033;24
2025;9326;24
2025;1257777;24
2025;98506;24
2025;12813;24
2025;1292725;24
2025;72681;24
2025;108884;24
2025;72767;24
2025;1390317;24
2025;5001033;24
2025;20058;24
2025;1629;24
2025;12;24
2025;1184047;24
2025;4503;24
2025;4503;24
2025;1438629;24
2025;75821;24
2025;14725;24
2025;9996;24
2025;1192237;24
2025;90059;24
2025;57402;24
2025;1438629;24
2025;1330031;24
2025;1438629;24
2025;57402;24
2025;1179501;24
2025;5000930;24
2025;3677;24
2025;16236;24
2025;100688;24
2025;84408;24
2025;4503;24
2025;21542;24
2025;1427370;24
2025;12345;24
2025;5345;24
2025;9996;24
2025;84352;24
2025;1518;24
2025;1178672;24
2025;10222;24
2025;107766;24
2025;4082;24
2025;1108153;24
2025;5909;24
2025;1192237;24
2025;72669;24
2025;1399478;24
2025;57852;24
2025;5000979;24
2025;121850;24
2025;8554;24
2025;5345;24
2025;11114;24
2025;93001;24
2025;66361;24
2025;20360;24
2025;69464;24
2025;72669;24
2025;1342610;24
2025;1397772;24
2025;64918;24
2025;13601;24
2025;1408508;24
2025;1166567;24
2025;84352;24
2025;93001;24
2025;1267038;24
2025;5000930;24
2025;69464;24
2025;11316;24
2025;18447;24
2025;21542;24
2025;5001300;24
2025;1399617;24
2025;1135207;24
2025;10224;24
2025;1349675;24
2025;1050663;24
2025;98409;24
2025;1068548;24
2025;5001300;24
2025;2918;24
2025;72669;24
2025;1267038;24
2025;1399481;24
2025;2304;24
2025;9996;24
2025;1399618;24
2025;4082;24
2025;100956;24
2025;60660;24
2025;5345;24
2025;86356;24
2025;7676;24
2025;54490;24
2025;10222;24
2025;5000980;24
2025;1108786;24
2025;5001183;24
2025;84352;24
2025;1109361;24
2025;86356;24
2025;1183313;24
2025;18447;24
2025;1202573;24
2025;11114;24
2025;57852;24
2025;15343;24
2025;6496;24
2025;57852;24
2025;150039;24
2025;15475;24
2025;13866;24
2025;10222;24
2025;1184047;24
2025;100958;24
2025;1189778;24
2025;5000979;24
2025;86356;24
2025;86356;24
2025;1202553;24
2025;72663;24
2025;97679;24
2025;5000980;24
2025;1257548;24
2025;1342536;24
2025;1108153;24
2025;2918;24
2025;7105;24
2025;1349675;24
2025;12015;24
2025;5001300;24
2025;1192047;24
2025;11446;24
2025;1390311;24
2025;84352;24
2025;1179189;24
2025;19294;24
2025;72669;24
2025;72669;24
2025;84352;24
2025;18472;24
2025;389;24
2025;86356;24
2025;1179501;24
2025;18447;24
2025;13996;24
2025;1334344;24
2025;18447;24
2025;1190280;24
2025;11233;24
2025;14093;24
2025;1276878;24
2025;57402;24
2025;1192237;24
2025;7676;24
2025;10224;24
2025;59174;24
2025;20249;24
2025;87941;24
2025;1399478;24
2025;14563;24
2025;87941;24
2025;9805;24
2025;8437;24
2025;19850;24
2025;107666;24
2025;1258021;24
2025;1192047;24
2025;12813;24
2025;1278877;24
2025;1185025;24
2025;13424;24
2025;100958;24
2025;1317634;24
2025;1189778;24
2025;14359;24
2025;1183958;24
2025;12015;24
2025;9996;24
2025;5001033;24
2025;18594;24
2025;1108786;24
2025;98506;24
2025;1399478;24
2025;11114;24
2025;1178524;24
2025;1184047;24
2025;1487491;24
2025;1330031;24
2025;107766;24
2025;5000980;24
2025;37304;24
2025;1190280;24
2025;5345;24
2025;1879;24
2025;2392;24
2025;10222;24
2025;19850;24
2025;9988;24
2025;84408;24
2025;5001294;24
2025;1314146;24
2025;59174;24
2025;1258023;24
2025;100958;24
2025;74655;24
2025;1258023;24
2025;1321864;24
2025;868;24
2025;3677;24
2025;303;24
2025;1342536;24
2025;1342536;24
2025;868;24
2025;1292713;24
2025;389;24
2025;1342536;24
2025;7837;24
2025;86356;24
2025;93001;24
2025;14563;24
2025;9988;24
2025;1192237;24
2025;121850;24
2025;389;24
2025;1171609;24
2025;90483;24
2025;1188127;24
2025;5000930;24
2025;14359;24
2025;90483;24
2025;72675;24
2025;91399;24
2025;51699;24
2025;12813;24
2025;5920;24
2025;8698;24
2025;1193759;24
2025;1104264;24
2025;9996;24
2025;1185903;24
2025;100688;24
2025;5345;24
2025;100956;24
2025;10224;24
2025;90084;24
2025;1183313;24
2025;59174;24
2025;12569;24
2025;1200578;24
2025;74655;24
2025;12569;24
2025;11114;24
2025;15343;24
2025;1317634;24
2025;5000979;24
2025;9996;24
2025;39415;24
2025;11233;24
2025;1184325;24
2025;7676;24
2025;1408505;24
2025;1321864;24
2025;5920;24
2025;389;24
2025;1445016;24
2025;14615;24
2025;7705;24
2025;85652;24
2025;1419799;24
2025;1108786;24
2025;100688;24
2025;1629;24
2025;74655;24
2025;10224;24
2025;74594;24
2025;5000979;24
2025;7105;24
2025;91399;24
2025;1518;24
2025;1104264;24
2025;1322329;24
2025;1399618;24
2025;1178672;24
2025;15783;24
2025;6711;24
2025;13103;24
2025;97679;24
2025;2348;24
2025;10591;24
2025;71859;24
2025;9988;24
2025;51835;24
2025;4720;24
2025;1408507;24
2025;15343;24
2025;5001341;24
2025;12569;24
2025;4720;24
2025;389;24
2025;74594;24
2025;100958;24
2025;72669;24
2025;87941;24
2025;1184432;24
2025;1397773;24
2025;1363536;24
2025;2304;24
2025;1200578;24
2025;1385538;24
2025;1107;24
2025;79007;24
2025;99476;24
2025;12569;24
2025;1399489;24
2025;86356;24
2025;1184047;24
2025;72675;24
2025;1408505;24
2025;85652;24
2025;1200712;24
2025;98506;24
2025;10289;24
2025;48854;24
2025;87537;24
2025;71859;24
2025;1397771;24
2025;5001183;24
2025;74655;24
2025;1179189;24
2025;1101742;24
2025;66361;24
2025;19294;24
2025;1200578;24
2025;74655;24
2025;39415;24
2025;1518;24
2025;1109361;24
2025;12569;24
2025;5000841;24
2025;1264844;24
2025;1399287;24
2025;1399617;24
2025;1457006;24
2025;1188849;24
2025;87941;24
2025;1342536;24
2025;5000978;24
2025;84352;24
2025;12970;24
2025;108884;24
2025;100688;24
2025;14725;24
2025;1264844;24
2025;4720;24
2025;1168313;24
2025;5001341;24
2025;1385538;24
2025;1419799;24
2025;98406;24
2025;72663;24
2025;1322329;24
2025;1173014;24
2025;13866;24
2025;6496;24
2025;4503;24
2025;1264844;24
2025;38071;24
2025;12692;24
2025;19850;24
2025;59174;24
2025;5000812;24
2025;15343;24
2025;72667;24
2025;1445016;24
2025;15839;24
2025;1108786;24
2025;8437;24
2025;1190667;24
2025;1342536;24
2025;389;24
2025;1399488;24
2025;90059;24
2025;72669;24
2025;71689;24
2025;1180318;24
2025;12345;24
2025;1397772;24
2025;69464;24
2025;1477973;24
2025;8698;24
2025;16904;24
2025;99476;24
2025;1258021;24
2025;93001;24
2025;19294;24
2025;48854;24
2025;1477973;24
2025;1397772;24
2025;20360;24
2025;1457503;24
2025;1390309;24
2025;90847;24
2025;72663;24
2025;1397771;24
2025;75821;24
2025;13103;24
2025;1322329;24
2025;11114;24
2025;1321864;24
2025;15783;24
2025;72669;24
2025;1408261;24
2025;1399616;24
2025;1385538;24
2025;87941;24
2025;1107;24
2025;9996;24
2025;90084;24
2025;1477973;24
2025;82224;24
2025;12692;24
2025;49060;24
2025;90847;24
2025;1408507;24
2025;1108786;24
2025;1399477;24
2025;1390311;24
2025;107766;24
2025;1292725;24
2025;1397773;24
2025;1193264;24
2025;64918;24
2025;5001294;24
2025;74655;24
2025;13866;24
2025;1349675;24
2025;1029204;24
2025;1189607;24
2025;7676;24
2025;13723;24
2025;1178672;24
2025;19206;24
2025;1173014;24
2025;72767;24
2025;1439;24
2025;98406;24
2025;1173014;24
2025;1397773;24
2025;108884;24
2025;140;24
2025;6496;24
2025;72669;24
2025;101228;24
2025;1445016;24
2025;91219;24
2025;1399480;24
2025;1257777;24
2025;54494;24
2025;51835;24
2025;72669;24
2025;1385538;24
2025;10591;24
2025;5001466;24
2025;14563;24
2025;12970;24
2025;1184325;24
2025;87941;24
2025;11446;24
2025;85652;24
2025;1399486;24
2025;5001183;24
2025;84408;24
2025;1178672;24
2025;5000979;24
2025;9996;24
2025;5001341;24
2025;5000979;24
2025;1385538;24
2025;87537;24
2025;103596;24
2025;1200578;24
2025;1399480;24
2025;87941;24
2025;1399617;24
2025;1178672;24
2025;87941;24
2025;1107;24
2025;8698;24
2025;11233;24
2025;1421100;24
2025;9326;24
2025;10224;24
2025;87941;24
2025;1397771;24
2025;5000980;24
2025;18472;24
2025;18447;24
2025;90059;24
2025;87941;24
2025;74655;24
2025;1292725;24
2025;8437;24
2025;1438629;24
2025;1518495;24
2025;57852;24
2025;1171609;24
2025;97679;24
2025;15343;24
2025;1390311;24
2025;39415;24
2025;1136509;24
2025;868;24
2025;97679;24
2025;13601;24
2025;14234;24
2025;1399478;24
2025;13103;24
2025;868;24
2025;1178672;24
2025;868;24
2025;12970;24
2025;60660;24
2025;1399481;24
2025;1427370;24
2025;1136509;24
2025;1267038;24
2025;1408507;24
2025;1178672;24
2025;9996;24
2025;9996;24
2025;5000930;24
2025;19850;24
2025;7676;24
2025;13286;24
2025;1385538;24
2025;1342505;24
2025;59414;24
2025;8698;24
2025;2304;24
2025;1408504;24
2025;21542;24
2025;1518;24
2025;100956;24
2025;16236;24
2025;74594;24
2025;1427419;24
2025;1408505;24
2025;1421100;24
2025;6711;24
2025;389;24
2025;7676;24
2025;10289;24
2025;66248;24
2025;19206;24
2025;100956;24
2025;1399478;24
2025;14359;24
2025;1385538;24
2025;1163738;24
2025;15475;24
2025;85652;24
2025;12015;24
2025;85652;24
2025;1258023;24
2025;1109361;24
2025;97679;24
2025;14093;24
2025;98406;24
2025;1399616;24
2025;1184047;24
2025;14093;24
2025;18447;24
2025;7676;24
2025;59174;24
2025;100688;24
2025;868;24
2025;5001300;24
2025;2304;24
2025;6496;24
2025;1292713;24
2025;72675;24
2025;1317634;24
2025;868;24
2025;57402;24
2025;12569;24
2025;5001294;24
2025;4503;24
2025;1184047;24
2025;79007;24
2025;91399;24
2025;13103;24
2025;1189778;24
2025;1477973;24
2025;9326;24
2025;4503;24
2025;868;24
2025;1404416;24
2025;9772;24
2025;79007;24
2025;1448710;24
2025;1202547;24
2025;1108153;24
2025;97679;24
2025;39415;24
2025;2348;24
2025;1421100;24
2025;87537;24
2025;9805;24
2025;72681;24
2025;11114;24
2025;1399484;24
2025;1385521;24
2025;8437;24
2025;1202573;24
2025;1179501;24
2025;9805;24
2025;4503;24
2025;9326;24
2025;1292869;24
2025;1321864;24
2025;1168313;24
2025;74655;24
2025;100956;24
2025;1399488;24
2025;1136509;24
2025;10224;24
2025;1171609;24
2025;19294;24
2025;74655;24
2025;1390309;24
2025;91219;24
2025;5909;24
2025;100956;24
2025;1276878;24
2025;1419799;24
2025;90084;24
2025;1399480;24
2025;1107;24
2025;1399486;24
2025;90084;24
2025;1189778;24
2025;1399486;24
2025;1276878;24
2025;1135207;24
2025;1168313;24
2025;1295813;24
2025;1725;24
2025;38071;24
2025;1397773;24
2025;1629;24
2025;72767;24
2025;1427419;24
2025;15839;24
2025;72669;24
2025;72669;24
2025;1261972;24
2025;98506;24
2025;140;24
2025;71859;24
2025;85586;24
2025;12970;24
2025;5001466;24
2025;1321864;24
2025;758;24
2025;1168313;24
2025;74655;24
2025;57852;24
2025;12970;24
2025;78256;24
2025;37304;24
2025;1408507;24
2025;57402;24
2025;5000841;24
2025;19294;24
2025;71689;24
2025;10222;24
2025;13723;24
2025;93001;24
2025;1408507;24
2025;1168313;24
2025;5001450;24
2025;1421100;24
2025;1518;24
2025;9996;24
2025;90084;24
2025;1190667;24
2025;5001294;24
2025;5001294;24
2025;66248;24
2025;71859;24
2025;93001;24
2025;1267038;24
2025;4503;24
2025;84408;24
2025;39415;24
2025;12345;24
2025;5001294;24
2025;20249;24
2025;12569;24
2025;1163738;24
2025;5000933;24
2025;1193759;24
2025;107766;24
2025;1188900;24
2025;2918;24
2025;14563;24
2025;72663;24
2025;39415;24
2025;71859;24
2025;57402;24
2025;97679;24
2025;11114;24
2025;91219;24
2025;72667;24
2025;9996;24
2025;1408507;24
2025;12015;24
2025;108884;24
2025;11114;24
2025;13286;24
2025;1029204;24
2025;1178672;24
2025;113504;24
2025;9988;24
2025;13424;24
2025;38071;24
2025;1178672;24
2025;1109361;24
2025;100956;24
2025;100958;24
2025;74655;24
2025;72669;24
2025;14359;24
2025;1390309;24
2025;97679;24
2025;99476;24
2025;1108153;24
2025;1397773;24
2025;10591;24
2025;121850;24
2025;1321864;24
2025;1257562;24
2025;84352;24
2025;15343;24
2025;12;24
2025;59414;24
2025;4503;24
2025;1427419;24
2025;20360;24
2025;5345;24
2025;91399;24
2025;1313341;24
2025;5000933;24
2025;2918;24
2025;74655;24
2025;86288;24
2025;5920;24
2025;18447;24
2025;54490;24
2025;2695;24
2025;86356;24
2025;868;24
2025;11114;24
2025;13601;24
2025;8698;24
2025;15475;24
2025;2304;24
2025;6496;24
2025;1385521;24
2025;389;24
2025;72669;24
2025;5000979;24
2025;12970;24
2025;1399489;24
2025;6496;24
2025;5000979;24
2025;14725;24
2025;1136509;24
2025;2304;24
2025;7676;24
2025;9988;24
2025;1408508;24
2025;9805;24
2025;5345;24
2025;1439;24
2025;107666;24
2025;19206;24
2025;8960;24
2025;1421100;24
2025;1184432;24
2025;1109361;24
2025;5345;24
2025;1477973;24
2025;1190280;24
2025;7105;24
2025;12569;24
2025;1135207;24
2025;1518;24
2025;54494;24
2025;7676;24
2025;87941;24
2025;2304;24
2025;72663;24
2025;13723;24
2025;18472;24
2025;1272168;24
2025;1385521;24
2025;7105;24
2025;100688;24
2025;5909;24
2025;1107;24
2025;87537;24
2025;3148;24
2025;7676;24
2025;1184325;24
2025;1438629;24
2025;72663;24
2025;6496;24
2025;1168313;24
2025;1390309;24
2025;1399618;24
2025;1108786;24
2025;64918;24
2025;65924;24
2025;5909;24
2025;5000812;24
2025;10224;24
2025;87537;24
2025;5001450;24
2025;5000931;24
2025;72669;24
2025;1200712;24
2025;1185903;24
2025;3418;24
2025;71859;24
2025;12692;24
2025;868;24
2025;72767;24
2025;39415;24
2025;108014;24
2025;4503;24
2025;1314146;24
2025;1178524;24
2025;1399486;24
2025;1334344;24
2025;1179501;24
2025;48854;24
2025;1399619;24
2025;74655;24
2025;87537;24
2025;9326;24
2025;65114;24
2025;1399480;24
2025;14563;24
2025;5000981;24
2025;16904;24
2025;1136509;24
2025;19294;24
2025;90059;24
2025;49060;24
2025;1342537;24
2025;11114;24
2025;8437;24
2025;14359;24
2025;1518495;24
2025;1192188;24
2025;2304;24
2025;1408504;24
2025;1168313;24
2025;1399478;24
2025;1171609;24
2025;1427419;24
2025;5000933;24
2025;1108153;24
2025;5001033;24
2025;1200712;24
2025;12692;24
2025;60660;24
2025;1879;24
2025;74594;24
2025;18594;24
2025;13996;24
2025;13601;24
2025;1349675;24
2025;90483;24
2025;1334344;24
2025;72663;24
2025;8437;24
2025;9988;24
2025;2304;24
2025;10224;24
2025;4503;24
2025;5909;24
2025;1178524;24
2025;1453564;24
2025;1330031;24
2025;100958;24
2025;1390317;24
2025;5001341;24
2025;1029204;24
2025;59414;24
2025;59414;24
2025;13996;24
2025;72767;24
2025;7705;24
2025;1171609;24
2025;1178672;24
2025;1427370;24
2025;1292869;24
2025;18447;24
2025;1292713;24
2025;72675;24
2025;1295813;24
2025;84352;24
2025;74655;24
2025;5000841;24
2025;4082;24
2025;108884;24
2025;1267038;24
2025;7676;24
2025;5345;24
2025;12569;24
2025;9996;24
2025;7676;24
2025;1399477;24
2025;1321864;24
2025;90084;24
2025;5001466;24
2025;1390309;24
2025;1193275;24
2025;2304;24
2025;79007;24
2025;1453564;24
2025;14359;24
2025;1363536;24
2025;5000841;24
2025;10591;24
2025;5001183;24
2025;59414;24
2025;90059;24
2025;1487290;24
2025;108884;24
2025;2392;24
2025;54494;24
2025;1477973;24
2025;12015;24
2025;7105;24
2025;72663;24
2025;18447;24
2025;12970;24
2025;14359;24
2025;1483773;24
2025;1168313;24
2025;51835;24
2025;90059;24
2025;12692;24
2025;85652;24
2025;19294;24
2025;11233;24
2025;15783;24
2025;1399477;24
2025;1108281;24
2025;1050663;24
2025;1399616;24
2025;5001183;24
2025;1399489;24
2025;2918;24
2025;74655;24
2025;84352;24
2025;1292713;24
2025;5000812;24
2025;13723;24
2025;20058;24
2025;5000980;24
2025;1295813;24
2025;1278877;24
2025;5000812;24
2025;64918;24
2025;87941;24
2025;1190667;24
2025;8554;24
2025;2918;24
2025;1068548;24
2025;3677;24
2025;7705;24
2025;5345;24
2025;1725;24
2025;5909;24
2025;1421100;24
2025;15783;24
2025;9996;24
2025;16904;24
2025;1108281;24
2025;86288;24
2025;90059;24
2025;51835;24
2025;100958;24
2025;72669;24
2025;5345;24
2025;5920;24
2025;7676;24
2025;1136509;24
2025;1399617;24
2025;15475;24
2025;86288;24
2025;107766;24
2025;7676;24
2025;11114;24
2025;108884;24
2025;1216474;24
2025;13424;24
2025;1179189;24
2025;18605;24
2025;15839;24
2025;1363536;24
2025;107766;24
2025;1408261;24
2025;64918;24
2025;14975;24
2025;1427370;24
2025;85652;24
2025;1184047;24
2025;1399483;24
2025;1408505;24
2025;78256;24
2025;1188900;24
2025;18447;24
2025;11446;24
2025;1397771;24
2025;13103;24
2025;13453;24
2025;7676;24
2025;5345;24
2025;1321864;24
2025;13601;24
2025;2392;24
2025;65924;24
2025;8698;24
2025;1879;24
2025;65114;24
2025;90483;24
2025;2918;24
2025;74655;24
2025;868;24
2025;1189607;24
2025;11316;24
2025;19086;24
2025;11316;24
2025;1330031;24
2025;1390311;24
2025;14359;24
2025;7676;24
2025;57852;24
2025;1278877;24
2025;1192237;24
2025;19086;24
2025;1168313;24
2025;72669;24
2025;10222;24
2025;72663;24
2025;72681;24
2025;108884;24
2025;72669;24
2025;1487290;24
2025;72663;24
2025;90483;24
2025;18472;24
2025;1192237;24
2025;65114;24
2025;1439;24
2025;1059179;24
2025;108014;24
2025;97679;24
2025;20360;24
2025;1163738;24
2025;1421100;24
2025;78256;24
2025;11114;24
2025;1408259;24
2025;1321864;24
2025;60660;24
2025;19850;24
2025;13723;24
2025;19434;24
2025;5001450;24
2025;98506;24
2025;8554;24
2025;5000980;24
2025;12813;24
2025;7705;24
2025;16236;24
2025;8554;24
2025;1455021;24
2025;12970;24
2025;8554;24
2025;99476;24
2025;6711;24
2025;8437;24
2025;1399481;24
2025;1180318;24
2025;1399619;24
2025;1257777;24
2025;21542;24
2025;1257562;24
2025;19850;24
2025;5000933;24
2025;86356;24
2025;13601;24
2025;14725;24
2025;1173014;24
2025;868;24
2025;150039;24
2025;7676;24
2025;5000841;24
2025;1399489;24
2025;59414;24
2025;10224;24
2025;5000933;24
2025;5001183;24
2025;1385538;24
2025;75821;24
2025;1192237;24
2025;1029204;24
2025;5920;24
2025;90059;24
2025;1421013;24
2025;1193275;24
2025;11446;24
2025;98506;24
2025;1108281;24
2025;5001300;24
2025;2304;24
2025;1190621;24
2025;12569;24
2025;1183313;24
2025;1408507;24
2025;10289;24
2025;389;24
2025;1184325;24
2025;72663;24
2025;1438629;24
2025;59414;24
2025;57402;24
2025;5001341;24
2025;72663;24
2025;100958;24
2025;37304;24
2025;1184432;24
2025;13103;24
2025;1264844;24
2025;97679;24
2025;19434;24
2025;1457006;24
2025;4082;24
2025;14359;24
2025;72663;24
2025;72669;24
2025;12970;24
2025;1179189;24
2025;5001314;24
2025;107666;24
2025;16236;24
2025;1184432;24
2025;5000980;24
2025;12692;24
2025;20058;24
2025;59174;24
2025;9805;24
2025;5345;24
2025;7676;24
2025;37304;24
2025;5000933;24
2025;85652;24
2025;1321864;24
2025;1363536;24
2025;14093;24
2025;13996;24
2025;1179501;24
2025;11114;24
2025;72669;24
2025;1109361;24
2025;49060;24
2025;97679;24
2025;9996;24
2025;5000930;24
2025;1483759;24
2025;87537;24
2025;1278877;24
2025;1189607;24
2025;1321864;24
2025;389;24
2025;72663;24
2025;57402;24
2025;6711;24
2025;389;24
2025;14359;24
2025;84408;24
2025;71859;24
2025;389;24
2025;1399477;24
2025;1163738;24
2025;1486298;24
2025;98406;24
2025;1408505;24
2025;75821;24
2025;12015;24
2025;12813;24
2025;7105;24
2025;13453;24
2025;5001450;24
2025;19434;24
2025;1399481;24
2025;1108786;24
2025;5000981;24
2025;1399487;24
2025;21542;24
2025;1390317;24
2025;16236;24
2025;64918;24
2025;1179189;24
2025;5909;24
2025;84352;24
2025;2348;24
2025;98506;24
2025;1399618;24
2025;1408259;24
2025;98406;24
2025;7676;24
2025;18447;24
2025;93001;24
2025;72667;24
2025;5001300;24
2025;107766;24
2025;1188900;24
2025;15783;24
2025;12970;24
2025;72663;24
2025;7676;24
2025;1178672;24
2025;12970;24
2025;1292725;24
2025;7414;24
2025;1317634;24
2025;58412;24
2025;1390317;24
2025;1457707;24
2025;1257524;24
2025;5345;24
2025;1321864;24
2025;19434;24
2025;66248;24
2025;19206;24
2025;5000981;24
2025;1202539;24
2025;1439;24
2025;1330031;24
2025;1321864;24
2025;1068548;24
2025;1189607;24
2025;72767;24
2025;98506;24
2025;1108281;24
2025;1184325;24
2025;1317634;24
2025;18594;24
2025;1399488;24
2025;20058;24
2025;1879;24
2025;65114;24
2025;90091;24
2025;18472;24
2025;1191415;24
2025;54490;24
2025;5909;24
2025;1399486;24
2025;1108153;24
2025;1178524;24
2025;13424;24
2025;1725;24
2025;1406536;24
2025;5000931;24
2025;1453564;24
2025;71859;24
2025;1390311;24
2025;1399479;24
2025;93001;24
2025;1109361;24
2025;5001033;24
2025;12015;24
2025;108884;24
2025;59174;24
2025;9996;24
2025;85652;24
2025;4082;24
2025;113504;24
2025;1314146;24
2025;8554;24
2025;19206;24
2025;5000931;24
2025;1190621;24
2025;1173014;24
2025;59414;24
2025;140;24
2025;82224;24
2025;1183313;24
2025;16236;24
2025;66248;24
2025;6496;24
2025;1189607;24
2025;5345;24
2025;9772;24
2025;12569;24
2025;90483;24
2025;72663;24
2025;1202573;24
2025;12692;24
2025;5000812;24
2025;7676;24
2025;758;24
2025;5001450;24
2025;51835;24
2025;14615;24
2025;18594;24
2025;49910;24
2025;78256;24
2025;1427370;24
2025;98406;24
2025;19850;24
2025;2695;24
2025;14359;24
2025;1163738;24
2025;78256;24
2025;5001101;24
2025;74655;24
2025;90084;24
2025;1183313;24
2025;7676;24
2025;91399;24
2025;7676;24
2025;1202546;24
2025;72663;24
2025;14093;24
2025;85586;24
2025;5345;24
2025;98506;24
2025;108884;24
2025;1189607;24
2025;1190667;24
2025;85652;24
2025;100958;24
2025;74655;24
2025;13453;24
2025;1629;24
2025;303;24
2025;75821;24
2025;5001183;24
2025;8960;24
2025;1192188;24
2025;16236;24
2025;1192047;24
2025;5345;24
2025;7705;24
2025;97679;24
2025;5001300;24
2025;13200;24
2025;20360;24
2025;100956;24
2025;13723;24
2025;66248;24
2025;107666;24
2025;12813;24
2025;1629;24
2025;1421100;24
2025;1190621;24
2025;1216474;24
2025;14615;24
2025;19206;24
2025;1408261;24
2025;1135207;24
2025;5000930;24
2025;8698;24
2025;1349675;24
2025;1188127;24
2025;12692;24
2025;389;24
2025;7105;24
2025;5000981;24
2025;1107;24
2025;8554;24
2025;5001341;24
2025;19206;24
2025;14975;24
2025;5001450;24
2025;7676;24
2025;1192237;24
2025;1173014;24
2025;1385538;24
2025;5000841;24
2025;100958;24
2025;1455021;24
2025;1334344;24
2025;108014;24
2025;21542;24
2025;1261971;24
2025;1261972;24
2025;90483;24
2025;16236;24
2025;1192188;24
2025;1408262;24
2025;1363536;24
2025;5000930;24
2025;1399487;24
2025;1421013;24
2025;108014;24
2025;14359;24
2025;19850;24
2025;1342536;24
2025;99476;24
2025;19206;24
2025;1180318;24
2025;10224;24
2025;90059;24
2025;57852;24
2025;1404416;24
2025;1135207;24
2025;108882;24
2025;1102360;24
2025;10222;24
2025;64918;24
2025;5001450;24
2025;2918;24
2025;78256;24
2025;1399618;24
2025;1278877;24
2025;1189607;24
2025;18594;24
2025;14563;24
2025;12813;24
2025;1399484;24
2025;1408508;24
2025;1183958;24
2025;75821;24
2025;389;24
2025;12970;24
2025;1200578;24
2025;1334344;24
2025;98406;24
2025;5000979;24
2025;19294;24
2025;113504;24
2025;107666;24
2025;1183958;24
2025;1189607;24
2025;14615;24
2025;8698;24
2025;64918;24
2025;1178524;24
2025;1385521;24
2025;7676;24
2025;1427370;24
2025;1427420;24
2025;108014;24
2025;1257777;24
2025;13103;24
2025;1330031;24
2025;1059179;24
2025;11446;24
2025;1108786;24
2025;7705;24
2025;10289;24
2025;39415;24
2025;1173014;24
2025;12970;24
2025;13200;24
2025;57852;24
2025;72675;24
2025;7676;24
2025;3148;24
2025;72663;24
2025;14359;24
2025;9996;24
2025;5909;24
2025;5920;24
2025;5000979;24
2025;1629;24
2025;75821;24
2025;1179189;24
2025;78256;24
2025;1192237;24
2025;1390317;24
2025;85652;24
2025;1399480;24
2025;1184432;24
2025;1258021;24
2025;87537;24
2025;18594;24
2025;11114;24
2025;98406;24
2025;1278877;24
2025;4503;24
2025;1439;24
2025;1185025;24
2025;1483768;24
2025;90084;24
2025;84408;24
2025;11446;24
2025;80037;24
2025;5001450;24
2025;7414;24
2025;108882;24
2025;1419799;24
2025;72669;24
2025;5001033;24
2025;1029204;24
2025;5000001;24
2025;5000930;24
2025;5000979;24
2025;1445016;24
2025;12970;24
2025;1629;24
2025;1109361;24
2025;5000979;24
2025;5000930;24
2025;13601;24
2025;5001450;24
2025;82224;24
2025;1104264;24
2025;1029204;24
2025;140;24
2025;5000980;24
2025;78256;24
2025;1438629;24
2025;2348;24
2025;1397772;24
2025;108882;24
2025;18594;24
2025;1180318;24
2025;6711;24
2025;9805;24
2025;1192047;24
2025;1108786;24
2025;1438629;24
2025;5000979;24
2025;74594;24
2025;10222;24
2025;15343;24
2025;1445016;24
2025;1390317;24
2025;1261971;24
2025;15475;24
2025;1179189;24
2025;7105;24
2025;1180318;24
2025;1200578;24
2025;303;24
2025;98506;24
2025;1334344;24
2025;19850;24
2025;60660;24
2025;100688;24
2025;15783;24
2025;1427419;24
2025;86288;24
2025;1107;24
2025;7105;24
2025;5001300;24
2025;93001;24
2025;1135207;24
2025;1180318;24
2025;64918;24
2025;79007;24
2025;5000933;24
2025;8960;24
2025;100958;24
2025;1146605;24
2025;389;24
2025;7676;24
2025;140;24
2025;11114;24
2025;1477973;24
2025;9326;24
2025;1189607;24
2025;74655;24
2025;1202573;24
2025;1438629;24
2025;1214209;24
2025;1202546;24
2025;1397773;24
2025;64918;24
2025;71859;24
2025;75821;24
2025;14563;24
2025;13286;24
2025;7676;24
2025;5001033;24
2025;1163738;24
2025;1385538;24
2025;9772;24
2025;5000930;24
2025;85652;24
2025;51835;24
2025;85586;24
2025;1342536;24
2025;2918;24
2025;1427370;24
2025;13103;24
2025;1185076;24
2025;57402;24
2025;13601;24
2025;1448710;24
2025;99476;24
2025;79007;24
2025;9996;24
2025;13286;24
2025;101228;24
2025;5000812;24
2025;6711;24
2025;79007;24
2025;5000812;24
2025;87941;24
2025;1629;24
2025;108884;24
2025;1261971;24
2025;7414;24
2025;71859;24
2025;1399484;24
2025;1135207;24
2025;13996;24
2025;1419799;24
2025;98406;24
2025;72663;24
2025;74655;24
2025;5001183;24
2025;90084;24
2025;84408;24
2025;78256;24
2025;1421100;24
2025;1385538;24
2025;758;24
2025;121850;24
2025;1342536;24
2025;1184325;24
2025;1427419;24
2025;5000001;24
2025;1879;24
2025;5000931;24
2025;108882;24
2025;108014;24
2025;108882;24
2025;19206;24
2025;98406;24
2025;5001101;24
2025;79007;24
2025;1408505;24
2025;64918;24
2025;1108786;24
2025;71859;24
2025;18594;24
2025;72669;24
2025;1399614;24
2025;1257777;24
2025;13103;24
2025;1163738;24
2025;1292713;24
2025;39415;24
2025;1189607;24
2025;90084;24
2025;5000979;24
2025;5000981;24
2025;108884;24
2025;1190667;24
2025;1178524;24
2025;14093;24
2025;1399486;24
2025;90084;24
2025;87537;24
2025;4503;24
2025;1168313;24
2025;72669;24
2025;87537;24
2025;1399618;24
2025;90059;24
2025;90084;24
2025;5000981;24
2025;74655;24
2025;64918;24
2025;18447;24
2025;1419799;24
2025;19434;24
2025;1200712;24
2025;100958;24
2025;5909;24
2025;90084;24
2025;1485621;24
2025;11446;24
2025;1109361;24
2025;72767;24
2025;98406;24
2025;1050663;24
2025;8437;24
2025;1314146;24
2025;108884;24
2025;9996;24
2025;6496;24
2025;14093;24
2025;86356;24
2025;1108786;24
2025;1317634;24
2025;1178524;24
2025;38071;24
2025;86356;24
2025;71859;24
2025;13424;24
2025;84408;24
2025;1180318;24
2025;100958;24
2025;1408259;24
2025;108884;24
2025;7837;24
2025;91399;24
2025;72417;24
2025;1107;24
2025;1397771;24
2025;1487491;24
2025;1185076;24
2025;1295813;24
2025;54490;24
2025;101228;24
2025;1190621;24
2025;108884;24
2025;1190621;24
2025;7837;24
2025;71689;24
2025;12015;24
2025;5909;24
2025;64918;24
2025;1178672;24
2025;1321864;24
2025;14359;24
2025;7837;24
2025;108884;24
2025;5000930;24
2025;1399477;24
2025;1278877;24
2025;86356;24
2025;1184047;24
2025;107666;24
2025;59414;24
2025;5000979;24
2025;13103;24
2025;18447;24
2025;4503;24
2025;5001341;24
2025;1295813;24
2025;5000981;24
2025;13866;24
2025;74655;24
2025;20249;24
2025;5000979;24
2025;1399489;24
2025;5000980;24
2025;1390309;24
2025;10591;24
2025;5001183;24
2025;150039;24
2025;100958;24
2025;758;24
2025;13453;24
2025;72675;24
2025;1108786;24
2025;1399614;24
2025;93001;24
2025;7676;24
2025;19434;24
2025;93001;24
2025;1029204;24
2025;71859;24
2025;7676;24
2025;13103;24
2025;1399478;24
2025;1295813;24
2025;14359;24
2025;84408;24
2025;1725;24
2025;11114;24
2025;1399617;24
2025;1185903;24
2025;72663;24
2025;99476;24
2025;90084;24
2025;1327450;24
2025;1438629;24
2025;19086;24
2025;12;24
2025;7705;24
2025;1184432;24
2025;100956;24
2025;1421013;24
2025;7676;24
2025;37304;24
2025;82224;24
2025;64918;24
2025;108884;24
2025;5001167;24
2025;15475;24
2025;107666;24
2025;1321864;24
2025;14234;24
2025;1163738;24
2025;1178524;24
2025;1272168;24
2025;90483;24
2025;1029204;24
2025;7414;24
2025;5001183;24
2025;8698;24
2025;1385521;24
2025;98506;24
2025;14563;24
2025;48854;24
2025;10222;24
2025;1029204;24
2025;1184325;24
2025;74655;24
2025;82224;24
2025;1189607;24
2025;5000930;24
2025;4503;24
2025;108884;24
2025;1390311;24
2025;5000930;24
2025;15475;24
2025;72767;24
2025;1171609;24
2025;19206;24
2025;1399287;24
2025;1278877;24
2025;8698;24
2025;5000930;24
2025;91219;24
2025;12970;24
2025;1188900;24
2025;14359;24
2025;5001101;24
2025;1107;24
2025;91399;24
2025;86356;24
2025;14359;24
2025;1390309;24
2025;87941;24
2025;1257524;24
2025;1029204;24
2025;1397771;24
2025;1477973;24
2025;1487491;24
2025;9772;24
2025;1629;24
2025;1399486;24
2025;1184047;24
2025;3677;24
2025;93001;24
2025;18447;24
2025;13601;24
2025;1202553;24
2025;5345;24
2025;5909;24
2025;1349675;24
2025;98506;24
2025;60660;24
2025;74655;24
2025;8437;24
2025;1629;24
2025;75821;24
2025;2695;24
2025;1184047;24
2025;13286;24
2025;64918;24
2025;74655;24
2025;1399477;24
2025;65114;24
2025;1457006;24
2025;9772;24
2025;14563;24
2025;79007;24
2025;1267038;24
2025;15475;24
2025;1399617;24
2025;74655;24
2025;1191415;24
2025;13103;24
2025;1399478;24
2025;1334344;24
2025;85652;24
2025;1445016;24
2025;8698;24
2025;11114;24
2025;74655;24
2025;1879;24
2025;87537;24
2025;1257524;24
2025;9805;24
2025;64918;24
2025;1438629;24
2025;91399;24
2025;1404416;24
2025;12569;24
2025;5001167;24
2025;84408;24
2025;13103;24
2025;19086;24
2025;13453;24
2025;1278877;24
2025;98506;24
2025;14359;24
2025;74655;24
2025;1330031;24
2025;64918;24
2025;1264844;24
2025;15343;24
2025;1399479;24
2025;1257548;24
2025;59414;24
2025;1184047;24
2025;1399481;24
2025;1184325;24
2025;100958;24
2025;1453564;24
2025;91219;24
2025;3148;24
2025;72663;24
2025;64918;24
2025;90084;24
2025;1439;24
2025;9326;24
2025;57852;24
2025;98406;24
2025;150039;24
2025;107766;24
2025;1292725;24
2025;10289;24
2025;5000001;24
2025;1399479;24
2025;91219;24
2025;1178672;24
2025;5000930;24
2025;59174;24
2025;7676;24
2025;13453;24
2025;1427419;24
2025;1399615;24
2025;12813;24
2025;39415;24
2025;1399484;24
2025;140;24
2025;14563;24
2025;4503;24
2025;37304;24
2025;5920;24
2025;72663;24
2025;1108786;24
2025;1399485;24
2025;1257562;24
2025;103596;24
2025;74655;24
2025;39415;24
2025;87941;24
2025;1363536;24
2025;5000981;24
2025;1421013;24
2025;1185076;24
2025;20249;24
2025;12970;24
2025;37304;24
2025;5000978;24
2025;1399481;24
2025;5920;24
2025;51835;24
2025;1171609;24
2025;5001466;24
2025;8698;24
2025;1330031;24
2025;13453;24
2025;9996;24
2025;10222;24
2025;4503;24
2025;484;24
2025;7105;24
2025;90483;24
2025;13601;24
2025;74655;24
2025;86356;24
2025;72663;24
2025;14563;24
2025;5000930;24
2025;72675;24
2025;1109361;24
2025;74594;24
2025;12;24
2025;1399481;24
2025;4082;24
2025;5000812;24
2025;74594;24
2025;72667;24
2025;64918;24
2025;1183958;24
2025;16236;24
2025;10224;24
2025;1453564;24
2025;49060;24
2025;59414;24
2025;1427419;24
2025;1184432;24
2025;1173014;24
2025;1179189;24
2025;98409;24
2025;59174;24
2025;1399486;24
2025;18447;24
2025;7105;24
2025;71689;24
2025;1257562;24
2025;1108281;24
2025;1146605;24
2025;14563;24
2025;72669;24
2025;12569;24
2025;1178672;24
2025;72663;24
2025;91219;24
2025;9996;24
2025;98506;24
2025;1200578;24
2025;1171609;24
2025;7676;24
2025;5000812;24
2025;18472;24
2025;71859;24
2025;100958;24
2025;1421013;24
2025;7676;24
2025;12569;24
2025;5000979;24
2025;1408508;24
2025;74594;24
2025;1178672;24
2025;18447;24
2025;14093;24
2025;5000930;24
2025;98406;24
2025;11114;24
2025;72767;24
2025;1399487;24
2025;74655;24
2025;1200712;24
2025;5000979;24
2025;2918;24
2025;19206;24
2025;10222;24
2025;8698;24
2025;93001;24
2025;1321864;24
2025;2348;24
2025;65114;24
2025;5001341;24
2025;1399489;24
2025;1107;24
2025;15475;24
2025;84408;24
2025;39415;24
2025;1399486;24
2025;1171609;24
2025;5001427;24
2025;1192188;24
2025;99476;24
2025;1179501;24
2025;868;24
2025;8437;24
2025;1068548;24
2025;1313341;24
2025;1399486;24
2025;4503;24
2025;1163738;24
2025;1180318;24
2025;5345;24
2025;1200712;24
2025;100688;24
2025;14563;24
2025;1390317;24
2025;64918;24
2025;1399478;24
2025;1136509;24
2025;1399480;24
2025;100958;24
2025;868;24
2025;1486298;24
2025;1408509;24
2025;74655;24
2025;1029204;24
2025;1185025;24
2025;1257562;24
2025;1390317;24
2025;57402;24
2025;1292725;24
2025;8960;24
2025;1184047;24
2025;1399287;24
2025;140;24
2025;5001466;24
2025;1136509;24
2025;1879;24
2025;1427419;24
2025;11316;24
2025;1421013;24
2025;1136509;24
2025;14359;24
2025;90483;24
2025;12970;24
2025;1185903;24
2025;3677;24
2025;6496;24
2025;59174;24
2025;1408262;24
2025;5001183;24
2025;20058;24
2025;15783;24
2025;51835;24
2025;39415;24
2025;1188900;24
2025;11316;24
2025;1399478;24
2025;1059179;24
2025;5001167;24
2025;14975;24
2025;7676;24
2025;57402;24
2025;1408262;24
2025;18594;24
2025;5000812;24
2025;90847;24
2025;72669;24
2025;87537;24
2025;13103;24
2025;1445016;24
2025;1477973;24
2025;5000981;24
2025;9996;24
2025;7705;24
2025;39415;24
2025;1135207;24
2025;9772;24
2025;90847;24
2025;7105;24
2025;74655;24
2025;74655;24
2025;140;24
2025;1390317;24
2025;14234;24
2025;5000981;24
2025;13996;24
2025;5001294;24
2025;12015;24
2025;98406;24
2025;72667;24
2025;72767;24
2025;1725;24
2025;13723;24
2025;1397772;24
2025;84352;24
2025;1059179;24
2025;2695;24
2025;5000979;24
2025;1518;24
2025;2918;24
2025;49060;24
2025;5000841;24
2025;8698;24
2025;10289;24
2025;74655;24
2025;5000980;24
2025;20360;24
2025;5909;24
2025;1404416;24
2025;1102360;24
2025;1427419;24
2025;12692;24
2025;87941;24
2025;90483;24
2025;90084;24
2025;12692;24
2025;1272168;24
2025;2392;24
2025;13103;24
2025;1399486;24
2025;37304;24
2025;1029204;24
2025;75821;24
2025;1408505;24
2025;7676;24
2025;1421100;24
2025;1184047;24
2025;72669;24
2025;90059;24
2025;868;24
2025;1257562;24
2025;84352;24
2025;5000980;24
2025;21542;24
2025;99476;24
2025;1136509;24
2025;18447;24
2025;1399488;24
2025;1184432;24
2025;1163738;24
2025;64918;24
2025;14359;24
2025;98506;24
2025;1029204;24
2025;5345;24
2025;79007;24
2025;90084;24
2025;13601;24
2025;9805;24
2025;1399483;24
2025;4720;24
2025;1385538;24
2025;1109361;24
2025;74655;24
2025;99476;24
2025;13424;24
2025;19434;24
2025;72667;24
2025;12970;24
2025;1178524;24
2025;5000981;24
2025;1399480;24
2025;1173014;24
2025;13424;24
2025;14563;24
2025;3418;24
2025;98406;24
2025;1179501;24
2025;1178672;24
2025;71859;24
2025;5909;24
2025;100956;24
2025;7414;24
2025;1399480;24
2025;1108786;24
2025;12569;24
2025;1453564;24
2025;7705;24
2025;5000981;24
2025;1879;24
2025;5001183;24
2025;10222;24
2025;10289;24
2025;9326;24
2025;6711;24
2025;1397772;24
2025;1483773;24
2025;9326;24
2025;3677;24
2025;13424;24
2025;1483768;24
2025;13996;24
2025;19850;24
2025;1390317;24
2025;15475;24
2025;10591;24
2025;5000812;24
2025;1465625;24
2025;108884;24
2025;16904;24
2025;65114;24
2025;12813;24
2025;7676;24
2025;91219;24
2025;9805;24
2025;1178524;24
2025;82224;24
2025;1029204;24
2025;5000001;24
2025;1179501;24
2025;1108786;24
2025;48854;24
2025;11233;24
2025;84352;24
2025;4082;24
2025;1179501;24
2025;1107;24
2025;1465625;24
2025;5000981;24
2025;1421100;24
2025;15343;24
2025;74594;24
2025;5920;24
2025;1200578;24
2025;1109361;24
2025;79007;24
2025;2918;24
2025;1399478;24
2025;13996;24
2025;1029204;24
2025;1108153;24
2025;2918;24
2025;1629;24
2025;1385538;24
2025;1109361;24
2025;1465625;24
2025;1453564;24
2025;1314146;24
2025;1188849;24
2025;9772;24
2025;99476;24
2025;1108281;24
2025;9772;24
2025;15783;24
2025;14234;24
2025;12015;24
2025;1330031;24
2025;64918;24
2025;103596;24
2025;13723;24
2025;13103;24
2025;1385521;24
2025;59174;24
2025;4503;24
2025;87941;24
2025;9996;24
2025;9805;24
2025;6496;24
2025;1050663;24
2025;13601;24
2025;7705;24
2025;2918;24
2025;1439;24
2025;100956;24
2025;11446;24
2025;14563;24
2025;93001;24
2025;1399488;24
2025;10224;24
2025;5000980;24
2025;1173014;24
2025;13996;24
2025;58412;24
2025;1879;24
2025;1399619;24
2025;5001294;24
2025;5000812;24
2025;49060;24
2025;5000930;24
2025;1261972;24
2025;1419799;24
2025;97679;24
2025;64918;24
2025;108014;24
2025;1363536;24
2025;1399619;24
2025;7676;24
2025;1486822;24
2025;14359;24
2025;1136509;24
2025;5001183;24
2025;90059;24
2025;1448710;24
2025;1059179;24
2025;19294;24
2025;1399479;24
2025;4503;24
2025;1108281;24
2025;12970;24
2025;72767;24
2025;5001183;24
2025;15475;24
2025;20249;24
2025;90059;24
2025;121850;24
2025;1399479;24
2025;1408505;24
2025;20058;24
2025;8698;24
2025;1457503;24
2025;1184432;24
2025;7837;24
2025;9772;24
2025;11114;24
2025;1184325;24
2025;8554;24
2025;64918;24
2025;11114;24
2025;1349675;24
2025;5001033;24
2025;868;24
2025;1173014;24
2025;4720;24
2025;8698;24
2025;1408507;24
2025;15475;24
2025;1183313;24
2025;100958;24
2025;11233;24
2025;57402;24
2025;72669;24
2025;1342536;24
2025;100958;24
2025;10224;24
2025;12692;24
2025;1136509;24
2025;10222;24
2025;19850;24
2025;1029204;24
2025;1183958;24
2025;12813;24
2025;10289;24
2025;2918;24
2025;49060;24
2025;1421100;24
2025;13723;24
2025;1185076;24
2025;16236;24
2025;1408505;24
2025;100956;24
2025;90084;24
2025;6496;24
2025;1421100;24
2025;5345;24
2025;1184325;24
2025;1278877;24
2025;14359;24
2025;1178524;24
2025;5000933;24
2025;12970;24
2025;57852;24
2025;1200578;24
2025;868;24
2025;7676;24
2025;100688;24
2025;4503;24
2025;9996;24
2025;5000979;24
2025;12813;24
2025;5345;24
2025;1258021;24
2025;72663;24
2025;1321864;24
2025;8437;24
2025;14975;24
2025;5909;24
2025;98409;24
2025;72669;24
2025;4503;24
2025;4720;24
2025;1136509;24
2025;1629;24
2025;86288;24
2025;18594;24
2025;1050663;24
2025;1108281;24
2025;19086;24
2025;1135207;24
2025;1327450;24
2025;54494;24
2025;75821;24
2025;108882;24
2025;8554;24
2025;1385538;24
2025;4503;24
2025;7105;24
2025;72417;24
2025;1518;24
2025;1292713;24
2025;1629;24
2025;5000981;24
2025;1321864;24
2025;1192188;24
2025;1258023;24
2025;5000980;24
2025;1168313;24
2025;8437;24
2025;1453564;24
2025;10222;24
2025;100688;24
2025;5000812;24
2025;1477973;24
2025;13996;24
2025;8698;24
2025;65924;24
2025;12970;24
2025;72767;24
2025;13286;24
2025;8960;24
2025;108014;24
2025;12970;24
2025;12970;24
2025;1385521;24
2025;1390317;24
2025;1200578;24
2025;1109361;24
2025;13453;24
2025;9805;24
2025;97679;24
2025;14093;24
2025;5000001;24
2025;3677;24
2025;13601;24
2025;1483759;24
2025;65114;24
2025;1477973;24
2025;1397771;24
2025;107766;24
2025;9772;24
2025;13103;24
2025;5000001;24
2025;758;24
2025;1101742;24
2025;18472;24
2025;1292869;24
2025;98406;24
2025;74594;24
2025;72663;24
2025;12015;24
2025;1408505;24
2025;5345;24
2025;59414;24
2025;1136509;24
2025;38071;24
2025;1399483;24
2025;5206;24
2025;90084;24
2025;5000812;24
2025;12970;24
2025;98506;24
2025;60660;24
2025;7105;24
2025;1439;24
2025;6496;24
2025;1136509;24
2025;1295813;24
2025;389;24
2025;1408262;24
2025;1453564;24
2025;1397773;24
2025;389;24
2025;72767;24
2025;1216474;24
2025;10222;24
2025;1214209;24
2025;108884;24
2025;18447;24
2025;107666;24
2025;1059179;24
2025;11114;24
2025;72669;24
2025;19850;24
2025;1184432;24
2025;758;24
2025;1180318;24
2025;1136509;24
2025;1202546;24
2025;1399477;24
2025;9988;24
2025;69624;24
2025;60660;24
2025;12569;24
2025;1483768;24
2025;9988;24
2025;1108786;24
2025;72663;24
2025;1136509;24
2025;5000979;24
2025;100958;24
2025;84408;24
2025;1408505;24
2025;19086;24
2025;90059;24
2025;100688;24
2025;1191415;24
2025;5001294;24
2025;1629;24
2025;1029204;24
2025;1136509;24
2025;2304;24
2025;21542;24
2025;1029204;24
2025;1163738;24
2025;1050663;24
2025;9772;24
2025;8437;24
2025;1342449;24
2025;8554;24
2025;18594;24
2025;9772;24
2025;1465625;24
2025;5001300;24
2025;1313341;24
2025;90483;24
2025;99476;24
2025;1191415;24
2025;5000978;24
2025;72667;24
2025;5001033;24
2025;1180318;24
2025;13996;24
2025;1168313;24
2025;2918;24
2025;60660;24
2025;86356;24
2025;59414;24
2025;100956;24
2025;14093;24
2025;82224;24
2025;1136509;24
2025;1184325;25
2025;1059179;25
2025;1108786;25
2025;1408259;25
2025;1408505;25
2025;1399477;25
2025;2392;25
2025;1397772;25
2025;78256;25
2025;389;25
2025;1202553;25
2025;14563;25
2025;120983;25
2025;3148;25
2025;48854;25
2025;1438629;25
2025;12015;25
2025;74655;25
2025;59174;25
2025;5001101;25
2025;1171609;25
2025;1427420;25
2025;1261972;25
2025;5920;25
2025;84352;25
2025;14615;25
2025;1399479;25
2025;15343;25
2025;59414;25
2025;5000978;25
2025;7414;25
2025;1363536;25
2025;1202573;25
2025;75821;25
2025;1342536;25
2025;1184432;25
2025;1408505;25
2025;1278877;25
2025;5001300;25
2025;1317634;25
2025;7414;25
2025;7414;25
2025;87537;25
2025;12813;25
2025;71859;25
2025;1185025;25
2025;71859;25
2025;1190667;25
2025;12970;25
2025;5000980;25
2025;13723;25
2025;16904;25
2025;1108281;25
2025;1408505;25
2025;74655;25
2025;1399488;25
2025;18472;25
2025;7676;25
2025;1173014;25
2025;1171609;25
2025;7414;25
2025;1173014;25
2025;20249;25
2025;2695;25
2025;7105;25
2025;71859;25
2025;10222;25
2025;1178524;25
2025;5001101;25
2025;72663;25
2025;1109361;25
2025;1453564;25
2025;1192237;25
2025;11446;25
2025;20249;25
2025;1183313;25
2025;90483;25
2025;2918;25
2025;1399617;25
2025;2348;25
2025;64918;25
2025;1408505;25
2025;91219;25
2025;1453564;25
2025;19850;25
2025;18594;25
2025;75821;25
2025;86356;25
2025;5000981;25
2025;37304;25
2025;1190667;25
2025;85652;25
2025;12015;25
2025;5920;25
2025;5000930;25
2025;1629;25
2025;5001183;25
2025;5000981;25
2025;1342536;25
2025;1188127;25
2025;12970;25
2025;98506;25
2025;121850;25
2025;11446;25
2025;1321864;25
2025;49060;25
2025;1190280;25
2025;1385538;25
2025;1136509;25
2025;1050663;25
2025;1173014;25
2025;7676;25
2025;1173014;25
2025;1180318;25
2025;64918;25
2025;71859;25
2025;1421013;25
2025;1629;25
2025;19294;25
2025;90483;25
2025;5000930;25
2025;1397771;25
2025;5920;25
2025;1188127;25
2025;1399482;25
2025;1453564;25
2025;1029204;25
2025;4082;25
2025;107766;25
2025;1334344;25
2025;1518;25
2025;868;25
2025;53338;25
2025;5000930;25
2025;7105;25
2025;1193264;25
2025;1399486;25
2025;64918;25
2025;39415;25
2025;98506;25
2025;1185076;25
2025;9988;25
2025;90059;25
2025;1439;25
2025;5000979;25
2025;85652;25
2025;5001466;25
2025;1399482;25
2025;1171609;25
2025;72667;25
2025;10222;25
2025;90059;25
2025;140;25
2025;85652;25
2025;4503;25
2025;16904;25
2025;1399619;25
2025;4082;25
2025;1342536;25
2025;1445016;25
2025;90483;25
2025;15343;25
2025;1108281;25
2025;87537;25
2025;1029204;25
2025;1421013;25
2025;16904;25
2025;758;25
2025;5000981;25
2025;1261972;25
2025;85652;25
2025;91219;25
2025;84352;25
2025;85652;25
2025;10289;25
2025;14725;25
2025;1349675;25
2025;65114;25
2025;84408;25
2025;86356;25
2025;18605;25
2025;1399480;25
2025;98406;25
2025;5001101;25
2025;12015;25
2025;1334344;25
2025;11233;25
2025;59174;25
2025;74655;25
2025;100956;25
2025;1390309;25
2025;5000841;25
2025;100958;25
2025;1439;25
2025;15343;25
2025;1188900;25
2025;8960;25
2025;5000930;25
2025;100956;25
2025;1108281;25
2025;60660;25
2025;1202573;25
2025;14725;25
2025;98506;25
2025;100958;25
2025;2918;25
2025;5000980;25
2025;1168313;25
2025;5000979;25
2025;86288;25
2025;66248;25
2025;72767;25
2025;1163738;25
2025;1184325;25
2025;1108153;25
2025;1408508;25
2025;1408505;25
2025;64918;25
2025;57402;25
2025;5001101;25
2025;7705;25
2025;1202573;25
2025;1278877;25
2025;101228;25
2025;72669;25
2025;5001183;25
2025;98506;25
2025;5000930;25
2025;1399618;25
2025;19850;25
2025;18605;25
2025;6496;25
2025;60660;25
2025;1180318;25
2025;74655;25
2025;87537;25
2025;15475;25
2025;1483759;25
2025;10222;25
2025;5000981;25
2025;13996;25
2025;1192188;25
2025;1399479;25
2025;11233;25
2025;5000930;25
2025;10224;25
2025;1438629;25
2025;1399619;25
2025;7705;25
2025;1278877;25
2025;57402;25
2025;1342610;25
2025;5000979;25
2025;5001450;25
2025;7705;25
2025;18447;25
2025;59414;25
2025;1399486;25
2025;1342610;25
2025;1050663;25
2025;57402;25
2025;38071;25
2025;72767;25
2025;15475;25
2025;74655;25
2025;6711;25
2025;1185076;25
2025;868;25
2025;1399485;25
2025;1050663;25
2025;5000930;25
2025;74655;25
2025;1191415;25
2025;72767;25
2025;868;25
2025;1486298;25
2025;15475;25
2025;1486298;25
2025;1408509;25
2025;74655;25
2025;1327450;25
2025;1439;25
2025;1171609;25
2025;13601;25
2025;13200;25
2025;16904;25
2025;1390309;25
2025;16236;25
2025;1163738;25
2025;72663;25
2025;54494;25
2025;389;25
2025;1102360;25
2025;20058;25
2025;1292869;25
2025;1264844;25
2025;18447;25
2025;5000979;25
2025;64918;25
2025;1188900;25
2025;1171609;25
2025;10289;25
2025;87941;25
2025;8554;25
2025;108884;25
2025;19434;25
2025;1483805;25
2025;48854;25
2025;4082;25
2025;150039;25
2025;1397772;25
2025;84352;25
2025;5001300;25
2025;57852;25
2025;11316;25
2025;1168313;25
2025;49060;25
2025;103596;25
2025;1202588;25
2025;98409;25
2025;99476;25
2025;1397772;25
2025;1292725;25
2025;87537;25
2025;7837;25
2025;1317634;25
2025;1185903;25
2025;1200578;25
2025;86356;25
2025;1397773;25
2025;1408508;25
2025;1163738;25
2025;57852;25
2025;1168313;25
2025;1184060;25
2025;7676;25
2025;13723;25
2025;1399477;25
2025;1192237;25
2025;15343;25
2025;15783;25
2025;3677;25
2025;82224;25
2025;72669;25
2025;14093;25
2025;1399478;25
2025;1185076;25
2025;1518495;25
2025;90483;25
2025;1445016;25
2025;12569;25
2025;72669;25
2025;1399481;25
2025;1390311;25
2025;1202539;25
2025;1180318;25
2025;13453;25
2025;4082;25
2025;72667;25
2025;13866;25
2025;11114;25
2025;71859;25
2025;1399482;25
2025;13866;25
2025;1421013;25
2025;13424;25
2025;1518;25
2025;20249;25
2025;14359;25
2025;1421100;25
2025;11316;25
2025;1026;25
2025;1171609;25
2025;18594;25
2025;1102360;25
2025;1629;25
2025;1193264;25
2025;1330031;25
2025;1202539;25
2025;1135207;25
2025;1264844;25
2025;78256;25
2025;103596;25
2025;90483;25
2025;78256;25
2025;37304;25
2025;5000979;25
2025;1179501;25
2025;13996;25
2025;1518495;25
2025;65114;25
2025;1317634;25
2025;65114;25
2025;1188849;25
2025;12970;25
2025;15475;25
2025;38071;25
2025;18594;25
2025;86288;25
2025;100958;25
2025;1202539;25
2025;1399482;25
2025;1342536;25
2025;6711;25
2025;98506;25
2025;74655;25
2025;1408509;25
2025;8960;25
2025;1408509;25
2025;5001300;25
2025;13453;25
2025;1200578;25
2025;57402;25
2025;51835;25
2025;11114;25
2025;1179189;25
2025;97679;25
2025;13723;25
2025;18594;25
2025;107666;25
2025;12692;25
2025;1629;25
2025;14359;25
2025;12569;25
2025;9996;25
2025;13453;25
2025;1190667;25
2025;8554;25
2025;10222;25
2025;7676;25
2025;107666;25
2025;15783;25
2025;78256;25
2025;1397772;25
2025;14975;25
2025;9996;25
2025;7705;25
2025;1408508;25
2025;1317634;25
2025;1317634;25
2025;4503;25
2025;1390311;25
2025;1108786;25
2025;1399477;25
2025;98506;25
2025;1189778;25
2025;1725;25
2025;1173014;25
2025;1292713;25
2025;12345;25
2025;1189778;25
2025;100958;25
2025;1408261;25
2025;1399485;25
2025;1184325;25
2025;13286;25
2025;9996;25
2025;72417;25
2025;1050663;25
2025;1457503;25
2025;7676;25
2025;14093;25
2025;8960;25
2025;15839;25
2025;1483768;25
2025;13601;25
2025;16904;25
2025;5000841;25
2025;1216474;25
2025;11114;25
2025;9326;25
2025;5206;25
2025;1477973;25
2025;108882;25
2025;14093;25
2025;1399480;25
2025;21542;25
2025;4082;25
2025;12813;25
2025;1342536;25
2025;64918;25
2025;80037;25
2025;1321864;25
2025;90483;25
2025;60660;25
2025;1399618;25
2025;1185076;25
2025;1166567;25
2025;1399487;25
2025;12569;25
2025;107666;25
2025;12970;25
2025;15475;25
2025;13453;25
2025;72669;25
2025;1258021;25
2025;1187646;25
2025;8437;25
2025;91399;25
2025;9996;25
2025;1342536;25
2025;5920;25
2025;1390309;25
2025;13996;25
2025;4720;25
2025;8698;25
2025;1107;25
2025;8554;25
2025;1059179;25
2025;1184432;25
2025;1257562;25
2025;1399485;25
2025;303;25
2025;121850;25
2025;11114;25
2025;91399;25
2025;59174;25
2025;1408507;25
2025;1059179;25
2025;71859;25
2025;1629;25
2025;12970;25
2025;13286;25
2025;13103;25
2025;1399485;25
2025;2348;25
2025;1321864;25
2025;1108786;25
2025;5920;25
2025;1408259;25
2025;84352;25
2025;1438629;25
2025;1334344;25
2025;12970;25
2025;12970;25
2025;5000841;25
2025;4082;25
2025;4503;25
2025;1477973;25
2025;1334344;25
2025;1184325;25
2025;1342536;25
2025;21542;25
2025;1257562;25
2025;3677;25
2025;1455021;25
2025;5000981;25
2025;1390309;25
2025;5909;25
2025;1179501;25
2025;1173014;25
2025;11316;25
2025;13996;25
2025;5909;25
2025;74594;25
2025;107766;25
2025;57402;25
2025;868;25
2025;5001033;25
2025;5001033;25
2025;51835;25
2025;48854;25
2025;1184325;25
2025;1108281;25
2025;1427420;25
2025;14359;25
2025;4720;25
2025;1399480;25
2025;1485621;25
2025;1477973;25
2025;12569;25
2025;86288;25
2025;12569;25
2025;98506;25
2025;9326;25
2025;12692;25
2025;1108281;25
2025;8554;25
2025;12970;25
2025;39415;25
2025;5001341;25
2025;18594;25
2025;98506;25
2025;2304;25
2025;1408509;25
2025;87537;25
2025;5001294;25
2025;86288;25
2025;54494;25
2025;12015;25
2025;1485621;25
2025;389;25
2025;15475;25
2025;140;25
2025;1101742;25
2025;1257777;25
2025;1485621;25
2025;1404416;25
2025;103596;25
2025;49060;25
2025;5001450;25
2025;3677;25
2025;5000930;25
2025;1192237;25
2025;1163738;25
2025;13103;25
2025;20249;25
2025;5001450;25
2025;18594;25
2025;91219;25
2025;5001450;25
2025;1108786;25
2025;5001450;25
2025;5001450;25
2025;5001450;25
2025;51835;25
2025;5001450;25
2025;5001450;25
2025;1399477;25
2025;93001;25
2025;1321864;25
2025;87537;25
2025;11446;25
2025;5000980;25
2025;2918;25
2025;65114;25
2025;5001450;25
2025;1399614;25
2025;5001450;25
2025;1292869;25
2025;84352;25
2025;5001450;25
2025;10591;25
2025;8437;25
2025;5001450;25
2025;5001450;25
2025;15839;25
2025;1192188;25
2025;12813;25
2025;1184060;25
2025;1327450;25
2025;8554;25
2025;1399617;25
2025;1292726;25
2025;9988;25
2025;1445016;25
2025;13996;25
2025;1029763;25
2025;21542;25
2025;5001450;25
2025;1313341;25
2025;1725;25
2025;82224;25
2025;5001427;25
2025;6711;25
2025;1104264;25
2025;3148;25
2025;10591;25
2025;15475;25
2025;93001;25
2025;14975;25
2025;1421100;25
2025;5001450;25
2025;1349675;25
2025;1321864;25
2025;18447;25
2025;1257548;25
2025;1330031;25
2025;1321864;25
2025;9988;25
2025;98409;25
2025;1180318;25
2025;5909;25
2025;868;25
2025;5000812;25
2025;10222;25
2025;19206;25
2025;1399479;25
2025;5000930;25
2025;86288;25
2025;1185076;25
2025;1202588;25
2025;1397772;25
2025;20249;25
2025;3148;25
2025;7676;25
2025;59414;25
2025;15343;25
2025;11114;25
2025;1399618;25
2025;5920;25
2025;64918;25
2025;57402;25
2025;87537;25
2025;85652;25
2025;59414;25
2025;14563;25
2025;108884;25
2025;1321864;25
2025;1390309;25
2025;1404416;25
2025;5000930;25
2025;10224;25
2025;5000841;25
2025;140;25
2025;868;25
2025;2918;25
2025;4082;25
2025;8554;25
2025;5000979;25
2025;72669;25
2025;1178672;25
2025;10224;25
2025;1214209;25
2025;1725;25
2025;7837;25
2025;121850;25
2025;1349675;25
2025;1399617;25
2025;140;25
2025;1216474;25
2025;1050663;25
2025;1108786;25
2025;1180318;25
2025;19206;25
2025;11114;25
2025;78256;25
2025;12970;25
2025;60660;25
2025;1029204;25
2025;1292725;25
2025;4082;25
2025;1192188;25
2025;1390309;25
2025;1192047;25
2025;13286;25
2025;87941;25
2025;1185076;25
2025;97679;25
2025;98406;25
2025;85652;25
2025;98409;25
2025;4503;25
2025;4720;25
2025;18472;25
2025;1385538;25
2025;1180318;25
2025;14975;25
2025;100956;25
2025;1278877;25
2025;91219;25
2025;5000980;25
2025;5001033;25
2025;14093;25
2025;87537;25
2025;15475;25
2025;3677;25
2025;5001167;25
2025;20360;25
2025;15783;25
2025;87537;25
2025;1200712;25
2025;1399480;25
2025;98409;25
2025;15475;25
2025;1200578;25
2025;1292713;25
2025;10222;25
2025;51835;25
2025;54494;25
2025;1200578;25
2025;1445016;25
2025;98409;25
2025;19294;25
2025;1189607;25
2025;5920;25
2025;1184432;25
2025;1385538;25
2025;1725;25
2025;1190667;25
2025;1406536;25
2025;1163738;25
2025;98506;25
2025;12692;25
2025;90483;25
2025;98506;25
2025;5000979;25
2025;1104264;25
2025;14563;25
2025;72669;25
2025;82224;25
2025;1342536;25
2025;1202553;25
2025;91399;25
2025;90483;25
2025;100958;25
2025;1408508;25
2025;5000933;25
2025;2695;25
2025;38071;25
2025;1399619;25
2025;1278877;25
2025;5001294;25
2025;1200578;25
2025;1385521;25
2025;1192188;25
2025;1183313;25
2025;1264844;25
2025;5000979;25
2025;1385538;25
2025;5000979;25
2025;1183313;25
2025;1179189;25
2025;1183313;25
2025;93001;25
2025;1267038;25
2025;1029204;25
2025;57402;25
2025;9772;25
2025;1321864;25
2025;1518495;25
2025;7705;25
2025;5001183;25
2025;5909;25
2025;9772;25
2025;1399618;25
2025;12;25
2025;1200578;25
2025;87941;25
2025;1192188;25
2025;1183313;25
2025;1179189;25
2025;108882;25
2025;140;25
2025;1192188;25
2025;5001183;25
2025;1725;25
2025;1183313;25
2025;1193759;25
2025;1192188;25
2025;7105;25
2025;72669;25
2025;1184060;25
2025;12970;25
2025;87941;25
2025;11446;25
2025;1183313;25
2025;1399487;25
2025;9805;25
2025;1427419;25
2025;100956;25
2025;65114;25
2025;1184325;25
2025;19850;25
2025;1399487;25
2025;1135207;25
2025;1314146;25
2025;84408;25
2025;100956;25
2025;1399487;25
2025;78256;25
2025;1399487;25
2025;87941;25
2025;1399487;25
2025;1200712;25
2025;5206;25
2025;1178672;25
2025;1399487;25
2025;1399487;25
2025;1171609;25
2025;1399487;25
2025;5001183;25
2025;14359;25
2025;64918;25
2025;5000979;25
2025;1399487;25
2025;1136509;25
2025;1109361;25
2025;1390317;25
2025;5000980;25
2025;1276878;25
2025;69624;25
2025;74594;25
2025;1108786;25
2025;15783;25
2025;10222;25
2025;1173014;25
2025;1261972;25
2025;15475;25
2025;1313341;25
2025;1518;25
2025;1397771;25
2025;49060;25
2025;1173014;25
2025;9805;25
2025;4720;25
2025;1166567;25
2025;1404416;25
2025;15343;25
2025;5000930;25
2025;1313341;25
2025;84352;25
2025;9772;25
2025;100956;25
2025;1173014;25
2025;1486298;25
2025;78256;25
2025;87537;25
2025;13424;25
2025;1178672;25
2025;1173014;25
2025;1101742;25
2025;74594;25
2025;1399615;25
2025;15839;25
2025;1184432;25
2025;59414;25
2025;49060;25
2025;12;25
2025;57852;25
2025;13723;25
2025;7676;25
2025;9996;25
2025;72767;25
2025;10222;25
2025;1629;25
2025;1202553;25
2025;1163738;25
2025;48854;25
2025;4082;25
2025;90084;25
2025;1292917;25
2025;1192188;25
2025;7705;25
2025;868;25
2025;5000981;25
2025;1192188;25
2025;1261972;25
2025;90084;25
2025;1179189;25
2025;16236;25
2025;3677;25
2025;1408505;25
2025;1272168;25
2025;15475;25
2025;5000980;25
2025;1193264;25
2025;5920;25
2025;1179189;25
2025;1200578;25
2025;1390317;25
2025;59414;25
2025;39415;25
2025;1185076;25
2025;1408259;25
2025;1457503;25
2025;75821;25
2025;20249;25
2025;1184432;25
2025;13601;25
2025;1185025;25
2025;5001033;25
2025;5206;25
2025;1179189;25
2025;1179189;25
2025;71689;25
2025;74594;25
2025;7676;25
2025;5000979;25
2025;1408504;25
2025;5206;25
2025;72669;25
2025;7705;25
2025;2392;25
2025;20249;25
2025;2695;25
2025;1179189;25
2025;99476;25
2025;1179189;25
2025;108014;25
2025;1330031;25
2025;1419799;25
2025;2695;25
2025;1179189;25
2025;57852;25
2025;1179189;25
2025;72663;25
2025;1399616;25
2025;1292725;25
2025;90059;25
2025;7705;25
2025;1334344;25
2025;108014;25
2025;69624;25
2025;5001300;25
2025;84352;25
2025;1408259;25
2025;18594;25
2025;51835;25
2025;1200712;25
2025;51835;25
2025;9326;25
2025;98409;25
2025;1193264;25
2025;51835;25
2025;1408259;25
2025;12813;25
2025;1397772;25
2025;1399486;25
2025;5206;25
2025;1397771;25
2025;5206;25
2025;5206;25
2025;5206;25
2025;9772;25
2025;9772;25
2025;1185025;25
2025;59414;25
2025;11233;25
2025;5000978;25
2025;9772;25
2025;8960;25
2025;1108281;25
2025;7676;25
2025;3148;25
2025;1190667;25
2025;86288;25
2025;1295813;25
2025;18472;25
2025;1385521;25
2025;5206;25
2025;1399615;25
2025;5206;25
2025;69624;25
2025;1200578;25
2025;51835;25
2025;1179189;25
2025;1408508;25
2025;1190667;25
2025;1317634;25
2025;5206;25
2025;100958;25
2025;7676;25
2025;1178672;25
2025;10289;25
2025;14234;25
2025;9772;25
2025;1408508;25
2025;86356;25
2025;13601;25
2025;9772;25
2025;87537;25
2025;51835;25
2025;1292917;25
2025;9988;25
2025;8437;25
2025;1330031;25
2025;1178524;25
2025;90084;25
2025;1029204;25
2025;10222;25
2025;1399478;25
2025;15343;25
2025;5206;25
2025;1427419;25
2025;108882;25
2025;1178672;25
2025;3148;25
2025;72417;25
2025;86356;25
2025;1725;25
2025;14359;25
2025;2304;25
2025;1399477;25
2025;1390317;25
2025;1439;25
2025;54494;25
2025;82224;25
2025;5000980;25
2025;5000981;25
2025;8554;25
2025;14563;25
2025;54490;25
2025;97679;25
2025;7105;25
2025;13453;25
2025;5000812;25
2025;1200578;25
2025;53338;25
2025;868;25
2025;1390309;25
2025;9772;25
2025;58412;25
2025;90084;25
2025;2348;25
2025;72767;25
2025;1202553;25
2025;12970;25
2025;1629;25
2025;5920;25
2025;15783;25
2025;84408;25
2025;2392;25
2025;15343;25
2025;18605;25
2025;90059;25
2025;87537;25
2025;12970;25
2025;19850;25
2025;1171609;25
2025;19294;25
2025;87941;25
2025;5206;25
2025;75821;25
2025;90483;25
2025;9805;25
2025;5000812;25
2025;15475;25
2025;1879;25
2025;87537;25
2025;5909;25
2025;1465625;25
2025;60660;25
2025;5206;25
2025;5001300;25
2025;1408507;25
2025;108014;25
2025;10222;25
2025;87941;25
2025;15343;25
2025;87941;25
2025;78256;25
2025;14093;25
2025;74594;25
2025;1438629;25
2025;18447;25
2025;1180318;25
2025;9772;25
2025;72663;25
2025;74594;25
2025;1189778;25
2025;12569;25
2025;9805;25
2025;12813;25
2025;12345;25
2025;97679;25
2025;87537;25
2025;1879;25
2025;21542;25
2025;1190280;25
2025;98409;25
2025;90084;25
2025;1317634;25
2025;1408505;25
2025;19294;25
2025;98409;25
2025;5206;25
2025;15475;25
2025;121850;25
2025;12692;25
2025;91219;25
2025;1408259;25
2025;1184060;25
2025;64918;25
2025;1278877;25
2025;1397771;25
2025;107766;25
2025;1465625;25
2025;1029204;25
2025;107666;25
2025;37304;25
2025;86288;25
2025;18472;25
2025;74594;25
2025;5001466;25
2025;90091;25
2025;1192237;25
2025;5001341;25
2025;9805;25
2025;1363536;25
2025;7705;25
2025;1135207;25
2025;1399477;25
2025;7676;25
2025;12569;25
2025;9996;25
2025;7676;25
2025;16236;25
2025;1191415;25
2025;90084;25
2025;86356;25
2025;18594;25
2025;1390317;25
2025;2918;25
2025;90084;25
2025;1399479;25
2025;1458090;25
2025;9805;25
2025;1200712;25
2025;1399488;25
2025;72663;25
2025;8554;25
2025;69624;25
2025;1314146;25
2025;14725;25
2025;72663;25
2025;1184060;25
2025;1342536;25
2025;15475;25
2025;90084;25
2025;1385521;25
2025;13601;25
2025;72417;25
2025;18472;25
2025;90084;25
2025;12970;25
2025;1330031;25
2025;1184325;25
2025;1399618;25
2025;57402;25
2025;1108786;25
2025;86288;25
2025;1408509;25
2025;9805;25
2025;98406;25
2025;1399486;25
2025;8960;25
2025;1192047;25
2025;91219;25
2025;13424;25
2025;87537;25
2025;90084;25
2025;86288;25
2025;1050663;25
2025;1059179;25
2025;1408505;25
2025;11114;25
2025;1257777;25
2025;12015;25
2025;4082;25
2025;1518495;25
2025;1179189;25
2025;90084;25
2025;1184325;25
2025;9805;25
2025;1109361;25
2025;13424;25
2025;12970;25
2025;12;25
2025;868;25
2025;91219;25
2025;49910;25
2025;10222;25
2025;1180318;25
2025;1879;25
2025;1408262;25
2025;7676;25
2025;72663;25
2025;84408;25
2025;5000930;25
2025;19434;25
2025;72669;25
2025;90084;25
2025;1050663;25
2025;758;25
2025;1184047;25
2025;72663;25
2025;14093;25
2025;1518;25
2025;3677;25
2025;5000001;25
2025;5001183;25
2025;1191415;25
2025;90084;25
2025;8554;25
2025;1439;25
2025;18605;25
2025;14563;25
2025;7705;25
2025;74594;25
2025;99476;25
2025;72667;25
2025;15343;25
2025;1192047;25
2025;1029204;25
2025;72669;25
2025;8554;25
2025;79007;25
2025;90059;25
2025;15783;25
2025;90084;25
2025;101228;25
2025;72663;25
2025;1191415;25
2025;5001450;25
2025;90084;25
2025;1190621;25
2025;7676;25
2025;13286;25
2025;5000933;25
2025;1427419;25
2025;5345;25
2025;90084;25
2025;59414;25
2025;1184432;25
2025;1278877;25
2025;5920;25
2025;2348;25
2025;12015;25
2025;84352;25
2025;7676;25
2025;90059;25
2025;1190621;25
2025;11316;25
2025;90084;25
2025;1171609;25
2025;2304;25
2025;9996;25
2025;12970;25
2025;7676;25
2025;90483;25
2025;1193275;25
2025;91399;25
2025;90059;25
2025;72663;25
2025;98409;25
2025;1334344;25
2025;3677;25
2025;9326;25
2025;1184047;25
2025;58412;25
2025;1180318;25
2025;1397771;25
2025;1059179;25
2025;1029204;25
2025;11316;25
2025;1317634;25
2025;72681;25
2025;11233;25
2025;1190280;25
2025;1179189;25
2025;1399287;25
2025;72663;25
2025;1399618;25
2025;1385538;25
2025;93001;25
2025;11316;25
2025;868;25
2025;98409;25
2025;90084;25
2025;20249;25
2025;1202573;25
2025;14563;25
2025;5920;25
2025;100958;25
2025;12692;25
2025;5909;25
2025;1419799;25
2025;1190621;25
2025;1190621;25
2025;65924;25
2025;84352;25
2025;72663;25
2025;84352;25
2025;20360;25
2025;1187646;25
2025;11446;25
2025;74655;25
2025;14725;25
2025;9772;25
2025;14359;25
2025;20058;25
2025;389;25
2025;1399479;25
2025;1342536;25
2025;1200578;25
2025;11316;25
2025;1192188;25
2025;82224;25
2025;59174;25
2025;66248;25
2025;1068548;25
2025;15343;25
2025;1725;25
2025;5000001;25
2025;1193759;25
2025;13723;25
2025;9988;25
2025;108014;25
2025;1399481;25
2025;1264844;25
2025;2918;25
2025;19434;25
2025;3148;25
2025;20249;25
2025;5206;25
2025;1179189;25
2025;18472;25
2025;1438629;25
2025;72663;25
2025;99476;25
2025;103596;25
2025;1399478;25
2025;5000812;25
2025;7676;25
2025;72681;25
2025;1188849;25
2025;2304;25
2025;54494;25
2025;1438629;25
2025;4082;25
2025;87537;25
2025;10222;25
2025;1408509;25
2025;1189778;25
2025;1264844;25
2025;18447;25
2025;1190280;25
2025;100956;25
2025;2304;25
2025;5000980;25
2025;13723;25
2025;1421100;25
2025;69624;25
2025;82224;25
2025;1445016;25
2025;2304;25
2025;93001;25
2025;2304;25
2025;13424;25
2025;1399489;25
2025;18472;25
2025;12;25
2025;1399489;25
2025;100956;25
2025;3418;25
2025;1107;25
2025;101228;25
2025;1108786;25
2025;91399;25
2025;1438629;25
2025;2304;25
2025;8554;25
2025;2304;25
2025;84352;25
2025;1173014;25
2025;2304;25
2025;1421013;25
2025;100956;25
2025;1399479;25
2025;72669;25
2025;2304;25
2025;1390317;25
2025;100956;25
2025;7676;25
2025;2304;25
2025;1257524;25
2025;2304;25
2025;1399618;25
2025;1202553;25
2025;1427419;25
2025;9805;25
2025;108882;25
2025;72669;25
2025;1438629;25
2025;1184325;25
2025;18605;25
2025;2304;25
2025;66361;25
2025;69464;25
2025;10591;25
2025;85652;25
2025;15839;25
2025;2695;25
2025;2304;25
2025;79007;25
2025;2304;25
2025;1184325;25
2025;14359;25
2025;16236;25
2025;2304;25
2025;97679;25
2025;1029204;25
2025;1102360;25
2025;1178672;25
2025;2304;25
2025;59414;25
2025;57852;25
2025;4503;25
2025;71859;25
2025;1419799;25
2025;5000979;25
2025;4503;25
2025;1050663;25
2025;5345;25
2025;8437;25
2025;51835;25
2025;64918;25
2025;2918;25
2025;1258023;25
2025;2304;25
2025;1879;25
2025;93001;25
2025;1278877;25
2025;1108281;25
2025;9996;25
2025;1390317;25
2025;1179501;25
2025;1108786;25
2025;5909;25
2025;2304;25
2025;1485621;25
2025;1349675;25
2025;1189607;25
2025;1189607;25
2025;85652;25
2025;11233;25
2025;21542;25
2025;51699;25
2025;59174;25
2025;1179189;25
2025;85652;25
2025;82224;25
2025;64918;25
2025;1408507;25
2025;87537;25
2025;1408509;25
2025;78256;25
2025;14093;25
2025;7105;25
2025;1397771;25
2025;1029204;25
2025;9996;25
2025;100956;25
2025;1178672;25
2025;1399489;25
2025;5001466;25
2025;57402;25
2025;389;25
2025;1029204;25
2025;85586;25
2025;2304;25
2025;1725;25
2025;103596;25
2025;1408507;25
2025;7676;25
2025;1101742;25
2025;1629;25
2025;1342537;25
2025;19850;25
2025;5000979;25
2025;72667;25
2025;1216474;25
2025;3148;25
2025;90483;25
2025;90483;25
2025;12569;25
2025;14615;25
2025;98406;25
2025;1477973;25
2025;2695;25
2025;1349675;25
2025;82224;25
2025;1179189;25
2025;5000930;25
2025;14093;25
2025;1184047;25
2025;1192047;25
2025;1050663;25
2025;1108786;25
2025;7105;25
2025;108884;25
2025;1419799;25
2025;1178672;25
2025;758;25
2025;100688;25
2025;71859;25
2025;5345;25
2025;20249;25
2025;2695;25
2025;98506;25
2025;1342449;25
2025;1166567;25
2025;107766;25
2025;1385521;25
2025;12015;25
2025;14563;25
2025;12;25
2025;12813;25
2025;1439;25
2025;14234;25
2025;15783;25
2025;2304;25
2025;1189607;25
2025;1483773;25
2025;13866;25
2025;1363536;25
2025;9996;25
2025;108882;25
2025;87941;25
2025;1029763;25
2025;51835;25
2025;1184047;25
2025;1168313;25
2025;5001183;25
2025;14234;25
2025;1399480;25
2025;5001033;25
2025;1421013;25
2025;1192047;25
2025;12692;25
2025;1399615;25
2025;1168313;25
2025;13453;25
2025;5345;25
2025;100958;25
2025;91219;25
2025;93001;25
2025;11114;25
2025;1191415;25
2025;7676;25
2025;64706;25
2025;108014;25
2025;1399487;25
2025;108014;25
2025;2304;25
2025;1477973;25
2025;66248;25
2025;5345;25
2025;1317634;25
2025;1136509;25
2025;1399484;25
2025;1136509;25
2025;12970;25
2025;1136509;25
2025;1399615;25
2025;59414;25
2025;5909;25
2025;100958;25
2025;1278877;25
2025;9988;25
2025;1427419;25
2025;85652;25
2025;1399618;25
2025;18472;25
2025;14615;25
2025;103596;25
2025;1327450;25
2025;13424;25
2025;13723;25
2025;1399478;25
2025;758;25
2025;72767;25
2025;1292869;25
2025;13453;25
2025;1438629;25
2025;100958;25
2025;84408;25
2025;11114;25
2025;13453;25
2025;1292869;25
2025;13601;25
2025;1292725;25
2025;72663;25
2025;1399479;25
2025;2304;25
2025;1261972;25
2025;79007;25
2025;1725;25
2025;1108786;25
2025;5000979;25
2025;1173014;25
2025;18472;25
2025;69464;25
2025;1257562;25
2025;5345;25
2025;13723;25
2025;1163738;25
2025;100956;25
2025;54494;25
2025;69464;25
2025;72663;25
2025;2304;25
2025;75821;25
2025;1408262;25
2025;48854;25
2025;484;25
2025;49060;25
2025;1292725;25
2025;2304;25
2025;8437;25
2025;1292869;25
2025;12970;25
2025;13424;25
2025;1399486;25
2025;13424;25
2025;11114;25
2025;4503;25
2025;57402;25
2025;49060;25
2025;100958;25
2025;868;25
2025;1439;25
2025;15783;25
2025;7705;25
2025;74655;25
2025;78256;25
2025;82224;25
2025;1257524;25
2025;5001300;25
2025;37304;25
2025;1725;25
2025;5000001;25
2025;103596;25
2025;90847;25
2025;9996;25
2025;1180318;25
2025;7837;25
2025;1292869;25
2025;97679;25
2025;2918;25
2025;13286;25
2025;72669;25
2025;2392;25
2025;90483;25
2025;1278877;25
2025;12813;25
2025;9996;25
2025;1465625;25
2025;18472;25
2025;1029204;25
2025;78256;25
2025;5001033;25
2025;12692;25
2025;90847;25
2025;10591;25
2025;1399477;25
2025;90847;25
2025;1438629;25
2025;5000812;25
2025;1879;25
2025;9988;25
2025;78256;25
2025;91219;25
2025;1257777;25
2025;90483;25
2025;1397772;25
2025;7676;25
2025;1192237;25
2025;90847;25
2025;14563;25
2025;1102360;25
2025;7705;25
2025;758;25
2025;66361;25
2025;90847;25
2025;1216474;25
2025;90847;25
2025;121850;25
2025;90847;25
2025;1399614;25
2025;11114;25
2025;5920;25
2025;90847;25
2025;90847;25
2025;3418;25
2025;90847;25
2025;90847;25
2025;6496;25
2025;9988;25
2025;90847;25
2025;1026;25
2025;72417;25
2025;1135207;25
2025;87537;25
2025;108882;25
2025;1408504;25
2025;15343;25
2025;5001033;25
2025;1216474;25
2025;5001033;25
2025;100956;25
2025;1179189;25
2025;18472;25
2025;1399617;25
2025;1448710;25
2025;1390309;25
2025;1419799;25
2025;1399614;25
2025;85652;25
2025;1399479;25
2025;49910;25
2025;2304;25
2025;484;25
2025;1178672;25
2025;64918;25
2025;9326;25
2025;98409;25
2025;84352;25
2025;1101742;25
2025;1385538;25
2025;1163738;25
2025;1029204;25
2025;5000841;25
2025;12015;25
2025;74655;25
2025;4082;25
2025;9988;25
2025;15783;25
2025;484;25
2025;2918;25
2025;1390317;25
2025;5909;25
2025;1108786;25
2025;1187646;25
2025;12970;25
2025;98506;25
2025;1399485;25
2025;2304;25
2025;72417;25
2025;6496;25
2025;12015;25
2025;8554;25
2025;1408505;25
2025;107766;25
2025;1184432;25
2025;1108786;25
2025;14359;25
2025;10224;25
2025;4503;25
2025;13996;25
2025;1190667;25
2025;84352;25
2025;1419799;25
2025;2392;25
2025;20058;25
2025;5001033;25
2025;1404416;25
2025;7105;25
2025;15343;25
2025;14093;25
2025;19434;25
2025;18605;25
2025;5001341;25
2025;7105;25
2025;100958;25
2025;69464;25
2025;87941;25
2025;90483;25
2025;7676;25
2025;12692;25
2025;1408504;25
2025;1202553;25
2025;1184432;25
2025;1390309;25
2025;1342536;25
2025;1399614;25
2025;12015;25
2025;9326;25
2025;1029204;25
2025;2918;25
2025;91399;25
2025;10222;25
2025;1050663;25
2025;58412;25
2025;1404416;25
2025;1399485;25
2025;13601;25
2025;1278877;25
2025;7676;25
2025;11114;25
2025;5001294;25
2025;1363536;25
2025;9805;25
2025;5909;25
2025;4503;25
2025;100956;25
2025;1408508;25
2025;1257524;25
2025;1486298;25
2025;15783;25
2025;2695;25
2025;1202546;25
2025;2348;25
2025;91219;25
2025;1188849;25
2025;20249;25
2025;1108786;25
2025;1518;25
2025;107766;25
2025;100956;25
2025;1171609;25
2025;90059;25
2025;9988;25
2025;18447;25
2025;19850;25
2025;1399488;25
2025;11114;25
2025;87537;25
2025;1421013;25
2025;1629;25
2025;7837;25
2025;1342449;25
2025;1185025;25
2025;389;25
2025;5920;25
2025;1725;25
2025;12813;25
2025;1107;25
2025;93001;25
2025;1408507;25
2025;1184325;25
2025;1188900;25
2025;1292869;25
2025;389;25
2025;65114;25
2025;74655;25
2025;1193264;25
2025;5000979;25
2025;1399615;25
2025;12569;25
2025;1399617;25
2025;9805;25
2025;5920;25
2025;9988;25
2025;1188900;25
2025;15343;25
2025;15475;25
2025;14563;25
2025;78256;25
2025;59174;25
2025;101228;25
2025;8698;25
2025;7705;25
2025;1136509;25
2025;1202546;25
2025;16236;25
2025;12692;25
2025;3418;25
2025;1109361;25
2025;5001183;25
2025;1171609;25
2025;1390317;25
2025;8698;25
2025;4503;25
2025;12569;25
2025;1173014;25
2025;9988;25
2025;1189607;25
2025;10222;25
2025;59414;25
2025;1485621;25
2025;1408261;25
2025;1188849;25
2025;9988;25
2025;11316;25
2025;1135207;25
2025;5000001;25
2025;1408259;25
2025;1438629;25
2025;97679;25
2025;71859;25
2025;389;25
2025;20249;25
2025;7837;25
2025;10222;25
2025;74655;25
2025;1445016;25
2025;87941;25
2025;5000980;25
2025;1408508;25
2025;2695;25
2025;13453;25
2025;84352;25
2025;1408505;25
2025;1458090;25
2025;1390317;25
2025;93001;25
2025;14359;25
2025;1200712;25
2025;108882;25
2025;1189778;25
2025;98506;25
2025;3677;25
2025;107666;25
2025;37304;25
2025;1185076;25
2025;18594;25
2025;14234;25
2025;5000001;25
2025;48854;25
2025;1135207;25
2025;1187646;25
2025;78256;25
2025;1108786;25
2025;12569;25
2025;84352;25
2025;9772;25
2025;1408508;25
2025;1171609;25
2025;1109361;25
2025;1200578;25
2025;1108786;25
2025;1178524;25
2025;1879;25
2025;12970;25
2025;5000979;25
2025;74655;25
2025;64706;25
2025;1399617;25
2025;5001341;25
2025;78256;25
2025;1188849;25
2025;1178672;25
2025;1173014;25
2025;1399479;25
2025;54494;25
2025;82224;25
2025;1108153;25
2025;14093;25
2025;1216474;25
2025;21542;25
2025;1399481;25
2025;7676;25
2025;14359;25
2025;2695;25
2025;1518;25
2025;1399617;25
2025;1108281;25
2025;19850;25
2025;1399619;25
2025;91219;25
2025;59174;25
2025;5000001;25
2025;12970;25
2025;90483;25
2025;1109361;25
2025;5001294;25
2025;1445016;25
2025;1483773;25
2025;8437;25
2025;758;25
2025;1178672;25
2025;49060;25
2025;1399616;25
2025;1178672;25
2025;1135207;25
2025;65924;25
2025;140;25
2025;1390311;25
2025;4720;25
2025;14975;25
2025;98506;25
2025;93001;25
2025;1445016;25
2025;10224;25
2025;97679;25
2025;1180318;25
2025;13453;25
2025;1399614;25
2025;5000930;25
2025;1408509;25
2025;100956;25
2025;1029204;25
2025;12569;25
2025;5000979;25
2025;9988;25
2025;97679;25
2025;51835;25
2025;87941;25
2025;1349675;25
2025;1330031;25
2025;8698;25
2025;2918;25
2025;5920;25
2025;18594;25
2025;14359;25
2025;1184432;25
2025;100688;25
2025;1406536;25
2025;12692;25
2025;98409;25
2025;8960;25
2025;39415;25
2025;1178672;25
2025;5920;25
2025;5001427;25
2025;71859;25
2025;8554;25
2025;103596;25
2025;7676;25
2025;6711;25
2025;5000930;25
2025;1457006;25
2025;1465625;25
2025;72663;25
2025;5909;25
2025;5000001;25
2025;1518495;25
2025;1408505;25
2025;1397773;25
2025;9996;25
2025;1292726;25
2025;7676;25
2025;14975;25
2025;1102360;25
2025;1399614;25
2025;5000001;25
2025;11114;25
2025;1399617;25
2025;1192047;25
2025;84352;25
2025;5000931;25
2025;14563;25
2025;5000931;25
2025;5001033;25
2025;5001167;25
2025;97679;25
2025;1108786;25
2025;2695;25
2025;72669;25
2025;1477973;25
2025;49060;25
2025;10222;25
2025;1184432;25
2025;86288;25
2025;69464;25
2025;66248;25
2025;1050663;25
2025;49060;25
2025;5000930;25
2025;12569;25
2025;5001033;25
2025;1408259;25
2025;7414;25
2025;5000930;25
2025;5345;25
2025;16904;25
2025;1629;25
2025;1399486;25
2025;1171609;25
2025;5000933;25
2025;8554;25
2025;7414;25
2025;1278877;25
2025;1322329;25
2025;1349675;25
2025;1136509;25
2025;3148;25
2025;20360;25
2025;12;25
2025;98406;25
2025;1408505;25
2025;5001294;25
2025;12015;25
2025;16236;25
2025;1107;25
2025;48854;25
2025;49060;25
2025;58412;25
2025;1487290;25
2025;91219;25
2025;1261972;25
2025;1059179;25
2025;1107;25
2025;5001294;25
2025;4503;25
2025;389;25
2025;91219;25
2025;19850;25
2025;20249;25
2025;1178672;25
2025;21542;25
2025;10289;25
2025;1068548;25
2025;1292869;25
2025;1192047;25
2025;1185903;25
2025;1102360;25
2025;1135207;25
2025;100688;25
2025;1180318;25
2025;1390317;25
2025;1445016;25
2025;7414;25
2025;1108786;25
2025;5000812;25
2025;2918;25
2025;1399484;25
2025;5909;25
2025;100958;25
2025;51835;25
2025;100956;25
2025;15783;25
2025;5000001;25
2025;12345;25
2025;99476;25
2025;1202588;25
2025;1725;25
2025;5000931;25
2025;19294;25
2025;72669;25
2025;868;25
2025;2918;25
2025;1192188;25
2025;59414;25
2025;6496;25
2025;1173014;25
2025;37304;25
2025;59174;25
2025;18472;25
2025;98409;25
2025;5909;25
2025;1261972;25
2025;1292869;25
2025;74655;25
2025;13866;25
2025;13286;25
2025;5000933;25
2025;5909;25
2025;12970;25
2025;1184060;25
2025;1408259;25
2025;1173014;25
2025;1385538;25
2025;1173014;25
2025;1173014;25
2025;1185903;25
2025;12692;25
2025;1342536;25
2025;1173014;25
2025;8960;25
2025;7837;25
2025;1178672;25
2025;1486822;25
2025;1397771;25
2025;51835;25
2025;5001341;25
2025;1399486;25
2025;12813;25
2025;6496;25
2025;1173014;25
2025;86356;25
2025;1399617;25
2025;1102360;25
2025;1108281;25
2025;1173014;25
2025;11114;25
2025;79007;25
2025;18594;25
2025;1295813;25
2025;758;25
2025;49060;25
2025;98406;25
2025;13424;25
2025;7676;25
2025;99476;25
2025;1399618;25
2025;1173014;25
2025;86288;25
2025;1317634;25
2025;14563;25
2025;1104264;25
2025;1026;25
2025;1399479;25
2025;1192237;25
2025;1104264;25
2025;78256;25
2025;12970;25
2025;1408261;25
2025;108882;25
2025;14563;25
2025;12015;25
2025;1438629;25
2025;66248;25
2025;18447;25
2025;75821;25
2025;8960;25
2025;1330031;25
2025;20360;25
2025;1163738;25
2025;1390309;25
2025;19206;25
2025;7414;25
2025;1202547;25
2025;37304;25
2025;97679;25
2025;1399486;25
2025;389;25
2025;1427419;25
2025;1408259;25
2025;1168313;25
2025;13866;25
2025;12692;25
2025;12015;25
2025;1173014;25
2025;8554;25
2025;51699;25
2025;1438629;25
2025;49060;25
2025;5000931;25
2025;84408;25
2025;51835;25
2025;1261972;25
2025;91219;25
2025;5000931;25
2025;1183313;25
2025;1178672;25
2025;107766;25
2025;14093;25
2025;84408;25
2025;10222;25
2025;1059179;25
2025;7676;25
2025;7414;25
2025;5909;25
2025;1321864;25
2025;1629;25
2025;74594;25
2025;1363536;25
2025;1202588;25
2025;3418;25
2025;51835;25
2025;5920;25
2025;98406;25
2025;1399287;25
2025;1385521;25
2025;1059179;25
2025;2918;25
2025;1397773;25
2025;1059179;25
2025;1399618;25
2025;14615;25
2025;69624;25
2025;82224;25
2025;13200;25
2025;1185025;25
2025;1408505;25
2025;1408504;25
2025;1059179;25
2025;1202553;25
2025;11316;25
2025;1190667;25
2025;13103;25
2025;1059179;25
2025;7676;25
2025;19206;25
2025;1399615;25
2025;1050663;25
2025;5001033;25
2025;1295813;25
2025;1059179;25
2025;1390317;25
2025;7676;25
2025;1399488;25
2025;1399617;25
2025;84352;25
2025;5001314;25
2025;100958;25
2025;10224;25
2025;1104264;25
2025;1190667;25
2025;1879;25
2025;5000812;25
2025;19294;25
2025;18594;25
2025;1059179;25
2025;1193275;25
2025;51835;25
2025;12813;25
2025;12345;25
2025;87537;25
2025;1184432;25
2025;1399477;25
2025;1059179;25
2025;1408509;25
2025;65114;25
2025;13866;25
2025;72667;25
2025;1189778;25
2025;1202553;25
2025;5001341;25
2025;1292869;25
2025;5909;25
2025;1278877;25
2025;1399616;25
2025;72669;25
2025;1068548;25
2025;1408259;25
2025;51835;25
2025;18605;25
2025;1408261;25
2025;1399488;25
2025;1178672;25
2025;484;25
2025;1292713;25
2025;64918;25
2025;1187646;25
2025;1408259;25
2025;97679;25
2025;66248;25
2025;1330031;25
2025;5001300;25
2025;72669;25
2025;1427370;25
2025;5000980;25
2025;5000841;25
2025;18594;25
2025;1334344;25
2025;1399486;25
2025;1029204;25
2025;1163738;25
2025;85652;25
2025;1102360;25
2025;1264844;25
2025;1408504;25
2025;8554;25
2025;4503;25
2025;72669;25
2025;1202546;25
2025;72681;25
2025;14563;25
2025;13200;25
2025;1399479;25
2025;72667;25
2025;1363536;25
2025;14359;25
2025;7676;25
2025;1390311;25
2025;1313341;25
2025;13424;25
2025;86288;25
2025;1419799;25
2025;14563;25
2025;1349675;25
2025;5000930;25
2025;1188900;25
2025;19294;25
2025;100956;25
2025;84352;25
2025;13996;25
2025;14725;25
2025;107766;25
2025;1879;25
2025;86356;25
2025;7105;25
2025;12970;25
2025;13996;25
2025;14234;25
2025;18594;25
2025;20058;25
2025;57852;25
2025;1292869;25
2025;85652;25
2025;6711;25
2025;86356;25
2025;9988;25
2025;1173014;25
2025;1192047;25
2025;1187646;25
2025;7105;25
2025;1295813;25
2025;5000001;25
2025;86288;25
2025;9805;25
2025;1399486;25
2025;150039;25
2025;4503;25
2025;1029204;25
2025;97679;25
2025;1188127;25
2025;5001294;25
2025;1188900;25
2025;19086;25
2025;1363536;25
2025;5001183;25
2025;4082;25
2025;72667;25
2025;5000933;25
2025;8554;25
2025;758;25
2025;5000001;25
2025;1185076;25
2025;5000812;25
2025;19294;25
2025;5001300;25
2025;1102360;25
2025;12813;25
2025;5000930;25
2025;1192237;25
2025;1390309;25
2025;53338;25
2025;1399478;25
2025;1390317;25
2025;14563;25
2025;9996;25
2025;1102360;25
2025;108014;25
2025;1330031;25
2025;1385538;25
2025;11114;25
2025;1399487;25
2025;4503;25
2025;1397771;25
2025;13866;25
2025;1438629;25
2025;12970;25
2025;74655;25
2025;1187646;25
2025;5001300;25
2025;1317634;25
2025;1408509;25
2025;8960;25
2025;12569;25
2025;19434;25
2025;1264844;25
2025;1483773;25
2025;19294;25
2025;4082;25
2025;91399;25
2025;1408504;25
2025;84352;25
2025;1178672;25
2025;1292869;25
2025;60660;25
2025;98406;25
2025;4720;25
2025;1421013;25
2025;8960;25
2025;1179501;25
2025;72667;25
2025;1050663;25
2025;1166567;25
2025;8437;25
2025;113504;25
2025;91219;25
2025;86356;25
2025;1404416;25
2025;84408;25
2025;91399;25
2025;9996;25
2025;1399480;25
2025;1385538;25
2025;5000930;25
2025;86356;25
2025;1026;25
2025;1399489;25
2025;4082;25
2025;7705;25
2025;1390309;25
2025;19086;25
2025;9805;25
2025;6711;25
2025;1029204;25
2025;48854;25
2025;1192047;25
2025;140;25
2025;8554;25
2025;12569;25
2025;9988;25
2025;1385538;25
2025;18594;25
2025;57402;25
2025;1483773;25
2025;1163738;25
2025;82224;25
2025;13601;25
2025;72669;25
2025;72669;25
2025;1399484;25
2025;1184060;25
2025;13996;25
2025;16236;25
2025;10224;25
2025;1202553;25
2025;8554;25
2025;1399488;25
2025;1399616;25
2025;5001294;25
2025;78256;25
2025;37304;25
2025;1278877;25
2025;1193264;25
2025;72767;25
2025;8960;25
2025;80037;25
2025;5001300;25
2025;13866;25
2025;5000980;25
2025;59414;25
2025;7414;25
2025;12;25
2025;1438629;25
2025;1399618;25
2025;108882;25
2025;7414;25
2025;90059;25
2025;9772;25
2025;84408;25
2025;1108786;25
2025;1192237;25
2025;84352;25
2025;5000981;25
2025;2918;25
2025;13723;25
2025;18472;25
2025;11233;25
2025;1385538;25
2025;19434;25
2025;1390317;25
2025;1363536;25
2025;48854;25
2025;1108153;25
2025;7676;25
2025;12345;25
2025;97679;25
2025;120983;25
2025;87941;25
2025;1184047;25
2025;90483;25
2025;100688;25
2025;13723;25
2025;1399481;25
2025;1059179;25
2025;20058;25
2025;5920;25
2025;12345;25
2025;5000001;25
2025;100956;25
2025;1457503;25
2025;108882;25
2025;6496;25
2025;3148;25
2025;1029204;25
2025;20058;25
2025;1278877;25
2025;4082;25
2025;5920;25
2025;140;25
2025;20058;25
2025;19294;25
2025;1178672;25
2025;15783;25
2025;1257524;25
2025;84352;25
2025;1108786;25
2025;14359;25
2025;14359;25
2025;84352;25
2025;91219;25
2025;12970;25
2025;20058;25
2025;11233;25
2025;10289;25
2025;1102360;25
2025;3148;25
2025;87537;25
2025;5909;25
2025;1108281;25
2025;1518495;25
2025;51699;25
2025;8698;25
2025;98406;25
2025;20360;25
2025;1168313;25
2025;1317634;25
2025;1278877;25
2025;12015;25
2025;87941;25
2025;13601;25
2025;1202573;25
2025;1107;25
2025;18447;25
2025;1408261;25
2025;90483;25
2025;1408261;25
2025;12970;25
2025;107766;25
2025;51699;25
2025;1108281;25
2025;5345;25
2025;20058;25
2025;11114;25
2025;20058;25
2025;13723;25
2025;90483;25
2025;90483;25
2025;98406;25
2025;98409;25
2025;10224;25
2025;1385538;25
2025;86288;25
2025;80037;25
2025;1421013;25
2025;20058;25
2025;1399480;25
2025;14359;25
2025;19294;25
2025;6496;25
2025;93001;25
2025;100958;25
2025;1178524;25
2025;1399486;25
2025;3418;25
2025;1168313;25
2025;11114;25
2025;100958;25
2025;60660;25
2025;20360;25
2025;5000841;25
2025;1257524;25
2025;4503;25
2025;1399615;25
2025;1184432;25
2025;1408505;25
2025;2918;25
2025;18447;25
2025;1385538;25
2025;13601;25
2025;5000979;25
2025;5345;25
2025;1292726;25
2025;72681;25
2025;1408507;25
2025;108882;25
2025;108014;25
2025;1629;25
2025;5000930;25
2025;13103;25
2025;1321864;25
2025;1108786;25
2025;1135207;25
2025;5000931;25
2025;1399616;25
2025;5000979;25
2025;1363536;25
2025;86288;25
2025;1189778;25
2025;100956;25
2025;18605;25
2025;21542;25
2025;5000931;25
2025;1445016;25
2025;5000930;25
2025;1193275;25
2025;1408259;25
2025;1257562;25
2025;100958;25
2025;758;25
2025;1188900;25
2025;5000931;25
2025;90091;25
2025;82224;25
2025;18605;25
2025;1026;25
2025;1421013;25
2025;100956;25
2025;1136509;25
2025;1518;25
2025;10289;25
2025;1408505;25
2025;13601;25
2025;101228;25
2025;5001183;25
2025;19206;25
2025;1399614;25
2025;10289;25
2025;1192188;25
2025;20058;25
2025;5000931;25
2025;14359;25
2025;13601;25
2025;5001300;25
2025;1102360;25
2025;1184325;25
2025;11114;25
2025;868;25
2025;82224;25
2025;16904;25
2025;10289;25
2025;16904;25
2025;7105;25
2025;868;25
2025;1202588;25
2025;7105;25
2025;12015;25
2025;1406536;25
2025;66361;25
2025;13601;25
2025;5000931;25
2025;93001;25
2025;1180318;25
2025;1188900;25
2025;5909;25
2025;5000933;25
2025;10289;25
2025;5000980;25
2025;5909;25
2025;9988;25
2025;14093;25
2025;1725;25
2025;87537;25
2025;9996;25
2025;1192188;25
2025;18472;25
2025;64918;25
2025;868;25
2025;5001183;25
2025;9996;25
2025;82224;25
2025;389;25
2025;74655;25
2025;100958;25
2025;1107;25
2025;758;25
2025;7105;25
2025;72767;25
2025;12970;25
2025;1292725;25
2025;1202546;25
2025;39415;25
2025;1029204;25
2025;1179501;25
2025;5001294;25
2025;868;25
2025;7837;25
2025;1188900;25
2025;100958;25
2025;1188900;25
2025;1109361;25
2025;2695;25
2025;82224;25
2025;11446;25
2025;84408;25
2025;108882;25
2025;1104264;25
2025;1188900;25
2025;19294;25
2025;14093;25
2025;1399477;25
2025;75821;25
2025;91219;25
2025;69464;25
2025;12970;25
2025;5000979;25
2025;87941;25
2025;12345;25
2025;13103;25
2025;87537;25
2025;1399618;25
2025;79007;25
2025;4503;25
2025;39415;25
2025;14975;25
2025;2392;25
2025;1397772;25
2025;13723;25
2025;13996;25
2025;4503;25
2025;5000931;25
2025;84408;25
2025;5000931;25
2025;1135207;25
2025;5001183;25
2025;5000931;25
2025;13286;25
2025;1189778;25
2025;19206;25
2025;1168313;25
2025;1349675;25
2025;20058;25
2025;4082;25
2025;11114;25
2025;1050663;25
2025;12970;25
2025;1330031;25
2025;1399485;25
2025;7837;25
2025;78256;25
2025;5000930;25
2025;1313341;25
2025;72767;25
2025;484;25
2025;1185903;25
2025;5000981;25
2025;1163738;25
2025;1295813;25
2025;1184325;25
2025;100688;25
2025;5001341;25
2025;69464;25
2025;72669;25
2025;2392;25
2025;1179501;25
2025;1267038;25
2025;9988;25
2025;12813;25
2025;87537;25
2025;1408504;25
2025;69624;25
2025;12569;25
2025;13866;25
2025;103596;25
2025;1104264;25
2025;150039;25
2025;1408505;25
2025;1349675;25
2025;85652;25
2025;13286;25
2025;100688;25
2025;1202588;25
2025;59414;25
2025;2695;25
2025;1179501;25
2025;9996;25
2025;75821;25
2025;19434;25
2025;11446;25
2025;91219;25
2025;4082;25
2025;69624;25
2025;1026;25
2025;1189778;25
2025;10222;25
2025;58412;25
2025;2348;25
2025;150039;25
2025;64918;25
2025;14093;25
2025;1292726;25
2025;14093;25
2025;1399481;25
2025;14359;25
2025;121850;25
2025;100958;25
2025;72669;25
2025;57852;25
2025;101228;25
2025;15783;25
2025;1026;25
2025;5000979;25
2025;8554;25
2025;86288;25
2025;14359;25
2025;1292917;25
2025;18605;25
2025;1278877;25
2025;72667;25
2025;7105;25
2025;1399478;25
2025;1188849;25
2025;1216474;25
2025;5000933;25
2025;12692;25
2025;1189778;25
2025;84352;25
2025;1439;25
2025;1261971;25
2025;107766;25
2025;71859;25
2025;82224;25
2025;120983;25
2025;5000930;25
2025;1189607;25
2025;1183313;25
2025;4082;25
2025;1178672;25
2025;108014;25
2025;12569;25
2025;12015;25
2025;78256;25
2025;1390309;25
2025;90059;25
2025;1399485;25
2025;1200712;25
2025;13286;25
2025;1390317;25
2025;18472;25
2025;11233;25
2025;2348;25
2025;100956;25
2025;14563;25
2025;4082;25
2025;10224;25
2025;1178524;25
2025;1457006;25
2025;1292726;25
2025;1399618;25
2025;1180318;25
2025;13286;25
2025;14975;25
2025;14975;25
2025;1202553;25
2025;150039;25
2025;8554;25
2025;1178672;25
2025;1257524;25
2025;5000979;25
2025;9326;25
2025;5206;25
2025;15343;25
2025;38071;25
2025;12970;25
2025;1292869;25
2025;11114;25
2025;1184047;25
2025;1295813;25
2025;1107;25
2025;1399485;25
2025;6711;25
2025;1135207;25
2025;107766;25
2025;1317634;25
2025;91219;25
2025;49060;25
2025;1879;25
2025;13996;25
2025;1399616;25
2025;1485621;25
2025;1136509;25
2025;9996;25
2025;1342536;25
2025;1390317;25
2025;1200578;25
2025;11316;25
2025;1408509;25
2025;72681;25
2025;39415;25
2025;100688;25
2025;91219;25
2025;103596;25
2025;1334344;25
2025;14725;25
2025;1188900;25
2025;1448710;25
2025;140;25
2025;5000979;25
2025;1168313;25
2025;1342536;25
2025;18472;25
2025;84408;25
2025;121850;25
2025;1457707;25
2025;13723;25
2025;5000978;25
2025;12569;25
2025;21542;25
2025;16236;25
2025;65114;25
2025;1180318;25
2025;1399480;25
2025;12692;25
2025;12970;25
2025;59414;25
2025;72669;25
2025;1190280;25
2025;5000001;25
2025;93001;25
2025;14975;25
2025;19086;25
2025;5001033;25
2025;1397771;25
2025;1397773;25
2025;72767;25
2025;9772;25
2025;2348;25
2025;1190667;25
2025;90847;25
2025;87537;25
2025;1399478;25
2025;66248;25
2025;54494;25
2025;1200712;25
2025;12345;25
2025;2918;25
2025;14234;25
2025;1135207;25
2025;11114;25
2025;12569;25
2025;12569;25
2025;82224;25
2025;11114;25
2025;6496;25
2025;82224;25
2025;1050663;25
2025;1202588;25
2025;100958;25
2025;868;25
2025;1399614;25
2025;13866;25
2025;1029204;25
2025;5001427;25
2025;12569;25
2025;1399615;25
2025;1102360;25
2025;11114;25
2025;1178672;25
2025;2695;25
2025;90059;25
2025;13996;25
2025;140;25
2025;1477973;25
2025;11114;25
2025;1257524;25
2025;1168313;25
2025;19434;25
2025;1879;25
2025;1295813;25
2025;74655;25
2025;5001341;25
2025;7676;25
2025;65924;25
2025;5000930;25
2025;90059;25
2025;72667;25
2025;54490;25
2025;5001183;25
2025;1399480;25
2025;10289;25
2025;1108786;25
2025;1399617;25
2025;1102360;25
2025;82224;25
2025;99476;25
2025;75821;25
2025;4720;25
2025;1399485;25
2025;1189778;25
2025;2348;25
2025;78256;25
2025;18594;25
2025;1102360;25
2025;1486298;25
2025;1879;25
2025;1184325;25
2025;1202588;25
2025;11114;25
2025;12;25
2025;19086;25
2025;69464;25
2025;1483773;25
2025;1399617;25
2025;65114;25
2025;13286;25
2025;1026;25
2025;12569;25
2025;5909;25
2025;4082;25
2025;57852;25
2025;5001183;25
2025;72669;25
2025;1317634;25
2025;7676;25
2025;1184432;25
2025;93001;25
2025;140;25
2025;12970;25
2025;1399618;25
2025;51835;25
2025;1321864;25
2025;6496;25
2025;13286;25
2025;16236;25
2025;11114;25
2025;51835;25
2025;7676;25
2025;1438629;25
2025;1399485;25
2025;1342537;25
2025;1518;25
2025;65114;25
2025;1178672;25
2025;5000933;25
2025;18472;25
2025;1278877;25
2025;13996;25
2025;2918;25
2025;91219;25
2025;1397773;25
2025;75821;25
2025;1108153;25
2025;100688;25
2025;19434;25
2025;1267038;25
2025;5000930;25
2025;65924;25
2025;15343;25
2025;20360;25
2025;5000979;25
2025;72767;25
2025;1445016;25
2025;79007;25
2025;13286;25
2025;1180318;25
2025;7676;25
2025;5001300;25
2025;2695;25
2025;1445016;25
2025;1257524;25
2025;72669;25
2025;12345;25
2025;1399616;25
2025;7105;25
2025;5000979;25
2025;18605;25
2025;12970;25
2025;49910;25
2025;14725;25
2025;10222;25
2025;1107;25
2025;82224;25
2025;15783;25
2025;12569;25
2025;1399617;25
2025;1342536;25
2025;86288;25
2025;72669;25
2025;12692;25
2025;1108786;25
2025;18594;25
2025;90091;25
2025;1399617;25
2025;1189778;25
2025;9805;25
2025;1457503;25
2025;82224;25
2025;1397771;25
2025;5001183;25
2025;19086;25
2025;4720;25
2025;6496;25
2025;14975;25
2025;1445016;25
2025;14234;25
2025;14975;25
2025;6496;25
2025;1191415;25
2025;1108786;25
2025;1193264;25
2025;1438629;25
2025;12692;25
2025;1180318;25
2025;5000979;25
2025;140;25
2025;1399487;25
2025;140;25
2025;90483;25
2025;5001341;25
2025;6711;25
2025;48854;25
2025;6496;25
2025;14725;25
2025;2918;25
2025;1178672;25
2025;9326;25
2025;12970;25
2025;1483759;25
2025;1108786;25
2025;1267038;25
2025;121850;25
2025;13996;25
2025;1267038;25
2025;100958;25
2025;91219;25
2025;1026;25
2025;15475;25
2025;19294;25
2025;13996;25
2025;1342536;25
2025;66248;25
2025;1399478;25
2025;1200712;25
2025;14093;25
2025;13286;25
2025;59414;25
2025;1399480;25
2025;54490;25
2025;1342536;25
2025;93001;25
2025;1314146;25
2025;1292869;25
2025;5001183;25
2025;1342536;25
2025;1349675;25
2025;1257524;25
2025;108884;25
2025;64918;25
2025;21542;25
2025;5000001;25
2025;97679;25
2025;87537;25
2025;13424;25
2025;1399483;25
2025;1399487;25
2025;74655;25
2025;74655;25
2025;1202573;25
2025;1317634;25
2025;57402;25
2025;1399487;25
2025;1725;25
2025;21542;25
2025;21542;25
2025;11316;25
2025;1342536;25
2025;1257777;25
2025;87537;25
2025;57852;25
2025;12345;25
2025;9805;25
2025;3148;25
2025;1448710;25
2025;5000979;25
2025;93001;25
2025;1178672;25
2025;12015;25
2025;14563;25
2025;1399487;25
2025;1178672;25
2025;1178672;25
2025;90059;25
2025;1321864;25
2025;1322329;25
2025;60660;25
2025;8554;25
2025;1171609;25
2025;1399487;25
2025;1629;25
2025;14359;25
2025;1448710;25
2025;1390309;25
2025;72669;25
2025;86288;25
2025;18594;25
2025;13601;25
2025;9772;25
2025;1397772;25
2025;100688;25
2025;5001466;25
2025;51835;25
2025;4720;25
2025;11446;25
2025;13286;25
2025;5909;25
2025;11114;25
2025;87941;25
2025;14093;25
2025;13601;25
2025;12692;25
2025;1427370;25
2025;13424;25
2025;15839;25
2025;2918;25
2025;11316;25
2025;13286;25
2025;1399478;25
2025;1029204;25
2025;1178672;25
2025;90483;25
2025;1189778;25
2025;2695;25
2025;5000812;25
2025;84408;25
2025;1185076;25
2025;1202573;25
2025;13723;25
2025;14234;25
2025;5000930;25
2025;1257562;25
2025;1408259;25
2025;1725;25
2025;20249;25
2025;11114;25
2025;84352;25
2025;100958;25
2025;1399617;25
2025;72681;25
2025;5001294;25
2025;12569;25
2025;4082;25
2025;14093;25
2025;90483;25
2025;13424;25
2025;1629;25
2025;1188900;25
2025;5909;25
2025;5000930;25
2025;1192188;25
2025;5001033;25
2025;5920;25
2025;84408;25
2025;1178524;25
2025;107666;25
2025;7676;25
2025;1200712;25
2025;107766;25
2025;1485621;25
2025;1421013;25
2025;1189778;25
2025;75821;25
2025;1292726;25
2025;5000812;25
2025;5000979;25
2025;1445016;25
2025;15343;25
2025;84408;25
2025;1292917;25
2025;3148;25
2025;1200712;25
2025;8437;25
2025;3418;25
2025;7676;25
2025;15475;25
2025;9988;25
2025;1292917;25
2025;100958;25
2025;100958;25
2025;1104264;25
2025;87537;25
2025;1408505;25
2025;1107;25
2025;15343;25
2025;54494;25
2025;1184325;25
2025;5000930;25
2025;1879;25
2025;82224;25
2025;13601;25
2025;100956;25
2025;1189778;25
2025;5001294;25
2025;65114;25
2025;71859;25
2025;5000841;25
2025;5920;25
2025;38071;25
2025;1399618;25
2025;78256;25
2025;5909;25
2025;11233;25
2025;1108786;25
2025;4503;25
2025;93001;25
2025;1135207;25
2025;1171609;25
2025;14975;25
2025;1029204;25
2025;71689;25
2025;12970;25
2025;1477973;25
2025;1183313;25
2025;54494;25
2025;74655;25
2025;14975;25
2025;9805;25
2025;1108281;25
2025;1026;25
2025;57402;25
2025;1187646;25
2025;1292869;25
2025;5000841;25
2025;19294;25
2025;1725;25
2025;38071;25
2025;5001314;25
2025;1725;25
2025;49060;25
2025;1264844;25
2025;1408508;25
2025;121850;25
2025;57402;25
2025;1190280;25
2025;103596;25
2025;1109361;25
2025;84408;25
2025;21542;25
2025;90059;25
2025;87537;25
2025;1399489;25
2025;10591;25
2025;72681;25
2025;1183313;25
2025;113504;25
2025;1108786;25
2025;1408507;25
2025;1439;25
2025;1629;25
2025;13996;25
2025;1397772;25
2025;4720;25
2025;100958;25
2025;5001466;25
2025;54490;25
2025;12813;25
2025;1202553;25
2025;78256;25
2025;20249;25
2025;1026;25
2025;1278877;25
2025;1427370;25
2025;1408259;25
2025;1168313;25
2025;1397771;25
2025;65924;25
2025;5001466;25
2025;1202553;25
2025;90059;25
2025;59414;25
2025;82224;25
2025;11114;25
2025;87941;25
2025;54490;25
2025;1349675;25
2025;12970;25
2025;1257524;25
2025;1200712;25
2025;90059;25
2025;1629;25
2025;97679;25
2025;64918;25
2025;18447;25
2025;1408259;25
2025;14093;25
2025;3148;25
2025;91399;25
2025;868;25
2025;1399614;25
2025;2918;25
2025;9996;25
2025;4503;25
2025;1399480;25
2025;19850;25
2025;1408259;25
2025;14563;25
2025;1179501;25
2025;87537;25
2025;121850;25
2025;100688;25
2025;93001;25
2025;1385521;25
2025;1427370;25
2025;69464;25
2025;90059;25
2025;12692;25
2025;82224;25
2025;14725;25
2025;13424;25
2025;14234;25
2025;12692;25
2025;93001;25
2025;72667;25
2025;1477973;25
2025;37304;25
2025;1183958;25
2025;1102360;25
2025;13424;25
2025;1135207;25
2025;9326;25
2025;14359;25
2025;19294;25
2025;5001341;25
2025;2348;25
2025;74655;25
2025;1408505;25
2025;1629;25
2025;1178672;25
2025;13723;25
2025;1725;25
2025;1180318;25
2025;758;25
2025;64918;25
2025;7676;25
2025;72667;25
2025;1342536;25
2025;9805;25
2025;14234;25
2025;100688;25
2025;14725;25
2025;7105;25
2025;5001466;25
2025;1321864;25
2025;1399486;25
2025;1108786;25
2025;1200712;25
2025;1399478;25
2025;1518495;25
2025;60660;25
2025;87941;25
2025;64918;25
2025;14234;25
2025;1188127;25
2025;1188127;25
2025;74655;25
2025;1399485;25
2025;1188127;25
2025;14359;25
2025;8437;25
2025;1385521;25
2025;1188900;25
2025;66248;25
2025;86288;25
2025;1188127;25
2025;1363536;25
2025;13424;25
2025;1408509;25
2025;1188127;25
2025;15343;25
2025;1179501;25
2025;1486822;25
2025;7676;25
2025;1189778;25
2025;1322329;25
2025;4503;25
2025;12;25
2025;72669;25
2025;107766;25
2025;1421013;25
2025;389;25
2025;14359;25
2025;1178672;25
2025;5920;25
2025;12015;25
2025;85652;25
2025;14975;25
2025;7105;25
2025;74655;25
2025;2695;25
2025;1188127;25
2025;108882;25
2025;1427370;25
2025;13601;25
2025;1322329;25
2025;100958;25
2025;1257777;25
2025;1390309;25
2025;12970;25
2025;12970;25
2025;1108786;25
2025;1458090;25
2025;1188127;25
2025;1439;25
2025;13996;25
2025;5000841;25
2025;18594;25
2025;14359;25
2025;78256;25
2025;5000930;25
2025;97679;25
2025;1188127;25
2025;5000979;25
2025;4082;25
2025;7676;25
2025;5345;25
2025;4082;25
2025;20249;25
2025;1188127;25
2025;1171609;25
2025;21542;25
2025;1457503;25
2025;11446;25
2025;1313341;25
2025;5001300;25
2025;90059;25
2025;1399619;25
2025;1188127;25
2025;1188849;25
2025;1188127;25
2025;12692;25
2025;15475;25
2025;1029204;25
2025;12692;25
2025;1188127;25
2025;1102360;25
2025;1257777;25
2025;11446;25
2025;79007;25
2025;12569;25
2025;1202546;25
2025;12345;25
2025;19294;25
2025;1189778;25
2025;108882;25
2025;72417;25
2025;12692;25
2025;121850;25
2025;18447;25
2025;1397773;25
2025;1322329;25
2025;1257777;25
2025;1427420;25
2025;86288;25
2025;1188127;25
2025;4503;25
2025;1408505;25
2025;37304;25
2025;758;25
2025;1026;25
2025;1188127;25
2025;1397773;25
2025;1108281;25
2025;2918;25
2025;108884;25
2025;1188127;25
2025;1192237;25
2025;7837;25
2025;14359;25
2025;1399618;25
2025;107666;25
2025;1188127;25
2025;9996;25
2025;4082;25
2025;1295813;25
2025;78256;25
2025;1050663;25
2025;1445016;25
2025;10222;25
2025;7676;25
2025;21542;25
2025;1108786;25
2025;48854;25
2025;14359;25
2025;54494;25
2025;1317634;25
2025;7105;25
2025;2918;25
2025;59174;25
2025;1278877;25
2025;1202553;25
2025;15783;25
2025;5000930;25
2025;5001033;25
2025;72669;25
2025;15839;25
2025;12970;25
2025;10222;25
2025;8698;25
2025;1108786;25
2025;389;25
2025;14975;25
2025;1107;25
2025;15343;25
2025;4503;25
2025;10222;25
2025;1342536;25
2025;12345;25
2025;1257777;25
2025;71859;25
2025;1189778;25
2025;12015;25
2025;1188900;25
2025;1188900;25
2025;5001101;25
2025;1188127;25
2025;12970;25
2025;1629;25
2025;1104264;25
2025;90059;25
2025;1202553;25
2025;1408505;25
2025;98406;25
2025;107666;25
2025;1188127;25
2025;72417;25
2025;758;25
2025;1292726;25
2025;51699;25
2025;1349675;25
2025;14615;25
2025;12692;25
2025;100688;25
2025;11233;25
2025;12692;25
2025;59414;25
2025;3418;25
2025;1408261;25
2025;1334344;25
2025;20249;25
2025;84352;25
2025;38071;25
2025;1216474;25
2025;1189778;25
2025;1397772;25
2025;13286;25
2025;5000980;25
2025;1183958;25
2025;6496;25
2025;150039;25
2025;9805;25
2025;1136509;25
2025;19434;25
2025;1136509;25
2025;18472;25
2025;15783;25
2025;1171609;25
2025;14725;25
2025;1188849;25
2025;54494;25
2025;54490;25
2025;484;25
2025;1445016;25
2025;1408262;25
2025;1406536;25
2025;2392;25
2025;6496;25
2025;1178524;25
2025;1107;25
2025;5000841;25
2025;1183313;25
2025;14234;25
2025;13286;25
2025;1292713;25
2025;13424;25
2025;5000980;25
2025;1178672;25
2025;14563;25
2025;1261971;25
2025;66248;25
2025;18594;25
2025;72767;25
2025;1190280;25
2025;60660;25
2025;72669;25
2025;868;25
2025;1188900;25
2025;87537;25
2025;12569;25
2025;1171609;25
2025;1171609;25
2025;1192237;25
2025;12345;25
2025;13200;25
2025;4503;25
2025;14975;25
2025;1427419;25
2025;54494;25
2025;14359;25
2025;1317634;25
2025;1314146;25
2025;1408507;25
2025;1408508;25
2025;1421013;25
2025;13601;25
2025;19294;25
2025;5920;25
2025;10222;25
2025;8554;25
2025;1439;25
2025;87941;25
2025;38071;25
2025;1104264;25
2025;84408;25
2025;11114;25
2025;5000812;25
2025;1171609;25
2025;1397772;25
2025;9772;25
2025;65114;25
2025;90059;25
2025;72669;25
2025;1399617;25
2025;1879;25
2025;5000841;25
2025;1390317;25
2025;1187646;25
2025;18472;25
2025;78256;25
2025;1397772;25
2025;1292869;25
2025;1200712;25
2025;1445016;25
2025;85652;25
2025;868;25
2025;1342505;25
2025;87537;25
2025;13866;25
2025;1327450;25
2025;14234;25
2025;14093;25
2025;3677;25
2025;1317634;25
2025;14093;25
2025;1189778;25
2025;107766;25
2025;64918;25
2025;19206;25
2025;38071;25
2025;5000979;25
2025;14234;25
2025;1317634;25
2025;6496;25
2025;1629;25
2025;16236;25
2025;1342536;25
2025;13200;25
2025;1168313;25
2025;1397772;25
2025;1349675;25
2025;11114;25
2025;98506;25
2025;11446;25
2025;758;25
2025;1408259;25
2025;1445016;25
2025;14563;25
2025;5000841;25
2025;100956;25
2025;15783;25
2025;5001466;25
2025;71859;25
2025;1191415;25
2025;1029763;25
2025;1166567;25
2025;54490;25
2025;1104264;25
2025;1184325;25
2025;1317634;25
2025;72681;25
2025;98406;25
2025;12813;25
2025;6496;25
2025;2392;25
2025;10591;25
2025;5000930;25
2025;1314146;25
2025;53338;25
2025;1108786;25
2025;21542;25
2025;13723;25
2025;1193275;25
2025;57852;25
2025;5909;25
2025;14975;25
2025;1193759;25
2025;1455021;25
2025;1399618;25
2025;1050663;25
2025;1439;25
2025;1314146;25
2025;86356;25
2025;1399618;25
2025;1349675;25
2025;82224;25
2025;13866;25
2025;66248;25
2025;84352;25
2025;5000930;25
2025;100956;25
2025;1136509;25
2025;87537;25
2025;11114;25
2025;21542;25
2025;53338;25
2025;9326;25
2025;72669;25
2025;1314146;25
2025;1188127;25
2025;389;25
2025;5000979;25
2025;1427419;25
2025;12692;25
2025;1408507;25
2025;13996;25
2025;1399485;25
2025;75821;25
2025;12569;25
2025;72767;25
2025;74655;25
2025;5909;25
2025;12692;25
2025;1421013;25
2025;1314146;25
2025;1314146;25
2025;8698;25
2025;18594;25
2025;14563;25
2025;5001183;25
2025;1202553;25
2025;1202588;25
2025;14563;25
2025;13424;25
2025;1202539;25
2025;18594;25
2025;57402;25
2025;1390317;25
2025;54490;25
2025;98506;25
2025;13601;25
2025;1399485;25
2025;80037;25
2025;82224;25
2025;14975;25
2025;1109361;25
2025;1178672;25
2025;98506;25
2025;108882;25
2025;1486822;25
2025;100688;25
2025;12569;25
2025;1314146;25
2025;12345;25
2025;72669;25
2025;1292869;25
2025;100956;25
2025;93001;25
2025;1399485;25
2025;53338;25
2025;19206;25
2025;5000930;25
2025;100958;25
2025;389;25
2025;12345;25
2025;14359;25
2025;1314146;25
2025;1278877;25
2025;1397773;25
2025;1390317;25
2025;1397772;25
2025;5000978;25
2025;1465625;25
2025;7837;25
2025;1107;25
2025;10591;25
2025;90059;25
2025;1183958;25
2025;1108153;25
2025;14615;25
2025;1314146;25
2025;1408507;25
2025;13424;25
2025;4720;25
2025;1629;25
2025;1399618;25
2025;1518;25
2025;59174;25
2025;14359;25
2025;78256;25
2025;13601;25
2025;5000933;25
2025;11114;25
2025;5000933;25
2025;1629;25
2025;1193759;25
2025;1314146;25
2025;10224;25
2025;14725;25
2025;1448710;25
2025;15475;25
2025;14975;25
2025;19294;25
2025;1334344;25
2025;54490;25
2025;15839;25
2025;1397772;25
2025;10289;25
2025;14975;25
2025;72669;25
2025;1397771;25
2025;7676;25
2025;1185903;25
2025;14359;25
2025;20360;25
2025;1190667;25
2025;80037;25
2025;1292726;25
2025;1257562;25
2025;1278877;25
2025;758;25
2025;6496;25
2025;15783;25
2025;2695;25
2025;1518495;25
2025;1257777;25
2025;1267038;25
2025;82224;25
2025;72681;25
2025;75821;25
2025;1399618;25
2025;54494;25
2025;13286;25
2025;65114;25
2025;1190280;25
2025;72667;25
2025;3148;25
2025;1193759;25
2025;11114;25
2025;1292726;25
2025;12015;25
2025;108882;25
2025;64918;25
2025;7105;25
2025;1314146;25
2025;108014;25
2025;1390317;25
2025;72667;25
2025;1518;25
2025;85652;25
2025;12015;25
2025;2304;25
2025;1457707;25
2025;13866;25
2025;91399;25
2025;18594;25
2025;48854;25
2025;389;25
2025;51835;25
2025;90483;25
2025;4082;25
2025;18447;25
2025;98506;25
2025;15839;25
2025;107666;25
2025;108882;25
2025;1327450;25
2025;1108786;25
2025;84352;25
2025;1292869;25
2025;98406;25
2025;74655;25
2025;1349675;25
2025;1185076;25
2025;1189607;25
2025;85652;25
2025;72675;25
2025;59414;25
2025;120983;25
2025;5000930;25
2025;16904;25
2025;1202573;25
2025;57402;25
2025;5345;25
2025;20360;25
2025;1390317;25
2025;1349675;25
2025;12692;25
2025;1180318;25
2025;1342505;25
2025;1399614;25
2025;1457503;25
2025;1314146;25
2025;1879;25
2025;72667;25
2025;11114;25
2025;1257777;25
2025;14234;25
2025;1390309;25
2025;8554;25
2025;1399618;25
2025;8960;25
2025;1102360;25
2025;1180318;25
2025;1363536;25
2025;1184325;25
2025;15783;25
2025;1292713;25
2025;1108786;25
2025;1261972;25
2025;1104264;25
2025;1445016;25
2025;9805;25
2025;1445016;25
2025;12569;25
2025;5001466;25
2025;10289;25
2025;1879;25
2025;57402;25
2025;3148;25
2025;7837;25
2025;1629;25
2025;98406;25
2025;13723;25
2025;1146605;25
2025;72669;25
2025;1276878;25
2025;1257562;25
2025;11316;25
2025;1399619;25
2025;86356;25
2025;1257777;25
2025;39415;25
2025;3418;25
2025;11114;25
2025;1629;25
2025;98506;25
2025;1399478;25
2025;12970;25
2025;1261971;25
2025;19294;25
2025;1292725;25
2025;1408259;25
2025;16236;25
2025;99476;25
2025;1184047;25
2025;1193275;25
2025;1109361;25
2025;4503;25
2025;5000930;25
2025;1406536;25
2025;13453;25
2025;1108786;25
2025;1050663;25
2025;75821;25
2025;1184432;25
2025;1408507;25
2025;1419799;25
2025;14093;25
2025;1178524;25
2025;1202553;25
2025;1257524;25
2025;65114;25
2025;1278877;25
2025;15839;25
2025;5001294;25
2025;12015;25
2025;15343;25
2025;12569;25
2025;150039;25
2025;18594;25
2025;389;25
2025;1278877;25
2025;14975;25
2025;7105;25
2025;1200712;25
2025;1200712;25
2025;14725;25
2025;1408259;25
2025;1399478;25
2025;13200;25
2025;1421013;25
2025;1518;25
2025;1397773;25
2025;10224;25
2025;57402;25
2025;7676;25
2025;1180318;25
2025;15343;25
2025;1421013;25
2025;1190280;25
2025;72675;25
2025;1185903;25
2025;1184325;25
2025;121850;25
2025;1725;25
2025;1399616;25
2025;1879;25
2025;11114;25
2025;1264844;25
2025;5001033;25
2025;15475;25
2025;57852;25
2025;12813;25
2025;1397773;25
2025;1349675;25
2025;1192237;25
2025;2392;25
2025;87941;25
2025;1179189;25
2025;13286;25
2025;18605;25
2025;13200;25
2025;1190280;25
2025;12015;25
2025;1349675;25
2025;15343;25
2025;11233;25
2025;99476;25
2025;12569;25
2025;1399477;25
2025;1399488;25
2025;78256;25
2025;1184047;25
2025;1178672;25
2025;1486822;25
2025;9996;25
2025;57852;25
2025;12970;25
2025;1455021;25
2025;91219;25
2025;5920;25
2025;98409;25
2025;484;25
2025;1399483;25
2025;8437;25
2025;1184325;25
2025;1342536;25
2025;1518;25
2025;2918;25
2025;6496;25
2025;15783;25
2025;8554;25
2025;82224;25
2025;1029204;25
2025;78256;25
2025;1314146;25
2025;11233;25
2025;90483;25
2025;1349675;25
2025;75821;25
2025;5001450;25
2025;2918;25
2025;5000979;25
2025;21542;25
2025;3148;25
2025;98406;25
2025;1629;25
2025;1725;25
2025;74594;25
2025;1184432;25
2025;21542;25
2025;48854;25
2025;1483768;25
2025;51835;25
2025;1108786;25
2025;1292869;25
2025;2918;25
2025;18594;25
2025;5000978;25
2025;12970;25
2025;5001033;25
2025;9805;25
2025;5001341;25
2025;2392;25
2025;1390317;25
2025;12970;25
2025;1485621;25
2025;1179501;25
2025;2918;25
2025;2918;25
2025;13723;25
2025;84408;25
2025;1399619;25
2025;7676;25
2025;2918;25
2025;12015;25
2025;3148;25
2025;5001183;25
2025;120983;25
2025;100688;25
2025;78256;25
2025;1184047;25
2025;72669;25
2025;93001;25
2025;107666;25
2025;74594;25
2025;18594;25
2025;13286;25
2025;13453;25
2025;20058;25
2025;1321864;25
2025;1258021;25
2025;57852;25
2025;21542;25
2025;85586;25
2025;1477973;25
2025;1408507;25
2025;54494;25
2025;1068548;25
2025;1349675;25
2025;108014;25
2025;21542;25
2025;12970;25
2025;12345;25
2025;10222;25
2025;1421100;25
2025;1163738;25
2025;1136509;25
2025;5001294;25
2025;1184047;25
2025;1200712;25
2025;12813;25
2025;1399481;25
2025;60660;25
2025;1200712;25
2025;5000930;25
2025;1193759;25
2025;5000930;25
2025;1399483;25
2025;86288;25
2025;69464;25
2025;58412;25
2025;98406;25
2025;1408262;25
2025;1168313;25
2025;1427419;25
2025;1321864;25
2025;11446;25
2025;37304;25
2025;13200;25
2025;72675;25
2025;85652;25
2025;100688;25
2025;74655;25
2025;8554;25
2025;1334344;25
2025;2348;25
2025;98406;25
2025;72663;25
2025;1185076;25
2025;65114;25
2025;1102360;25
2025;1184432;25
2025;38071;25
2025;1399486;25
2025;1397773;25
2025;64918;25
2025;5000979;25
2025;1397773;25
2025;15475;25
2025;87537;25
2025;100688;25
2025;1419799;25
2025;1399615;25
2025;1200712;25
2025;1477973;25
2025;1408508;25
2025;97679;25
2025;1399483;25
2025;93001;25
2025;1317634;25
2025;1419799;25
2025;64918;25
2025;14975;25
2025;1068548;25
2025;1406536;25
2025;19206;25
2025;16236;25
2025;1184060;25
2025;1399489;25
2025;1427370;25
2025;18594;25
2025;4082;25
2025;1292725;25
2025;1399486;25
2025;1292869;25
2025;1029204;25
2025;1184060;25
2025;1397771;25
2025;1390311;25
2025;1200712;25
2025;2918;25
2025;1292726;25
2025;72669;25
2025;1187646;25
2025;9805;25
2025;1029204;25
2025;12569;25
2025;84352;25
2025;64918;25
2025;1188849;25
2025;14234;25
2025;5000812;25
2025;1267038;25
2025;78256;25
2025;1257524;25
2025;19206;25
2025;1258023;25
2025;1216474;25
2025;84408;25
2025;1399486;25
2025;1390309;25
2025;7676;25
2025;98406;25
2025;1109361;25
2025;1109361;25
2025;1397771;25
2025;1184047;25
2025;1261972;25
2025;5000980;25
2025;1108786;25
2025;1439;25
2025;1193264;25
2025;5000933;25
2025;1427420;25
2025;1399480;25
2025;9772;25
2025;1390309;25
2025;87941;25
2025;2392;25
2025;90059;25
2025;5000812;25
2025;5001033;25
2025;72669;25
2025;1408509;25
2025;1202588;25
2025;12970;25
2025;72667;25
2025;1321864;25
2025;8437;25
2025;1109361;25
2025;1202553;25
2025;107666;25
2025;7837;25
2025;1408509;25
2025;9996;25
2025;10289;25
2025;1397772;25
2025;5000980;25
2025;868;25
2025;1453564;25
2025;1183313;25
2025;1518;25
2025;13996;25
2025;1477973;25
2025;13103;25
2025;1109361;25
2025;1109361;25
2025;1135207;25
2025;12813;25
2025;1258023;25
2025;5000979;25
2025;5909;25
2025;1184047;25
2025;1390317;25
2025;98406;25
2025;1109361;25
2025;4082;25
2025;2392;25
2025;1725;25
2025;15343;25
2025;1349675;25
2025;64918;25
2025;20360;25
2025;1104264;25
2025;1178672;25
2025;1486822;25
2025;66361;25
2025;1109361;25
2025;16236;25
2025;1390309;25
2025;2918;25
2025;1168313;25
2025;38071;25
2025;1408259;25
2025;5000979;25
2025;1399489;25
2025;82224;25
2025;1108153;25
2025;9996;25
2025;7705;25
2025;4082;25
2025;1399484;25
2025;4720;25
2025;5001033;25
2025;1879;25
2025;72675;25
2025;12970;25
2025;72767;25
2025;10222;25
2025;5909;25
2025;9326;25
2025;13200;25
2025;1399617;25
2025;90483;25
2025;1419799;25
2025;8698;25
2025;4082;25
2025;82224;25
2025;19294;25
2025;5000841;25
2025;49060;25
2025;1421013;25
2025;99476;25
2025;1725;25
2025;1629;25
2025;84352;25
2025;1399486;25
2025;19294;25
2025;5920;25
2025;97679;25
2025;1292869;25
2025;2918;25
2025;5000979;25
2025;1107;25
2025;64918;25
2025;1216474;25
2025;82224;25
2025;1439;25
2025;13866;25
2025;1184047;25
2025;74594;25
2025;99476;25
2025;93001;25
2025;120983;25
2025;1399480;25
2025;5000980;25
2025;6711;25
2025;90059;25
2025;1399486;25
2025;69464;25
2025;1185076;25
2025;97679;25
2025;5000980;25
2025;4503;25
2025;5000979;25
2025;16236;25
2025;100958;25
2025;87537;25
2025;5909;25
2025;1200578;25
2025;1135207;25
2025;5345;25
2025;1408259;25
2025;20249;25
2025;1363536;25
2025;1184047;25
2025;1408259;25
2025;9996;25
2025;1457503;25
2025;1879;25
2025;1629;25
2025;1408507;25
2025;82224;25
2025;12569;25
2025;86288;25
2025;1334344;25
2025;72669;25
2025;10222;25
2025;1184432;25
2025;97679;25
2025;1406536;25
2025;58412;25
2025;1189607;25
2025;74594;25
2025;1518;25
2025;4720;25
2025;1342505;25
2025;1146605;25
2025;65114;25
2025;12970;25
2025;48854;25
2025;85652;25
2025;87941;25
2025;5001101;25
2025;1518;25
2025;1399618;25
2025;72681;25
2025;12;25
2025;5001183;25
2025;9996;25
2025;1419799;25
2025;1314146;25
2025;868;25
2025;59174;25
2025;5001294;25
2025;91219;25
2025;6711;25
2025;14359;25
2025;1059179;25
2025;19850;25
2025;72663;25
2025;18472;25
2025;1427419;25
2025;54494;25
2025;1109361;25
2025;1629;25
2025;91219;25
2025;107766;25
2025;1135207;25
2025;1168313;25
2025;1178672;25
2025;59414;25
2025;64706;25
2025;84352;25
2025;84352;25
2025;1136509;25
2025;1427370;25
2025;90483;25
2025;5000980;25
2025;5000933;25
2025;1163738;25
2025;9805;25
2025;12569;25
2025;1184325;25
2025;1399478;25
2025;9988;25
2025;84408;25
2025;74594;25
2025;5000930;25
2025;9996;25
2025;121850;25
2025;84352;25
2025;5000930;25
2025;5001033;25
2025;5000841;25
2025;1457006;25
2025;1455021;25
2025;57402;25
2025;86356;25
2025;1202547;25
2025;12569;25
2025;13723;25
2025;1188900;25
2025;5000930;25
2025;5000980;25
2025;1457707;25
2025;1477973;25
2025;75821;25
2025;1399480;25
2025;71859;25
2025;389;25
2025;1629;25
2025;5001183;25
2025;5000979;25
2025;71859;25
2025;51835;25
2025;5920;25
2025;1518;25
2025;72767;25
2025;1109361;25
2025;1334344;25
2025;1257777;25
2025;13866;25
2025;1399487;25
2025;1399477;25
2025;1399479;25
2025;84352;25
2025;5001427;25
2025;5000812;25
2025;14615;25
2025;11233;25
2025;1029204;25
2025;37304;25
2025;12569;25
2025;85586;25
2025;1485621;25
2025;90483;25
2025;1180318;25
2025;18447;25
2025;1135207;25
2025;107666;25
2025;15783;25
2025;1408507;25
2025;1421013;25
2025;1178672;25
2025;1029204;25
2025;12970;25
2025;1399478;25
2025;1485621;25
2025;60660;25
2025;107766;25
2025;1397772;25
2025;2918;25
2025;1399616;25
2025;9996;25
2025;1193275;25
2025;1465625;25
2025;9326;25
2025;5000841;25
2025;1200578;25
2025;1408259;25
2025;1399614;25
2025;19206;25
2025;1477973;25
2025;1342537;25
2025;1390309;25
2025;12345;25
2025;5000933;25
2025;1292713;25
2025;13424;25
2025;1725;25
2025;103596;25
2025;1171609;25
2025;1399489;25
2025;20360;25
2025;69624;25
2025;14093;25
2025;72663;25
2025;1322329;25
2025;91219;25
2025;99476;25
2025;1342536;25
2025;15783;25
2025;57852;25
2025;12;25
2025;11233;25
2025;1313341;25
2025;100958;25
2025;107766;25
2025;20360;25
2025;15783;25
2025;51835;25
2025;1109361;25
2025;15783;25
2025;12692;25
2025;7105;25
2025;71859;25
2025;99476;25
2025;12345;25
2025;5001033;25
2025;85652;25
2025;19206;25
2025;49910;25
2025;1342536;25
2025;2918;25
2025;49910;25
2025;5000981;25
2025;1397771;25
2025;12970;25
2025;1109361;25
2025;1725;25
2025;1135207;25
2025;90059;25
2025;14615;25
2025;12015;25
2025;5000931;25
2025;8437;25
2025;11446;25
2025;5000001;25
2025;87941;25
2025;18594;25
2025;19206;25
2025;57402;25
2025;58412;25
2025;71859;25
2025;1725;25
2025;87941;25
2025;5001341;25
2025;10289;25
2025;1419799;25
2025;1445016;25
2025;1184060;25
2025;18472;25
2025;15343;25
2025;1399287;25
2025;1397771;25
2025;12345;25
2025;484;25
2025;18594;25
2025;758;25
2025;5000930;25
2025;1185076;25
2025;87941;25
2025;82224;25
2025;1059179;25
2025;303;25
2025;80037;25
2025;108884;25
2025;1399482;25
2025;13453;25
2025;13601;25
2025;1399616;25
2025;5000930;25
2025;108884;25
2025;7676;25
2025;85652;25
2025;13866;25
2025;15783;25
2025;1068548;25
2025;38071;25
2025;1292726;25
2025;72681;25
2025;13453;25
2025;87941;25
2025;14359;25
2025;18605;25
2025;4082;25
2025;87537;25
2025;1188900;25
2025;14563;25
2025;7676;25
2025;21542;25
2025;98406;25
2025;9996;25
2025;13723;25
2025;99476;25
2025;74594;25
2025;1261972;25
2025;14359;25
2025;78256;25
2025;1192047;25
2025;7676;25
2025;13996;25
2025;12569;25
2025;87941;25
2025;1272168;25
2025;12970;25
2025;87941;25
2025;57402;25
2025;87941;25
2025;2695;25
2025;1390311;25
2025;5000841;25
2025;98409;25
2025;121850;25
2025;87941;25
2025;1193275;25
2025;1419799;25
2025;87941;25
2025;5909;25
2025;303;25
2025;87941;25
2025;5000812;25
2025;1439;25
2025;13103;25
2025;12569;25
2025;72667;25
2025;78256;25
2025;1390309;25
2025;2918;25
2025;14975;25
2025;1421100;25
2025;13200;25
2025;120983;25
2025;1330031;25
2025;1399618;25
2025;60660;25
2025;57402;25
2025;1390309;25
2025;1385538;25
2025;79007;25
2025;14234;25
2025;1163738;25
2025;1190280;25
2025;13424;25
2025;1399619;25
2025;90483;25
2025;1322329;25
2025;1135207;25
2025;1477973;25
2025;3418;25
2025;13103;25
2025;58412;25
2025;100958;25
2025;1193264;25
2025;1029204;25
2025;101228;25
2025;74594;25
2025;7837;25
2025;1136509;25
2025;1136509;25
2025;1397771;25
2025;6496;25
2025;9996;25
2025;9996;25
2025;1421013;25
2025;1321864;25
2025;1029204;25
2025;12692;25
2025;18472;25
2025;93001;25
2025;1292713;25
2025;66248;25
2025;12692;25
2025;5000841;25
2025;5000841;25
2025;1349675;25
2025;7676;25
2025;5000979;25
2025;5001466;25
2025;1190280;25
2025;1292726;25
2025;8437;25
2025;140;25
2025;9326;25
2025;57402;25
2025;868;25
2025;87941;25
2025;1136509;25
2025;5000930;25
2025;5345;25
2025;90483;25
2025;1135207;25
2025;303;25
2025;1399489;25
2025;108882;25
2025;21542;25
2025;1257777;25
2025;7837;25
2025;1518;25
2025;1171609;25
2025;72669;25
2025;84352;25
2025;1397773;25
2025;1342449;25
2025;2392;25
2025;59414;25
2025;4503;25
2025;1399478;25
2025;12015;25
2025;1292869;25
2025;6496;25
2025;39415;25
2025;13424;25
2025;1108153;25
2025;5000979;25
2025;15783;25
2025;1136509;25
2025;1202573;25
2025;1725;25
2025;90483;25
2025;59414;25
2025;1399488;25
2025;11114;25
2025;54494;25
2025;5000979;25
2025;49910;25
2025;72663;25
2025;1518495;25
2025;18472;25
2025;6496;25
2025;72669;25
2025;85652;25
2025;49060;25
2025;49910;25
2025;1200712;25
2025;1192237;25
2025;1397772;25
2025;13996;25
2025;2695;25
2025;72663;25
2025;21542;25
2025;9326;25
2025;1518;25
2025;97679;25
2025;1192237;25
2025;5001466;25
2025;1179501;25
2025;1399616;25
2025;10591;25
2025;1399478;25
2025;7705;25
2025;1518;25
2025;1518;25
2025;19086;25
2025;11114;25
2025;1399485;25
2025;2918;25
2025;49060;25
2025;1518;25
2025;1202546;25
2025;1404416;25
2025;1257562;25
2025;97679;25
2025;14093;25
2025;1518;25
2025;66361;25
2025;1108786;25
2025;90059;25
2025;1292713;25
2025;12970;25
2025;1190280;25
2025;12813;25
2025;16236;25
2025;1438629;25
2025;64918;25
2025;1518495;25
2025;1518;25
2025;1185076;25
2025;15475;25
2025;99476;25
2025;74655;25
2025;1404416;25
2025;15783;25
2025;13453;25
2025;10591;25
2025;11446;25
2025;1178672;25
2025;1438629;25
2025;1295813;25
2025;1399484;25
2025;1438629;25
2025;84408;25
2025;1518;25
2025;2918;25
2025;1317634;25
2025;1314146;25
2025;54494;25
2025;1108786;25
2025;8554;25
2025;12;25
2025;12;25
2025;1180318;25
2025;389;25
2025;1267038;25
2025;8437;25
2025;74594;25
2025;1408507;25
2025;19206;25
2025;1390317;25
2025;1399617;25
2025;1214209;25
2025;87941;25
2025;65114;25
2025;1385521;25
2025;1191415;25
2025;1408259;25
2025;71859;25
2025;1313341;25
2025;6496;25
2025;1258021;25
2025;5001101;25
2025;1438629;25
2025;8554;25
2025;1518;25
2025;4720;25
2025;38071;25
2025;14615;25
2025;1397771;25
2025;5001466;25
2025;7105;25
2025;1385521;25
2025;1108786;25
2025;12015;25
2025;1363536;25
2025;1317634;25
2025;9988;25
2025;1427419;25
2025;13424;25
2025;1313341;25
2025;1163738;25
2025;1385521;25
2025;74655;25
2025;5001427;25
2025;1385521;25
2025;1173014;25
2025;71689;25
2025;1180318;25
2025;1385521;25
2025;9772;25
2025;13996;25
2025;91219;25
2025;1180318;25
2025;69464;25
2025;107766;25
2025;5001033;25
2025;1264844;25
2025;97679;25
2025;93001;25
2025;13866;25
2025;3677;25
2025;90483;25
2025;59174;25
2025;1292726;25
2025;1029204;25
2025;7676;25
2025;121850;25
2025;100956;25
2025;11114;25
2025;4720;25
2025;8437;25
2025;1399480;25
2025;1399616;25
2025;1264844;25
2025;1465625;25
2025;15783;25
2025;1185076;25
2025;1349675;25
2025;57852;25
2025;1439;25
2025;1445016;25
2025;1185076;25
2025;86288;25
2025;5001033;25
2025;4082;25
2025;91219;25
2025;10591;25
2025;15343;25
2025;1184047;25
2025;10289;25
2025;69624;25
2025;72675;25
2025;120983;25
2025;51835;25
2025;1399617;25
2025;1108786;25
2025;1190280;25
2025;78256;25
2025;72669;25
2025;13453;25
2025;1278877;25
2025;1200712;25
2025;74655;25
2025;72663;25
2025;39415;25
2025;90059;25
2025;74655;25
2025;85652;25
2025;66248;25
2025;18594;25
2025;12692;25
2025;72663;25
2025;1029204;25
2025;5345;25
2025;72663;25
2025;12813;25
2025;5000841;25
2025;1385538;25
2025;1427370;25
2025;90483;25
2025;64918;25
2025;15839;25
2025;7105;25
2025;12970;25
2025;7837;25
2025;5000979;25
2025;4503;25
2025;8554;25
2025;18605;25
2025;1183313;25
2025;5001033;25
2025;1185903;25
2025;1202553;25
2025;1192237;25
2025;10289;25
2025;86288;25
2025;8698;25
2025;100958;25
2025;1879;25
2025;18605;25
2025;5001466;25
2025;1385538;25
2025;1399489;25
2025;65114;25
2025;74594;25
2025;5345;25
2025;19206;25
2025;9772;25
2025;1029204;25
2025;1485621;25
2025;1421013;25
2025;1397772;25
2025;90091;25
2025;7837;25
2025;1439;25
2025;93001;25
2025;99476;25
2025;78256;25
2025;1448710;25
2025;108884;25
2025;2695;25
2025;1184325;25
2025;1257524;25
2025;11233;25
2025;1202553;25
2025;1216474;25
2025;1518;25
2025;5001033;25
2025;1390309;25
2025;1261971;25
2025;1406536;25
2025;13601;25
2025;14615;25
2025;1408504;25
2025;1477973;25
2025;11114;25
2025;91399;25
2025;11316;25
2025;1184047;25
2025;72663;25
2025;5000930;25
2025;1342536;25
2025;90091;25
2025;59414;25
2025;5001033;25
2025;11114;25
2025;72669;25
2025;1026;25
2025;1397772;25
2025;20058;25
2025;12813;25
2025;1178524;25
2025;12970;25
2025;5001466;25
2025;3677;25
2025;1135207;25
2025;72667;25
2025;74655;25
2025;5001101;25
2025;87537;25
2025;1183313;25
2025;90059;25
2025;1278877;25
2025;1202547;25
2025;1190280;25
2025;1184325;25
2025;16904;25
2025;1187646;25
2025;1183313;25
2025;72669;25
2025;5001033;25
2025;2392;25
2025;14975;25
2025;20360;25
2025;86288;25
2025;868;25
2025;5909;25
2025;100958;25
2025;2392;25
2025;74655;25
2025;100688;25
2025;1178672;25
2025;1439;25
2025;1321864;25
2025;113504;25
2025;14975;25
2025;10224;25
2025;5000841;25
2025;90091;25
2025;16904;25
2025;1191415;25
2025;1399617;25
2025;9805;25
2025;18447;25
2025;1330031;25
2025;1200578;25
2025;14975;25
2025;5000979;25
2025;14615;25
2025;1108786;25
2025;108884;25
2025;1136509;25
2025;5000930;25
2025;15783;25
2025;93001;25
2025;1421100;25
2025;2304;25
2025;39415;25
2025;8437;25
2025;91399;25
2025;1427370;25
2025;86288;25
2025;11114;25
2025;54490;25
2025;1108786;25
2025;1408261;25
2025;1399479;25
2025;5000930;25
2025;3148;25
2025;1184325;25
2025;18447;25
2025;1408505;25
2025;1292869;25
2025;12970;25
2025;1267038;25
2025;5001294;25
2025;48854;25
2025;60660;25
2025;1725;25
2025;1108786;25
2025;14234;25
2025;1408507;25
2025;7705;25
2025;1399477;25
2025;90483;25
2025;1200578;25
2025;1029204;25
2025;1342536;25
2025;51835;25
2025;74655;25
2025;74655;25
2025;11233;25
2025;38071;25
2025;19086;25
2025;1184432;25
2025;1397771;25
2025;7676;25
2025;12345;25
2025;82224;25
2025;12970;25
2025;5920;25
2025;5000930;25
2025;12015;25
2025;11114;25
2025;108884;25
2025;18594;25
2025;14234;25
2025;72663;25
2025;1108153;25
2025;1257562;25
2025;1166567;25
2025;1408507;25
2025;1385538;25
2025;85652;25
2025;1363536;25
2025;1109361;25
2025;59414;25
2025;3148;25
2025;11446;25
2025;13200;25
2025;71859;25
2025;2918;25
2025;12970;25
2025;4503;25
2025;1397771;25
2025;1390309;25
2025;5001341;25
2025;74594;25
2025;1292713;25
2025;90091;25
2025;64706;25
2025;5001183;25
2025;1399487;25
2025;100688;25
2025;5001450;25
2025;90059;25
2025;108882;25
2025;1029204;25
2025;14725;25
2025;7837;25
2025;4720;25
2025;10222;25
2025;5000930;25
2025;93001;25
2025;1180318;25
2025;14093;25
2025;1321864;25
2025;1190667;25
2025;84352;25
2025;78256;25
2025;103596;25
2025;58412;25
2025;5206;25
2025;1179501;25
2025;15783;25
2025;1200578;25
2025;20360;25
2025;1725;25
2025;103596;25
2025;2695;25
2025;93001;25
2025;1408262;25
2025;1188900;25
2025;72663;25
2025;1399485;25
2025;1187646;25
2025;72663;25
2025;1188849;25
2025;1399480;25
2025;1879;25
2025;1879;25
2025;9772;25
2025;5000841;25
2025;5001101;25
2025;91399;25
2025;10224;25
2025;57402;25
2025;5001341;25
2025;1135207;25
2025;868;25
2025;1178524;25
2025;93001;25
2025;1879;25
2025;1421100;25
2025;9326;25
2025;98406;25
2025;14975;25
2025;1192237;25
2025;72663;25
2025;8437;25
2025;16904;25
2025;72767;25
2025;1136509;25
2025;1108153;25
2025;1363536;25
2025;1029204;25
2025;85652;25
2025;1179501;25
2025;91399;25
2025;84352;25
2025;59414;25
2025;74594;25
2025;72663;25
2025;75821;25
2025;87941;25
2025;75821;25
2025;74594;25
2025;5206;25
2025;19206;25
2025;1200578;25
2025;1397771;25
2025;1068548;25
2025;20360;25
2025;90084;25
2025;1178672;25
2025;82224;25
2025;13424;25
2025;59414;25
2025;5001450;25
2025;12970;25
2025;1184325;25
2025;59414;25
2025;1202573;25
2025;1059179;25
2025;1191415;25
2025;1399616;25
2025;12692;25
2025;1292725;25
2025;6711;25
2025;14234;25
2025;1178672;25
2025;13996;25
2025;16236;25
2025;1408505;25
2025;71859;25
2025;12569;25
2025;1421100;25
2025;9805;25
2025;54494;25
2025;9326;25
2025;11446;25
2025;1200712;25
2025;11233;25
2025;13103;25
2025;107666;25
2025;12345;25
2025;12345;25
2025;15475;25
2025;1190280;25
2025;82224;25
2025;2304;25
2025;4503;25
2025;1390309;25
2025;13453;25
2025;2918;25
2025;1342449;25
2025;4082;25
2025;1427420;25
2025;98506;25
2025;1216474;25
2025;99476;25
2025;100688;25
2025;98409;25
2025;12345;25
2025;1399478;25
2025;8437;25
2025;87941;25
2025;64918;25
2025;19850;25
2025;5000981;25
2025;10289;25
2025;54494;25
2025;1321864;25
2025;86356;25
2025;5920;25
2025;1185076;25
2025;14359;25
2025;1108786;25
2025;14234;25
2025;79007;25
2025;1193264;25
2025;72669;25
2025;1399616;25
2025;1178672;25
2025;71859;25
2025;18447;25
2025;100958;25
2025;1295813;25
2025;1102360;25
2025;15783;25
2025;18447;25
2025;11114;25
2025;97679;25
2025;5000979;25
2025;1406536;25
2025;1163738;25
2025;1399481;25
2025;87941;25
2025;1272168;25
2025;91399;25
2025;7676;25
2025;1390309;25
2025;1200578;25
2025;1485621;25
2025;1399478;25
2025;14359;25
2025;1408261;25
2025;100956;25
2025;1342537;25
2025;1163738;25
2025;1109361;25
2025;1397772;25
2025;1108786;25
2025;72663;25
2025;72767;25
2025;1109361;25
2025;1399478;25
2025;1363536;25
2025;91399;25
2025;71859;25
2025;1397772;25
2025;108884;25
2025;1261972;25
2025;1183958;25
2025;74594;25
2025;1257777;25
2025;9772;25
2025;97679;25
2025;78256;25
2025;1399614;25
2025;1408505;25
2025;1179189;25
2025;13723;25
2025;90084;25
2025;1109361;25
2025;98506;25
2025;7837;25
2025;13424;25
2025;1272168;25
2025;91219;25
2025;1399617;25
2025;15839;25
2025;13103;25
2025;1188900;25
2025;74655;25
2025;5000979;25
2025;9772;25
2025;1438629;25
2025;19434;25
2025;51835;25
2025;5000979;25
2025;79007;25
2025;85652;25
2025;1029204;25
2025;108882;25
2025;1421100;25
2025;1385538;25
2025;1439;25
2025;12345;25
2025;5920;25
2025;86356;25
2025;7676;25
2025;5000930;25
2025;7676;25
2025;1399486;25
2025;1135207;25
2025;389;25
2025;1178672;25
2025;1272168;25
2025;1457006;25
2025;1390317;25
2025;16904;25
2025;13286;25
2025;1168313;25
2025;5000981;25
2025;18472;25
2025;121850;25
2025;1399484;25
2025;1321864;25
2025;8437;25
2025;57402;25
2025;3677;25
2025;1342449;25
2025;1399477;25
2025;78256;25
2025;1189778;25
2025;8437;25
2025;1629;25
2025;1438629;25
2025;108882;25
2025;65924;25
2025;8960;25
2025;108882;25
2025;1192237;25
2025;1390309;25
2025;12015;25
2025;1390317;25
2025;5001450;25
2025;1385538;25
2025;18447;25
2025;90091;25
2025;1136509;25
2025;1408507;25
2025;1188900;25
2025;5001450;25
2025;9805;25
2025;48854;25
2025;9805;25
2025;13103;25
2025;1184325;25
2025;1421013;25
2025;90084;25
2025;59414;25
2025;1518;25
2025;11114;25
2025;1108281;25
2025;1399484;25
2025;108884;25
2025;74655;25
2025;7676;25
2025;64918;25
2025;5001466;25
2025;8698;25
2025;108882;25
2025;1193264;25
2025;1427370;25
2025;59174;25
2025;72417;25
2025;1104264;25
2025;74594;25
2025;1292713;25
2025;1200712;25
2025;1108786;25
2025;84408;25
2025;100956;25
2025;2695;25
2025;13601;25
2025;59174;25
2025;9772;25
2025;1267038;25
2025;1189778;25
2025;108882;25
2025;108884;25
2025;1202553;25
2025;78256;25
2025;1477973;25
2025;8698;25
2025;1185076;25
2025;108882;25
2025;1487290;25
2025;19294;25
2025;9326;25
2025;108884;25
2025;108882;25
2025;108884;25
2025;12569;25
2025;19850;25
2025;108882;25
2025;65924;25
2025;120983;25
2025;108882;25
2025;1321864;25
2025;108882;25
2025;58412;25
2025;108882;25
2025;49060;25
2025;1421013;25
2025;5000930;25
2025;14615;25
2025;1399482;25
2025;9326;25
2025;108884;25
2025;90084;25
2025;1108153;25
2025;13996;25
2025;9988;25
2025;5000930;25
2025;98506;25
2025;2304;25
2025;5001466;25
2025;9996;25
2025;13601;25
2025;1399489;25
2025;59174;25
2025;1292725;25
2025;1184432;25
2025;74655;25
2025;1202553;25
2025;74594;25
2025;1185903;25
2025;14093;25
2025;1104264;25
2025;120983;25
2025;87537;25
2025;19086;25
2025;82224;25
2025;108884;25
2025;5000980;25
2025;5909;25
2025;72669;25
2025;85652;25
2025;7676;25
2025;1399478;25
2025;1258023;25
2025;13453;25
2025;1477973;25
2025;1188900;25
2025;86356;25
2025;1202546;25
2025;91219;25
2025;66248;25
2025;1421013;25
2025;19206;25
2025;37304;25
2025;1399489;25
2025;1108281;25
2025;1421013;25
2025;5001341;25
2025;7105;25
2025;54490;25
2025;1390317;25
2025;1879;25
2025;868;25
2025;121850;25
2025;74655;25
2025;84352;25
2025;1168313;25
2025;1278877;25
2025;12569;25
2025;107666;25
2025;1397772;25
2025;1136509;25
2025;51835;25
2025;1108153;25
2025;5000979;25
2025;1163738;25
2025;1108786;25
2025;1202573;25
2025;5000930;25
2025;16236;25
2025;66248;25
2025;59174;25
2025;14975;25
2025;2695;25
2025;1404416;25
2025;18594;25
2025;51835;25
2025;1190621;25
2025;1295813;25
2025;108882;25
2025;1399614;25
2025;5000930;25
2025;1183958;25
2025;1214209;25
2025;8554;25
2025;1399484;25
2025;8960;25
2025;108014;25
2025;1109361;25
2025;1385521;25
2025;1257524;25
2025;3677;25
2025;64918;25
2025;19294;25
2025;108884;25
2025;1486298;25
2025;5000981;25
2025;100958;25
2025;1190621;25
2025;9772;25
2025;12015;25
2025;1173014;25
2025;12813;25
2025;72417;25
2025;9996;25
2025;13723;25
2025;108884;25
2025;13601;25
2025;10289;25
2025;87941;25
2025;1029204;25
2025;5000812;25
2025;1399480;25
2025;8698;25
2025;12569;25
2025;72667;25
2025;108882;25
2025;5000979;25
2025;13601;25
2025;1321864;25
2025;1486298;25
2025;1261972;25
2025;12569;25
2025;100958;25
2025;71859;25
2025;868;25
2025;19086;25
2025;69624;25
2025;9772;25
2025;18447;25
2025;1397771;25
2025;1408508;25
2025;8698;25
2025;13866;25
2025;72667;25
2025;100956;25
2025;1321864;25
2025;91219;25
2025;9996;25
2025;48854;25
2025;86288;25
2025;108884;25
2025;1188900;25
2025;8437;25
2025;1399479;25
2025;108884;25
2025;6496;25
2025;101228;25
2025;5000933;25
2025;74655;25
2025;13200;25
2025;13601;25
2025;6711;25
2025;1190280;25
2025;1109361;25
2025;6496;25
2025;9772;25
2025;108884;25
2025;85652;25
2025;1184325;25
2025;1427420;25
2025;1179501;25
2025;7705;25
2025;100956;25
2025;7705;25
2025;72767;25
2025;5000979;25
2025;108884;25
2025;107666;25
2025;13996;25
2025;65114;25
2025;1185025;25
2025;65114;25
2025;74594;25
2025;1390311;25
2025;91399;25
2025;3148;25
2025;11316;25
2025;74655;25
2025;1629;25
2025;1399478;25
2025;868;25
2025;72669;25
2025;108884;25
2025;5000001;25
2025;1349675;25
2025;66361;25
2025;1399485;25
2025;78256;25
2025;8554;25
2025;12569;25
2025;74655;25
2025;86356;25
2025;86356;25
2025;1453564;25
2025;12569;25
2025;72669;25
2025;9988;25
2025;1421100;25
2025;19086;25
2025;1214209;25
2025;1390309;25
2025;1629;25
2025;1184325;25
2025;758;25
2025;79007;25
2025;1292713;25
2025;13103;25
2025;15839;25
2025;4082;25
2025;13103;25
2025;18447;25
2025;5000812;25
2025;85586;25
2025;1363536;25
2025;2304;25
2025;7676;25
2025;84408;25
2025;93001;25
2025;86356;25
2025;1390309;25
2025;108884;25
2025;1168313;25
2025;86356;25
2025;57852;25
2025;72663;25
2025;14359;25
2025;11446;25
2025;8437;25
2025;1185903;25
2025;97679;25
2025;1327450;25
2025;39415;25
2025;18594;25
2025;1419799;25
2025;7105;25
2025;65114;25
2025;9988;25
2025;65924;25
2025;57402;25
2025;13453;25
2025;1427419;25
2025;5001300;25
2025;1178524;25
2025;51835;25
2025;5000841;25
2025;1258021;25
2025;1264844;25
2025;5000812;25
2025;1185903;25
2025;1068548;25
2025;15475;25
2025;1202553;25
2025;19850;25
2025;18472;25
2025;19206;25
2025;74655;25
2025;7676;25
2025;1397771;25
2025;4082;25
2025;1421013;25
2025;48854;25
2025;15343;25
2025;5345;25
2025;3677;25
2025;7676;25
2025;78256;25
2025;108882;25
2025;10222;25
2025;7705;25
2025;60660;25
2025;75821;25
2025;12813;25
2025;71859;25
2025;389;25
2025;11446;25
2025;1477973;25
2025;15343;25
2025;82224;25
2025;13996;25
2025;5000812;25
2025;82224;25
2025;12569;25
2025;1399488;25
2025;2918;25
2025;98406;25
2025;5000930;25
2025;1487491;25
2025;39415;25
2025;1108786;25
2025;1173014;25
2025;19294;25
2025;7676;25
2025;4082;25
2025;1445016;25
2025;1399480;25
2025;87941;25
2025;72681;25
2025;100958;25
2025;57852;25
2025;108882;25
2025;1068548;25
2025;1399478;25
2025;12692;25
2025;5001466;25
2025;74655;25
2025;12970;25
2025;3148;25
2025;1104264;25
2025;84408;25
2025;1257524;25
2025;1313341;25
2025;1879;25
2025;5000978;25
2025;1397771;25
2025;10289;25
2025;5000979;25
2025;87537;25
2025;1406536;25
2025;13996;25
2025;5001300;25
2025;1173014;25
2025;107766;25
2025;1200578;25
2025;7705;25
2025;11114;25
2025;1385521;25
2025;5001294;25
2025;13453;25
2025;5000930;25
2025;1258021;25
2025;54494;25
2025;85652;25
2025;1397771;25
2025;1486822;25
2025;12345;25
2025;10224;25
2025;1184325;25
2025;1108786;25
2025;1163738;25
2025;1185903;25
2025;7705;25
2025;7676;25
2025;1188900;25
2025;20249;25
2025;72669;25
2025;1188849;25
2025;1399614;25
2025;1188900;25
2025;1518;25
2025;15783;25
2025;74655;25
2025;1397773;25
2025;98406;25
2025;5000930;25
2025;1163738;25
2025;1427419;25
2025;9996;25
2025;18594;25
2025;11446;25
2025;78256;25
2025;87537;25
2025;1385538;25
2025;1135207;25
2025;1108786;25
2025;1200712;25
2025;1050663;25
2025;12345;25
2025;21542;25
2025;5001294;25
2025;5001300;25
2025;8554;25
2025;19206;25
2025;1397771;25
2025;5000933;25
2025;1421100;25
2025;14093;25
2025;5909;25
2025;1136509;25
2025;21542;25
2025;140;25
2025;74655;25
2025;1518;25
2025;1399477;25
2025;5001300;25
2025;20058;25
2025;6711;25
2025;1029204;25
2025;5000981;25
2025;78256;25
2025;12569;25
2025;9988;25
2025;108884;25
2025;75821;25
2025;1292869;25
2025;5001300;25
2025;1629;25
2025;1295813;25
2025;4503;25
2025;72669;25
2025;1261971;25
2025;1184047;25
2025;11114;25
2025;49060;25
2025;1421013;25
2025;1629;25
2025;1879;25
2025;98409;25
2025;15839;25
2025;8554;25
2025;1399484;25
2025;72681;25
2025;5001466;25
2025;1257777;25
2025;69624;25
2025;48854;25
2025;5000980;25
2025;1202553;25
2025;84408;25
2025;1486298;25
2025;91399;25
2025;71859;25
2025;49060;25
2025;1486298;25
2025;14975;25
2025;1427420;25
2025;87537;25
2025;5001341;25
2025;1408505;25
2025;10289;25
2025;8554;25
2025;14563;25
2025;107666;25
2025;1189778;25
2025;84352;25
2025;1399488;25
2025;121850;25
2025;1029204;25
2025;1278877;25
2025;1163738;25
2025;15839;25
2025;5001294;25
2025;1185903;25
2025;108014;25
2025;1399486;25
2025;7414;25
2025;1399616;25
2025;90059;25
2025;84352;25
2025;1029204;25
2025;3148;25
2025;1486298;25
2025;1399482;25
2025;20360;25
2025;84408;25
2025;100956;25
2025;5001341;25
2025;107666;25
2025;72417;25
2025;1317634;25
2025;5000841;25
2025;13424;25
2025;54490;25
2025;84408;25
2025;12692;25
2025;20058;25
2025;5000981;25
2025;99476;25
2025;15839;25
2025;108882;25
2025;51835;25
2025;1330031;25
2025;10591;25
2025;1397771;25
2025;1342536;25
2025;868;25
2025;1272168;25
2025;16236;25
2025;90483;25
2025;37304;25
2025;13424;25
2025;868;25
2025;8698;25
2025;1399618;25
2025;1439;25
2025;1397771;25
2025;11446;25
2025;1397772;25
2025;5000981;25
2025;49910;25
2025;1390309;25
2025;1879;25
2025;1163738;25
2025;80037;25
2025;74655;25
2025;1192237;25
2025;58412;25
2025;1629;25
2025;12015;25
2025;18594;25
2025;66361;25
2025;1483759;25
2025;1317634;25
2025;14093;25
2025;4503;25
2025;5920;25
2025;5000979;25
2025;38071;25
2025;5001101;25
2025;37304;25
2025;93001;25
2025;7414;25
2025;13424;25
2025;1202573;25
2025;57402;25
2025;66361;25
2025;13996;25
2025;5000930;25
2025;72663;25
2025;84352;25
2025;1178524;25
2025;12345;25
2025;1399477;25
2025;1427419;25
2025;1068548;25
2025;91219;25
2025;74594;25
2025;39415;25
2025;11114;25
2025;59414;25
2025;1327450;25
2025;7705;25
2025;5001183;25
2025;1439;25
2025;1068548;25
2025;1185076;25
2025;3677;25
2025;1029204;25
2025;1108786;25
2025;9326;25
2025;1029204;25
2025;103596;25
2025;1292917;25
2025;90483;25
2025;1363536;25
2025;1327450;25
2025;121850;25
2025;15839;25
2025;2392;25
2025;1390311;25
2025;1483768;25
2025;54494;25
2025;13866;25
2025;91219;25
2025;2918;25
2025;86288;25
2025;59414;25
2025;1179501;25
2025;91219;25
2025;59174;25
2025;18594;25
2025;107666;25
2025;1295813;25
2025;12569;25
2025;1397772;25
2025;1109361;25
2025;1518;25
2025;74655;25
2025;1101742;25
2025;12970;25
2025;1191415;25
2025;1427419;25
2025;8698;25
2025;11446;25
2025;14359;25
2025;49910;25
2025;1295813;25
2025;1185076;25
2025;72669;25
2025;59414;25
2025;80037;25
2025;1439;25
2025;1397772;25
2025;1184060;25
2025;1136509;25
2025;100956;25
2025;1385538;25
2025;19086;25
2025;1188900;25
2025;1202553;25
2025;1427419;25
2025;1108786;25
2025;3677;25
2025;71859;25
2025;1330031;25
2025;1465625;25
2025;1163738;25
2025;108882;25
2025;1101742;25
2025;100688;25
2025;1317634;25
2025;10224;25
2025;1200712;25
2025;87537;25
2025;1399479;25
2025;12692;25
2025;1399617;25
2025;5909;25
2025;100688;25
2025;389;25
2025;8698;25
2025;5000981;25
2025;1487491;25
2025;1439;25
2025;108882;25
2025;82224;25
2025;5001341;25
2025;1399618;25
2025;64918;25
2025;1385538;25
2025;1397773;25
2025;1178672;25
2025;12569;25
2025;5000978;25
2025;1050663;25
2025;19434;25
2025;91219;25
2025;51835;25
2025;54490;25
2025;8437;25
2025;1029204;25
2025;5909;25
2025;8960;25
2025;64918;25
2025;1193275;25
2025;1109361;25
2025;64706;25
2025;5000930;25
2025;2918;25
2025;72767;25
2025;15839;25
2025;5001427;25
2025;14359;25
2025;1363536;25
2025;1202546;25
2025;1278877;25
2025;98506;25
2025;9988;25
2025;5001183;25
2025;100958;25
2025;18594;25
2025;1179501;25
2025;10222;25
2025;1136509;25
2025;1136509;25
2025;1261971;25
2025;1179501;25
2025;12970;25
2025;12813;25
2025;59174;25
2025;1193264;25
2025;1179501;25
2025;1404416;25
2025;11233;25
2025;1272168;25
2025;1448710;25
2025;7705;25
2025;2348;25
2025;150039;25
2025;15343;25
2025;1136509;25
2025;39415;25
2025;11316;25
2025;1421013;25
2025;1427419;25
2025;1187646;25
2025;1349675;25
2025;2918;25
2025;1465625;25
2025;5920;25
2025;18447;25
2025;78256;25
2025;2695;25
2025;19850;25
2025;12569;25
2025;1258023;25
2025;90059;25
2025;1292713;25
2025;1342536;25
2025;19086;25
2025;1267038;25
2025;14093;25
2025;1399480;25
2025;1050663;25
2025;1390311;25
2025;5001450;25
2025;39415;25
2025;1363536;25
2025;1180318;25
2025;1342536;25
2025;91399;25
2025;1050663;25
2025;1136509;25
2025;4720;25
2025;1202546;25
2025;1439;25
2025;1188900;25
2025;18472;25
2025;1448710;25
2025;1136509;25
2025;1399478;25
2025;1342536;25
2025;14975;25
2025;1188900;25
2025;15343;25
2025;1136509;25
2025;1317634;25
2025;1188900;25
2025;98506;25
2025;4720;25
2025;1190667;25
2025;1189607;25
2025;15343;25
2025;1399489;25
2025;90483;25
2025;79007;25
2025;1059179;25
2025;72669;25
2025;1136509;25
2025;107766;25
2025;51835;25
2025;1188900;25
2025;1168313;25
2025;1327450;25
2025;8960;25
2025;5001300;25
2025;4082;25
2025;9772;25
2025;5001300;25
2025;9772;25
2025;12970;25
2025;11233;25
2025;1518;25
2025;1179189;25
2025;5001300;25
2025;74655;25
2025;7414;25
2025;1397773;25
2025;1108153;25
2025;1445016;25
2025;19294;25
2025;85652;25
2025;1292725;26
2025;65114;26
2025;1180318;26
2025;1321864;26
2025;13424;26
2025;65114;26
2025;87941;26
2025;121850;26
2025;1342536;26
2025;64918;26
2025;59174;26
2025;19850;26
2025;12345;26
2025;19294;26
2025;1427420;26
2025;57852;26
2025;1136509;26
2025;37304;26
2025;13424;26
2025;10224;26
2025;20360;26
2025;1295813;26
2025;1453564;26
2025;1408505;26
2025;49060;26
2025;13866;26
2025;1214209;26
2025;8437;26
2025;1342536;26
2025;5000930;26
2025;11233;26
2025;7414;26
2025;1342449;26
2025;1438629;26
2025;1191415;26
2025;14093;26
2025;1184432;26
2025;1390311;26
2025;5001466;26
2025;58412;26
2025;7414;26
2025;1191415;26
2025;1108786;26
2025;1439;26
2025;1408507;26
2025;1408505;26
2025;1108281;26
2025;4503;26
2025;7676;26
2025;1399484;26
2025;1190280;26
2025;86356;26
2025;72681;26
2025;1136509;26
2025;13723;26
2025;7414;26
2025;7676;26
2025;74594;26
2025;7414;26
2025;1408505;26
2025;8698;26
2025;7105;26
2025;1173014;26
2025;93001;26
2025;1408261;26
2025;2695;26
2025;13866;26
2025;39415;26
2025;65114;26
2025;1629;26
2025;1399485;26
2025;49060;26
2025;5001341;26
2025;7676;26
2025;1163738;26
2025;86288;26
2025;1408508;26
2025;1257548;26
2025;1408262;26
2025;82224;26
2025;14725;26
2025;13601;26
2025;14563;26
2025;39415;26
2025;14615;26
2025;6496;26
2025;75821;26
2025;1465625;26
2025;12970;26
2025;1453564;26
2025;1439;26
2025;80037;26
2025;14093;26
2025;51835;26
2025;69464;26
2025;39415;26
2025;1399618;26
2025;1390317;26
2025;1321864;26
2025;1408505;26
2025;2392;26
2025;90483;26
2025;87537;26
2025;1427419;26
2025;1173014;26
2025;14615;26
2025;1173014;26
2025;1321864;26
2025;1173014;26
2025;1173014;26
2025;1193264;26
2025;57402;26
2025;1342536;26
2025;1192047;26
2025;86288;26
2025;1163738;26
2025;57852;26
2025;5000981;26
2025;11114;26
2025;1313341;26
2025;1399488;26
2025;1421013;26
2025;1465625;26
2025;1261971;26
2025;1163738;26
2025;1183313;26
2025;1257548;26
2025;103596;26
2025;1427370;26
2025;12569;26
2025;1453564;26
2025;1107;26
2025;100688;26
2025;84352;26
2025;78256;26
2025;39415;26
2025;8437;26
2025;39415;26
2025;84352;26
2025;1257562;26
2025;1399486;26
2025;98506;26
2025;11114;26
2025;2348;26
2025;6496;26
2025;66248;26
2025;5909;26
2025;1108153;26
2025;1408505;26
2025;1272168;26
2025;1453564;26
2025;1178672;26
2025;12970;26
2025;303;26
2025;1385538;26
2025;3148;26
2025;12970;26
2025;100958;26
2025;85652;26
2025;10591;26
2025;100958;26
2025;13424;26
2025;72767;26
2025;5000812;26
2025;12345;26
2025;1272168;26
2025;54494;26
2025;91219;26
2025;1202553;26
2025;11114;26
2025;100688;26
2025;1477973;26
2025;74655;26
2025;1180318;26
2025;74655;26
2025;11233;26
2025;4082;26
2025;72417;26
2025;1397772;26
2025;74655;26
2025;20360;26
2025;11316;26
2025;91399;26
2025;85652;26
2025;5000930;26
2025;108884;26
2025;58412;26
2025;5001300;26
2025;1486822;26
2025;8437;26
2025;1397772;26
2025;1342536;26
2025;1185903;26
2025;14234;26
2025;13103;26
2025;7676;26
2025;1385538;26
2025;1477973;26
2025;11446;26
2025;1190280;26
2025;1483805;26
2025;14359;26
2025;1399480;26
2025;1202573;26
2025;1050663;26
2025;1427419;26
2025;6711;26
2025;90059;26
2025;75821;26
2025;1342610;26
2025;12970;26
2025;12;26
2025;57852;26
2025;1342537;26
2025;12970;26
2025;1399486;26
2025;12569;26
2025;1108786;26
2025;19434;26
2025;11114;26
2025;1185076;26
2025;1342536;26
2025;1419799;26
2025;1629;26
2025;1399477;26
2025;66361;26
2025;86288;26
2025;12569;26
2025;87537;26
2025;6496;26
2025;13996;26
2025;1190667;26
2025;1257562;26
2025;49910;26
2025;1321864;26
2025;100956;26
2025;1629;26
2025;1135207;26
2025;11233;26
2025;66361;26
2025;1334344;26
2025;75821;26
2025;1108153;26
2025;6496;26
2025;15783;26
2025;59414;26
2025;5000812;26
2025;1399480;26
2025;1399480;26
2025;69624;26
2025;72681;26
2025;13866;26
2025;5000981;26
2025;13866;26
2025;1108786;26
2025;87941;26
2025;15783;26
2025;2918;26
2025;1168313;26
2025;1202546;26
2025;1202539;26
2025;37304;26
2025;1257562;26
2025;21542;26
2025;1313341;26
2025;1477973;26
2025;1292713;26
2025;1399480;26
2025;1408505;26
2025;4082;26
2025;1216474;26
2025;1483759;26
2025;7837;26
2025;1202573;26
2025;1629;26
2025;98406;26
2025;85652;26
2025;91219;26
2025;1184325;26
2025;72767;26
2025;10224;26
2025;1408507;26
2025;86356;26
2025;11114;26
2025;58412;26
2025;8960;26
2025;66361;26
2025;18594;26
2025;18594;26
2025;4503;26
2025;7105;26
2025;20249;26
2025;48854;26
2025;1185076;26
2025;1214209;26
2025;13424;26
2025;2695;26
2025;14359;26
2025;1397773;26
2025;7676;26
2025;1317634;26
2025;1184047;26
2025;69624;26
2025;1292713;26
2025;49910;26
2025;1188900;26
2025;57402;26
2025;14359;26
2025;8554;26
2025;14093;26
2025;18594;26
2025;78256;26
2025;1108281;26
2025;8437;26
2025;13601;26
2025;57402;26
2025;5000812;26
2025;113504;26
2025;1163738;26
2025;5000001;26
2025;1321864;26
2025;1264844;26
2025;98506;26
2025;1399488;26
2025;86288;26
2025;1330031;26
2025;1397772;26
2025;13866;26
2025;54494;26
2025;11446;26
2025;1202539;26
2025;5000930;26
2025;12569;26
2025;1399287;26
2025;1029204;26
2025;85586;26
2025;19434;26
2025;1518;26
2025;1202573;26
2025;11114;26
2025;12970;26
2025;5000978;26
2025;1427370;26
2025;1179501;26
2025;4082;26
2025;1108153;26
2025;1202539;26
2025;1173014;26
2025;18594;26
2025;15839;26
2025;64918;26
2025;1390317;26
2025;1342610;26
2025;1173014;26
2025;107766;26
2025;11114;26
2025;12015;26
2025;64706;26
2025;1029204;26
2025;1178672;26
2025;11316;26
2025;13866;26
2025;14359;26
2025;1108786;26
2025;1267038;26
2025;5000979;26
2025;90059;26
2025;1107;26
2025;1136509;26
2025;78256;26
2025;1397773;26
2025;65114;26
2025;12;26
2025;5920;26
2025;80037;26
2025;1390317;26
2025;9805;26
2025;15783;26
2025;4503;26
2025;1629;26
2025;1192237;26
2025;87941;26
2025;5000933;26
2025;1180318;26
2025;39415;26
2025;10222;26
2025;1136509;26
2025;1725;26
2025;1399478;26
2025;58412;26
2025;1188849;26
2025;13996;26
2025;1179501;26
2025;11446;26
2025;1399618;26
2025;91399;26
2025;1202553;26
2025;15783;26
2025;19850;26
2025;4082;26
2025;1327450;26
2025;49910;26
2025;13200;26
2025;1189607;26
2025;1455021;26
2025;57402;26
2025;90059;26
2025;5920;26
2025;1486822;26
2025;12569;26
2025;13286;26
2025;69464;26
2025;10222;26
2025;20249;26
2025;4082;26
2025;1342536;26
2025;1483768;26
2025;72669;26
2025;12970;26
2025;86288;26
2025;5345;26
2025;82224;26
2025;15475;26
2025;108884;26
2025;1342449;26
2025;8554;26
2025;57402;26
2025;19206;26
2025;12569;26
2025;1406536;26
2025;20360;26
2025;5909;26
2025;5000841;26
2025;11114;26
2025;1313341;26
2025;1725;26
2025;98406;26
2025;5000841;26
2025;74655;26
2025;6496;26
2025;100958;26
2025;1404416;26
2025;60660;26
2025;51835;26
2025;18594;26
2025;5920;26
2025;1399617;26
2025;58412;26
2025;1399617;26
2025;1292726;26
2025;5001341;26
2025;66248;26
2025;66248;26
2025;1292726;26
2025;1408262;26
2025;64918;26
2025;12692;26
2025;5001314;26
2025;5001183;26
2025;1171609;26
2025;1397773;26
2025;99476;26
2025;1187646;26
2025;18447;26
2025;13723;26
2025;1629;26
2025;1399619;26
2025;1257562;26
2025;13453;26
2025;1465625;26
2025;5001341;26
2025;1385538;26
2025;71689;26
2025;1202553;26
2025;1483768;26
2025;108014;26
2025;58412;26
2025;14359;26
2025;12813;26
2025;72667;26
2025;66248;26
2025;5001033;26
2025;1399477;26
2025;1191415;26
2025;18472;26
2025;1399618;26
2025;1108281;26
2025;1108786;26
2025;12692;26
2025;1879;26
2025;5001183;26
2025;1180318;26
2025;15783;26
2025;108014;26
2025;9772;26
2025;1202553;26
2025;12015;26
2025;5001101;26
2025;1200712;26
2025;1192237;26
2025;11114;26
2025;12569;26
2025;5001101;26
2025;5909;26
2025;20249;26
2025;100958;26
2025;98506;26
2025;1390317;26
2025;1390311;26
2025;13286;26
2025;12569;26
2025;103596;26
2025;1192237;26
2025;12970;26
2025;72681;26
2025;7705;26
2025;11233;26
2025;12015;26
2025;13424;26
2025;98406;26
2025;5000841;26
2025;98506;26
2025;1879;26
2025;12569;26
2025;93001;26
2025;1399477;26
2025;12970;26
2025;1390311;26
2025;1192237;26
2025;5001314;26
2025;15783;26
2025;1180318;26
2025;1439;26
2025;1342449;26
2025;98506;26
2025;1725;26
2025;1108786;26
2025;7705;26
2025;13103;26
2025;1029763;26
2025;78256;26
2025;1321864;26
2025;1342449;26
2025;1321864;26
2025;303;26
2025;1068548;26
2025;11114;26
2025;5920;26
2025;98409;26
2025;1399484;26
2025;5920;26
2025;60660;26
2025;38071;26
2025;13723;26
2025;5001450;26
2025;5001450;26
2025;5000979;26
2025;97679;26
2025;97679;26
2025;5920;26
2025;1404416;26
2025;85652;26
2025;3148;26
2025;1200712;26
2025;1192237;26
2025;1292726;26
2025;5001450;26
2025;58412;26
2025;1185076;26
2025;5001450;26
2025;11316;26
2025;87537;26
2025;1180318;26
2025;86356;26
2025;1192237;26
2025;4082;26
2025;1216474;26
2025;5001450;26
2025;5001450;26
2025;1192047;26
2025;72767;26
2025;13103;26
2025;15783;26
2025;12015;26
2025;15839;26
2025;5001300;26
2025;1292725;26
2025;72767;26
2025;7705;26
2025;1192237;26
2025;9772;26
2025;1184060;26
2025;1399481;26
2025;15343;26
2025;1107;26
2025;1349675;26
2025;5000930;26
2025;72667;26
2025;82224;26
2025;1184060;26
2025;5001341;26
2025;48854;26
2025;74655;26
2025;1321864;26
2025;5000001;26
2025;1192237;26
2025;13996;26
2025;8554;26
2025;1192237;26
2025;101228;26
2025;1487290;26
2025;1261972;26
2025;1363536;26
2025;7705;26
2025;72669;26
2025;1321864;26
2025;84352;26
2025;12813;26
2025;103596;26
2025;72669;26
2025;1399617;26
2025;1363536;26
2025;5001450;26
2025;59174;26
2025;1330031;26
2025;5000930;26
2025;1190280;26
2025;100688;26
2025;71859;26
2025;12015;26
2025;1457503;26
2025;97679;26
2025;14359;26
2025;4720;26
2025;1108281;26
2025;8437;26
2025;103596;26
2025;12569;26
2025;11233;26
2025;1200712;26
2025;79007;26
2025;13424;26
2025;72669;26
2025;90091;26
2025;14093;26
2025;1385538;26
2025;1184432;26
2025;1192047;26
2025;90059;26
2025;86356;26
2025;51835;26
2025;90059;26
2025;59174;26
2025;5001300;26
2025;1385538;26
2025;1292917;26
2025;97679;26
2025;72669;26
2025;97679;26
2025;1399482;26
2025;1399482;26
2025;19434;26
2025;5000812;26
2025;868;26
2025;71689;26
2025;72681;26
2025;484;26
2025;5000841;26
2025;72669;26
2025;1879;26
2025;72669;26
2025;78256;26
2025;4503;26
2025;1399488;26
2025;72417;26
2025;1108786;26
2025;5001101;26
2025;4503;26
2025;48854;26
2025;5345;26
2025;389;26
2025;51835;26
2025;1427419;26
2025;13723;26
2025;1108281;26
2025;5001294;26
2025;1202539;26
2025;1163738;26
2025;8960;26
2025;1317634;26
2025;1321864;26
2025;51835;26
2025;1342505;26
2025;38071;26
2025;2695;26
2025;65114;26
2025;5001101;26
2025;1349675;26
2025;100958;26
2025;12;26
2025;1202588;26
2025;69624;26
2025;98409;26
2025;13424;26
2025;101228;26
2025;66361;26
2025;5000841;26
2025;1184060;26
2025;8554;26
2025;21542;26
2025;72767;26
2025;1166567;26
2025;11114;26
2025;13601;26
2025;54490;26
2025;12692;26
2025;1163738;26
2025;1399287;26
2025;5920;26
2025;1317634;26
2025;15839;26
2025;100688;26
2025;10222;26
2025;1185076;26
2025;5001341;26
2025;868;26
2025;1390309;26
2025;1321864;26
2025;13866;26
2025;15839;26
2025;1465625;26
2025;5000841;26
2025;1108153;26
2025;12569;26
2025;1192188;26
2025;5000979;26
2025;1427419;26
2025;13723;26
2025;1200578;26
2025;20249;26
2025;1192188;26
2025;9805;26
2025;1192188;26
2025;1192188;26
2025;11316;26
2025;1101742;26
2025;5001466;26
2025;1477973;26
2025;1166567;26
2025;84408;26
2025;1457707;26
2025;4082;26
2025;1108153;26
2025;64918;26
2025;1183313;26
2025;5000981;26
2025;1166567;26
2025;5000979;26
2025;1029204;26
2025;1183313;26
2025;1399487;26
2025;1178672;26
2025;100958;26
2025;1183313;26
2025;1104264;26
2025;1399487;26
2025;1292726;26
2025;1330031;26
2025;4082;26
2025;1342505;26
2025;15839;26
2025;1399487;26
2025;51835;26
2025;1399487;26
2025;1399487;26
2025;85652;26
2025;1399487;26
2025;1477973;26
2025;15475;26
2025;9326;26
2025;1438629;26
2025;1202539;26
2025;1399487;26
2025;1399487;26
2025;1191415;26
2025;1399487;26
2025;100958;26
2025;51835;26
2025;14563;26
2025;69624;26
2025;12970;26
2025;1200712;26
2025;69624;26
2025;1200578;26
2025;5001427;26
2025;85652;26
2025;72663;26
2025;12970;26
2025;12970;26
2025;13424;26
2025;90059;26
2025;4503;26
2025;12569;26
2025;1173014;26
2025;1292869;26
2025;14725;26
2025;1399488;26
2025;1399487;26
2025;86288;26
2025;1292917;26
2025;1173014;26
2025;1349675;26
2025;1173014;26
2025;64918;26
2025;14563;26
2025;1173014;26
2025;5001101;26
2025;1390311;26
2025;1399487;26
2025;1202539;26
2025;1185903;26
2025;108882;26
2025;37304;26
2025;1173014;26
2025;1179189;26
2025;100956;26
2025;1184047;26
2025;13286;26
2025;1408259;26
2025;1483773;26
2025;85652;26
2025;9988;26
2025;1202546;26
2025;72669;26
2025;2392;26
2025;1101742;26
2025;1191415;26
2025;54494;26
2025;1191415;26
2025;86288;26
2025;14093;26
2025;5000981;26
2025;1163738;26
2025;1314146;26
2025;15475;26
2025;5206;26
2025;5206;26
2025;3148;26
2025;66361;26
2025;11446;26
2025;49060;26
2025;49910;26
2025;12692;26
2025;99476;26
2025;1189778;26
2025;1185025;26
2025;19086;26
2025;20360;26
2025;54490;26
2025;1629;26
2025;12569;26
2025;8960;26
2025;5001033;26
2025;5206;26
2025;21542;26
2025;12569;26
2025;1173014;26
2025;1104264;26
2025;2695;26
2025;5000841;26
2025;9326;26
2025;1408259;26
2025;1179189;26
2025;72767;26
2025;11446;26
2025;2348;26
2025;1178672;26
2025;1267038;26
2025;18472;26
2025;1292725;26
2025;1321864;26
2025;90483;26
2025;120983;26
2025;5206;26
2025;1267038;26
2025;74655;26
2025;5206;26
2025;120983;26
2025;54490;26
2025;51835;26
2025;14563;26
2025;1193275;26
2025;87941;26
2025;39415;26
2025;90483;26
2025;14359;26
2025;1421013;26
2025;78256;26
2025;90059;26
2025;1135207;26
2025;5206;26
2025;97679;26
2025;75821;26
2025;9772;26
2025;5206;26
2025;49060;26
2025;1179501;26
2025;8554;26
2025;57402;26
2025;1180318;26
2025;9772;26
2025;9772;26
2025;57852;26
2025;38071;26
2025;1342505;26
2025;5206;26
2025;6496;26
2025;5000841;26
2025;87537;26
2025;1179501;26
2025;15343;26
2025;1108786;26
2025;1257548;26
2025;9772;26
2025;72669;26
2025;7676;26
2025;4503;26
2025;9772;26
2025;13424;26
2025;9772;26
2025;5206;26
2025;1179189;26
2025;14615;26
2025;38071;26
2025;1193264;26
2025;1214209;26
2025;99476;26
2025;16236;26
2025;1390317;26
2025;2304;26
2025;8960;26
2025;12569;26
2025;1185025;26
2025;5000001;26
2025;84352;26
2025;1327450;26
2025;1180318;26
2025;8437;26
2025;72417;26
2025;86288;26
2025;1029204;26
2025;5001314;26
2025;1421100;26
2025;5000841;26
2025;1879;26
2025;98406;26
2025;1408508;26
2025;6496;26
2025;14093;26
2025;1485621;26
2025;65114;26
2025;1102360;26
2025;7105;26
2025;1408505;26
2025;75821;26
2025;1408259;26
2025;1404416;26
2025;87941;26
2025;1179189;26
2025;1455021;26
2025;100958;26
2025;1108786;26
2025;57402;26
2025;85652;26
2025;59174;26
2025;10289;26
2025;108014;26
2025;87941;26
2025;1102360;26
2025;1109361;26
2025;19850;26
2025;12813;26
2025;1184060;26
2025;74594;26
2025;18472;26
2025;85652;26
2025;5206;26
2025;5909;26
2025;82224;26
2025;10224;26
2025;58412;26
2025;13723;26
2025;1879;26
2025;1108786;26
2025;1321864;26
2025;1342610;26
2025;5000812;26
2025;65924;26
2025;1050663;26
2025;4082;26
2025;100956;26
2025;48854;26
2025;1216474;26
2025;5000001;26
2025;16236;26
2025;1317634;26
2025;8437;26
2025;1261972;26
2025;90084;26
2025;1879;26
2025;107766;26
2025;11233;26
2025;14359;26
2025;90084;26
2025;16904;26
2025;1171609;26
2025;1178672;26
2025;14359;26
2025;11316;26
2025;1406536;26
2025;1189778;26
2025;84352;26
2025;1399616;26
2025;7705;26
2025;1258021;26
2025;758;26
2025;1408262;26
2025;84352;26
2025;12970;26
2025;1399482;26
2025;74655;26
2025;5206;26
2025;7705;26
2025;79007;26
2025;90483;26
2025;90084;26
2025;1483805;26
2025;54494;26
2025;53338;26
2025;9805;26
2025;1399479;26
2025;90084;26
2025;1278877;26
2025;90084;26
2025;108014;26
2025;5001183;26
2025;65114;26
2025;1349675;26
2025;4082;26
2025;5001294;26
2025;90084;26
2025;108882;26
2025;85652;26
2025;99476;26
2025;14093;26
2025;86288;26
2025;1399488;26
2025;20058;26
2025;90084;26
2025;57852;26
2025;1109361;26
2025;84352;26
2025;8554;26
2025;49910;26
2025;7676;26
2025;1168313;26
2025;90084;26
2025;57402;26
2025;1399618;26
2025;5000933;26
2025;1179189;26
2025;74594;26
2025;9805;26
2025;90084;26
2025;72669;26
2025;1202539;26
2025;1317634;26
2025;1202553;26
2025;1427419;26
2025;10591;26
2025;1349675;26
2025;6496;26
2025;1179189;26
2025;4720;26
2025;5920;26
2025;1399484;26
2025;758;26
2025;389;26
2025;1135207;26
2025;8437;26
2025;1399486;26
2025;1109361;26
2025;49910;26
2025;758;26
2025;5001033;26
2025;1486298;26
2025;1399485;26
2025;48854;26
2025;90084;26
2025;91219;26
2025;14359;26
2025;1179189;26
2025;5206;26
2025;69624;26
2025;8554;26
2025;1135207;26
2025;84408;26
2025;90483;26
2025;90091;26
2025;5909;26
2025;1438629;26
2025;1190621;26
2025;1458090;26
2025;8437;26
2025;11114;26
2025;1438629;26
2025;1146605;26
2025;1399481;26
2025;15343;26
2025;15783;26
2025;1427419;26
2025;20360;26
2025;100956;26
2025;1190621;26
2025;90084;26
2025;72667;26
2025;48854;26
2025;12569;26
2025;2304;26
2025;1190621;26
2025;90084;26
2025;37304;26
2025;57402;26
2025;1190621;26
2025;2695;26
2025;1190621;26
2025;1399614;26
2025;85652;26
2025;2304;26
2025;1390309;26
2025;303;26
2025;1190667;26
2025;90059;26
2025;2695;26
2025;1168313;26
2025;90084;26
2025;86288;26
2025;1190621;26
2025;108014;26
2025;1457503;26
2025;1179189;26
2025;14615;26
2025;90084;26
2025;5000812;26
2025;72669;26
2025;15475;26
2025;1399481;26
2025;5000933;26
2025;72663;26
2025;9326;26
2025;5001300;26
2025;69624;26
2025;72663;26
2025;1438629;26
2025;1342505;26
2025;5000001;26
2025;108882;26
2025;48854;26
2025;101228;26
2025;99476;26
2025;98406;26
2025;5000981;26
2025;1190621;26
2025;5000812;26
2025;1178672;26
2025;87537;26
2025;90084;26
2025;2304;26
2025;100956;26
2025;1330031;26
2025;1190621;26
2025;19434;26
2025;5000979;26
2025;1188127;26
2025;1190621;26
2025;1184432;26
2025;5001300;26
2025;1190621;26
2025;1427370;26
2025;72663;26
2025;11316;26
2025;1399478;26
2025;1438629;26
2025;5000841;26
2025;108014;26
2025;1408505;26
2025;4503;26
2025;4503;26
2025;868;26
2025;1190621;26
2025;1349675;26
2025;1180318;26
2025;1179189;26
2025;1438629;26
2025;5001033;26
2025;2304;26
2025;14563;26
2025;98406;26
2025;108014;26
2025;1399478;26
2025;1421100;26
2025;1179189;26
2025;72663;26
2025;5345;26
2025;303;26
2025;98406;26
2025;1190667;26
2025;1317634;26
2025;10222;26
2025;389;26
2025;1518;26
2025;1321864;26
2025;14359;26
2025;59174;26
2025;39415;26
2025;12813;26
2025;1399486;26
2025;12813;26
2025;2304;26
2025;5920;26
2025;86288;26
2025;98506;26
2025;2304;26
2025;78256;26
2025;9805;26
2025;5001033;26
2025;1397771;26
2025;1180318;26
2025;1261972;26
2025;2304;26
2025;2304;26
2025;1187646;26
2025;16236;26
2025;9988;26
2025;1349675;26
2025;65114;26
2025;3148;26
2025;1178672;26
2025;1408259;26
2025;5000001;26
2025;1178672;26
2025;79007;26
2025;2304;26
2025;2304;26
2025;9988;26
2025;2304;26
2025;72667;26
2025;4082;26
2025;1029204;26
2025;59414;26
2025;57402;26
2025;2304;26
2025;12015;26
2025;5000841;26
2025;1342449;26
2025;2304;26
2025;84408;26
2025;1202573;26
2025;18472;26
2025;16236;26
2025;5001033;26
2025;1399619;26
2025;20360;26
2025;1397773;26
2025;38071;26
2025;1202539;26
2025;12970;26
2025;2304;26
2025;93001;26
2025;1321864;26
2025;1200712;26
2025;8960;26
2025;1363536;26
2025;1321864;26
2025;1397773;26
2025;14234;26
2025;19206;26
2025;1193275;26
2025;2304;26
2025;78256;26
2025;85652;26
2025;1292713;26
2025;5001466;26
2025;1455021;26
2025;15783;26
2025;5001033;26
2025;72681;26
2025;1104264;26
2025;57402;26
2025;1406536;26
2025;1438629;26
2025;78256;26
2025;1029204;26
2025;12;26
2025;51835;26
2025;1179189;26
2025;39415;26
2025;1104264;26
2025;18594;26
2025;72669;26
2025;1399481;26
2025;1163738;26
2025;11114;26
2025;54494;26
2025;13723;26
2025;1385521;26
2025;1189778;26
2025;1725;26
2025;1408509;26
2025;5000841;26
2025;3677;26
2025;1448710;26
2025;8554;26
2025;72767;26
2025;71859;26
2025;1108786;26
2025;5001033;26
2025;65114;26
2025;84352;26
2025;71859;26
2025;72767;26
2025;1178524;26
2025;2392;26
2025;1427370;26
2025;5000979;26
2025;98409;26
2025;1180318;26
2025;85652;26
2025;15783;26
2025;9772;26
2025;39415;26
2025;12345;26
2025;3148;26
2025;5000930;26
2025;4082;26
2025;1257562;26
2025;69464;26
2025;14563;26
2025;11114;26
2025;1334344;26
2025;1179189;26
2025;1190280;26
2025;1257524;26
2025;14975;26
2025;1216474;26
2025;2392;26
2025;108884;26
2025;1399479;26
2025;108014;26
2025;1029763;26
2025;72669;26
2025;8960;26
2025;1879;26
2025;1399489;26
2025;5000001;26
2025;14563;26
2025;74655;26
2025;19850;26
2025;1439;26
2025;1427370;26
2025;98406;26
2025;98406;26
2025;5000979;26
2025;12970;26
2025;5000979;26
2025;12813;26
2025;8437;26
2025;1102360;26
2025;49910;26
2025;5000841;26
2025;1108153;26
2025;1879;26
2025;12;26
2025;11114;26
2025;1278877;26
2025;1317634;26
2025;7676;26
2025;121850;26
2025;1399483;26
2025;150039;26
2025;5000930;26
2025;18605;26
2025;98406;26
2025;8960;26
2025;85586;26
2025;1258023;26
2025;1261972;26
2025;1108786;26
2025;5001167;26
2025;1202553;26
2025;14615;26
2025;1317634;26
2025;15783;26
2025;1178524;26
2025;11316;26
2025;5909;26
2025;69464;26
2025;9996;26
2025;1200578;26
2025;72669;26
2025;4082;26
2025;71689;26
2025;1445016;26
2025;58412;26
2025;18605;26
2025;69464;26
2025;1419799;26
2025;5001300;26
2025;2695;26
2025;8554;26
2025;1448710;26
2025;12569;26
2025;1292917;26
2025;7705;26
2025;2392;26
2025;12970;26
2025;1178524;26
2025;15783;26
2025;12813;26
2025;5001101;26
2025;1192047;26
2025;1178524;26
2025;1427370;26
2025;1342536;26
2025;1445016;26
2025;57402;26
2025;1292713;26
2025;1163738;26
2025;1193264;26
2025;5001183;26
2025;5000979;26
2025;5001183;26
2025;1406536;26
2025;1187646;26
2025;20249;26
2025;49060;26
2025;66248;26
2025;107766;26
2025;1390317;26
2025;1185903;26
2025;4503;26
2025;9326;26
2025;98406;26
2025;1163738;26
2025;120983;26
2025;1399615;26
2025;5920;26
2025;2918;26
2025;90059;26
2025;7676;26
2025;10224;26
2025;5001183;26
2025;1292869;26
2025;98406;26
2025;1216474;26
2025;100958;26
2025;5001033;26
2025;8960;26
2025;14359;26
2025;1200578;26
2025;1385521;26
2025;51835;26
2025;1342537;26
2025;90847;26
2025;90847;26
2025;90847;26
2025;90847;26
2025;1399477;26
2025;57852;26
2025;85586;26
2025;90847;26
2025;75821;26
2025;66361;26
2025;5000979;26
2025;14563;26
2025;14615;26
2025;13866;26
2025;72663;26
2025;1427419;26
2025;1342536;26
2025;108014;26
2025;1483768;26
2025;1725;26
2025;90059;26
2025;14234;26
2025;5000933;26
2025;1408504;26
2025;8554;26
2025;9988;26
2025;12345;26
2025;72767;26
2025;57402;26
2025;1193275;26
2025;1178672;26
2025;150039;26
2025;69464;26
2025;1029204;26
2025;82224;26
2025;14725;26
2025;54490;26
2025;54490;26
2025;18447;26
2025;9988;26
2025;1168313;26
2025;7676;26
2025;100958;26
2025;71689;26
2025;16236;26
2025;5000933;26
2025;12692;26
2025;1026;26
2025;1330031;26
2025;5000979;26
2025;90847;26
2025;1135207;26
2025;1421013;26
2025;14615;26
2025;1397773;26
2025;1397773;26
2025;12970;26
2025;3148;26
2025;1179189;26
2025;18594;26
2025;16904;26
2025;1408262;26
2025;2695;26
2025;82224;26
2025;100958;26
2025;5001300;26
2025;1399485;26
2025;13996;26
2025;1399618;26
2025;1390317;26
2025;8960;26
2025;1399482;26
2025;9988;26
2025;5001466;26
2025;1349675;26
2025;8437;26
2025;14234;26
2025;1399481;26
2025;1399487;26
2025;13200;26
2025;87941;26
2025;4503;26
2025;1390309;26
2025;1725;26
2025;1399477;26
2025;4503;26
2025;5909;26
2025;1107;26
2025;51835;26
2025;1178672;26
2025;1518;26
2025;8960;26
2025;1193275;26
2025;90847;26
2025;1477973;26
2025;75821;26
2025;14975;26
2025;51835;26
2025;11114;26
2025;5000001;26
2025;82224;26
2025;18594;26
2025;1168313;26
2025;14563;26
2025;1107;26
2025;1193759;26
2025;100956;26
2025;1390317;26
2025;14615;26
2025;82224;26
2025;57402;26
2025;12569;26
2025;9988;26
2025;1363536;26
2025;1385538;26
2025;57402;26
2025;1278877;26
2025;1292869;26
2025;1397772;26
2025;58412;26
2025;38071;26
2025;12569;26
2025;100958;26
2025;1390317;26
2025;1390309;26
2025;1363536;26
2025;15343;26
2025;758;26
2025;1163738;26
2025;1202573;26
2025;1029204;26
2025;72681;26
2025;57852;26
2025;1187646;26
2025;54490;26
2025;14975;26
2025;66361;26
2025;1202588;26
2025;18594;26
2025;5909;26
2025;5000841;26
2025;84408;26
2025;78256;26
2025;90483;26
2025;15343;26
2025;91399;26
2025;5000930;26
2025;59414;26
2025;1427370;26
2025;1192237;26
2025;84408;26
2025;1136509;26
2025;1445016;26
2025;1264844;26
2025;98409;26
2025;86356;26
2025;59174;26
2025;1258023;26
2025;107766;26
2025;57852;26
2025;64918;26
2025;97679;26
2025;97679;26
2025;14234;26
2025;19086;26
2025;103596;26
2025;1026;26
2025;13723;26
2025;1185076;26
2025;1349675;26
2025;1448710;26
2025;1188900;26
2025;57402;26
2025;91219;26
2025;1408508;26
2025;121850;26
2025;1173014;26
2025;108014;26
2025;1421013;26
2025;14975;26
2025;5001183;26
2025;1477973;26
2025;1292869;26
2025;1179501;26
2025;7676;26
2025;1185076;26
2025;19434;26
2025;82224;26
2025;9326;26
2025;1334344;26
2025;90059;26
2025;1292869;26
2025;12569;26
2025;66248;26
2025;18594;26
2025;82224;26
2025;1399481;26
2025;12970;26
2025;11114;26
2025;8554;26
2025;21542;26
2025;13453;26
2025;1385538;26
2025;1349675;26
2025;1879;26
2025;11114;26
2025;97679;26
2025;5001033;26
2025;5001033;26
2025;1183958;26
2025;1427370;26
2025;1108786;26
2025;14563;26
2025;1108786;26
2025;18605;26
2025;66361;26
2025;1518;26
2025;14359;26
2025;13453;26
2025;389;26
2025;82224;26
2025;121850;26
2025;1292917;26
2025;1136509;26
2025;1439;26
2025;1292725;26
2025;1264844;26
2025;5000930;26
2025;7676;26
2025;1390317;26
2025;5001183;26
2025;1390317;26
2025;14563;26
2025;11114;26
2025;8437;26
2025;13200;26
2025;1184060;26
2025;1483773;26
2025;1257777;26
2025;84352;26
2025;1185076;26
2025;16236;26
2025;12015;26
2025;20249;26
2025;1184325;26
2025;14093;26
2025;12015;26
2025;1327450;26
2025;1136509;26
2025;1421013;26
2025;1342536;26
2025;13424;26
2025;12345;26
2025;10591;26
2025;5000001;26
2025;74655;26
2025;14093;26
2025;16236;26
2025;1390309;26
2025;12970;26
2025;108014;26
2025;5000001;26
2025;18594;26
2025;90483;26
2025;37304;26
2025;13866;26
2025;12015;26
2025;1408259;26
2025;5000979;26
2025;11233;26
2025;2348;26
2025;65114;26
2025;1185903;26
2025;12970;26
2025;14359;26
2025;1180318;26
2025;1399477;26
2025;1068548;26
2025;5000001;26
2025;5000979;26
2025;5920;26
2025;79007;26
2025;85652;26
2025;65114;26
2025;1171609;26
2025;1427370;26
2025;5000931;26
2025;100688;26
2025;21542;26
2025;5000931;26
2025;85652;26
2025;1483805;26
2025;1518495;26
2025;1427370;26
2025;8960;26
2025;5345;26
2025;1408261;26
2025;9996;26
2025;78256;26
2025;14725;26
2025;1330031;26
2025;1135207;26
2025;5001183;26
2025;86356;26
2025;5000931;26
2025;3677;26
2025;1419799;26
2025;1427419;26
2025;3677;26
2025;2695;26
2025;7705;26
2025;1457006;26
2025;7414;26
2025;12345;26
2025;1202539;26
2025;5000979;26
2025;1399618;26
2025;1102360;26
2025;1292917;26
2025;1190667;26
2025;15343;26
2025;5000001;26
2025;65114;26
2025;121850;26
2025;1399615;26
2025;1029763;26
2025;7705;26
2025;7705;26
2025;1427370;26
2025;11233;26
2025;1163738;26
2025;2304;26
2025;1399481;26
2025;758;26
2025;13723;26
2025;86288;26
2025;1029204;26
2025;1399616;26
2025;5000001;26
2025;1390309;26
2025;1408509;26
2025;1385538;26
2025;14975;26
2025;12970;26
2025;1313341;26
2025;1408504;26
2025;14615;26
2025;1178672;26
2025;13200;26
2025;14975;26
2025;1399478;26
2025;1026;26
2025;4503;26
2025;100956;26
2025;1026;26
2025;1292725;26
2025;1261972;26
2025;1202547;26
2025;1185025;26
2025;20249;26
2025;1202573;26
2025;86288;26
2025;5000812;26
2025;1173014;26
2025;84408;26
2025;60660;26
2025;1385538;26
2025;12813;26
2025;14093;26
2025;1183313;26
2025;72681;26
2025;1059179;26
2025;59174;26
2025;1188900;26
2025;1173014;26
2025;65114;26
2025;1173014;26
2025;100956;26
2025;1363536;26
2025;1178524;26
2025;72669;26
2025;12569;26
2025;74655;26
2025;140;26
2025;1188900;26
2025;1173014;26
2025;1173014;26
2025;65114;26
2025;21542;26
2025;5001183;26
2025;72669;26
2025;87537;26
2025;484;26
2025;90091;26
2025;1173014;26
2025;1292713;26
2025;5000933;26
2025;10591;26
2025;1487290;26
2025;13200;26
2025;1363536;26
2025;12015;26
2025;2348;26
2025;1202553;26
2025;57402;26
2025;20058;26
2025;108882;26
2025;5000812;26
2025;58412;26
2025;1330031;26
2025;7414;26
2025;86356;26
2025;7414;26
2025;1185903;26
2025;1216474;26
2025;15839;26
2025;1109361;26
2025;10222;26
2025;5001300;26
2025;1108281;26
2025;1399485;26
2025;1487491;26
2025;20360;26
2025;12015;26
2025;7676;26
2025;1321864;26
2025;13996;26
2025;1399615;26
2025;5000812;26
2025;18594;26
2025;1725;26
2025;7837;26
2025;5909;26
2025;13866;26
2025;7414;26
2025;72667;26
2025;12970;26
2025;1327450;26
2025;108014;26
2025;5000001;26
2025;49060;26
2025;2918;26
2025;65924;26
2025;1184432;26
2025;1390309;26
2025;15475;26
2025;1399480;26
2025;65114;26
2025;20360;26
2025;1184047;26
2025;1399614;26
2025;9326;26
2025;1518495;26
2025;91219;26
2025;1330031;26
2025;1321864;26
2025;98406;26
2025;4082;26
2025;8960;26
2025;1385538;26
2025;64706;26
2025;1059179;26
2025;1257777;26
2025;1059179;26
2025;1278877;26
2025;1059179;26
2025;79007;26
2025;13200;26
2025;57852;26
2025;1108786;26
2025;8698;26
2025;18605;26
2025;5000930;26
2025;90091;26
2025;1439;26
2025;1059179;26
2025;1385538;26
2025;1399479;26
2025;1321864;26
2025;1399478;26
2025;1184432;26
2025;8960;26
2025;1334344;26
2025;64706;26
2025;100956;26
2025;4082;26
2025;6496;26
2025;8960;26
2025;1399478;26
2025;1408259;26
2025;16904;26
2025;59414;26
2025;100956;26
2025;72669;26
2025;1168313;26
2025;13723;26
2025;5000979;26
2025;1399616;26
2025;8698;26
2025;1200712;26
2025;1399478;26
2025;1168313;26
2025;78256;26
2025;100956;26
2025;1257562;26
2025;1349675;26
2025;1200578;26
2025;1190667;26
2025;13424;26
2025;1399614;26
2025;1202573;26
2025;16904;26
2025;1178524;26
2025;1725;26
2025;5000841;26
2025;14725;26
2025;1483773;26
2025;11114;26
2025;1191415;26
2025;1390317;26
2025;69624;26
2025;100688;26
2025;69624;26
2025;1445016;26
2025;1483773;26
2025;1390309;26
2025;51835;26
2025;13866;26
2025;65114;26
2025;5000980;26
2025;1068548;26
2025;15783;26
2025;1102360;26
2025;1173014;26
2025;12970;26
2025;1102360;26
2025;9805;26
2025;100956;26
2025;97679;26
2025;57402;26
2025;65114;26
2025;1264844;26
2025;1408504;26
2025;86356;26
2025;2304;26
2025;13286;26
2025;18594;26
2025;10222;26
2025;93001;26
2025;86356;26
2025;72675;26
2025;12015;26
2025;86356;26
2025;1399618;26
2025;1483773;26
2025;1184432;26
2025;5001294;26
2025;1879;26
2025;18594;26
2025;100956;26
2025;72681;26
2025;5345;26
2025;1185025;26
2025;64706;26
2025;1399480;26
2025;11316;26
2025;12345;26
2025;1408508;26
2025;5001300;26
2025;69464;26
2025;72663;26
2025;121850;26
2025;1136509;26
2025;51699;26
2025;1408504;26
2025;7105;26
2025;7414;26
2025;98506;26
2025;7676;26
2025;1385538;26
2025;1427420;26
2025;97679;26
2025;107666;26
2025;90483;26
2025;86288;26
2025;113504;26
2025;64918;26
2025;1399618;26
2025;1136509;26
2025;21542;26
2025;1399614;26
2025;48854;26
2025;1390309;26
2025;1108281;26
2025;6496;26
2025;1136509;26
2025;1404416;26
2025;13200;26
2025;87941;26
2025;7414;26
2025;16904;26
2025;1179501;26
2025;8554;26
2025;13453;26
2025;5000933;26
2025;5000981;26
2025;113504;26
2025;11233;26
2025;1136509;26
2025;1322329;26
2025;7414;26
2025;54490;26
2025;1408261;26
2025;12;26
2025;11114;26
2025;87537;26
2025;12;26
2025;1136509;26
2025;82224;26
2025;14975;26
2025;1399478;26
2025;13286;26
2025;60660;26
2025;49060;26
2025;16236;26
2025;1408259;26
2025;1317634;26
2025;1334344;26
2025;1483773;26
2025;12345;26
2025;18447;26
2025;5000979;26
2025;1483773;26
2025;16236;26
2025;14975;26
2025;1385538;26
2025;4720;26
2025;1202539;26
2025;72417;26
2025;98506;26
2025;868;26
2025;1406536;26
2025;1257777;26
2025;11446;26
2025;85586;26
2025;1399618;26
2025;1879;26
2025;6496;26
2025;65114;26
2025;1408509;26
2025;12813;26
2025;7676;26
2025;10591;26
2025;86288;26
2025;1399488;26
2025;5000001;26
2025;1419799;26
2025;7105;26
2025;140;26
2025;1184432;26
2025;1421013;26
2025;37304;26
2025;1342610;26
2025;100958;26
2025;11446;26
2025;1202539;26
2025;100956;26
2025;1483773;26
2025;1399618;26
2025;1399488;26
2025;19434;26
2025;19294;26
2025;1408259;26
2025;58412;26
2025;10222;26
2025;1330031;26
2025;64918;26
2025;90059;26
2025;1518;26
2025;98406;26
2025;1029204;26
2025;120983;26
2025;7676;26
2025;5000981;26
2025;1026;26
2025;1390317;26
2025;1185903;26
2025;108014;26
2025;98406;26
2025;93001;26
2025;8554;26
2025;98406;26
2025;99476;26
2025;97679;26
2025;1445016;26
2025;5001183;26
2025;11233;26
2025;1399618;26
2025;91219;26
2025;13453;26
2025;13200;26
2025;1327450;26
2025;98406;26
2025;1188900;26
2025;72669;26
2025;82224;26
2025;1278877;26
2025;1185903;26
2025;1399618;26
2025;58412;26
2025;1408507;26
2025;72669;26
2025;1178524;26
2025;100958;26
2025;12;26
2025;91399;26
2025;868;26
2025;5000931;26
2025;5000841;26
2025;1202588;26
2025;1399477;26
2025;18605;26
2025;18594;26
2025;1192047;26
2025;12569;26
2025;1390317;26
2025;5000931;26
2025;86356;26
2025;91219;26
2025;74655;26
2025;1202539;26
2025;9805;26
2025;1188900;26
2025;87941;26
2025;1390309;26
2025;19206;26
2025;1342537;26
2025;6711;26
2025;10289;26
2025;1427370;26
2025;10289;26
2025;120983;26
2025;5001300;26
2025;1427370;26
2025;1108281;26
2025;1342449;26
2025;1180318;26
2025;100688;26
2025;7414;26
2025;10224;26
2025;1192188;26
2025;66248;26
2025;4503;26
2025;64918;26
2025;1439;26
2025;20058;26
2025;1390309;26
2025;1178524;26
2025;57402;26
2025;1178524;26
2025;9996;26
2025;1327450;26
2025;64918;26
2025;1292725;26
2025;12692;26
2025;72767;26
2025;101228;26
2025;1188900;26
2025;1173014;26
2025;16904;26
2025;21542;26
2025;72675;26
2025;1399482;26
2025;100956;26
2025;1390317;26
2025;54490;26
2025;868;26
2025;13424;26
2025;1399478;26
2025;1108281;26
2025;1026;26
2025;13286;26
2025;1486822;26
2025;868;26
2025;64918;26
2025;12970;26
2025;59174;26
2025;1188900;26
2025;86288;26
2025;21542;26
2025;79007;26
2025;868;26
2025;1257562;26
2025;1276878;26
2025;74655;26
2025;51835;26
2025;5000979;26
2025;99476;26
2025;20360;26
2025;1317634;26
2025;14975;26
2025;868;26
2025;1390317;26
2025;7676;26
2025;5000931;26
2025;1189778;26
2025;107766;26
2025;1317634;26
2025;1180318;26
2025;19086;26
2025;1202553;26
2025;82224;26
2025;1292917;26
2025;1189778;26
2025;57852;26
2025;1397772;26
2025;91219;26
2025;1171609;26
2025;1399618;26
2025;14359;26
2025;1257524;26
2025;758;26
2025;69624;26
2025;1292917;26
2025;82224;26
2025;85652;26
2025;1188900;26
2025;868;26
2025;14563;26
2025;1314146;26
2025;1184325;26
2025;10591;26
2025;66248;26
2025;10224;26
2025;16236;26
2025;1485621;26
2025;303;26
2025;1427370;26
2025;7676;26
2025;11446;26
2025;1200578;26
2025;121850;26
2025;5001183;26
2025;13286;26
2025;98406;26
2025;13200;26
2025;14563;26
2025;484;26
2025;1419799;26
2025;6496;26
2025;5000979;26
2025;13424;26
2025;49060;26
2025;9996;26
2025;14615;26
2025;1190280;26
2025;1292917;26
2025;12569;26
2025;14359;26
2025;4720;26
2025;13200;26
2025;1439;26
2025;1292869;26
2025;1342449;26
2025;15475;26
2025;10591;26
2025;38071;26
2025;12569;26
2025;1399479;26
2025;389;26
2025;15475;26
2025;14234;26
2025;100688;26
2025;1257562;26
2025;140;26
2025;1257562;26
2025;1317634;26
2025;103596;26
2025;1185903;26
2025;1202553;26
2025;85652;26
2025;5001167;26
2025;82224;26
2025;1202553;26
2025;100956;26
2025;1399480;26
2025;1399618;26
2025;16904;26
2025;78256;26
2025;5001294;26
2025;1342536;26
2025;1399618;26
2025;1453564;26
2025;1399478;26
2025;1185076;26
2025;1408504;26
2025;1518;26
2025;1334344;26
2025;87537;26
2025;1187646;26
2025;1185076;26
2025;12970;26
2025;99476;26
2025;1184047;26
2025;758;26
2025;90483;26
2025;18594;26
2025;12970;26
2025;54490;26
2025;4082;26
2025;87941;26
2025;1163738;26
2025;1108153;26
2025;5000979;26
2025;5000930;26
2025;11316;26
2025;5000930;26
2025;1313341;26
2025;1448710;26
2025;1261972;26
2025;5000841;26
2025;10591;26
2025;1438629;26
2025;13723;26
2025;90483;26
2025;5000930;26
2025;72681;26
2025;16236;26
2025;12970;26
2025;90483;26
2025;49060;26
2025;1107;26
2025;18605;26
2025;1349675;26
2025;1390317;26
2025;11114;26
2025;1102360;26
2025;97679;26
2025;1214209;26
2025;1178672;26
2025;100958;26
2025;5909;26
2025;98406;26
2025;1439;26
2025;71689;26
2025;1189778;26
2025;5000841;26
2025;5000841;26
2025;2918;26
2025;1397773;26
2025;12813;26
2025;1179501;26
2025;1261972;26
2025;4082;26
2025;1136509;26
2025;10289;26
2025;1342537;26
2025;13286;26
2025;57402;26
2025;1427370;26
2025;1439;26
2025;18447;26
2025;12970;26
2025;5001101;26
2025;15783;26
2025;1399485;26
2025;90091;26
2025;1399477;26
2025;10224;26
2025;1477973;26
2025;5000812;26
2025;60660;26
2025;60660;26
2025;4082;26
2025;5001300;26
2025;14725;26
2025;65114;26
2025;1278877;26
2025;1399485;26
2025;1408259;26
2025;65114;26
2025;5000979;26
2025;15343;26
2025;1136509;26
2025;12569;26
2025;12015;26
2025;18594;26
2025;75821;26
2025;19294;26
2025;5001294;26
2025;108882;26
2025;13286;26
2025;1399489;26
2025;1327450;26
2025;5001427;26
2025;1214209;26
2025;1457503;26
2025;7676;26
2025;12692;26
2025;1439;26
2025;11233;26
2025;5001427;26
2025;51835;26
2025;10289;26
2025;1399485;26
2025;9996;26
2025;86288;26
2025;14725;26
2025;1487491;26
2025;97679;26
2025;12569;26
2025;1184432;26
2025;5001300;26
2025;97679;26
2025;37304;26
2025;8554;26
2025;1342449;26
2025;48854;26
2025;1399485;26
2025;1486822;26
2025;1108281;26
2025;99476;26
2025;120983;26
2025;1178672;26
2025;1178672;26
2025;71689;26
2025;12970;26
2025;1397771;26
2025;98406;26
2025;1026;26
2025;13103;26
2025;1108786;26
2025;13601;26
2025;65114;26
2025;1108786;26
2025;1184325;26
2025;1445016;26
2025;10222;26
2025;13200;26
2025;1200712;26
2025;1185076;26
2025;14725;26
2025;13103;26
2025;91219;26
2025;1448710;26
2025;72767;26
2025;12970;26
2025;19086;26
2025;91219;26
2025;5001101;26
2025;11316;26
2025;1457503;26
2025;18594;26
2025;1102360;26
2025;12345;26
2025;1399478;26
2025;12970;26
2025;11114;26
2025;91219;26
2025;66361;26
2025;5001466;26
2025;1399489;26
2025;66361;26
2025;18447;26
2025;87537;26
2025;14234;26
2025;9996;26
2025;10222;26
2025;12970;26
2025;15343;26
2025;1397772;26
2025;72417;26
2025;5345;26
2025;1465625;26
2025;1200578;26
2025;150039;26
2025;1406536;26
2025;1276878;26
2025;18447;26
2025;1190280;26
2025;91219;26
2025;12970;26
2025;7676;26
2025;2695;26
2025;13286;26
2025;8554;26
2025;57852;26
2025;1050663;26
2025;1193264;26
2025;100956;26
2025;1399617;26
2025;21542;26
2025;5909;26
2025;4720;26
2025;1342537;26
2025;12692;26
2025;1399478;26
2025;1136509;26
2025;14975;26
2025;12813;26
2025;7676;26
2025;1168313;26
2025;1108786;26
2025;1188127;26
2025;85586;26
2025;90059;26
2025;11446;26
2025;100688;26
2025;18594;26
2025;80037;26
2025;7705;26
2025;107666;26
2025;5001183;26
2025;9326;26
2025;11316;26
2025;14725;26
2025;4503;26
2025;121850;26
2025;1191415;26
2025;1879;26
2025;1192047;26
2025;1168313;26
2025;1408507;26
2025;14563;26
2025;9326;26
2025;100956;26
2025;1486822;26
2025;1178672;26
2025;1385538;26
2025;4503;26
2025;21542;26
2025;10591;26
2025;72767;26
2025;1184432;26
2025;90059;26
2025;12345;26
2025;84352;26
2025;1419799;26
2025;389;26
2025;5001294;26
2025;5001466;26
2025;1314146;26
2025;4082;26
2025;1397772;26
2025;1190667;26
2025;4503;26
2025;58412;26
2025;5000812;26
2025;5001466;26
2025;14093;26
2025;91219;26
2025;1399614;26
2025;3148;26
2025;1193275;26
2025;121850;26
2025;13286;26
2025;5001183;26
2025;66248;26
2025;1399478;26
2025;5000933;26
2025;1399618;26
2025;14093;26
2025;18605;26
2025;1445016;26
2025;1399488;26
2025;97679;26
2025;12970;26
2025;12813;26
2025;18605;26
2025;86288;26
2025;103596;26
2025;1184047;26
2025;9326;26
2025;1180318;26
2025;91219;26
2025;11233;26
2025;13723;26
2025;64706;26
2025;1178524;26
2025;18594;26
2025;1438629;26
2025;15343;26
2025;12692;26
2025;1408261;26
2025;1189778;26
2025;1421100;26
2025;1202573;26
2025;1278877;26
2025;1178524;26
2025;12692;26
2025;14563;26
2025;5000930;26
2025;18447;26
2025;12569;26
2025;10224;26
2025;87941;26
2025;5000930;26
2025;14615;26
2025;1068548;26
2025;1408505;26
2025;1399488;26
2025;15783;26
2025;5000841;26
2025;11316;26
2025;13866;26
2025;90059;26
2025;1399479;26
2025;18472;26
2025;7676;26
2025;14563;26
2025;1188127;26
2025;1068548;26
2025;4082;26
2025;1136509;26
2025;1292726;26
2025;13866;26
2025;18447;26
2025;1108786;26
2025;1202573;26
2025;103596;26
2025;65924;26
2025;12569;26
2025;91219;26
2025;12692;26
2025;1399479;26
2025;103596;26
2025;5001466;26
2025;12015;26
2025;98409;26
2025;1168313;26
2025;1178524;26
2025;1342449;26
2025;1317634;26
2025;1257777;26
2025;1292726;26
2025;99476;26
2025;1399489;26
2025;93001;26
2025;5000979;26
2025;93001;26
2025;1108153;26
2025;1258021;26
2025;91219;26
2025;1202573;26
2025;5001427;26
2025;18594;26
2025;1465625;26
2025;2392;26
2025;12569;26
2025;1278877;26
2025;1342537;26
2025;303;26
2025;13286;26
2025;65114;26
2025;1399484;26
2025;1404416;26
2025;5001294;26
2025;1342505;26
2025;1399482;26
2025;20249;26
2025;12015;26
2025;13286;26
2025;13723;26
2025;303;26
2025;1136509;26
2025;12569;26
2025;1879;26
2025;7676;26
2025;87537;26
2025;1317634;26
2025;12970;26
2025;12970;26
2025;90483;26
2025;5001466;26
2025;91399;26
2025;87537;26
2025;8554;26
2025;6496;26
2025;93001;26
2025;103596;26
2025;10289;26
2025;9772;26
2025;1189778;26
2025;1184047;26
2025;1399478;26
2025;13996;26
2025;868;26
2025;5001101;26
2025;93001;26
2025;1485621;26
2025;1026;26
2025;20058;26
2025;1399617;26
2025;13424;26
2025;1171609;26
2025;7837;26
2025;93001;26
2025;3677;26
2025;72667;26
2025;13424;26
2025;9988;26
2025;1399479;26
2025;1257562;26
2025;1390317;26
2025;1349675;26
2025;1257777;26
2025;1202573;26
2025;1188127;26
2025;12970;26
2025;18594;26
2025;12692;26
2025;9805;26
2025;15839;26
2025;1321864;26
2025;1188127;26
2025;1342505;26
2025;1399618;26
2025;12569;26
2025;1399478;26
2025;12015;26
2025;1026;26
2025;4503;26
2025;1427370;26
2025;12569;26
2025;19206;26
2025;10222;26
2025;12015;26
2025;1188127;26
2025;59174;26
2025;1180318;26
2025;1135207;26
2025;10591;26
2025;13200;26
2025;49060;26
2025;1419799;26
2025;1188127;26
2025;1202546;26
2025;19086;26
2025;1188127;26
2025;1193759;26
2025;1188127;26
2025;1026;26
2025;1408507;26
2025;1342505;26
2025;18594;26
2025;1108786;26
2025;1408507;26
2025;1188127;26
2025;1292713;26
2025;12;26
2025;1342449;26
2025;1292713;26
2025;1342610;26
2025;1188127;26
2025;108014;26
2025;4503;26
2025;1188127;26
2025;12970;26
2025;1257777;26
2025;4503;26
2025;1390317;26
2025;1457006;26
2025;1188849;26
2025;60660;26
2025;1188127;26
2025;1334344;26
2025;13723;26
2025;1188127;26
2025;5000841;26
2025;18472;26
2025;1349675;26
2025;90059;26
2025;11316;26
2025;1292917;26
2025;1261972;26
2025;1421100;26
2025;5000978;26
2025;1399482;26
2025;86288;26
2025;1292917;26
2025;1188127;26
2025;11114;26
2025;100688;26
2025;1458090;26
2025;5001183;26
2025;1349675;26
2025;65114;26
2025;4082;26
2025;100956;26
2025;1397773;26
2025;72681;26
2025;1399481;26
2025;9996;26
2025;19206;26
2025;1445016;26
2025;1397771;26
2025;1385538;26
2025;49060;26
2025;1399478;26
2025;6496;26
2025;1399618;26
2025;1292917;26
2025;78256;26
2025;1184047;26
2025;1292869;26
2025;1408508;26
2025;8554;26
2025;108014;26
2025;1397773;26
2025;90059;26
2025;1188127;26
2025;7105;26
2025;72417;26
2025;93001;26
2025;1334344;26
2025;14615;26
2025;1438629;26
2025;5000930;26
2025;13996;26
2025;14234;26
2025;3148;26
2025;2918;26
2025;4082;26
2025;14359;26
2025;93001;26
2025;1465625;26
2025;1188127;26
2025;1421013;26
2025;78256;26
2025;18605;26
2025;1190280;26
2025;49910;26
2025;113504;26
2025;13723;26
2025;1399481;26
2025;1349675;26
2025;1314146;26
2025;1725;26
2025;3148;26
2025;7676;26
2025;1135207;26
2025;20058;26
2025;1178524;26
2025;1399615;26
2025;1342536;26
2025;1399617;26
2025;1163738;26
2025;1184325;26
2025;15343;26
2025;1445016;26
2025;1327450;26
2025;13996;26
2025;98506;26
2025;13866;26
2025;72417;26
2025;72417;26
2025;1050663;26
2025;20360;26
2025;1202588;26
2025;54494;26
2025;1390317;26
2025;1363536;26
2025;90059;26
2025;5001466;26
2025;1292869;26
2025;14975;26
2025;1317634;26
2025;65114;26
2025;13200;26
2025;2392;26
2025;108882;26
2025;1390311;26
2025;5001466;26
2025;7837;26
2025;10222;26
2025;1445016;26
2025;1185076;26
2025;1439;26
2025;1188900;26
2025;20249;26
2025;7837;26
2025;1193264;26
2025;5001294;26
2025;87537;26
2025;1334344;26
2025;1399618;26
2025;1190280;26
2025;12345;26
2025;484;26
2025;1314146;26
2025;12;26
2025;108884;26
2025;1438629;26
2025;108884;26
2025;71859;26
2025;14563;26
2025;5001466;26
2025;14234;26
2025;1317634;26
2025;1445016;26
2025;5001466;26
2025;1629;26
2025;16904;26
2025;1202573;26
2025;1108281;26
2025;1518;26
2025;72669;26
2025;1184325;26
2025;140;26
2025;90059;26
2025;1184325;26
2025;93001;26
2025;5001466;26
2025;113504;26
2025;1445016;26
2025;1202546;26
2025;11114;26
2025;5001466;26
2025;5001294;26
2025;9326;26
2025;1267038;26
2025;18594;26
2025;1108786;26
2025;66361;26
2025;1163738;26
2025;1108153;26
2025;85586;26
2025;84408;26
2025;1427419;26
2025;1342536;26
2025;8437;26
2025;2918;26
2025;1342449;26
2025;71859;26
2025;1390317;26
2025;12015;26
2025;11316;26
2025;12569;26
2025;121850;26
2025;7676;26
2025;1406536;26
2025;7676;26
2025;19206;26
2025;5001341;26
2025;13601;26
2025;9996;26
2025;66361;26
2025;14975;26
2025;1184325;26
2025;72675;26
2025;11114;26
2025;11316;26
2025;13286;26
2025;13866;26
2025;5001466;26
2025;12692;26
2025;1314146;26
2025;1314146;26
2025;1108786;26
2025;14615;26
2025;54490;26
2025;13996;26
2025;2918;26
2025;13200;26
2025;7837;26
2025;5001294;26
2025;12569;26
2025;59174;26
2025;1399478;26
2025;14359;26
2025;1108281;26
2025;1487290;26
2025;1108281;26
2025;5000979;26
2025;93001;26
2025;13286;26
2025;12813;26
2025;7705;26
2025;14563;26
2025;79007;26
2025;5001294;26
2025;16236;26
2025;13866;26
2025;1192047;26
2025;1183958;26
2025;19850;26
2025;1108153;26
2025;1292869;26
2025;1330031;26
2025;1330031;26
2025;1264844;26
2025;1399617;26
2025;14563;26
2025;14725;26
2025;13200;26
2025;72669;26
2025;57402;26
2025;1408262;26
2025;100956;26
2025;2695;26
2025;1399483;26
2025;84408;26
2025;1192047;26
2025;1404416;26
2025;3418;26
2025;1397773;26
2025;1180318;26
2025;14359;26
2025;59174;26
2025;2918;26
2025;121850;26
2025;103596;26
2025;15839;26
2025;57402;26
2025;15839;26
2025;12970;26
2025;150039;26
2025;65114;26
2025;1399480;26
2025;7676;26
2025;78256;26
2025;49910;26
2025;84408;26
2025;1349675;26
2025;1314146;26
2025;100956;26
2025;5001294;26
2025;5000812;26
2025;11114;26
2025;5001294;26
2025;1185076;26
2025;1408259;26
2025;1188900;26
2025;1390317;26
2025;1188900;26
2025;38071;26
2025;14563;26
2025;90059;26
2025;4503;26
2025;54490;26
2025;19434;26
2025;1399480;26
2025;1314146;26
2025;2918;26
2025;1185076;26
2025;2918;26
2025;14234;26
2025;2918;26
2025;1879;26
2025;12;26
2025;1261972;26
2025;1257548;26
2025;1390317;26
2025;10222;26
2025;103596;26
2025;1399614;26
2025;82224;26
2025;5001101;26
2025;103596;26
2025;5001466;26
2025;82224;26
2025;12015;26
2025;4082;26
2025;19434;26
2025;13103;26
2025;57402;26
2025;1399483;26
2025;11233;26
2025;1184060;26
2025;1261972;26
2025;5000930;26
2025;13866;26
2025;5000933;26
2025;1342449;26
2025;1108281;26
2025;51835;26
2025;1261972;26
2025;1202553;26
2025;12970;26
2025;1292713;26
2025;71689;26
2025;303;26
2025;3148;26
2025;1406536;26
2025;1202539;26
2025;98506;26
2025;5909;26
2025;90059;26
2025;8437;26
2025;1026;26
2025;1399615;26
2025;1439;26
2025;14563;26
2025;1185076;26
2025;58412;26
2025;20249;26
2025;1278877;26
2025;1399481;26
2025;5000980;26
2025;90059;26
2025;1399478;26
2025;1188127;26
2025;5001101;26
2025;1408507;26
2025;4082;26
2025;1725;26
2025;91219;26
2025;78256;26
2025;3148;26
2025;5000812;26
2025;1334344;26
2025;12015;26
2025;51835;26
2025;13866;26
2025;91219;26
2025;9988;26
2025;4082;26
2025;120983;26
2025;1202573;26
2025;1399478;26
2025;1184060;26
2025;1029204;26
2025;1390317;26
2025;1190280;26
2025;19206;26
2025;18605;26
2025;14234;26
2025;8437;26
2025;1349675;26
2025;57402;26
2025;54494;26
2025;12569;26
2025;38071;26
2025;1200712;26
2025;100958;26
2025;1178524;26
2025;1404416;26
2025;5001341;26
2025;1408507;26
2025;1445016;26
2025;8554;26
2025;5345;26
2025;14093;26
2025;59414;26
2025;8554;26
2025;12813;26
2025;1518;26
2025;14563;26
2025;11114;26
2025;59174;26
2025;1184325;26
2025;91219;26
2025;13866;26
2025;1419799;26
2025;5000930;26
2025;1192188;26
2025;1342536;26
2025;5000979;26
2025;1180318;26
2025;15343;26
2025;100958;26
2025;1321864;26
2025;1200712;26
2025;1406536;26
2025;11233;26
2025;54490;26
2025;64918;26
2025;1184432;26
2025;1200578;26
2025;3148;26
2025;72675;26
2025;1258023;26
2025;1342537;26
2025;1216474;26
2025;1397773;26
2025;72681;26
2025;1404416;26
2025;5001294;26
2025;1399483;26
2025;90483;26
2025;48854;26
2025;7676;26
2025;1342536;26
2025;1399478;26
2025;12569;26
2025;12692;26
2025;5001167;26
2025;12970;26
2025;91219;26
2025;8960;26
2025;12970;26
2025;57852;26
2025;91219;26
2025;1399478;26
2025;14725;26
2025;1448710;26
2025;5909;26
2025;9805;26
2025;13996;26
2025;1399483;26
2025;1457503;26
2025;78256;26
2025;57402;26
2025;78256;26
2025;85652;26
2025;91219;26
2025;1317634;26
2025;85586;26
2025;78256;26
2025;1390317;26
2025;1108281;26
2025;11233;26
2025;8554;26
2025;18472;26
2025;69624;26
2025;1438629;26
2025;5001294;26
2025;12;26
2025;1399617;26
2025;37304;26
2025;1179501;26
2025;14563;26
2025;12015;26
2025;12813;26
2025;13453;26
2025;1185903;26
2025;19850;26
2025;2918;26
2025;1192237;26
2025;60660;26
2025;5001167;26
2025;1178524;26
2025;1184432;26
2025;2918;26
2025;1278877;26
2025;7676;26
2025;1317634;26
2025;1191415;26
2025;1879;26
2025;75821;26
2025;4082;26
2025;72669;26
2025;1184060;26
2025;1439;26
2025;2348;26
2025;54494;26
2025;5345;26
2025;150039;26
2025;1448710;26
2025;1399486;26
2025;389;26
2025;15343;26
2025;1188849;26
2025;1257524;26
2025;1419799;26
2025;1292869;26
2025;4082;26
2025;64918;26
2025;1342536;26
2025;758;26
2025;1725;26
2025;1200578;26
2025;9988;26
2025;1317634;26
2025;11446;26
2025;303;26
2025;100958;26
2025;1184047;26
2025;13200;26
2025;13996;26
2025;1216474;26
2025;5920;26
2025;1399614;26
2025;13601;26
2025;1108786;26
2025;1629;26
2025;1390309;26
2025;1399483;26
2025;5000978;26
2025;98406;26
2025;18472;26
2025;103596;26
2025;7676;26
2025;98406;26
2025;65114;26
2025;2348;26
2025;11114;26
2025;1261972;26
2025;1399615;26
2025;5001183;26
2025;85652;26
2025;12692;26
2025;1202553;26
2025;1185903;26
2025;37304;26
2025;1102360;26
2025;74594;26
2025;8554;26
2025;1109361;26
2025;78256;26
2025;1477973;26
2025;1178672;26
2025;12015;26
2025;58412;26
2025;1178524;26
2025;71859;26
2025;1399614;26
2025;1419799;26
2025;107666;26
2025;1257777;26
2025;1173014;26
2025;1202539;26
2025;5000933;26
2025;1349675;26
2025;71859;26
2025;91399;26
2025;1185903;26
2025;1185025;26
2025;1189778;26
2025;97679;26
2025;10289;26
2025;90059;26
2025;5920;26
2025;108884;26
2025;4503;26
2025;1363536;26
2025;5001341;26
2025;18605;26
2025;13723;26
2025;100958;26
2025;5000979;26
2025;20058;26
2025;51835;26
2025;5000812;26
2025;13601;26
2025;18472;26
2025;98406;26
2025;14563;26
2025;13200;26
2025;1183313;26
2025;1518;26
2025;1192237;26
2025;14359;26
2025;5000980;26
2025;9996;26
2025;1178524;26
2025;5345;26
2025;86288;26
2025;5000933;26
2025;84408;26
2025;1438629;26
2025;9996;26
2025;91219;26
2025;100956;26
2025;19206;26
2025;11316;26
2025;90059;26
2025;7105;26
2025;1292726;26
2025;12692;26
2025;60660;26
2025;1193275;26
2025;5000812;26
2025;1278877;26
2025;90483;26
2025;100956;26
2025;13601;26
2025;1109361;26
2025;79007;26
2025;7676;26
2025;1390317;26
2025;12569;26
2025;1419799;26
2025;1278877;26
2025;8437;26
2025;1295813;26
2025;9996;26
2025;65114;26
2025;1108281;26
2025;1408262;26
2025;1397771;26
2025;1200712;26
2025;1399482;26
2025;14975;26
2025;64918;26
2025;12;26
2025;1427370;26
2025;1258023;26
2025;15783;26
2025;64918;26
2025;5000980;26
2025;1399616;26
2025;1109361;26
2025;1419799;26
2025;1321864;26
2025;64918;26
2025;5000812;26
2025;78256;26
2025;9996;26
2025;140;26
2025;1334344;26
2025;1313341;26
2025;1334344;26
2025;12970;26
2025;91399;26
2025;12569;26
2025;7837;26
2025;12569;26
2025;1264844;26
2025;1327450;26
2025;1107;26
2025;16904;26
2025;1050663;26
2025;16904;26
2025;4720;26
2025;39415;26
2025;14615;26
2025;51835;26
2025;18472;26
2025;1173014;26
2025;9996;26
2025;9996;26
2025;9996;26
2025;140;26
2025;12970;26
2025;868;26
2025;1178524;26
2025;72669;26
2025;59174;26
2025;14234;26
2025;107766;26
2025;107766;26
2025;1445016;26
2025;107766;26
2025;7705;26
2025;1427419;26
2025;1178672;26
2025;13996;26
2025;1109361;26
2025;1264844;26
2025;1278877;26
2025;1178524;26
2025;1427419;26
2025;3148;26
2025;84408;26
2025;1029763;26
2025;5000980;26
2025;1068548;26
2025;72663;26
2025;84408;26
2025;12015;26
2025;121850;26
2025;121850;26
2025;1292725;26
2025;1477973;26
2025;758;26
2025;2392;26
2025;1258023;26
2025;11114;26
2025;58412;26
2025;85652;26
2025;5000980;26
2025;5001294;26
2025;5001294;26
2025;15839;26
2025;5001294;26
2025;1399617;26
2025;72669;26
2025;72669;26
2025;1109361;26
2025;5000979;26
2025;5000979;26
2025;5000979;26
2025;1185903;26
2025;1399477;26
2025;100956;26
2025;84408;26
2025;10224;26
2025;14359;26
2025;91219;26
2025;12345;26
2025;4082;26
2025;1390309;26
2025;37304;26
2025;1485621;26
2025;1408508;26
2025;5000981;26
2025;12569;26
2025;1178524;26
2025;5000979;26
2025;49060;26
2025;14359;26
2025;12015;26
2025;51835;26
2025;1397772;26
2025;74594;26
2025;84352;26
2025;1342536;26
2025;12569;26
2025;14359;26
2025;6711;26
2025;72669;26
2025;12569;26
2025;1477973;26
2025;1445016;26
2025;10224;26
2025;91219;26
2025;1629;26
2025;78256;26
2025;20249;26
2025;1292917;26
2025;98409;26
2025;12569;26
2025;5000979;26
2025;1477973;26
2025;1192047;26
2025;19086;26
2025;58412;26
2025;9988;26
2025;54494;26
2025;1399481;26
2025;11233;26
2025;1292725;26
2025;107766;26
2025;1879;26
2025;107766;26
2025;1457006;26
2025;18605;26
2025;1397772;26
2025;87537;26
2025;90059;26
2025;66248;26
2025;1399480;26
2025;18472;26
2025;1342537;26
2025;87941;26
2025;54494;26
2025;99476;26
2025;1321864;26
2025;8437;26
2025;65114;26
2025;1185903;26
2025;12569;26
2025;72669;26
2025;65114;26
2025;1408507;26
2025;90483;26
2025;1202553;26
2025;1397773;26
2025;13286;26
2025;5001101;26
2025;5000979;26
2025;1059179;26
2025;57402;26
2025;1059179;26
2025;11114;26
2025;54494;26
2025;66361;26
2025;1725;26
2025;91219;26
2025;5206;26
2025;1178672;26
2025;98406;26
2025;11446;26
2025;103596;26
2025;12015;26
2025;18605;26
2025;1108786;26
2025;15783;26
2025;97679;26
2025;37304;26
2025;1257524;26
2025;90483;26
2025;13723;26
2025;13723;26
2025;8698;26
2025;13424;26
2025;74594;26
2025;87941;26
2025;87941;26
2025;16904;26
2025;3677;26
2025;7676;26
2025;1314146;26
2025;54490;26
2025;78256;26
2025;1026;26
2025;38071;26
2025;1185076;26
2025;1421100;26
2025;87941;26
2025;93001;26
2025;78256;26
2025;5345;26
2025;121850;26
2025;1445016;26
2025;1457006;26
2025;1725;26
2025;1406536;26
2025;5001033;26
2025;51835;26
2025;1330031;26
2025;97679;26
2025;868;26
2025;1292725;26
2025;1272168;26
2025;18472;26
2025;84352;26
2025;1397771;26
2025;1390309;26
2025;12692;26
2025;1406536;26
2025;12015;26
2025;9996;26
2025;7676;26
2025;13103;26
2025;1486822;26
2025;9996;26
2025;1214209;26
2025;20249;26
2025;87941;26
2025;12813;26
2025;87941;26
2025;11233;26
2025;1399480;26
2025;87941;26
2025;1317634;26
2025;107666;26
2025;9772;26
2025;1349675;26
2025;5000979;26
2025;71859;26
2025;87941;26
2025;87941;26
2025;1321864;26
2025;9988;26
2025;74655;26
2025;1050663;26
2025;108884;26
2025;1258021;26
2025;20249;26
2025;1185903;26
2025;12569;26
2025;90059;26
2025;82224;26
2025;1178524;26
2025;12569;26
2025;1200712;26
2025;98406;26
2025;71859;26
2025;57852;26
2025;64918;26
2025;9996;26
2025;13200;26
2025;7837;26
2025;1385538;26
2025;8554;26
2025;1408507;26
2025;1342449;26
2025;3677;26
2025;1192237;26
2025;5001466;26
2025;1178524;26
2025;1397771;26
2025;389;26
2025;72681;26
2025;98506;26
2025;13286;26
2025;7676;26
2025;90483;26
2025;1200578;26
2025;1408505;26
2025;6711;26
2025;100958;26
2025;1399481;26
2025;1200712;26
2025;1421013;26
2025;72663;26
2025;1292713;26
2025;5000933;26
2025;57852;26
2025;14093;26
2025;14615;26
2025;1108281;26
2025;2918;26
2025;13601;26
2025;5001294;26
2025;4503;26
2025;1879;26
2025;19206;26
2025;1192237;26
2025;1200578;26
2025;8437;26
2025;1185903;26
2025;1399482;26
2025;1439;26
2025;13286;26
2025;20249;26
2025;11233;26
2025;91399;26
2025;5000812;26
2025;1178524;26
2025;1192237;26
2025;90059;26
2025;14975;26
2025;1421013;26
2025;1399616;26
2025;13601;26
2025;1404416;26
2025;14975;26
2025;12692;26
2025;2695;26
2025;14563;26
2025;10289;26
2025;9805;26
2025;1278877;26
2025;1135207;26
2025;21542;26
2025;13103;26
2025;1178524;26
2025;1448710;26
2025;90059;26
2025;14615;26
2025;11114;26
2025;48854;26
2025;3148;26
2025;15343;26
2025;1397771;26
2025;13424;26
2025;1408259;26
2025;1427419;26
2025;5001294;26
2025;13286;26
2025;14093;26
2025;5001101;26
2025;1457006;26
2025;2304;26
2025;12345;26
2025;72669;26
2025;3677;26
2025;140;26
2025;97679;26
2025;1879;26
2025;1439;26
2025;1879;26
2025;1168313;26
2025;91399;26
2025;1108786;26
2025;2695;26
2025;48854;26
2025;5206;26
2025;1192237;26
2025;868;26
2025;1439;26
2025;100958;26
2025;12813;26
2025;87941;26
2025;1202547;26
2025;1518;26
2025;65114;26
2025;1261971;26
2025;1322329;26
2025;12970;26
2025;1397771;26
2025;1518;26
2025;1399287;26
2025;54490;26
2025;84352;26
2025;1261971;26
2025;12813;26
2025;74594;26
2025;1487290;26
2025;1135207;26
2025;1399287;26
2025;1399617;26
2025;1278877;26
2025;51835;26
2025;1029204;26
2025;74655;26
2025;1397771;26
2025;8554;26
2025;1104264;26
2025;18594;26
2025;1399481;26
2025;1191415;26
2025;7837;26
2025;1518;26
2025;10591;26
2025;1518;26
2025;85652;26
2025;72667;26
2025;13866;26
2025;1518;26
2025;5000980;26
2025;12970;26
2025;108882;26
2025;868;26
2025;1518;26
2025;85652;26
2025;14563;26
2025;1342536;26
2025;13723;26
2025;1399617;26
2025;1518;26
2025;1327450;26
2025;5000979;26
2025;1261971;26
2025;98506;26
2025;12813;26
2025;1385521;26
2025;12015;26
2025;13200;26
2025;1322329;26
2025;1385521;26
2025;1385521;26
2025;7837;26
2025;1421013;26
2025;1136509;26
2025;2695;26
2025;1168313;26
2025;13286;26
2025;1399616;26
2025;19434;26
2025;1397772;26
2025;1026;26
2025;64918;26
2025;15343;26
2025;72767;26
2025;1518;26
2025;1399614;26
2025;6496;26
2025;5000979;26
2025;1427370;26
2025;5001294;26
2025;93001;26
2025;57852;26
2025;1486298;26
2025;1188849;26
2025;1108786;26
2025;1178672;26
2025;1180318;26
2025;1408261;26
2025;7105;26
2025;72663;26
2025;9996;26
2025;5001314;26
2025;65924;26
2025;11446;26
2025;1202588;26
2025;85652;26
2025;6711;26
2025;7705;26
2025;66248;26
2025;1879;26
2025;1399614;26
2025;1191415;26
2025;91399;26
2025;86288;26
2025;18447;26
2025;1427419;26
2025;10289;26
2025;1026;26
2025;86288;26
2025;51835;26
2025;12345;26
2025;54490;26
2025;1109361;26
2025;72663;26
2025;1026;26
2025;93001;26
2025;5001294;26
2025;74655;26
2025;9326;26
2025;1292713;26
2025;72681;26
2025;39415;26
2025;85586;26
2025;11233;26
2025;1295813;26
2025;14359;26
2025;20249;26
2025;65924;26
2025;1363536;26
2025;1421013;26
2025;5000812;26
2025;49910;26
2025;1029204;26
2025;91219;26
2025;1629;26
2025;85652;26
2025;5920;26
2025;65114;26
2025;18472;26
2025;108014;26
2025;86288;26
2025;54494;26
2025;14615;26
2025;1292713;26
2025;1390311;26
2025;1135207;26
2025;868;26
2025;16904;26
2025;87941;26
2025;12;26
2025;1518;26
2025;13601;26
2025;87941;26
2025;1408261;26
2025;7676;26
2025;1187646;26
2025;14725;26
2025;12569;26
2025;1438629;26
2025;1050663;26
2025;1385538;26
2025;5000930;26
2025;1399618;26
2025;100958;26
2025;19206;26
2025;7676;26
2025;107766;26
2025;59414;26
2025;5000812;26
2025;5000001;26
2025;85652;26
2025;98406;26
2025;1321864;26
2025;1321864;26
2025;1278877;26
2025;74655;26
2025;19850;26
2025;868;26
2025;1278877;26
2025;1178524;26
2025;1183313;26
2025;1408505;26
2025;101228;26
2025;8437;26
2025;868;26
2025;1477973;26
2025;3418;26
2025;1408262;26
2025;1404416;26
2025;1108153;26
2025;1439;26
2025;1202547;26
2025;1108281;26
2025;91219;26
2025;4082;26
2025;1399616;26
2025;65114;26
2025;15839;26
2025;72767;26
2025;13601;26
2025;13424;26
2025;99476;26
2025;39415;26
2025;1189778;26
2025;6496;26
2025;6496;26
2025;15343;26
2025;90091;26
2025;19206;26
2025;5000841;26
2025;1404416;26
2025;12692;26
2025;5001183;26
2025;1178524;26
2025;19850;26
2025;1445016;26
2025;71859;26
2025;2918;26
2025;19434;26
2025;1029204;26
2025;72681;26
2025;5920;26
2025;1445016;26
2025;18472;26
2025;5000981;26
2025;5001101;26
2025;90059;26
2025;6496;26
2025;13601;26
2025;1200712;26
2025;1163738;26
2025;1483768;26
2025;16904;26
2025;99476;26
2025;1408507;26
2025;1427420;26
2025;6496;26
2025;66248;26
2025;100958;26
2025;10222;26
2025;1146605;26
2025;5000979;26
2025;1200578;26
2025;4082;26
2025;5001466;26
2025;12569;26
2025;91219;26
2025;1184047;26
2025;78256;26
2025;1261972;26
2025;1107;26
2025;75821;26
2025;13424;26
2025;11316;26
2025;7837;26
2025;80037;26
2025;1173014;26
2025;100958;26
2025;78256;26
2025;1166567;26
2025;12015;26
2025;389;26
2025;1190280;26
2025;98409;26
2025;10224;26
2025;1166567;26
2025;1406536;26
2025;84408;26
2025;1166567;26
2025;3148;26
2025;74655;26
2025;5000812;26
2025;1202573;26
2025;1427370;26
2025;58412;26
2025;1342505;26
2025;19206;26
2025;12569;26
2025;13866;26
2025;51835;26
2025;72663;26
2025;14615;26
2025;13453;26
2025;10289;26
2025;16904;26
2025;84408;26
2025;1397773;26
2025;74655;26
2025;1029204;26
2025;1272168;26
2025;1408505;26
2025;9326;26
2025;87537;26
2025;2918;26
2025;1399484;26
2025;12970;26
2025;15475;26
2025;72663;26
2025;15343;26
2025;19206;26
2025;1399481;26
2025;108882;26
2025;1334344;26
2025;74594;26
2025;1107;26
2025;1342536;26
2025;5001450;26
2025;84352;26
2025;10591;26
2025;1629;26
2025;1101742;26
2025;5345;26
2025;1163738;26
2025;13453;26
2025;74655;26
2025;21542;26
2025;1278877;26
2025;72663;26
2025;74655;26
2025;5000930;26
2025;2918;26
2025;13424;26
2025;19206;26
2025;13453;26
2025;59174;26
2025;2348;26
2025;1399487;26
2025;1185076;26
2025;1342505;26
2025;14615;26
2025;9805;26
2025;1327450;26
2025;86356;26
2025;1292917;26
2025;1342505;26
2025;1185025;26
2025;15783;26
2025;2918;26
2025;6496;26
2025;98409;26
2025;19294;26
2025;11114;26
2025;13286;26
2025;66361;26
2025;1108281;26
2025;1477973;26
2025;13103;26
2025;1629;26
2025;74655;26
2025;1427370;26
2025;1399478;26
2025;1342610;26
2025;13200;26
2025;1477973;26
2025;19850;26
2025;1399614;26
2025;8960;26
2025;100956;26
2025;1406536;26
2025;1188849;26
2025;72669;26
2025;72669;26
2025;14234;26
2025;19850;26
2025;7676;26
2025;75821;26
2025;1390309;26
2025;1399478;26
2025;1029204;26
2025;1184047;26
2025;10222;26
2025;13453;26
2025;2918;26
2025;59174;26
2025;4503;26
2025;1399483;26
2025;868;26
2025;758;26
2025;11114;26
2025;100956;26
2025;91219;26
2025;72663;26
2025;14359;26
2025;78256;26
2025;59414;26
2025;7837;26
2025;90059;26
2025;1399618;26
2025;1399489;26
2025;1408508;26
2025;1399484;26
2025;5000979;26
2025;11316;26
2025;69624;26
2025;5920;26
2025;1278877;26
2025;1178524;26
2025;8437;26
2025;74655;26
2025;1109361;26
2025;100688;26
2025;1448710;26
2025;59414;26
2025;1109361;26
2025;5001101;26
2025;86288;26
2025;72767;26
2025;4503;26
2025;7105;26
2025;108882;26
2025;1193264;26
2025;18605;26
2025;18594;26
2025;1261971;26
2025;108884;26
2025;57852;26
2025;1438629;26
2025;1261971;26
2025;91219;26
2025;107766;26
2025;91219;26
2025;1408259;26
2025;8698;26
2025;868;26
2025;1185025;26
2025;1408505;26
2025;1317634;26
2025;91399;26
2025;5000001;26
2025;20249;26
2025;13996;26
2025;5001183;26
2025;1477973;26
2025;100956;26
2025;1257524;26
2025;1191415;26
2025;64918;26
2025;1107;26
2025;108882;26
2025;15475;26
2025;108882;26
2025;93001;26
2025;1477973;26
2025;13103;26
2025;1399617;26
2025;1202547;26
2025;5000979;26
2025;2304;26
2025;72663;26
2025;71859;26
2025;72663;26
2025;1438629;26
2025;5000812;26
2025;11316;26
2025;1397772;26
2025;86356;26
2025;1135207;26
2025;5000841;26
2025;72767;26
2025;15343;26
2025;4503;26
2025;1390311;26
2025;98406;26
2025;74655;26
2025;18447;26
2025;1629;26
2025;1180318;26
2025;1399480;26
2025;1427370;26
2025;4503;26
2025;13996;26
2025;2918;26
2025;84408;26
2025;72669;26
2025;13103;26
2025;1397772;26
2025;1477973;26
2025;91219;26
2025;19294;26
2025;74594;26
2025;5000812;26
2025;9326;26
2025;1448710;26
2025;107666;26
2025;1427419;26
2025;2304;26
2025;66361;26
2025;1202588;26
2025;1399617;26
2025;57402;26
2025;86356;26
2025;4503;26
2025;1189607;26
2025;75821;26
2025;108884;26
2025;51835;26
2025;1295813;26
2025;1399478;26
2025;75821;26
2025;1342449;26
2025;5000930;26
2025;8554;26
2025;18605;26
2025;64918;26
2025;1108786;26
2025;140;26
2025;4503;26
2025;11446;26
2025;5001101;26
2025;108882;26
2025;108882;26
2025;39415;26
2025;1216474;26
2025;54490;26
2025;7676;26
2025;13286;26
2025;1184325;26
2025;108882;26
2025;1029204;26
2025;1200712;26
2025;72767;26
2025;108882;26
2025;72667;26
2025;108882;26
2025;13996;26
2025;1135207;26
2025;1295813;26
2025;72669;26
2025;120983;26
2025;1257548;26
2025;49060;26
2025;108884;26
2025;868;26
2025;18447;26
2025;1438629;26
2025;9326;26
2025;1146605;26
2025;98406;26
2025;1399616;26
2025;1330031;26
2025;58412;26
2025;1278877;26
2025;86356;26
2025;1399486;26
2025;108884;26
2025;12569;26
2025;100958;26
2025;1184325;26
2025;8698;26
2025;108882;26
2025;1427419;26
2025;1438629;26
2025;85652;26
2025;1399617;26
2025;1399480;26
2025;1185025;26
2025;108884;26
2025;1399480;26
2025;74655;26
2025;13723;26
2025;5000933;26
2025;72667;26
2025;1385538;26
2025;86288;26
2025;1390317;26
2025;12970;26
2025;5920;26
2025;108884;26
2025;1399618;26
2025;11114;26
2025;39415;26
2025;1427370;26
2025;1136509;26
2025;10289;26
2025;1399619;26
2025;19294;26
2025;1629;26
2025;1202573;26
2025;108884;26
2025;108884;26
2025;1399486;26
2025;86356;26
2025;1109361;26
2025;1180318;26
2025;1183313;26
2025;39415;26
2025;1399482;26
2025;108884;26
2025;1457006;26
2025;7705;26
2025;1188127;26
2025;1202553;26
2025;12813;26
2025;18594;26
2025;1342536;26
2025;38071;26
2025;19206;26
2025;37304;26
2025;1101742;26
2025;1050663;26
2025;97679;26
2025;1214209;26
2025;1408509;26
2025;74655;26
2025;1399485;26
2025;74655;26
2025;1399484;26
2025;18605;26
2025;37304;26
2025;1295813;26
2025;57402;26
2025;108884;26
2025;150039;26
2025;69624;26
2025;108884;26
2025;1173014;26
2025;1518495;26
2025;1257524;26
2025;13103;26
2025;1188900;26
2025;108014;26
2025;108884;26
2025;15783;26
2025;12970;26
2025;1408507;26
2025;1029763;26
2025;108884;26
2025;8698;26
2025;1399484;26
2025;1879;26
2025;1214209;26
2025;140;26
2025;13103;26
2025;6496;26
2025;5001300;26
2025;1101742;26
2025;1292713;26
2025;1406536;26
2025;1390309;26
2025;65114;26
2025;1408259;26
2025;4082;26
2025;5000981;26
2025;13996;26
2025;74655;26
2025;19206;26
2025;8698;26
2025;1477973;26
2025;12569;26
2025;7705;26
2025;1399478;26
2025;1258021;26
2025;2918;26
2025;74655;26
2025;1146605;26
2025;74655;26
2025;99476;26
2025;12569;26
2025;1419799;26
2025;2695;26
2025;1455021;26
2025;14725;26
2025;87537;26
2025;5000931;26
2025;1439;26
2025;1342449;26
2025;75821;26
2025;108884;26
2025;1257777;26
2025;1050663;26
2025;5345;26
2025;1146605;26
2025;5001183;26
2025;12015;26
2025;1178672;26
2025;2918;26
2025;5001300;26
2025;1192047;26
2025;1029204;26
2025;72667;26
2025;108014;26
2025;86356;26
2025;1188900;26
2025;1342537;26
2025;93001;26
2025;14725;26
2025;1295813;26
2025;65924;26
2025;5001300;26
2025;1257777;26
2025;5001300;26
2025;1108281;26
2025;11316;26
2025;1397771;26
2025;6711;26
2025;13103;26
2025;108014;26
2025;14563;26
2025;86356;26
2025;1399486;26
2025;86356;26
2025;72667;26
2025;1104264;26
2025;1193275;26
2025;1163738;26
2025;9996;26
2025;5001183;26
2025;65114;26
2025;99476;26
2025;1445016;26
2025;64918;26
2025;8698;26
2025;4503;26
2025;18594;26
2025;1445016;26
2025;8554;26
2025;5920;26
2025;6711;26
2025;87537;26
2025;1135207;26
2025;74594;26
2025;78256;26
2025;5000001;26
2025;1216474;26
2025;84352;26
2025;1397772;26
2025;72669;26
2025;1399618;26
2025;100958;26
2025;1399478;26
2025;1404416;26
2025;1101742;26
2025;7837;26
2025;1408507;26
2025;15783;26
2025;12813;26
2025;1029204;26
2025;11114;26
2025;18594;26
2025;1399480;26
2025;1101742;26
2025;7676;26
2025;1399481;26
2025;14359;26
2025;9326;26
2025;5000978;26
2025;74655;26
2025;1465625;26
2025;1317634;26
2025;93001;26
2025;20249;26
2025;5000930;26
2025;66361;26
2025;97679;26
2025;85652;26
2025;84352;26
2025;13424;26
2025;1185076;26
2025;5001101;26
2025;5920;26
2025;1518;26
2025;72667;26
2025;5000978;26
2025;10289;26
2025;1292725;26
2025;74655;26
2025;18605;26
2025;15475;26
2025;1292725;26
2025;10222;26
2025;1399481;26
2025;5000980;26
2025;1342449;26
2025;58412;26
2025;74655;26
2025;108882;26
2025;1295813;26
2025;1397771;26
2025;1292713;26
2025;1295813;26
2025;5000980;26
2025;1188900;26
2025;16236;26
2025;1178672;26
2025;49910;26
2025;1879;26
2025;85652;26
2025;19850;26
2025;12813;26
2025;18472;26
2025;1178672;26
2025;1399481;26
2025;1408505;26
2025;5000981;26
2025;100956;26
2025;1135207;26
2025;74655;26
2025;14975;26
2025;1188849;26
2025;1408507;26
2025;5000980;26
2025;15783;26
2025;1399481;26
2025;107666;26
2025;1313341;26
2025;5000981;26
2025;1136509;26
2025;1399616;26
2025;12569;26
2025;19850;26
2025;91399;26
2025;1202573;26
2025;103596;26
2025;74655;26
2025;1408259;26
2025;1107;26
2025;100956;26
2025;5000933;26
2025;97679;26
2025;1108786;26
2025;5000979;26
2025;10224;26
2025;1135207;26
2025;18594;26
2025;1101742;26
2025;90059;26
2025;1179501;26
2025;1408508;26
2025;1184325;26
2025;5001033;26
2025;72681;26
2025;57402;26
2025;39415;26
2025;1725;26
2025;85652;26
2025;84408;26
2025;65114;26
2025;1146605;26
2025;12692;26
2025;100956;26
2025;91399;26
2025;49060;26
2025;15839;26
2025;1427370;26
2025;12970;26
2025;10224;26
2025;5000930;26
2025;72669;26
2025;16904;26
2025;20360;26
2025;1879;26
2025;7676;26
2025;100956;26
2025;84352;26
2025;1168313;26
2025;1327450;26
2025;5000978;26
2025;10222;26
2025;1059179;26
2025;6496;26
2025;19294;26
2025;72675;26
2025;1399478;26
2025;5000978;26
2025;1421100;26
2025;91219;26
2025;7105;26
2025;1399481;26
2025;51835;26
2025;8960;26
2025;14563;26
2025;5001427;26
2025;60660;26
2025;14093;26
2025;85586;26
2025;1183313;26
2025;13723;26
2025;1178524;26
2025;868;26
2025;12692;26
2025;74655;26
2025;7105;26
2025;1184047;26
2025;100958;26
2025;1202539;26
2025;1399618;26
2025;11316;26
2025;93001;26
2025;5000980;26
2025;1202546;26
2025;85652;26
2025;5000930;26
2025;8960;26
2025;5000978;26
2025;2918;26
2025;65114;26
2025;4503;26
2025;14975;26
2025;1190280;26
2025;2918;26
2025;1408262;26
2025;57852;26
2025;1292725;26
2025;9326;26
2025;107666;26
2025;5000979;26
2025;1029204;26
2025;2392;26
2025;303;26
2025;7676;26
2025;10222;26
2025;868;26
2025;1292917;26
2025;90059;26
2025;1406536;26
2025;1136509;26
2025;86356;26
2025;4720;26
2025;11446;26
2025;72767;26
2025;140;26
2025;93001;26
2025;90483;26
2025;1258023;26
2025;10224;26
2025;12970;26
2025;72675;26
2025;1202553;26
2025;100958;26
2025;85652;26
2025;14359;26
2025;57402;26
2025;1399287;26
2025;2918;26
2025;1202553;26
2025;18594;26
2025;1168313;26
2025;90091;26
2025;39415;26
2025;90483;26
2025;2348;26
2025;1397771;26
2025;1518495;26
2025;1295813;26
2025;12569;26
2025;12569;26
2025;7837;26
2025;8960;26
2025;1427419;26
2025;8698;26
2025;1136509;26
2025;1029204;26
2025;8698;26
2025;15475;26
2025;100958;26
2025;5909;26
2025;8698;26
2025;1257777;26
2025;5000930;26
2025;7676;26
2025;1399618;26
2025;86288;26
2025;8698;26
2025;100958;26
2025;15475;26
2025;1342449;26
2025;108014;26
2025;1191415;26
2025;1419799;26
2025;5000001;26
2025;12692;26
2025;87537;26
2025;11114;26
2025;5000933;26
2025;1295813;26
2025;13286;26
2025;107766;26
2025;1408505;26
2025;1427419;26
2025;98409;26
2025;1267038;26
2025;1171609;26
2025;1427419;26
2025;113504;26
2025;5001183;26
2025;1026;26
2025;1202588;26
2025;5000841;26
2025;91219;26
2025;1178524;26
2025;1427419;26
2025;1104264;26
2025;13453;26
2025;484;26
2025;1397771;26
2025;5909;26
2025;1202573;26
2025;1278877;26
2025;5000001;26
2025;85652;26
2025;100958;26
2025;1486298;26
2025;1321864;26
2025;72675;26
2025;14615;26
2025;7705;26
2025;13723;26
2025;11114;26
2025;11446;26
2025;100958;26
2025;86356;26
2025;4503;26
2025;8698;26
2025;3148;26
2025;66361;26
2025;1179501;26
2025;15839;26
2025;72667;26
2025;8698;26
2025;72675;26
2025;1185025;26
2025;71859;26
2025;13996;26
2025;303;26
2025;80037;26
2025;13424;26
2025;1185025;26
2025;1136509;26
2025;8960;26
2025;1408505;26
2025;5001341;26
2025;1200578;26
2025;1136509;26
2025;1188900;26
2025;84352;26
2025;5001314;26
2025;1334344;26
2025;20249;26
2025;5000980;26
2025;1188900;26
2025;11114;26
2025;1292725;26
2025;9326;26
2025;14975;26
2025;1261972;26
2025;5001101;26
2025;100958;26
2025;5001294;26
2025;1257777;26
2025;1295813;26
2025;82224;26
2025;65114;26
2025;19206;26
2025;1342537;26
2025;1188900;26
2025;58412;26
2025;1136509;26
2025;1725;26
2025;13723;26
2025;12569;26
2025;1399287;26
2025;1202588;26
2025;1397772;26
2025;11233;26
2025;1178524;26
2025;100958;26
2025;1188900;26
2025;1190667;26
2025;65114;26
2025;85652;26
2025;13866;26
2025;85652;26
2025;1192047;26
2025;65924;26
2025;1408509;26
2025;2918;26
2025;5909;26
2025;85652;26
2025;12692;27
2025;1399614;27
2025;1059179;27
2025;1258021;27
2025;64918;27
2025;82224;27
2025;57402;27
2025;13866;27
2025;74655;27
2025;14359;27
2025;12569;27
2025;59174;27
2025;7414;27
2025;1026;27
2025;12813;27
2025;1257777;27
2025;1397771;27
2025;1267038;27
2025;7414;27
2025;72669;27
2025;1453564;27
2025;1202588;27
2025;20360;27
2025;1399617;27
2025;1399619;27
2025;1408505;27
2025;9996;27
2025;5000930;27
2025;51835;27
2025;1439;27
2025;39415;27
2025;1334344;27
2025;1408505;27
2025;7414;27
2025;71859;27
2025;1168313;27
2025;100956;27
2025;1185903;27
2025;5001183;27
2025;90483;27
2025;1421100;27
2025;98506;27
2025;8698;27
2025;1408505;27
2025;65114;27
2025;78256;27
2025;1292869;27
2025;1189778;27
2025;69624;27
2025;90483;27
2025;72663;27
2025;1109361;27
2025;15343;27
2025;100958;27
2025;9326;27
2025;1109361;27
2025;86356;27
2025;1397771;27
2025;100958;27
2025;1321864;27
2025;5001300;27
2025;1421013;27
2025;72417;27
2025;1408505;27
2025;1485621;27
2025;1399478;27
2025;1029204;27
2025;1399477;27
2025;1257524;27
2025;1439;27
2025;1408507;27
2025;1427370;27
2025;85652;27
2025;14359;27
2025;54490;27
2025;1408504;27
2025;1725;27
2025;13200;27
2025;1261971;27
2025;1257524;27
2025;87537;27
2025;1185076;27
2025;98506;27
2025;79007;27
2025;14563;27
2025;12692;27
2025;97679;27
2025;1408505;27
2025;1439;27
2025;1465625;27
2025;5000981;27
2025;18594;27
2025;82224;27
2025;1330031;27
2025;1408259;27
2025;1180318;27
2025;1453564;27
2025;51835;27
2025;1171609;27
2025;12345;27
2025;18594;27
2025;1465625;27
2025;100958;27
2025;1399486;27
2025;1408259;27
2025;100956;27
2025;14563;27
2025;1292725;27
2025;39415;27
2025;72417;27
2025;2695;27
2025;39415;27
2025;1257562;27
2025;1483768;27
2025;57852;27
2025;18605;27
2025;1200712;27
2025;14234;27
2025;8437;27
2025;1458090;27
2025;1166567;27
2025;8554;27
2025;93001;27
2025;13601;27
2025;14615;27
2025;19206;27
2025;60660;27
2025;90059;27
2025;1390317;27
2025;1029763;27
2025;5000933;27
2025;13723;27
2025;2348;27
2025;4082;27
2025;13286;27
2025;1477973;27
2025;15839;27
2025;12015;27
2025;85586;27
2025;1399486;27
2025;8437;27
2025;100956;27
2025;1349675;27
2025;1399479;27
2025;1188900;27
2025;389;27
2025;1399486;27
2025;5909;27
2025;1408259;27
2025;84408;27
2025;1200578;27
2025;1397773;27
2025;303;27
2025;72767;27
2025;12345;27
2025;1258023;27
2025;1399479;27
2025;4503;27
2025;13424;27
2025;5345;27
2025;1399614;27
2025;13996;27
2025;7105;27
2025;2695;27
2025;5000930;27
2025;71859;27
2025;5000981;27
2025;9326;27
2025;1421013;27
2025;12569;27
2025;1108153;27
2025;5001101;27
2025;57402;27
2025;12813;27
2025;103596;27
2025;1109361;27
2025;12;27
2025;1261971;27
2025;54494;27
2025;14615;27
2025;113504;27
2025;85652;27
2025;5001294;27
2025;74594;27
2025;15343;27
2025;1385538;27
2025;12970;27
2025;66361;27
2025;72667;27
2025;13453;27
2025;1029204;27
2025;1399486;27
2025;1397772;27
2025;9996;27
2025;1317634;27
2025;97679;27
2025;59414;27
2025;1178524;27
2025;1184325;27
2025;49060;27
2025;1408259;27
2025;5909;27
2025;103596;27
2025;1180318;27
2025;1399486;27
2025;1399482;27
2025;72417;27
2025;66361;27
2025;16236;27
2025;14359;27
2025;303;27
2025;37304;27
2025;107666;27
2025;5001466;27
2025;10289;27
2025;5000930;27
2025;1518;27
2025;5001466;27
2025;1202553;27
2025;1408259;27
2025;1342449;27
2025;1397773;27
2025;14563;27
2025;19294;27
2025;13866;27
2025;85586;27
2025;1190280;27
2025;13200;27
2025;1390317;27
2025;1349675;27
2025;1202546;27
2025;6496;27
2025;2392;27
2025;1342536;27
2025;5000930;27
2025;1879;27
2025;1278877;27
2025;1185076;27
2025;1029763;27
2025;12;27
2025;1385538;27
2025;1188900;27
2025;64706;27
2025;1385538;27
2025;5001101;27
2025;72675;27
2025;72675;27
2025;1406536;27
2025;16236;27
2025;13424;27
2025;2918;27
2025;15783;27
2025;90091;27
2025;66248;27
2025;14359;27
2025;11316;27
2025;1184060;27
2025;18594;27
2025;1191415;27
2025;1457006;27
2025;1178672;27
2025;1184325;27
2025;14975;27
2025;1445016;27
2025;4082;27
2025;91219;27
2025;1399615;27
2025;51699;27
2025;1292869;27
2025;1108786;27
2025;72669;27
2025;1439;27
2025;4503;27
2025;1518495;27
2025;12569;27
2025;13200;27
2025;11114;27
2025;16236;27
2025;1292917;27
2025;100956;27
2025;100956;27
2025;97679;27
2025;14093;27
2025;1342505;27
2025;1349675;27
2025;1202588;27
2025;1390317;27
2025;14615;27
2025;86288;27
2025;1200578;27
2025;13453;27
2025;1108786;27
2025;97679;27
2025;12970;27
2025;1322329;27
2025;90483;27
2025;1725;27
2025;90483;27
2025;1192047;27
2025;1408507;27
2025;5000001;27
2025;1101742;27
2025;1486298;27
2025;4720;27
2025;108884;27
2025;9996;27
2025;1178672;27
2025;90483;27
2025;103596;27
2025;1059179;27
2025;12692;27
2025;59174;27
2025;3148;27
2025;2695;27
2025;12345;27
2025;1342536;27
2025;13424;27
2025;1330031;27
2025;1342505;27
2025;1349675;27
2025;1267038;27
2025;1192237;27
2025;140;27
2025;1399618;27
2025;1202539;27
2025;1390317;27
2025;12970;27
2025;107766;27
2025;90483;27
2025;1183313;27
2025;5000930;27
2025;11316;27
2025;86288;27
2025;98409;27
2025;1342536;27
2025;66248;27
2025;1397772;27
2025;5001300;27
2025;65114;27
2025;108884;27
2025;7837;27
2025;1102360;27
2025;1178524;27
2025;18605;27
2025;10591;27
2025;1190280;27
2025;1317634;27
2025;1404416;27
2025;13996;27
2025;1184060;27
2025;12345;27
2025;13286;27
2025;1427370;27
2025;100688;27
2025;100956;27
2025;1202546;27
2025;98406;27
2025;87537;27
2025;5001101;27
2025;38071;27
2025;9326;27
2025;13286;27
2025;1278877;27
2025;49910;27
2025;5909;27
2025;1390317;27
2025;1202539;27
2025;4720;27
2025;1385538;27
2025;1192237;27
2025;1445016;27
2025;5000979;27
2025;11114;27
2025;1192237;27
2025;1399482;27
2025;1184060;27
2025;1192237;27
2025;100956;27
2025;1180318;27
2025;1292917;27
2025;5000930;27
2025;1108281;27
2025;1445016;27
2025;14615;27
2025;13286;27
2025;5001183;27
2025;64918;27
2025;1202553;27
2025;5000933;27
2025;5001450;27
2025;1135207;27
2025;5001450;27
2025;19086;27
2025;1166567;27
2025;1191415;27
2025;1258023;27
2025;1292726;27
2025;1192237;27
2025;65114;27
2025;1399488;27
2025;5001314;27
2025;868;27
2025;14359;27
2025;85652;27
2025;11316;27
2025;1457503;27
2025;1438629;27
2025;1399484;27
2025;1191415;27
2025;1399481;27
2025;1179189;27
2025;18472;27
2025;72667;27
2025;1363536;27
2025;12569;27
2025;1135207;27
2025;5920;27
2025;1214209;27
2025;65114;27
2025;13723;27
2025;97679;27
2025;58412;27
2025;86356;27
2025;15839;27
2025;1321864;27
2025;1108281;27
2025;1321864;27
2025;97679;27
2025;59414;27
2025;1192237;27
2025;1173014;27
2025;5000933;27
2025;100956;27
2025;1264844;27
2025;49060;27
2025;100958;27
2025;8960;27
2025;15839;27
2025;13723;27
2025;5000001;27
2025;5000980;27
2025;18594;27
2025;121850;27
2025;1135207;27
2025;15343;27
2025;82224;27
2025;1190280;27
2025;72681;27
2025;5000841;27
2025;1385538;27
2025;90483;27
2025;4720;27
2025;1390311;27
2025;1192237;27
2025;48854;27
2025;5000812;27
2025;13723;27
2025;5345;27
2025;12692;27
2025;1202573;27
2025;758;27
2025;107766;27
2025;1421100;27
2025;91219;27
2025;140;27
2025;5000841;27
2025;13453;27
2025;38071;27
2025;4503;27
2025;13723;27
2025;18472;27
2025;1166567;27
2025;12569;27
2025;2695;27
2025;84408;27
2025;12692;27
2025;1477973;27
2025;72417;27
2025;59414;27
2025;18605;27
2025;3418;27
2025;100956;27
2025;1399478;27
2025;1465625;27
2025;1408261;27
2025;1190280;27
2025;16236;27
2025;72767;27
2025;13200;27
2025;1399618;27
2025;1029204;27
2025;5000930;27
2025;108882;27
2025;1879;27
2025;1399486;27
2025;98409;27
2025;5000930;27
2025;1397772;27
2025;99476;27
2025;48854;27
2025;1185076;27
2025;1399477;27
2025;18472;27
2025;72667;27
2025;14615;27
2025;5001466;27
2025;8960;27
2025;1108281;27
2025;1179189;27
2025;1399478;27
2025;2918;27
2025;72675;27
2025;1202553;27
2025;1330031;27
2025;1399479;27
2025;7705;27
2025;1192188;27
2025;1166567;27
2025;1202553;27
2025;49910;27
2025;1183313;27
2025;1317634;27
2025;1166567;27
2025;20249;27
2025;1183313;27
2025;1166567;27
2025;16904;27
2025;59174;27
2025;1487491;27
2025;5909;27
2025;1399487;27
2025;1187646;27
2025;38071;27
2025;1399487;27
2025;1292917;27
2025;90483;27
2025;1166567;27
2025;8960;27
2025;303;27
2025;85652;27
2025;48854;27
2025;100956;27
2025;3148;27
2025;1190667;27
2025;74594;27
2025;3418;27
2025;1399487;27
2025;1258023;27
2025;11114;27
2025;1399487;27
2025;1399616;27
2025;21542;27
2025;1108786;27
2025;5001466;27
2025;1185025;27
2025;37304;27
2025;1202546;27
2025;1173014;27
2025;1189778;27
2025;1173014;27
2025;1187646;27
2025;1173014;27
2025;1173014;27
2025;90483;27
2025;1363536;27
2025;1026;27
2025;9326;27
2025;75821;27
2025;1173014;27
2025;98406;27
2025;1322329;27
2025;5000980;27
2025;868;27
2025;1173014;27
2025;5001294;27
2025;1173014;27
2025;6496;27
2025;5001341;27
2025;12692;27
2025;99476;27
2025;1257548;27
2025;1179189;27
2025;121850;27
2025;1179189;27
2025;49060;27
2025;121850;27
2025;82224;27
2025;12813;27
2025;12813;27
2025;2695;27
2025;1399619;27
2025;78256;27
2025;1292713;27
2025;1202588;27
2025;21542;27
2025;14359;27
2025;1399486;27
2025;57402;27
2025;1427419;27
2025;1192188;27
2025;74594;27
2025;90084;27
2025;1292917;27
2025;1107;27
2025;3148;27
2025;14975;27
2025;1190667;27
2025;1399616;27
2025;90483;27
2025;72669;27
2025;1390317;27
2025;12015;27
2025;85652;27
2025;8437;27
2025;90084;27
2025;1185025;27
2025;71859;27
2025;69624;27
2025;1029204;27
2025;69624;27
2025;3677;27
2025;19434;27
2025;5001341;27
2025;1879;27
2025;5000979;27
2025;11316;27
2025;90483;27
2025;1108786;27
2025;5000812;27
2025;7676;27
2025;1399478;27
2025;84408;27
2025;5206;27
2025;90483;27
2025;1317634;27
2025;78256;27
2025;12015;27
2025;18594;27
2025;7676;27
2025;1267038;27
2025;9772;27
2025;1292726;27
2025;90084;27
2025;1399477;27
2025;5206;27
2025;54494;27
2025;99476;27
2025;2695;27
2025;5000001;27
2025;11114;27
2025;14563;27
2025;82224;27
2025;1518495;27
2025;1363536;27
2025;72669;27
2025;1292917;27
2025;1193264;27
2025;1397772;27
2025;37304;27
2025;5000980;27
2025;11316;27
2025;1399618;27
2025;86288;27
2025;85652;27
2025;9996;27
2025;1029204;27
2025;18447;27
2025;1408507;27
2025;14563;27
2025;1189778;27
2025;6496;27
2025;85652;27
2025;97679;27
2025;72669;27
2025;59174;27
2025;57852;27
2025;1200578;27
2025;5920;27
2025;37304;27
2025;13424;27
2025;1257562;27
2025;82224;27
2025;1171609;27
2025;1202588;27
2025;7705;27
2025;97679;27
2025;14234;27
2025;1050663;27
2025;10289;27
2025;1267038;27
2025;91219;27
2025;1191415;27
2025;72667;27
2025;1184325;27
2025;71859;27
2025;5001294;27
2025;1427420;27
2025;1327450;27
2025;59174;27
2025;90084;27
2025;5000981;27
2025;108014;27
2025;66361;27
2025;72663;27
2025;1457503;27
2025;5920;27
2025;93001;27
2025;82224;27
2025;9805;27
2025;5001183;27
2025;1050663;27
2025;10222;27
2025;1399477;27
2025;1184325;27
2025;9805;27
2025;90084;27
2025;5000812;27
2025;1421100;27
2025;12569;27
2025;2304;27
2025;1179189;27
2025;1483759;27
2025;1190280;27
2025;101228;27
2025;72663;27
2025;1168313;27
2025;1477973;27
2025;1518495;27
2025;13601;27
2025;1399478;27
2025;90084;27
2025;60660;27
2025;1190621;27
2025;5000812;27
2025;1104264;27
2025;1257562;27
2025;90084;27
2025;2304;27
2025;1385538;27
2025;1190621;27
2025;1399618;27
2025;1190621;27
2025;9996;27
2025;1399616;27
2025;98406;27
2025;2304;27
2025;15839;27
2025;107766;27
2025;4503;27
2025;72667;27
2025;107766;27
2025;1168313;27
2025;2304;27
2025;9805;27
2025;2695;27
2025;1179189;27
2025;90084;27
2025;7676;27
2025;18605;27
2025;5001314;27
2025;90084;27
2025;1408504;27
2025;90059;27
2025;90084;27
2025;1029204;27
2025;107766;27
2025;90084;27
2025;1214209;27
2025;59174;27
2025;2304;27
2025;16236;27
2025;11233;27
2025;1108786;27
2025;1190621;27
2025;72663;27
2025;1190621;27
2025;18605;27
2025;1179189;27
2025;8554;27
2025;14234;27
2025;10222;27
2025;1267038;27
2025;2304;27
2025;2304;27
2025;14615;27
2025;72663;27
2025;12569;27
2025;2304;27
2025;1184047;27
2025;12813;27
2025;8554;27
2025;57402;27
2025;1178524;27
2025;1200578;27
2025;58412;27
2025;1399480;27
2025;1180318;27
2025;85652;27
2025;11233;27
2025;3418;27
2025;12970;27
2025;1136509;27
2025;14234;27
2025;12813;27
2025;108884;27
2025;1179501;27
2025;1185903;27
2025;2304;27
2025;14359;27
2025;100958;27
2025;9805;27
2025;2304;27
2025;1421100;27
2025;1629;27
2025;1193759;27
2025;6711;27
2025;101228;27
2025;1202546;27
2025;1477973;27
2025;2304;27
2025;121850;27
2025;5000812;27
2025;9805;27
2025;4503;27
2025;5001033;27
2025;1292869;27
2025;1390309;27
2025;9326;27
2025;14234;27
2025;1399486;27
2025;14359;27
2025;1399479;27
2025;1397771;27
2025;1399486;27
2025;1465625;27
2025;1408259;27
2025;1202553;27
2025;1183958;27
2025;108882;27
2025;1180318;27
2025;108884;27
2025;1193275;27
2025;78256;27
2025;121850;27
2025;51699;27
2025;868;27
2025;1408508;27
2025;79007;27
2025;16904;27
2025;4503;27
2025;1408507;27
2025;1399487;27
2025;1399478;27
2025;1458090;27
2025;91399;27
2025;57402;27
2025;100688;27
2025;389;27
2025;1200578;27
2025;9996;27
2025;1163738;27
2025;1399482;27
2025;12015;27
2025;7676;27
2025;2304;27
2025;2918;27
2025;84352;27
2025;1187646;27
2025;4503;27
2025;1189607;27
2025;9772;27
2025;15343;27
2025;1419799;27
2025;1193264;27
2025;100688;27
2025;1257777;27
2025;90483;27
2025;7705;27
2025;38071;27
2025;1189778;27
2025;13866;27
2025;86288;27
2025;97679;27
2025;4503;27
2025;1408262;27
2025;97679;27
2025;74655;27
2025;13286;27
2025;1108786;27
2025;85586;27
2025;1183958;27
2025;1486822;27
2025;10289;27
2025;13996;27
2025;1408508;27
2025;150039;27
2025;120983;27
2025;49060;27
2025;54490;27
2025;49060;27
2025;86288;27
2025;5000930;27
2025;20249;27
2025;5001294;27
2025;5000930;27
2025;13866;27
2025;13424;27
2025;100956;27
2025;69464;27
2025;13601;27
2025;1342449;27
2025;1399618;27
2025;12692;27
2025;1216474;27
2025;2304;27
2025;49910;27
2025;1108281;27
2025;84352;27
2025;98409;27
2025;5920;27
2025;5345;27
2025;13723;27
2025;7705;27
2025;15343;27
2025;5206;27
2025;1397773;27
2025;1518495;27
2025;8960;27
2025;9988;27
2025;16236;27
2025;8960;27
2025;11114;27
2025;1406536;27
2025;90847;27
2025;90847;27
2025;1050663;27
2025;90847;27
2025;90847;27
2025;91219;27
2025;90847;27
2025;90847;27
2025;54494;27
2025;2918;27
2025;1180318;27
2025;85652;27
2025;18447;27
2025;85652;27
2025;1292869;27
2025;107766;27
2025;1404416;27
2025;1483768;27
2025;1406536;27
2025;93001;27
2025;12813;27
2025;5001183;27
2025;1101742;27
2025;1399479;27
2025;1439;27
2025;108014;27
2025;19434;27
2025;100688;27
2025;1178672;27
2025;1408504;27
2025;78256;27
2025;1438629;27
2025;1029204;27
2025;120983;27
2025;100956;27
2025;8554;27
2025;1390309;27
2025;100958;27
2025;91219;27
2025;1399618;27
2025;2304;27
2025;1399618;27
2025;1202553;27
2025;100958;27
2025;1313341;27
2025;1408507;27
2025;14359;27
2025;1399477;27
2025;1399480;27
2025;6711;27
2025;1183313;27
2025;1258023;27
2025;9988;27
2025;1399478;27
2025;5000979;27
2025;85652;27
2025;13996;27
2025;3418;27
2025;91219;27
2025;20249;27
2025;1421013;27
2025;19206;27
2025;100958;27
2025;12569;27
2025;5000001;27
2025;100956;27
2025;1202553;27
2025;107666;27
2025;5000841;27
2025;1292725;27
2025;1163738;27
2025;5000930;27
2025;1404416;27
2025;12015;27
2025;120983;27
2025;1216474;27
2025;1399616;27
2025;9988;27
2025;12015;27
2025;8698;27
2025;1178672;27
2025;12970;27
2025;97679;27
2025;75821;27
2025;1107;27
2025;49060;27
2025;1257524;27
2025;14975;27
2025;21542;27
2025;1408261;27
2025;1408262;27
2025;1029763;27
2025;5000841;27
2025;1518495;27
2025;9988;27
2025;66361;27
2025;1725;27
2025;1439;27
2025;74655;27
2025;10222;27
2025;1408507;27
2025;90483;27
2025;98406;27
2025;1342537;27
2025;13200;27
2025;13286;27
2025;69464;27
2025;103596;27
2025;72669;27
2025;103596;27
2025;1399479;27
2025;1399616;27
2025;66361;27
2025;1477973;27
2025;1276878;27
2025;6496;27
2025;1107;27
2025;65114;27
2025;1292869;27
2025;97679;27
2025;1427370;27
2025;1185076;27
2025;1399618;27
2025;1180318;27
2025;5001294;27
2025;85652;27
2025;87537;27
2025;1136509;27
2025;99476;27
2025;11316;27
2025;1330031;27
2025;1399483;27
2025;1257562;27
2025;1108281;27
2025;1406536;27
2025;12569;27
2025;1455021;27
2025;108014;27
2025;1029204;27
2025;1102360;27
2025;14359;27
2025;18472;27
2025;1200578;27
2025;868;27
2025;12015;27
2025;100956;27
2025;13424;27
2025;90483;27
2025;1202573;27
2025;12692;27
2025;7837;27
2025;1390311;27
2025;1278877;27
2025;90483;27
2025;5000812;27
2025;1363536;27
2025;5001033;27
2025;1189778;27
2025;1408505;27
2025;59174;27
2025;6496;27
2025;85652;27
2025;5345;27
2025;86356;27
2025;15475;27
2025;100958;27
2025;1397773;27
2025;7414;27
2025;303;27
2025;1399488;27
2025;14975;27
2025;1439;27
2025;1334344;27
2025;1278877;27
2025;1342610;27
2025;1483773;27
2025;5000001;27
2025;4720;27
2025;1202553;27
2025;54490;27
2025;5000001;27
2025;1483773;27
2025;1404416;27
2025;1187646;27
2025;8960;27
2025;2348;27
2025;1408261;27
2025;78256;27
2025;1187646;27
2025;1200578;27
2025;1321864;27
2025;4503;27
2025;14093;27
2025;12345;27
2025;7414;27
2025;100956;27
2025;1108281;27
2025;1342449;27
2025;1173014;27
2025;1185076;27
2025;1427370;27
2025;1178672;27
2025;1108786;27
2025;13601;27
2025;8960;27
2025;71859;27
2025;14234;27
2025;7414;27
2025;72417;27
2025;4720;27
2025;58412;27
2025;13453;27
2025;1202539;27
2025;1178672;27
2025;2695;27
2025;1173014;27
2025;1278877;27
2025;1068548;27
2025;1188900;27
2025;1173014;27
2025;1385538;27
2025;12813;27
2025;1408509;27
2025;91219;27
2025;1178524;27
2025;1399617;27
2025;1399616;27
2025;18447;27
2025;1342505;27
2025;1184325;27
2025;100956;27
2025;4082;27
2025;1173014;27
2025;1483805;27
2025;1399478;27
2025;64918;27
2025;1292869;27
2025;64918;27
2025;1216474;27
2025;57402;27
2025;1390311;27
2025;1258023;27
2025;20058;27
2025;1188900;27
2025;14234;27
2025;59414;27
2025;1173014;27
2025;86288;27
2025;1342505;27
2025;1342505;27
2025;1342449;27
2025;66361;27
2025;7414;27
2025;13424;27
2025;1399615;27
2025;9988;27
2025;10222;27
2025;1385538;27
2025;1399479;27
2025;4720;27
2025;85652;27
2025;91399;27
2025;10289;27
2025;2695;27
2025;1399478;27
2025;7705;27
2025;82224;27
2025;14359;27
2025;20360;27
2025;91219;27
2025;8698;27
2025;2695;27
2025;1261972;27
2025;1188900;27
2025;10591;27
2025;86288;27
2025;1183313;27
2025;12569;27
2025;4082;27
2025;2348;27
2025;82224;27
2025;1059179;27
2025;5000979;27
2025;4503;27
2025;5000001;27
2025;3148;27
2025;6496;27
2025;82224;27
2025;4720;27
2025;90059;27
2025;5000980;27
2025;1390317;27
2025;9996;27
2025;98506;27
2025;2918;27
2025;72767;27
2025;1202546;27
2025;1404416;27
2025;5001294;27
2025;20249;27
2025;1317634;27
2025;71859;27
2025;11316;27
2025;54490;27
2025;72667;27
2025;90059;27
2025;11114;27
2025;57852;27
2025;1188900;27
2025;1108281;27
2025;90483;27
2025;1427370;27
2025;98406;27
2025;1188900;27
2025;1408504;27
2025;1202539;27
2025;5001294;27
2025;1107;27
2025;8960;27
2025;86356;27
2025;14359;27
2025;2695;27
2025;87537;27
2025;9326;27
2025;14234;27
2025;1408504;27
2025;6711;27
2025;1257562;27
2025;18594;27
2025;4503;27
2025;72669;27
2025;5001300;27
2025;11114;27
2025;1184432;27
2025;1406536;27
2025;9805;27
2025;1136509;27
2025;5000980;27
2025;5001294;27
2025;11316;27
2025;13286;27
2025;758;27
2025;5909;27
2025;1104264;27
2025;4503;27
2025;1408259;27
2025;78256;27
2025;87941;27
2025;1408505;27
2025;868;27
2025;10289;27
2025;1292917;27
2025;13424;27
2025;14975;27
2025;1483773;27
2025;14615;27
2025;12970;27
2025;1397771;27
2025;82224;27
2025;8960;27
2025;85652;27
2025;2695;27
2025;13723;27
2025;1629;27
2025;1421013;27
2025;1445016;27
2025;1399477;27
2025;1390317;27
2025;1190280;27
2025;120983;27
2025;84408;27
2025;7414;27
2025;1185025;27
2025;1385538;27
2025;2695;27
2025;1202588;27
2025;7414;27
2025;13601;27
2025;1342536;27
2025;11114;27
2025;1399489;27
2025;1879;27
2025;1390311;27
2025;1385538;27
2025;4503;27
2025;37304;27
2025;20058;27
2025;39415;27
2025;150039;27
2025;51835;27
2025;5000001;27
2025;13723;27
2025;1101742;27
2025;86288;27
2025;1399615;27
2025;15475;27
2025;12345;27
2025;5000980;27
2025;8554;27
2025;5000979;27
2025;5000930;27
2025;5000841;27
2025;1101742;27
2025;78256;27
2025;1184432;27
2025;1629;27
2025;8698;27
2025;100688;27
2025;87537;27
2025;1421013;27
2025;78256;27
2025;103596;27
2025;303;27
2025;1185076;27
2025;1725;27
2025;1185076;27
2025;98406;27
2025;20058;27
2025;10591;27
2025;20058;27
2025;12692;27
2025;9326;27
2025;20058;27
2025;1399482;27
2025;1200578;27
2025;90059;27
2025;1399614;27
2025;7676;27
2025;20058;27
2025;5000979;27
2025;1184060;27
2025;100958;27
2025;20249;27
2025;1202546;27
2025;18447;27
2025;1399486;27
2025;7105;27
2025;1399488;27
2025;1455021;27
2025;1408507;27
2025;1193264;27
2025;1385538;27
2025;66361;27
2025;5000979;27
2025;7676;27
2025;69624;27
2025;90483;27
2025;18594;27
2025;5000931;27
2025;1292917;27
2025;1107;27
2025;1180318;27
2025;1399481;27
2025;1191415;27
2025;1278877;27
2025;11114;27
2025;1026;27
2025;72417;27
2025;1427420;27
2025;868;27
2025;12;27
2025;1725;27
2025;12692;27
2025;64918;27
2025;66361;27
2025;1397772;27
2025;84408;27
2025;1427370;27
2025;1192188;27
2025;1399478;27
2025;1292725;27
2025;1190280;27
2025;1317634;27
2025;1399486;27
2025;6496;27
2025;15839;27
2025;48854;27
2025;4503;27
2025;82224;27
2025;107666;27
2025;868;27
2025;65114;27
2025;1261972;27
2025;1136509;27
2025;1192047;27
2025;868;27
2025;15343;27
2025;1439;27
2025;1108153;27
2025;66361;27
2025;1188900;27
2025;10289;27
2025;15839;27
2025;13866;27
2025;1188900;27
2025;14359;27
2025;108014;27
2025;1188900;27
2025;97679;27
2025;86288;27
2025;13996;27
2025;13723;27
2025;1029204;27
2025;5000931;27
2025;14975;27
2025;1108786;27
2025;1163738;27
2025;1408505;27
2025;1399480;27
2025;1107;27
2025;78256;27
2025;53338;27
2025;72767;27
2025;1163738;27
2025;1163738;27
2025;3148;27
2025;75821;27
2025;868;27
2025;3148;27
2025;66248;27
2025;1187646;27
2025;5001033;27
2025;1408507;27
2025;5000979;27
2025;8554;27
2025;1171609;27
2025;1399619;27
2025;13996;27
2025;1404416;27
2025;14615;27
2025;20360;27
2025;5000979;27
2025;58412;27
2025;11114;27
2025;1342449;27
2025;1189607;27
2025;2695;27
2025;303;27
2025;78256;27
2025;12692;27
2025;87537;27
2025;1390309;27
2025;18594;27
2025;5000933;27
2025;1136509;27
2025;18472;27
2025;7676;27
2025;11114;27
2025;1190667;27
2025;14093;27
2025;51835;27
2025;5000979;27
2025;1408509;27
2025;140;27
2025;1408507;27
2025;1397773;27
2025;1439;27
2025;2918;27
2025;1191415;27
2025;1108281;27
2025;5000979;27
2025;1397771;27
2025;1399618;27
2025;1408507;27
2025;14725;27
2025;72767;27
2025;1408509;27
2025;3677;27
2025;72669;27
2025;1108281;27
2025;1390317;27
2025;14563;27
2025;2918;27
2025;91399;27
2025;15343;27
2025;1214209;27
2025;39415;27
2025;1455021;27
2025;82224;27
2025;1518;27
2025;21542;27
2025;113504;27
2025;1292917;27
2025;72681;27
2025;1292917;27
2025;1068548;27
2025;16236;27
2025;1292713;27
2025;1399485;27
2025;93001;27
2025;5001101;27
2025;65114;27
2025;1322329;27
2025;9326;27
2025;90483;27
2025;1406536;27
2025;9326;27
2025;13424;27
2025;1276878;27
2025;86288;27
2025;100688;27
2025;7676;27
2025;1518495;27
2025;86288;27
2025;14359;27
2025;5000980;27
2025;1399479;27
2025;84352;27
2025;1465625;27
2025;5000980;27
2025;1189607;27
2025;51835;27
2025;19434;27
2025;1399487;27
2025;82224;27
2025;65114;27
2025;100956;27
2025;20360;27
2025;2348;27
2025;12569;27
2025;54490;27
2025;1457503;27
2025;1419799;27
2025;1349675;27
2025;4503;27
2025;1342505;27
2025;1214209;27
2025;1292917;27
2025;82224;27
2025;1200712;27
2025;1292869;27
2025;75821;27
2025;100958;27
2025;87537;27
2025;5001314;27
2025;1317634;27
2025;82224;27
2025;1180318;27
2025;107766;27
2025;15783;27
2025;85586;27
2025;1136509;27
2025;5001314;27
2025;2695;27
2025;57402;27
2025;1399485;27
2025;64918;27
2025;12813;27
2025;79007;27
2025;1050663;27
2025;5001450;27
2025;4082;27
2025;1108281;27
2025;1200712;27
2025;9996;27
2025;13286;27
2025;1363536;27
2025;87941;27
2025;2348;27
2025;1399615;27
2025;7676;27
2025;14563;27
2025;13286;27
2025;19434;27
2025;1399481;27
2025;66248;27
2025;65924;27
2025;72681;27
2025;107766;27
2025;1202539;27
2025;2348;27
2025;1457503;27
2025;54494;27
2025;1292917;27
2025;39415;27
2025;389;27
2025;1334344;27
2025;54490;27
2025;1188900;27
2025;13286;27
2025;72681;27
2025;1178524;27
2025;4720;27
2025;1278877;27
2025;15343;27
2025;1185076;27
2025;57402;27
2025;86288;27
2025;3677;27
2025;1261972;27
2025;103596;27
2025;72681;27
2025;1342505;27
2025;1349675;27
2025;1292917;27
2025;13601;27
2025;86288;27
2025;8437;27
2025;1408262;27
2025;12345;27
2025;82224;27
2025;1439;27
2025;1189778;27
2025;7105;27
2025;78256;27
2025;10224;27
2025;1445016;27
2025;5000930;27
2025;16904;27
2025;1257777;27
2025;11233;27
2025;3677;27
2025;5001183;27
2025;13996;27
2025;18594;27
2025;1278877;27
2025;64706;27
2025;5000930;27
2025;4082;27
2025;1399478;27
2025;1399482;27
2025;1477973;27
2025;1399614;27
2025;100958;27
2025;12345;27
2025;1184325;27
2025;58412;27
2025;21542;27
2025;1178524;27
2025;2918;27
2025;108882;27
2025;1408262;27
2025;1399479;27
2025;1168313;27
2025;100958;27
2025;1292726;27
2025;9988;27
2025;84408;27
2025;1330031;27
2025;91219;27
2025;15783;27
2025;758;27
2025;1292726;27
2025;1026;27
2025;1397771;27
2025;5001167;27
2025;78256;27
2025;53338;27
2025;5909;27
2025;15475;27
2025;1397771;27
2025;1193759;27
2025;14615;27
2025;48854;27
2025;1257548;27
2025;1108786;27
2025;100958;27
2025;12569;27
2025;13286;27
2025;1399618;27
2025;100956;27
2025;113504;27
2025;3148;27
2025;12569;27
2025;12813;27
2025;100956;27
2025;12970;27
2025;5001427;27
2025;18594;27
2025;1184432;27
2025;5001300;27
2025;86288;27
2025;1427370;27
2025;7105;27
2025;13601;27
2025;6496;27
2025;98506;27
2025;1399618;27
2025;15839;27
2025;1399478;27
2025;1390311;27
2025;87537;27
2025;87537;27
2025;1171609;27
2025;1202546;27
2025;1135207;27
2025;14615;27
2025;82224;27
2025;72417;27
2025;5000930;27
2025;12813;27
2025;100956;27
2025;1292917;27
2025;1188127;27
2025;65114;27
2025;91219;27
2025;1292726;27
2025;93001;27
2025;1179501;27
2025;5001294;27
2025;1258021;27
2025;7837;27
2025;1184047;27
2025;9988;27
2025;1404416;27
2025;1399485;27
2025;1202539;27
2025;16904;27
2025;87941;27
2025;1188127;27
2025;1427419;27
2025;1261972;27
2025;1188127;27
2025;11114;27
2025;1188127;27
2025;1026;27
2025;14093;27
2025;1188127;27
2025;1327450;27
2025;1188127;27
2025;1390311;27
2025;4503;27
2025;1185076;27
2025;6711;27
2025;1202547;27
2025;64918;27
2025;65114;27
2025;84352;27
2025;91219;27
2025;3148;27
2025;1399618;27
2025;12345;27
2025;1188127;27
2025;1188127;27
2025;11114;27
2025;103596;27
2025;1292725;27
2025;5000841;27
2025;1193275;27
2025;1188127;27
2025;1385538;27
2025;1408259;27
2025;5000812;27
2025;14093;27
2025;1188127;27
2025;1109361;27
2025;1349675;27
2025;8698;27
2025;11316;27
2025;66248;27
2025;1026;27
2025;12569;27
2025;1184047;27
2025;868;27
2025;1439;27
2025;72669;27
2025;13200;27
2025;13866;27
2025;12345;27
2025;13996;27
2025;1168313;27
2025;1399481;27
2025;9326;27
2025;12015;27
2025;1104264;27
2025;5001466;27
2025;5000979;27
2025;13723;27
2025;1184432;27
2025;1216474;27
2025;1408507;27
2025;1187646;27
2025;1202588;27
2025;1349675;27
2025;150039;27
2025;13996;27
2025;2695;27
2025;1189778;27
2025;51835;27
2025;1408507;27
2025;1188127;27
2025;39415;27
2025;5001294;27
2025;1427419;27
2025;1107;27
2025;1190280;27
2025;1317634;27
2025;13866;27
2025;13866;27
2025;108882;27
2025;8437;27
2025;1399481;27
2025;1107;27
2025;13866;27
2025;21542;27
2025;100688;27
2025;5001466;27
2025;1171609;27
2025;18447;27
2025;14234;27
2025;1108786;27
2025;1184047;27
2025;100956;27
2025;1178524;27
2025;1180318;27
2025;1397773;27
2025;1342449;27
2025;1108786;27
2025;1390311;27
2025;13286;27
2025;12970;27
2025;49060;27
2025;5001101;27
2025;100956;27
2025;1202553;27
2025;1439;27
2025;71859;27
2025;85586;27
2025;2918;27
2025;60660;27
2025;1258023;27
2025;11114;27
2025;1108786;27
2025;1107;27
2025;87537;27
2025;120983;27
2025;1314146;27
2025;1399618;27
2025;100958;27
2025;12345;27
2025;9996;27
2025;18594;27
2025;1278877;27
2025;1183313;27
2025;13601;27
2025;1202539;27
2025;57402;27
2025;4503;27
2025;9326;27
2025;100958;27
2025;1445016;27
2025;1185903;27
2025;1397773;27
2025;1188900;27
2025;12692;27
2025;7837;27
2025;1202553;27
2025;1180318;27
2025;1109361;27
2025;1108786;27
2025;65114;27
2025;13723;27
2025;11233;27
2025;13723;27
2025;4503;27
2025;2392;27
2025;103596;27
2025;1349675;27
2025;1102360;27
2025;12970;27
2025;1314146;27
2025;1202547;27
2025;15343;27
2025;1180318;27
2025;80037;27
2025;1184325;27
2025;5001294;27
2025;21542;27
2025;5000979;27
2025;66361;27
2025;11316;27
2025;18594;27
2025;8698;27
2025;69464;27
2025;100958;27
2025;1068548;27
2025;12569;27
2025;80037;27
2025;1421013;27
2025;5001466;27
2025;12015;27
2025;1483759;27
2025;11114;27
2025;1327450;27
2025;4720;27
2025;5000930;27
2025;72417;27
2025;1438629;27
2025;54494;27
2025;5001466;27
2025;100956;27
2025;91399;27
2025;49060;27
2025;69464;27
2025;18447;27
2025;19294;27
2025;1399481;27
2025;91399;27
2025;1385538;27
2025;10289;27
2025;1135207;27
2025;1192047;27
2025;13200;27
2025;1406536;27
2025;18447;27
2025;1399482;27
2025;97679;27
2025;1168313;27
2025;82224;27
2025;97679;27
2025;90483;27
2025;8437;27
2025;12813;27
2025;10222;27
2025;12692;27
2025;1171609;27
2025;2918;27
2025;10222;27
2025;1108786;27
2025;13723;27
2025;1314146;27
2025;1518;27
2025;79007;27
2025;1427370;27
2025;75821;27
2025;1518;27
2025;1445016;27
2025;6496;27
2025;13424;27
2025;1518;27
2025;100958;27
2025;9805;27
2025;1171609;27
2025;85586;27
2025;20058;27
2025;1518;27
2025;100956;27
2025;11233;27
2025;2348;27
2025;1408259;27
2025;1193759;27
2025;93001;27
2025;5909;27
2025;5000930;27
2025;20360;27
2025;12569;27
2025;14093;27
2025;12569;27
2025;72667;27
2025;13424;27
2025;10591;27
2025;13866;27
2025;85652;27
2025;1188900;27
2025;1342449;27
2025;1438629;27
2025;69464;27
2025;1399485;27
2025;150039;27
2025;1399477;27
2025;90059;27
2025;12345;27
2025;1200578;27
2025;87537;27
2025;90483;27
2025;14359;27
2025;1185076;27
2025;93001;27
2025;1725;27
2025;72417;27
2025;12692;27
2025;1068548;27
2025;1477973;27
2025;87941;27
2025;13996;27
2025;84408;27
2025;5001466;27
2025;1408259;27
2025;758;27
2025;82224;27
2025;5000812;27
2025;1168313;27
2025;1349675;27
2025;1292725;27
2025;1163738;27
2025;1108153;27
2025;78256;27
2025;100688;27
2025;7105;27
2025;1108786;27
2025;72675;27
2025;13286;27
2025;13200;27
2025;5001466;27
2025;10289;27
2025;1200578;27
2025;10222;27
2025;1330031;27
2025;1258021;27
2025;93001;27
2025;9996;27
2025;9326;27
2025;10224;27
2025;1390317;27
2025;140;27
2025;13200;27
2025;1399615;27
2025;85652;27
2025;12569;27
2025;1184325;27
2025;12692;27
2025;3148;27
2025;15839;27
2025;15783;27
2025;51835;27
2025;65114;27
2025;1202553;27
2025;1108786;27
2025;5001294;27
2025;1029204;27
2025;64918;27
2025;100956;27
2025;100956;27
2025;1185076;27
2025;82224;27
2025;13996;27
2025;65114;27
2025;1178524;27
2025;93001;27
2025;1399619;27
2025;78256;27
2025;1419799;27
2025;1399618;27
2025;1483759;27
2025;1184047;27
2025;87537;27
2025;1184325;27
2025;1168313;27
2025;9988;27
2025;85652;27
2025;1457503;27
2025;72767;27
2025;15475;27
2025;120983;27
2025;18447;27
2025;4082;27
2025;1322329;27
2025;1163738;27
2025;1202588;27
2025;13453;27
2025;1184432;27
2025;11114;27
2025;1406536;27
2025;758;27
2025;78256;27
2025;97679;27
2025;6496;27
2025;66248;27
2025;1408259;27
2025;12970;27
2025;1200578;27
2025;1190280;27
2025;72681;27
2025;15475;27
2025;1399619;27
2025;1457707;27
2025;4503;27
2025;5001466;27
2025;87537;27
2025;5000980;27
2025;1457503;27
2025;4503;27
2025;12970;27
2025;2918;27
2025;100688;27
2025;72681;27
2025;2918;27
2025;4082;27
2025;100958;27
2025;5001183;27
2025;71859;27
2025;1334344;27
2025;6496;27
2025;1629;27
2025;11446;27
2025;1349675;27
2025;84408;27
2025;9996;27
2025;19850;27
2025;10224;27
2025;1109361;27
2025;5000979;27
2025;13601;27
2025;13601;27
2025;1334344;27
2025;1399481;27
2025;1264844;27
2025;72767;27
2025;5000980;27
2025;1193264;27
2025;39415;27
2025;1108153;27
2025;9996;27
2025;1026;27
2025;5920;27
2025;1399484;27
2025;65114;27
2025;5000933;27
2025;1421100;27
2025;11114;27
2025;18594;27
2025;1108281;27
2025;1399614;27
2025;1184325;27
2025;18605;27
2025;1292713;27
2025;72675;27
2025;65114;27
2025;100956;27
2025;1109361;27
2025;5001314;27
2025;3148;27
2025;19206;27
2025;65114;27
2025;1629;27
2025;100956;27
2025;1399615;27
2025;13286;27
2025;10224;27
2025;1192047;27
2025;303;27
2025;93001;27
2025;103596;27
2025;5909;27
2025;1135207;27
2025;1168313;27
2025;1477973;27
2025;5000979;27
2025;1026;27
2025;19434;27
2025;98406;27
2025;1184047;27
2025;2348;27
2025;9996;27
2025;91399;27
2025;5345;27
2025;1184047;27
2025;5909;27
2025;12345;27
2025;1168313;27
2025;1455021;27
2025;5001294;27
2025;6496;27
2025;5001341;27
2025;1178524;27
2025;98506;27
2025;66361;27
2025;1399479;27
2025;15475;27
2025;1342449;27
2025;1108786;27
2025;1135207;27
2025;1104264;27
2025;1321864;27
2025;20058;27
2025;75821;27
2025;6711;27
2025;4720;27
2025;66361;27
2025;1399477;27
2025;2695;27
2025;1178524;27
2025;15343;27
2025;1725;27
2025;1334344;27
2025;1334344;27
2025;86356;27
2025;1390317;27
2025;1334344;27
2025;1109361;27
2025;19206;27
2025;11114;27
2025;85586;27
2025;1185903;27
2025;19086;27
2025;12015;27
2025;16904;27
2025;1278877;27
2025;1439;27
2025;1192047;27
2025;1026;27
2025;39415;27
2025;18472;27
2025;98506;27
2025;1258021;27
2025;868;27
2025;1185076;27
2025;868;27
2025;1457707;27
2025;98406;27
2025;868;27
2025;12015;27
2025;1408507;27
2025;1192047;27
2025;8554;27
2025;1321864;27
2025;14093;27
2025;58412;27
2025;72663;27
2025;97679;27
2025;65114;27
2025;1445016;27
2025;1108786;27
2025;1334344;27
2025;87537;27
2025;1439;27
2025;1292713;27
2025;1292713;27
2025;18472;27
2025;71859;27
2025;15783;27
2025;20058;27
2025;1397771;27
2025;84408;27
2025;1185025;27
2025;121850;27
2025;1168313;27
2025;121850;27
2025;1427419;27
2025;1399488;27
2025;1272168;27
2025;8698;27
2025;1188127;27
2025;1214209;27
2025;78256;27
2025;1214209;27
2025;85652;27
2025;1292917;27
2025;5001294;27
2025;113504;27
2025;72669;27
2025;101228;27
2025;1399482;27
2025;18594;27
2025;1408259;27
2025;1397772;27
2025;64918;27
2025;5001183;27
2025;2918;27
2025;74655;27
2025;1179189;27
2025;7676;27
2025;37304;27
2025;1408507;27
2025;1408507;27
2025;1486298;27
2025;18594;27
2025;14615;27
2025;20360;27
2025;10222;27
2025;1193275;27
2025;1439;27
2025;90059;27
2025;12569;27
2025;2392;27
2025;1108281;27
2025;1136509;27
2025;71859;27
2025;79007;27
2025;1390309;27
2025;12569;27
2025;90059;27
2025;1397773;27
2025;12569;27
2025;12569;27
2025;1184432;27
2025;1477973;27
2025;12569;27
2025;12569;27
2025;12569;27
2025;1292869;27
2025;12569;27
2025;53338;27
2025;12569;27
2025;12569;27
2025;12569;27
2025;1397771;27
2025;72669;27
2025;1135207;27
2025;7676;27
2025;1342536;27
2025;6711;27
2025;9996;27
2025;1292713;27
2025;18447;27
2025;107766;27
2025;1397772;27
2025;2918;27
2025;107766;27
2025;90483;27
2025;65114;27
2025;13601;27
2025;18472;27
2025;1334344;27
2025;5000980;27
2025;71859;27
2025;78256;27
2025;1183313;27
2025;1189607;27
2025;1321864;27
2025;7676;27
2025;1397771;27
2025;1399481;27
2025;10289;27
2025;90059;27
2025;57402;27
2025;99476;27
2025;7676;27
2025;5000981;27
2025;1390317;27
2025;7105;27
2025;5001294;27
2025;2392;27
2025;12970;27
2025;5001466;27
2025;5000812;27
2025;5000980;27
2025;1189778;27
2025;72675;27
2025;1385538;27
2025;3677;27
2025;72667;27
2025;1257777;27
2025;1342537;27
2025;101228;27
2025;100956;27
2025;1108153;27
2025;78256;27
2025;12015;27
2025;13723;27
2025;72669;27
2025;90483;27
2025;101228;27
2025;7837;27
2025;1390317;27
2025;87941;27
2025;5000841;27
2025;9805;27
2025;59414;27
2025;12692;27
2025;1292725;27
2025;5000979;27
2025;87941;27
2025;113504;27
2025;10224;27
2025;87941;27
2025;87941;27
2025;1399482;27
2025;93001;27
2025;5001466;27
2025;90483;27
2025;303;27
2025;74594;27
2025;1421100;27
2025;5345;27
2025;1163738;27
2025;90483;27
2025;20360;27
2025;6496;27
2025;97679;27
2025;93001;27
2025;1276878;27
2025;1448710;27
2025;9996;27
2025;9326;27
2025;1192237;27
2025;65114;27
2025;18594;27
2025;14359;27
2025;1257777;27
2025;57402;27
2025;1107;27
2025;10224;27
2025;9996;27
2025;1185903;27
2025;14093;27
2025;2918;27
2025;20360;27
2025;9996;27
2025;15343;27
2025;59174;27
2025;5000930;27
2025;1184432;27
2025;72669;27
2025;1107;27
2025;12970;27
2025;1397771;27
2025;1180318;27
2025;1408508;27
2025;12569;27
2025;1399618;27
2025;9805;27
2025;93001;27
2025;12015;27
2025;90059;27
2025;71859;27
2025;1399479;27
2025;5001294;27
2025;12345;27
2025;1202553;27
2025;12015;27
2025;1455021;27
2025;13723;27
2025;4082;27
2025;15783;27
2025;1292725;27
2025;1108153;27
2025;5001183;27
2025;1059179;27
2025;13286;27
2025;13424;27
2025;1180318;27
2025;1399479;27
2025;1193275;27
2025;1104264;27
2025;1202588;27
2025;93001;27
2025;1202539;27
2025;5000930;27
2025;1408262;27
2025;1483759;27
2025;1399479;27
2025;93001;27
2025;868;27
2025;74655;27
2025;1397772;27
2025;1397771;27
2025;1292869;27
2025;66248;27
2025;1399616;27
2025;1202547;27
2025;1518;27
2025;19294;27
2025;1406536;27
2025;1518;27
2025;1188849;27
2025;1879;27
2025;1068548;27
2025;5001033;27
2025;5000812;27
2025;2695;27
2025;5000930;27
2025;1192237;27
2025;2392;27
2025;1518;27
2025;64918;27
2025;1184432;27
2025;1399618;27
2025;90483;27
2025;5000979;27
2025;74594;27
2025;1146605;27
2025;1390317;27
2025;868;27
2025;72667;27
2025;6496;27
2025;1518;27
2025;7676;27
2025;5000979;27
2025;1438629;27
2025;1518;27
2025;1399616;27
2025;4720;27
2025;1168313;27
2025;1390317;27
2025;37304;27
2025;60660;27
2025;1399480;27
2025;1438629;27
2025;1518;27
2025;1518;27
2025;9805;27
2025;12692;27
2025;1317634;27
2025;14234;27
2025;79007;27
2025;1518;27
2025;18472;27
2025;5000841;27
2025;1385521;27
2025;758;27
2025;6496;27
2025;72681;27
2025;12015;27
2025;1518;27
2025;5001294;27
2025;1385521;27
2025;1438629;27
2025;1439;27
2025;15475;27
2025;1399618;27
2025;1399618;27
2025;1321864;27
2025;1146605;27
2025;1518;27
2025;1397772;27
2025;1408507;27
2025;20360;27
2025;100956;27
2025;1107;27
2025;1385521;27
2025;1322329;27
2025;12569;27
2025;91399;27
2025;1518;27
2025;84352;27
2025;1385521;27
2025;1399482;27
2025;1385538;27
2025;1264844;27
2025;12;27
2025;5001167;27
2025;20360;27
2025;1192188;27
2025;5001101;27
2025;1313341;27
2025;57852;27
2025;84408;27
2025;12345;27
2025;1322329;27
2025;1399480;27
2025;12;27
2025;1192188;27
2025;1322329;27
2025;7676;27
2025;3677;27
2025;4720;27
2025;1193759;27
2025;4082;27
2025;14615;27
2025;72669;27
2025;1267038;27
2025;18447;27
2025;1342449;27
2025;1188849;27
2025;1399478;27
2025;5000930;27
2025;21542;27
2025;12813;27
2025;1439;27
2025;1216474;27
2025;13723;27
2025;10591;27
2025;10224;27
2025;1399484;27
2025;12569;27
2025;1397771;27
2025;12692;27
2025;18605;27
2025;5920;27
2025;1421100;27
2025;1408504;27
2025;11446;27
2025;1399617;27
2025;91399;27
2025;64706;27
2025;5001294;27
2025;13424;27
2025;5909;27
2025;82224;27
2025;1026;27
2025;1448710;27
2025;5001294;27
2025;1193264;27
2025;1189778;27
2025;2918;27
2025;91399;27
2025;1136509;27
2025;64918;27
2025;65924;27
2025;5000841;27
2025;1397772;27
2025;1439;27
2025;8554;27
2025;1026;27
2025;1202553;27
2025;1399618;27
2025;1184325;27
2025;1330031;27
2025;14615;27
2025;389;27
2025;2695;27
2025;1179501;27
2025;1448710;27
2025;54494;27
2025;5000933;27
2025;2918;27
2025;82224;27
2025;1202539;27
2025;4503;27
2025;1399617;27
2025;1183313;27
2025;1202539;27
2025;90059;27
2025;1419799;27
2025;74655;27
2025;21542;27
2025;10224;27
2025;12;27
2025;3677;27
2025;6711;27
2025;3418;27
2025;12970;27
2025;10224;27
2025;1317634;27
2025;14615;27
2025;6496;27
2025;1200578;27
2025;758;27
2025;69624;27
2025;108882;27
2025;5001033;27
2025;108882;27
2025;1200578;27
2025;1477973;27
2025;1187646;27
2025;1184047;27
2025;2918;27
2025;2918;27
2025;1187646;27
2025;1178524;27
2025;1457006;27
2025;2918;27
2025;15783;27
2025;5000979;27
2025;74655;27
2025;90059;27
2025;1183313;27
2025;1107;27
2025;65114;27
2025;1390309;27
2025;1101742;27
2025;54494;27
2025;1385538;27
2025;12970;27
2025;13200;27
2025;14563;27
2025;11114;27
2025;5001033;27
2025;14975;27
2025;13424;27
2025;1427370;27
2025;1385538;27
2025;65924;27
2025;2918;27
2025;87941;27
2025;12345;27
2025;7837;27
2025;1399480;27
2025;1267038;27
2025;90091;27
2025;85652;27
2025;13601;27
2025;1202539;27
2025;101228;27
2025;13453;27
2025;75821;27
2025;49060;27
2025;5920;27
2025;5001183;27
2025;1108153;27
2025;12569;27
2025;5000979;27
2025;65114;27
2025;1399477;27
2025;1178524;27
2025;4720;27
2025;14615;27
2025;1483759;27
2025;5000978;27
2025;1408508;27
2025;1397771;27
2025;9772;27
2025;1397772;27
2025;78256;27
2025;19206;27
2025;1399482;27
2025;11316;27
2025;72667;27
2025;13424;27
2025;1171609;27
2025;1146605;27
2025;2392;27
2025;5000979;27
2025;1349675;27
2025;13866;27
2025;1292726;27
2025;85652;27
2025;87941;27
2025;12692;27
2025;38071;27
2025;90091;27
2025;1184325;27
2025;93001;27
2025;19294;27
2025;13286;27
2025;5206;27
2025;1178524;27
2025;758;27
2025;13286;27
2025;5909;27
2025;5001167;27
2025;13453;27
2025;1278877;27
2025;1427419;27
2025;13453;27
2025;49060;27
2025;13286;27
2025;93001;27
2025;1257524;27
2025;98406;27
2025;84408;27
2025;48854;27
2025;85652;27
2025;1202573;27
2025;74594;27
2025;8698;27
2025;10224;27
2025;9996;27
2025;86356;27
2025;66361;27
2025;1292726;27
2025;1427420;27
2025;1029204;27
2025;11114;27
2025;5001314;27
2025;3677;27
2025;12813;27
2025;1399478;27
2025;1483768;27
2025;1184325;27
2025;64918;27
2025;54494;27
2025;1879;27
2025;1292917;27
2025;12970;27
2025;1408505;27
2025;1292869;27
2025;13866;27
2025;93001;27
2025;1399478;27
2025;1477973;27
2025;18605;27
2025;1399478;27
2025;18594;27
2025;108882;27
2025;1109361;27
2025;1109361;27
2025;90091;27
2025;84352;27
2025;64918;27
2025;1408505;27
2025;1190280;27
2025;9772;27
2025;54490;27
2025;1191415;27
2025;1109361;27
2025;5909;27
2025;12970;27
2025;1109361;27
2025;2695;27
2025;37304;27
2025;108884;27
2025;11233;27
2025;80037;27
2025;10222;27
2025;1029204;27
2025;5001427;27
2025;1477973;27
2025;1487290;27
2025;1399617;27
2025;5000979;27
2025;5001341;27
2025;1029204;27
2025;1029204;27
2025;5000981;27
2025;93001;27
2025;16904;27
2025;1397772;27
2025;99476;27
2025;5000981;27
2025;20249;27
2025;90483;27
2025;86356;27
2025;1193264;27
2025;12569;27
2025;5001300;27
2025;5000979;27
2025;1629;27
2025;5000979;27
2025;13286;27
2025;14563;27
2025;12970;27
2025;72663;27
2025;1477973;27
2025;1427419;27
2025;1185903;27
2025;8554;27
2025;1321864;27
2025;5000979;27
2025;14563;27
2025;1108786;27
2025;5001466;27
2025;12;27
2025;5001183;27
2025;1399479;27
2025;9996;27
2025;5000930;27
2025;75821;27
2025;1267038;27
2025;12;27
2025;39415;27
2025;10224;27
2025;1179189;27
2025;1629;27
2025;1189607;27
2025;84408;27
2025;108882;27
2025;14975;27
2025;9326;27
2025;1136509;27
2025;91399;27
2025;1404416;27
2025;108884;27
2025;108882;27
2025;64706;27
2025;108882;27
2025;108882;27
2025;12970;27
2025;108882;27
2025;54494;27
2025;9772;27
2025;86288;27
2025;60660;27
2025;1438629;27
2025;5001427;27
2025;108882;27
2025;1427370;27
2025;5000930;27
2025;5920;27
2025;1292713;27
2025;1185076;27
2025;1029204;27
2025;74655;27
2025;108884;27
2025;1321864;27
2025;108884;27
2025;8554;27
2025;108884;27
2025;108884;27
2025;1108786;27
2025;100688;27
2025;4503;27
2025;108884;27
2025;5001341;27
2025;1295813;27
2025;1518495;27
2025;7837;27
2025;1399480;27
2025;87941;27
2025;1399477;27
2025;5001033;27
2025;1163738;27
2025;64918;27
2025;1390311;27
2025;108884;27
2025;1267038;27
2025;1438629;27
2025;1202553;27
2025;20249;27
2025;4503;27
2025;9772;27
2025;59174;27
2025;1399614;27
2025;5001427;27
2025;1276878;27
2025;7837;27
2025;12970;27
2025;51835;27
2025;5001300;27
2025;11233;27
2025;4503;27
2025;108884;27
2025;1292917;27
2025;51835;27
2025;108884;27
2025;82224;27
2025;97679;27
2025;1399618;27
2025;1178524;27
2025;86356;27
2025;65114;27
2025;78256;27
2025;1193759;27
2025;1029763;27
2025;1261972;27
2025;1465625;27
2025;4082;27
2025;12692;27
2025;108884;27
2025;5001466;27
2025;1168313;27
2025;12569;27
2025;57402;27
2025;1108786;27
2025;1171609;27
2025;60660;27
2025;1185903;27
2025;1317634;27
2025;1397771;27
2025;86288;27
2025;9996;27
2025;11233;27
2025;65114;27
2025;1258023;27
2025;1292713;27
2025;58412;27
2025;108884;27
2025;39415;27
2025;1272168;27
2025;108884;27
2025;6711;27
2025;1487491;27
2025;1188127;27
2025;1408505;27
2025;108882;27
2025;108884;27
2025;72669;27
2025;5001167;27
2025;72767;27
2025;86356;27
2025;74655;27
2025;74655;27
2025;108884;27
2025;1399489;27
2025;65114;27
2025;1419799;27
2025;9805;27
2025;108884;27
2025;1487290;27
2025;97679;27
2025;108884;27
2025;103596;27
2025;1399618;27
2025;1136509;27
2025;1399617;27
2025;1292917;27
2025;1399618;27
2025;15343;27
2025;8698;27
2025;14975;27
2025;4720;27
2025;1295813;27
2025;5001183;27
2025;5000812;27
2025;10289;27
2025;64918;27
2025;107666;27
2025;1408509;27
2025;1295813;27
2025;54494;27
2025;1439;27
2025;1187646;27
2025;18447;27
2025;1272168;27
2025;72667;27
2025;1390311;27
2025;13103;27
2025;1185903;27
2025;1408505;27
2025;1404416;27
2025;1408505;27
2025;39415;27
2025;1397772;27
2025;13866;27
2025;57852;27
2025;1399481;27
2025;9805;27
2025;1184432;27
2025;1185903;27
2025;1399618;27
2025;1487491;27
2025;72667;27
2025;14234;27
2025;1272168;27
2025;1408507;27
2025;1050663;27
2025;16904;27
2025;1278877;27
2025;37304;27
2025;1184432;27
2025;1399478;27
2025;1317634;27
2025;1202546;27
2025;1050663;27
2025;108884;27
2025;14615;27
2025;10222;27
2025;1184432;27
2025;84408;27
2025;12345;27
2025;1483768;27
2025;37304;27
2025;1408507;27
2025;108882;27
2025;1135207;27
2025;1321864;27
2025;1184325;27
2025;74655;27
2025;1193759;27
2025;49060;27
2025;4503;27
2025;4503;27
2025;5001341;27
2025;18594;27
2025;12569;27
2025;1258021;27
2025;12970;27
2025;13723;27
2025;1385538;27
2025;8698;27
2025;91219;27
2025;57852;27
2025;1257562;27
2025;57852;27
2025;72681;27
2025;74655;27
2025;1184432;27
2025;1399616;27
2025;1317634;27
2025;1399486;27
2025;1408259;27
2025;1146605;27
2025;1427370;27
2025;15839;27
2025;1399486;27
2025;758;27
2025;12015;27
2025;5920;27
2025;1399618;27
2025;1399489;27
2025;12345;27
2025;1406536;27
2025;100958;27
2025;11446;27
2025;2918;27
2025;1295813;27
2025;87537;27
2025;5001101;27
2025;51699;27
2025;1202573;27
2025;1193275;27
2025;85586;27
2025;1295813;27
2025;758;27
2025;389;27
2025;64706;27
2025;98406;27
2025;14563;27
2025;14234;27
2025;75821;27
2025;1408505;27
2025;1408508;27
2025;1419799;27
2025;91399;27
2025;86288;27
2025;13424;27
2025;2918;27
2025;1200712;27
2025;5000841;27
2025;51835;27
2025;65114;27
2025;1879;27
2025;11114;27
2025;1108786;27
2025;72669;27
2025;3148;27
2025;100688;27
2025;15839;27
2025;91219;27
2025;1200578;27
2025;1399486;27
2025;1278877;27
2025;60660;27
2025;99476;27
2025;100958;27
2025;1104264;27
2025;5000978;27
2025;12970;27
2025;1292725;27
2025;1399614;27
2025;1879;27
2025;5000978;27
2025;1171609;27
2025;1477973;27
2025;107666;27
2025;91399;27
2025;14615;27
2025;13200;27
2025;1427419;27
2025;1457006;27
2025;1399614;27
2025;12692;27
2025;1185076;27
2025;1108786;27
2025;2695;27
2025;15783;27
2025;1185903;27
2025;1261971;27
2025;1184325;27
2025;1399614;27
2025;97679;27
2025;1184325;27
2025;6711;27
2025;14563;27
2025;8698;27
2025;3677;27
2025;19850;27
2025;85652;27
2025;1050663;27
2025;1439;27
2025;107766;27
2025;1421013;27
2025;1453564;27
2025;1399477;27
2025;1399486;27
2025;4720;27
2025;1191415;27
2025;90483;27
2025;12692;27
2025;19434;27
2025;69464;27
2025;1397772;27
2025;4503;27
2025;1439;27
2025;5001183;27
2025;1487290;27
2025;9805;27
2025;18472;27
2025;13866;27
2025;13286;27
2025;3148;27
2025;1397772;27
2025;1483768;27
2025;4503;27
2025;20249;27
2025;1427420;27
2025;15343;27
2025;75821;27
2025;5000980;27
2025;64706;27
2025;13286;27
2025;12015;27
2025;5001427;27
2025;2918;27
2025;101228;27
2025;1171609;27
2025;1261972;27
2025;1408261;27
2025;12569;27
2025;1108786;27
2025;12;27
2025;1184325;27
2025;1184047;27
2025;64918;27
2025;1292713;27
2025;1317634;27
2025;49910;27
2025;84352;27
2025;1171609;27
2025;1342449;27
2025;1334344;27
2025;1272168;27
2025;91219;27
2025;12692;27
2025;1059179;27
2025;1445016;27
2025;59174;27
2025;1363536;27
2025;57852;27
2025;1725;27
2025;65114;27
2025;86288;27
2025;86288;27
2025;78256;27
2025;1184325;27
2025;74655;27
2025;1317634;27
2025;9988;27
2025;1397772;27
2025;1453564;27
2025;1406536;27
2025;1292726;27
2025;1202547;27
2025;1192047;27
2025;86288;27
2025;72667;27
2025;6496;27
2025;1408505;27
2025;1029763;27
2025;12569;27
2025;1108786;27
2025;2348;27
2025;12692;27
2025;1136509;27
2025;5000812;27
2025;9326;27
2025;1202553;27
2025;5001294;27
2025;91399;27
2025;1189778;27
2025;7676;27
2025;49910;27
2025;1136509;27
2025;5001101;27
2025;1725;27
2025;5000980;27
2025;86288;27
2025;1136509;27
2025;1408505;27
2025;98406;27
2025;64918;27
2025;1453564;27
2025;2918;27
2025;8960;27
2025;101228;27
2025;100956;27
2025;82224;27
2025;90483;27
2025;58412;27
2025;90483;27
2025;11316;27
2025;1397772;27
2025;1136509;27
2025;1188900;27
2025;1419799;27
2025;1292713;27
2025;72675;27
2025;84408;27
2025;1179501;27
2025;54494;27
2025;13453;27
2025;1445016;27
2025;1257548;27
2025;1385538;27
2025;48854;27
2025;5000979;27
2025;97679;28
2025;1187646;28
2025;1292726;28
2025;1108786;28
2025;121850;28
2025;1399619;28
2025;1171609;28
2025;1109361;28
2025;1385538;28
2025;5000981;28
2025;78256;28
2025;1453564;28
2025;14359;28
2025;10224;28
2025;1363536;28
2025;7414;28
2025;3418;28
2025;37304;28
2025;1427370;28
2025;7414;28
2025;85652;28
2025;8554;28
2025;8698;28
2025;1292726;28
2025;7414;28
2025;1173014;28
2025;1342449;28
2025;100956;28
2025;97679;28
2025;1292917;28
2025;72669;28
2025;59414;28
2025;39415;28
2025;37304;28
2025;2348;28
2025;18447;28
2025;1399478;28
2025;59414;28
2025;1257524;28
2025;1173014;28
2025;1399486;28
2025;72681;28
2025;1397771;28
2025;1397771;28
2025;1399486;28
2025;1135207;28
2025;7705;28
2025;86356;28
2025;1453564;28
2025;14359;28
2025;90483;28
2025;98506;28
2025;18447;28
2025;1163738;28
2025;1292917;28
2025;72675;28
2025;39415;28
2025;12345;28
2025;1193264;28
2025;1179189;28
2025;5000981;28
2025;1399482;28
2025;5001101;28
2025;1187646;28
2025;82224;28
2025;5000930;28
2025;1202553;28
2025;13996;28
2025;57852;28
2025;1397772;28
2025;12;28
2025;74655;28
2025;74655;28
2025;82224;28
2025;1184047;28
2025;13286;28
2025;74655;28
2025;18594;28
2025;1483768;28
2025;1136509;28
2025;16236;28
2025;66361;28
2025;1050663;28
2025;1146605;28
2025;1399618;28
2025;78256;28
2025;1101742;28
2025;1399482;28
2025;66361;28
2025;10222;28
2025;13866;28
2025;58412;28
2025;6711;28
2025;5001183;28
2025;90059;28
2025;100956;28
2025;1185903;28
2025;1342536;28
2025;66361;28
2025;1397772;28
2025;82224;28
2025;11114;28
2025;64918;28
2025;66361;28
2025;1445016;28
2025;2348;28
2025;82224;28
2025;1399480;28
2025;6711;28
2025;13424;28
2025;1189778;28
2025;90483;28
2025;1292725;28
2025;1108281;28
2025;1192047;28
2025;14563;28
2025;49910;28
2025;59414;28
2025;57852;28
2025;1187646;28
2025;90483;28
2025;868;28
2025;1399618;28
2025;1408508;28
2025;1483759;28
2025;1399482;28
2025;59174;28
2025;72667;28
2025;13723;28
2025;1445016;28
2025;12813;28
2025;13453;28
2025;1185903;28
2025;14359;28
2025;1171609;28
2025;12015;28
2025;1168313;28
2025;72767;28
2025;49060;28
2025;13286;28
2025;98406;28
2025;18472;28
2025;1399480;28
2025;1313341;28
2025;10222;28
2025;1342505;28
2025;20360;28
2025;72667;28
2025;1313341;28
2025;1202539;28
2025;7837;28
2025;6496;28
2025;1184060;28
2025;7705;28
2025;60660;28
2025;9996;28
2025;19434;28
2025;4720;28
2025;14563;28
2025;1399486;28
2025;1059179;28
2025;1419799;28
2025;13723;28
2025;5000980;28
2025;484;28
2025;7676;28
2025;8960;28
2025;4503;28
2025;15839;28
2025;10222;28
2025;7676;28
2025;5001294;28
2025;14359;28
2025;18472;28
2025;1292917;28
2025;19294;28
2025;1419799;28
2025;1390309;28
2025;1202553;28
2025;100688;28
2025;1408508;28
2025;2695;28
2025;1342537;28
2025;78256;28
2025;1184325;28
2025;1421013;28
2025;1408509;28
2025;1191415;28
2025;1399479;28
2025;13996;28
2025;86288;28
2025;6711;28
2025;1163738;28
2025;98506;28
2025;1258021;28
2025;13723;28
2025;19294;28
2025;13286;28
2025;1399484;28
2025;91219;28
2025;13723;28
2025;13601;28
2025;98406;28
2025;1399616;28
2025;6711;28
2025;1390317;28
2025;1168313;28
2025;1321864;28
2025;14975;28
2025;6496;28
2025;12692;28
2025;1200578;28
2025;98506;28
2025;1487290;28
2025;1342536;28
2025;20249;28
2025;1200578;28
2025;7676;28
2025;1438629;28
2025;72417;28
2025;1408259;28
2025;1487290;28
2025;1136509;28
2025;85652;28
2025;1192047;28
2025;1322329;28
2025;758;28
2025;1200712;28
2025;98506;28
2025;5001450;28
2025;108882;28
2025;1029204;28
2025;86288;28
2025;1399615;28
2025;1214209;28
2025;1179501;28
2025;84352;28
2025;1104264;28
2025;1257524;28
2025;7705;28
2025;72667;28
2025;2695;28
2025;4503;28
2025;5001183;28
2025;9326;28
2025;16236;28
2025;38071;28
2025;1185076;28
2025;758;28
2025;1421013;28
2025;1292725;28
2025;1026;28
2025;1390317;28
2025;20360;28
2025;4720;28
2025;1408507;28
2025;11114;28
2025;1408259;28
2025;140;28
2025;65114;28
2025;74594;28
2025;1179501;28
2025;1421100;28
2025;37304;28
2025;21542;28
2025;74594;28
2025;1397771;28
2025;1192237;28
2025;75821;28
2025;11233;28
2025;1179501;28
2025;1485621;28
2025;1135207;28
2025;5001450;28
2025;5001450;28
2025;14234;28
2025;1180318;28
2025;86288;28
2025;100956;28
2025;100956;28
2025;97679;28
2025;868;28
2025;12970;28
2025;1390309;28
2025;1408259;28
2025;5001183;28
2025;5001450;28
2025;1399484;28
2025;1399287;28
2025;1192237;28
2025;100688;28
2025;98409;28
2025;59414;28
2025;18605;28
2025;57402;28
2025;66248;28
2025;85652;28
2025;65114;28
2025;18605;28
2025;1184060;28
2025;1399618;28
2025;12970;28
2025;1292917;28
2025;1399487;28
2025;11114;28
2025;15475;28
2025;6496;28
2025;1399619;28
2025;20249;28
2025;49910;28
2025;5345;28
2025;1390317;28
2025;103596;28
2025;12569;28
2025;72767;28
2025;1193275;28
2025;14615;28
2025;121850;28
2025;13453;28
2025;15475;28
2025;1258023;28
2025;1327450;28
2025;100688;28
2025;7676;28
2025;8437;28
2025;100956;28
2025;1399484;28
2025;98409;28
2025;5000001;28
2025;1408509;28
2025;1135207;28
2025;98409;28
2025;108882;28
2025;48854;28
2025;1399615;28
2025;49060;28
2025;5000930;28
2025;5001183;28
2025;1399615;28
2025;1135207;28
2025;10222;28
2025;4082;28
2025;2695;28
2025;108014;28
2025;9326;28
2025;12970;28
2025;1292917;28
2025;1192188;28
2025;7705;28
2025;1327450;28
2025;65924;28
2025;1183313;28
2025;1334344;28
2025;1166567;28
2025;1136509;28
2025;1399615;28
2025;1202573;28
2025;1399487;28
2025;1166567;28
2025;1261972;28
2025;12015;28
2025;1166567;28
2025;1166567;28
2025;1166567;28
2025;1399616;28
2025;1399487;28
2025;1183313;28
2025;85652;28
2025;86288;28
2025;1399487;28
2025;1399487;28
2025;1200712;28
2025;74655;28
2025;1399487;28
2025;71859;28
2025;1399487;28
2025;58412;28
2025;1185025;28
2025;1390317;28
2025;1200712;28
2025;1173014;28
2025;90059;28
2025;20249;28
2025;1477973;28
2025;1136509;28
2025;15839;28
2025;1179501;28
2025;1438629;28
2025;82224;28
2025;1390311;28
2025;87537;28
2025;758;28
2025;5001101;28
2025;1179189;28
2025;5909;28
2025;10289;28
2025;1427370;28
2025;87941;28
2025;54494;28
2025;1342449;28
2025;12345;28
2025;7676;28
2025;49060;28
2025;8554;28
2025;72681;28
2025;1421013;28
2025;1406536;28
2025;84352;28
2025;90483;28
2025;1179189;28
2025;1408259;28
2025;66361;28
2025;98506;28
2025;5206;28
2025;1168313;28
2025;82224;28
2025;1292726;28
2025;1317634;28
2025;1185025;28
2025;91399;28
2025;74655;28
2025;1399482;28
2025;1330031;28
2025;4720;28
2025;12970;28
2025;1267038;28
2025;58412;28
2025;72767;28
2025;9772;28
2025;86288;28
2025;10222;28
2025;9772;28
2025;4082;28
2025;14563;28
2025;82224;28
2025;5001466;28
2025;108014;28
2025;66361;28
2025;12692;28
2025;51835;28
2025;100958;28
2025;59414;28
2025;1427370;28
2025;1184047;28
2025;5206;28
2025;1342505;28
2025;1399482;28
2025;49060;28
2025;5001314;28
2025;1399480;28
2025;90084;28
2025;1399479;28
2025;1026;28
2025;5920;28
2025;1185076;28
2025;90084;28
2025;21542;28
2025;1104264;28
2025;1108786;28
2025;1455021;28
2025;14975;28
2025;3148;28
2025;90084;28
2025;74594;28
2025;1390309;28
2025;21542;28
2025;1059179;28
2025;90084;28
2025;90084;28
2025;1173014;28
2025;5001314;28
2025;1180318;28
2025;66361;28
2025;6496;28
2025;1397771;28
2025;1179189;28
2025;91219;28
2025;72663;28
2025;18447;28
2025;14615;28
2025;1190667;28
2025;90483;28
2025;90084;28
2025;9805;28
2025;1399489;28
2025;9805;28
2025;758;28
2025;5000930;28
2025;1180318;28
2025;90084;28
2025;1185025;28
2025;4720;28
2025;1397773;28
2025;12970;28
2025;90084;28
2025;9772;28
2025;1292869;28
2025;1397772;28
2025;90483;28
2025;57852;28
2025;5001033;28
2025;49910;28
2025;1190621;28
2025;85652;28
2025;1108786;28
2025;4503;28
2025;1399617;28
2025;90483;28
2025;16236;28
2025;1179189;28
2025;65114;28
2025;103596;28
2025;5000980;28
2025;1399479;28
2025;5000001;28
2025;1408262;28
2025;5000930;28
2025;1184432;28
2025;1168313;28
2025;1202539;28
2025;75821;28
2025;1190621;28
2025;1190621;28
2025;65114;28
2025;107766;28
2025;72681;28
2025;12569;28
2025;82224;28
2025;1399487;28
2025;7705;28
2025;65114;28
2025;1399477;28
2025;1108281;28
2025;1342505;28
2025;2304;28
2025;1261972;28
2025;2918;28
2025;82224;28
2025;1385538;28
2025;2304;28
2025;9805;28
2025;1193275;28
2025;1179501;28
2025;85652;28
2025;1439;28
2025;1477973;28
2025;90483;28
2025;1399477;28
2025;1399489;28
2025;5000979;28
2025;13723;28
2025;1188849;28
2025;1146605;28
2025;20360;28
2025;1427419;28
2025;13996;28
2025;1725;28
2025;21542;28
2025;16904;28
2025;1458090;28
2025;59174;28
2025;90059;28
2025;60660;28
2025;1202553;28
2025;72669;28
2025;5001033;28
2025;13424;28
2025;1168313;28
2025;19434;28
2025;1257777;28
2025;1026;28
2025;78256;28
2025;1202553;28
2025;18594;28
2025;72669;28
2025;1399479;28
2025;1518;28
2025;14975;28
2025;1342505;28
2025;1385538;28
2025;303;28
2025;85586;28
2025;11114;28
2025;12970;28
2025;97679;28
2025;12970;28
2025;65114;28
2025;389;28
2025;5000933;28
2025;72767;28
2025;484;28
2025;65114;28
2025;49060;28
2025;7676;28
2025;66361;28
2025;20249;28
2025;1108786;28
2025;1453564;28
2025;1445016;28
2025;1190280;28
2025;1292726;28
2025;1477973;28
2025;9326;28
2025;5000980;28
2025;1408504;28
2025;87537;28
2025;69624;28
2025;59414;28
2025;14975;28
2025;5000930;28
2025;5001314;28
2025;19086;28
2025;1349675;28
2025;100958;28
2025;1399619;28
2025;12970;28
2025;1399615;28
2025;1108281;28
2025;1399481;28
2025;1180318;28
2025;1278877;28
2025;1109361;28
2025;7105;28
2025;93001;28
2025;1408505;28
2025;1406536;28
2025;39415;28
2025;7676;28
2025;5001466;28
2025;90483;28
2025;10222;28
2025;87941;28
2025;1397772;28
2025;1408505;28
2025;82224;28
2025;6496;28
2025;3418;28
2025;1390317;28
2025;2304;28
2025;48854;28
2025;99476;28
2025;2304;28
2025;5001341;28
2025;90847;28
2025;5000980;28
2025;13996;28
2025;64918;28
2025;19206;28
2025;72669;28
2025;14234;28
2025;140;28
2025;1261972;28
2025;65114;28
2025;57402;28
2025;51835;28
2025;12;28
2025;4082;28
2025;4082;28
2025;1146605;28
2025;13601;28
2025;9996;28
2025;12569;28
2025;1399482;28
2025;13453;28
2025;1408262;28
2025;18472;28
2025;15783;28
2025;5001183;28
2025;5000930;28
2025;5000979;28
2025;90059;28
2025;100688;28
2025;5001033;28
2025;12015;28
2025;37304;28
2025;78256;28
2025;8698;28
2025;1390317;28
2025;5000979;28
2025;1445016;28
2025;5000930;28
2025;1438629;28
2025;9988;28
2025;1108786;28
2025;85586;28
2025;1486822;28
2025;85652;28
2025;72669;28
2025;12692;28
2025;18594;28
2025;82224;28
2025;100958;28
2025;1200578;28
2025;38071;28
2025;1185076;28
2025;80037;28
2025;57852;28
2025;13286;28
2025;97679;28
2025;18594;28
2025;90483;28
2025;7414;28
2025;1408259;28
2025;1317634;28
2025;84352;28
2025;1477973;28
2025;14563;28
2025;1200578;28
2025;103596;28
2025;5000001;28
2025;1408505;28
2025;8960;28
2025;82224;28
2025;1397771;28
2025;1427420;28
2025;5000001;28
2025;87537;28
2025;65114;28
2025;14975;28
2025;90059;28
2025;85652;28
2025;72675;28
2025;1399287;28
2025;108014;28
2025;90059;28
2025;1146605;28
2025;97679;28
2025;48854;28
2025;11233;28
2025;1421013;28
2025;7705;28
2025;14563;28
2025;14615;28
2025;37304;28
2025;1458090;28
2025;1330031;28
2025;1399615;28
2025;5000980;28
2025;1171609;28
2025;1406536;28
2025;1187646;28
2025;1029204;28
2025;1173014;28
2025;7676;28
2025;18594;28
2025;39415;28
2025;100956;28
2025;16236;28
2025;5000980;28
2025;1188900;28
2025;93001;28
2025;5000980;28
2025;1427370;28
2025;1168313;28
2025;1404416;28
2025;86288;28
2025;5000001;28
2025;5000931;28
2025;1397771;28
2025;1059179;28
2025;1385538;28
2025;86288;28
2025;1171609;28
2025;1059179;28
2025;1363536;28
2025;72681;28
2025;85652;28
2025;1257524;28
2025;1257524;28
2025;65114;28
2025;5000980;28
2025;1385538;28
2025;1629;28
2025;1178524;28
2025;1163738;28
2025;1059179;28
2025;10224;28
2025;12569;28
2025;1457503;28
2025;1408508;28
2025;1180318;28
2025;5000981;28
2025;1518495;28
2025;65114;28
2025;98506;28
2025;1390311;28
2025;1178524;28
2025;14563;28
2025;108014;28
2025;1879;28
2025;5909;28
2025;5001314;28
2025;1385538;28
2025;1483759;28
2025;1342505;28
2025;14359;28
2025;3148;28
2025;86356;28
2025;66361;28
2025;7414;28
2025;1342449;28
2025;1385538;28
2025;12569;28
2025;13866;28
2025;1276878;28
2025;9996;28
2025;72669;28
2025;13286;28
2025;1202553;28
2025;1399477;28
2025;20058;28
2025;51699;28
2025;1399478;28
2025;37304;28
2025;37304;28
2025;4503;28
2025;86288;28
2025;2918;28
2025;1214209;28
2025;20360;28
2025;1180318;28
2025;12970;28
2025;1202539;28
2025;7414;28
2025;12569;28
2025;1427420;28
2025;1136509;28
2025;1349675;28
2025;1385538;28
2025;86356;28
2025;82224;28
2025;13723;28
2025;1390317;28
2025;1419799;28
2025;1439;28
2025;18594;28
2025;59174;28
2025;1385538;28
2025;1408507;28
2025;5000930;28
2025;1185025;28
2025;1448710;28
2025;1427370;28
2025;5000978;28
2025;82224;28
2025;1184432;28
2025;1200578;28
2025;1408504;28
2025;6496;28
2025;1349675;28
2025;57852;28
2025;150039;28
2025;66248;28
2025;98406;28
2025;51835;28
2025;90091;28
2025;1399486;28
2025;14563;28
2025;1408262;28
2025;1202539;28
2025;14234;28
2025;82224;28
2025;4720;28
2025;86288;28
2025;18594;28
2025;5000931;28
2025;5000931;28
2025;1385538;28
2025;99476;28
2025;8554;28
2025;1399481;28
2025;58412;28
2025;1068548;28
2025;49060;28
2025;5000931;28
2025;5001314;28
2025;15783;28
2025;1102360;28
2025;1257562;28
2025;1292713;28
2025;5001033;28
2025;82224;28
2025;1192188;28
2025;1342537;28
2025;1257524;28
2025;37304;28
2025;13200;28
2025;4503;28
2025;6496;28
2025;5000978;28
2025;98406;28
2025;65114;28
2025;1385538;28
2025;108014;28
2025;1163738;28
2025;1188900;28
2025;113504;28
2025;1188900;28
2025;91219;28
2025;87537;28
2025;10224;28
2025;1397772;28
2025;13723;28
2025;1261971;28
2025;18594;28
2025;5000931;28
2025;19850;28
2025;51835;28
2025;1397772;28
2025;64918;28
2025;9996;28
2025;5001183;28
2025;1184047;28
2025;1725;28
2025;1184325;28
2025;1292869;28
2025;82224;28
2025;5000979;28
2025;1322329;28
2025;12015;28
2025;1399618;28
2025;5001294;28
2025;1184325;28
2025;1168313;28
2025;12015;28
2025;1342536;28
2025;1399488;28
2025;91219;28
2025;2918;28
2025;64918;28
2025;1363536;28
2025;5000930;28
2025;19086;28
2025;12015;28
2025;82224;28
2025;5909;28
2025;20360;28
2025;85652;28
2025;78256;28
2025;5000979;28
2025;13866;28
2025;5920;28
2025;18605;28
2025;1408259;28
2025;1399614;28
2025;4720;28
2025;1879;28
2025;90483;28
2025;1108153;28
2025;98506;28
2025;15783;28
2025;97679;28
2025;1136509;28
2025;1457006;28
2025;98406;28
2025;98506;28
2025;12692;28
2025;1178672;28
2025;87537;28
2025;87537;28
2025;1292869;28
2025;54494;28
2025;2918;28
2025;16904;28
2025;1399483;28
2025;1267038;28
2025;72681;28
2025;1257524;28
2025;1214209;28
2025;12569;28
2025;80037;28
2025;1292917;28
2025;12813;28
2025;1399486;28
2025;14615;28
2025;1399479;28
2025;14725;28
2025;1408507;28
2025;1258023;28
2025;18472;28
2025;1334344;28
2025;1408259;28
2025;1101742;28
2025;1399477;28
2025;20360;28
2025;60660;28
2025;1317634;28
2025;15783;28
2025;13601;28
2025;78256;28
2025;13723;28
2025;1322329;28
2025;98406;28
2025;1029204;28
2025;12692;28
2025;1397771;28
2025;19294;28
2025;1399482;28
2025;13424;28
2025;1214209;28
2025;75821;28
2025;1397772;28
2025;5000930;28
2025;20360;28
2025;758;28
2025;1200578;28
2025;1261972;28
2025;1178672;28
2025;1026;28
2025;1349675;28
2025;1200712;28
2025;97679;28
2025;100688;28
2025;1187646;28
2025;1342536;28
2025;90483;28
2025;1399617;28
2025;11233;28
2025;1399618;28
2025;65924;28
2025;1399488;28
2025;9988;28
2025;1408259;28
2025;90059;28
2025;54490;28
2025;1399615;28
2025;13723;28
2025;1068548;28
2025;98406;28
2025;100688;28
2025;1399479;28
2025;1427370;28
2025;65114;28
2025;19294;28
2025;91219;28
2025;1399479;28
2025;1397771;28
2025;64918;28
2025;2695;28
2025;100956;28
2025;15475;28
2025;87941;28
2025;15783;28
2025;1349675;28
2025;9805;28
2025;16236;28
2025;16904;28
2025;100688;28
2025;4720;28
2025;5000979;28
2025;1477973;28
2025;20249;28
2025;98406;28
2025;1399478;28
2025;78256;28
2025;389;28
2025;12692;28
2025;13996;28
2025;3677;28
2025;12970;28
2025;1185076;28
2025;37304;28
2025;49060;28
2025;484;28
2025;100956;28
2025;3677;28
2025;12569;28
2025;4503;28
2025;108882;28
2025;65114;28
2025;1166567;28
2025;11446;28
2025;2695;28
2025;19434;28
2025;72417;28
2025;1439;28
2025;11114;28
2025;1427370;28
2025;14093;28
2025;1439;28
2025;1349675;28
2025;13286;28
2025;13424;28
2025;13601;28
2025;16904;28
2025;93001;28
2025;13866;28
2025;1399614;28
2025;90059;28
2025;91399;28
2025;9326;28
2025;1292917;28
2025;12813;28
2025;15475;28
2025;5909;28
2025;1135207;28
2025;1399478;28
2025;49060;28
2025;100956;28
2025;140;28
2025;1421013;28
2025;1397771;28
2025;1188127;28
2025;13286;28
2025;1342610;28
2025;4082;28
2025;5909;28
2025;1399478;28
2025;21542;28
2025;1202547;28
2025;1102360;28
2025;100688;28
2025;49060;28
2025;60660;28
2025;87537;28
2025;1421013;28
2025;54494;28
2025;1257777;28
2025;1188127;28
2025;1188127;28
2025;10289;28
2025;12569;28
2025;1029763;28
2025;1188127;28
2025;5001314;28
2025;82224;28
2025;1188127;28
2025;1188127;28
2025;101228;28
2025;15783;28
2025;53338;28
2025;1188849;28
2025;7676;28
2025;1188127;28
2025;90059;28
2025;1188127;28
2025;1202553;28
2025;1188127;28
2025;1408508;28
2025;1184060;28
2025;1455021;28
2025;2392;28
2025;1188849;28
2025;1421013;28
2025;90059;28
2025;3148;28
2025;1190667;28
2025;1202539;28
2025;87537;28
2025;1404416;28
2025;13200;28
2025;100956;28
2025;1406536;28
2025;1439;28
2025;1029204;28
2025;13866;28
2025;64918;28
2025;1408262;28
2025;97679;28
2025;303;28
2025;14563;28
2025;14093;28
2025;4503;28
2025;1385538;28
2025;80037;28
2025;85652;28
2025;5001294;28
2025;37304;28
2025;1399478;28
2025;1408259;28
2025;4082;28
2025;91219;28
2025;1397773;28
2025;1257524;28
2025;1390317;28
2025;98506;28
2025;38071;28
2025;14093;28
2025;1104264;28
2025;107666;28
2025;1342610;28
2025;1399486;28
2025;1184432;28
2025;1214209;28
2025;65114;28
2025;1200712;28
2025;1408259;28
2025;5000979;28
2025;18472;28
2025;14615;28
2025;75821;28
2025;12692;28
2025;57402;28
2025;5001466;28
2025;72669;28
2025;12015;28
2025;5001466;28
2025;1314146;28
2025;5000978;28
2025;11114;28
2025;1190667;28
2025;65114;28
2025;1108786;28
2025;6711;28
2025;1188900;28
2025;72667;28
2025;11114;28
2025;1191415;28
2025;1188900;28
2025;18594;28
2025;100956;28
2025;13866;28
2025;7676;28
2025;1193275;28
2025;11114;28
2025;4082;28
2025;82224;28
2025;1183958;28
2025;1399481;28
2025;2695;28
2025;5001466;28
2025;72417;28
2025;57402;28
2025;18605;28
2025;1189778;28
2025;1399478;28
2025;103596;28
2025;5001314;28
2025;18605;28
2025;1190280;28
2025;14563;28
2025;90483;28
2025;91219;28
2025;13200;28
2025;13601;28
2025;14234;28
2025;1397772;28
2025;1349675;28
2025;1188900;28
2025;91219;28
2025;1399478;28
2025;1292726;28
2025;1349675;28
2025;12692;28
2025;1518;28
2025;90059;28
2025;1029204;28
2025;11114;28
2025;20249;28
2025;1178524;28
2025;1190280;28
2025;10289;28
2025;1178524;28
2025;1406536;28
2025;18594;28
2025;72667;28
2025;140;28
2025;1185076;28
2025;4503;28
2025;1190280;28
2025;1390311;28
2025;10591;28
2025;13601;28
2025;72767;28
2025;1427370;28
2025;15343;28
2025;1188849;28
2025;1190280;28
2025;150039;28
2025;1397772;28
2025;53338;28
2025;1185903;28
2025;9326;28
2025;1190280;28
2025;60660;28
2025;1390309;28
2025;1457707;28
2025;1190280;28
2025;7105;28
2025;4720;28
2025;1257777;28
2025;1385538;28
2025;1421013;28
2025;100958;28
2025;1342449;28
2025;2918;28
2025;4720;28
2025;1135207;28
2025;1202553;28
2025;5001427;28
2025;1136509;28
2025;14563;28
2025;1184047;28
2025;54494;28
2025;85586;28
2025;13723;28
2025;14563;28
2025;9996;28
2025;13286;28
2025;12970;28
2025;1202539;28
2025;5000930;28
2025;10224;28
2025;108884;28
2025;120983;28
2025;1629;28
2025;107666;28
2025;15783;28
2025;57402;28
2025;1397771;28
2025;60660;28
2025;1457707;28
2025;4503;28
2025;1189778;28
2025;1202553;28
2025;1180318;28
2025;5001294;28
2025;3148;28
2025;1184047;28
2025;1399483;28
2025;1183313;28
2025;1184325;28
2025;1399619;28
2025;1457503;28
2025;12813;28
2025;1202553;28
2025;1258021;28
2025;7676;28
2025;72675;28
2025;1193275;28
2025;11114;28
2025;2695;28
2025;1192047;28
2025;1477973;28
2025;1184432;28
2025;1184060;28
2025;1427370;28
2025;86288;28
2025;1629;28
2025;1439;28
2025;72675;28
2025;5001294;28
2025;1068548;28
2025;1102360;28
2025;1108281;28
2025;7837;28
2025;1397773;28
2025;15839;28
2025;85652;28
2025;1184060;28
2025;1184325;28
2025;60660;28
2025;1457503;28
2025;1184432;28
2025;1026;28
2025;1109361;28
2025;1068548;28
2025;78256;28
2025;13286;28
2025;14359;28
2025;8698;28
2025;150039;28
2025;1108786;28
2025;78256;28
2025;78256;28
2025;1421013;28
2025;1188127;28
2025;1486298;28
2025;1399477;28
2025;7105;28
2025;1399477;28
2025;5001294;28
2025;5001183;28
2025;1397772;28
2025;12692;28
2025;1390317;28
2025;84408;28
2025;64918;28
2025;1349675;28
2025;82224;28
2025;58412;28
2025;97679;28
2025;19294;28
2025;1399489;28
2025;9772;28
2025;11114;28
2025;72681;28
2025;14359;28
2025;5001294;28
2025;1184060;28
2025;11446;28
2025;1342610;28
2025;65114;28
2025;107766;28
2025;1334344;28
2025;3148;28
2025;12345;28
2025;18472;28
2025;13103;28
2025;9996;28
2025;11316;28
2025;85652;28
2025;9996;28
2025;1179189;28
2025;64918;28
2025;57402;28
2025;1029204;28
2025;868;28
2025;100688;28
2025;1397771;28
2025;107766;28
2025;1399618;28
2025;107766;28
2025;107766;28
2025;1178672;28
2025;72767;28
2025;90059;28
2025;1342536;28
2025;1261972;28
2025;1399484;28
2025;108882;28
2025;15783;28
2025;90059;28
2025;103596;28
2025;1267038;28
2025;37304;28
2025;1188849;28
2025;12345;28
2025;14359;28
2025;58412;28
2025;98506;28
2025;1192047;28
2025;5001294;28
2025;1399477;28
2025;113504;28
2025;108884;28
2025;108884;28
2025;5000979;28
2025;59414;28
2025;72663;28
2025;20360;28
2025;1185025;28
2025;12569;28
2025;1292917;28
2025;1107;28
2025;1390317;28
2025;12569;28
2025;13424;28
2025;12569;28
2025;1184432;28
2025;13723;28
2025;12569;28
2025;78256;28
2025;57402;28
2025;15783;28
2025;12569;28
2025;12569;28
2025;1059179;28
2025;12970;28
2025;1321864;28
2025;57852;28
2025;107766;28
2025;14725;28
2025;1258023;28
2025;1408507;28
2025;5000979;28
2025;1385538;28
2025;5000812;28
2025;20360;28
2025;107766;28
2025;1214209;28
2025;19294;28
2025;1397771;28
2025;1399478;28
2025;1438629;28
2025;100956;28
2025;18605;28
2025;5000812;28
2025;72681;28
2025;1261971;28
2025;2918;28
2025;5000930;28
2025;98506;28
2025;12569;28
2025;90059;28
2025;87941;28
2025;74655;28
2025;1029204;28
2025;16904;28
2025;1879;28
2025;3148;28
2025;5909;28
2025;72669;28
2025;1342449;28
2025;1439;28
2025;1399478;28
2025;13103;28
2025;5000812;28
2025;1171609;28
2025;5000812;28
2025;14615;28
2025;1272168;28
2025;85586;28
2025;1168313;28
2025;1419799;28
2025;1108786;28
2025;1168313;28
2025;1399617;28
2025;14359;28
2025;1192047;28
2025;1068548;28
2025;1257777;28
2025;14359;28
2025;1292917;28
2025;1292713;28
2025;1188849;28
2025;5000930;28
2025;1363536;28
2025;98506;28
2025;5001466;28
2025;13286;28
2025;1179501;28
2025;49910;28
2025;1267038;28
2025;82224;28
2025;1178524;28
2025;1202546;28
2025;1397771;28
2025;1136509;28
2025;20058;28
2025;1292713;28
2025;1342537;28
2025;1399618;28
2025;14359;28
2025;13866;28
2025;7105;28
2025;60660;28
2025;12970;28
2025;19086;28
2025;9996;28
2025;74655;28
2025;78256;28
2025;5001294;28
2025;13200;28
2025;1314146;28
2025;9996;28
2025;9996;28
2025;1202573;28
2025;12692;28
2025;82224;28
2025;1399618;28
2025;4720;28
2025;150039;28
2025;74594;28
2025;3418;28
2025;1439;28
2025;1408507;28
2025;9326;28
2025;1059179;28
2025;5001101;28
2025;15783;28
2025;12;28
2025;1399477;28
2025;1068548;28
2025;9326;28
2025;13286;28
2025;82224;28
2025;1725;28
2025;78256;28
2025;1879;28
2025;12569;28
2025;1399614;28
2025;1191415;28
2025;1390317;28
2025;3418;28
2025;1408507;28
2025;93001;28
2025;72417;28
2025;1439;28
2025;1179189;28
2025;13723;28
2025;1068548;28
2025;13286;28
2025;1180318;28
2025;1879;28
2025;1629;28
2025;1448710;28
2025;14975;28
2025;72669;28
2025;14615;28
2025;14615;28
2025;80037;28
2025;84352;28
2025;2918;28
2025;37304;28
2025;1190667;28
2025;1518;28
2025;5000812;28
2025;1168313;28
2025;1518;28
2025;12569;28
2025;1029204;28
2025;51699;28
2025;72669;28
2025;13996;28
2025;1406536;28
2025;72663;28
2025;15783;28
2025;4720;28
2025;1397771;28
2025;1518;28
2025;12;28
2025;1399617;28
2025;1399617;28
2025;1518;28
2025;1399614;28
2025;1322329;28
2025;54494;28
2025;37304;28
2025;1107;28
2025;1026;28
2025;72767;28
2025;389;28
2025;87941;28
2025;58412;28
2025;1321864;28
2025;14615;28
2025;85586;28
2025;1518;28
2025;1518;28
2025;15783;28
2025;66248;28
2025;1518;28
2025;5000930;28
2025;868;28
2025;5000930;28
2025;91399;28
2025;1202546;28
2025;12345;28
2025;5001294;28
2025;1322329;28
2025;1192188;28
2025;1029204;28
2025;1879;28
2025;150039;28
2025;15343;28
2025;5206;28
2025;1404416;28
2025;5001294;28
2025;75821;28
2025;90483;28
2025;1406536;28
2025;1292725;28
2025;5001294;28
2025;86288;28
2025;13453;28
2025;91399;28
2025;121850;28
2025;1108786;28
2025;14563;28
2025;103596;28
2025;64918;28
2025;64918;28
2025;7105;28
2025;8437;28
2025;98406;28
2025;15783;28
2025;1421013;28
2025;1029204;28
2025;37304;28
2025;14615;28
2025;65924;28
2025;1135207;28
2025;1135207;28
2025;66361;28
2025;71859;28
2025;1477973;28
2025;71859;28
2025;1184060;28
2025;1178524;28
2025;12692;28
2025;66361;28
2025;6496;28
2025;3148;28
2025;12345;28
2025;1292725;28
2025;14359;28
2025;5001294;28
2025;1108153;28
2025;1317634;28
2025;1292917;28
2025;5001033;28
2025;82224;28
2025;9988;28
2025;74655;28
2025;5000930;28
2025;1399616;28
2025;1399616;28
2025;1183313;28
2025;1399478;28
2025;12970;28
2025;1292713;28
2025;868;28
2025;84352;28
2025;113504;28
2025;5000979;28
2025;1342449;28
2025;72663;28
2025;60660;28
2025;13453;28
2025;1399614;28
2025;1183313;28
2025;1183313;28
2025;5001294;28
2025;58412;28
2025;1189607;28
2025;5000980;28
2025;101228;28
2025;39415;28
2025;1179501;28
2025;72663;28
2025;1029204;28
2025;1313341;28
2025;484;28
2025;1190667;28
2025;1421100;28
2025;59414;28
2025;6496;28
2025;72663;28
2025;85652;28
2025;1193275;28
2025;18605;28
2025;1104264;28
2025;1399618;28
2025;1184047;28
2025;12970;28
2025;74655;28
2025;5000841;28
2025;16236;28
2025;7676;28
2025;82224;28
2025;11316;28
2025;1390317;28
2025;10591;28
2025;1399485;28
2025;1399478;28
2025;100956;28
2025;59414;28
2025;90483;28
2025;74655;28
2025;1187646;28
2025;1178672;28
2025;1404416;28
2025;1278877;28
2025;4720;28
2025;1193275;28
2025;868;28
2025;5000979;28
2025;5000930;28
2025;80037;28
2025;1486298;28
2025;1214209;28
2025;1101742;28
2025;84352;28
2025;1457503;28
2025;58412;28
2025;1390311;28
2025;13866;28
2025;1385538;28
2025;16904;28
2025;66361;28
2025;1146605;28
2025;38071;28
2025;1439;28
2025;74655;28
2025;1193759;28
2025;13453;28
2025;1183958;28
2025;74594;28
2025;1390317;28
2025;13286;28
2025;84352;28
2025;14563;28
2025;1257562;28
2025;19850;28
2025;39415;28
2025;72417;28
2025;1295813;28
2025;1427420;28
2025;1408505;28
2025;12813;28
2025;1202553;28
2025;14093;28
2025;72667;28
2025;90059;28
2025;13601;28
2025;91219;28
2025;2695;28
2025;65114;28
2025;12345;28
2025;65114;28
2025;72767;28
2025;75821;28
2025;758;28
2025;80037;28
2025;1257548;28
2025;91219;28
2025;1427370;28
2025;1421100;28
2025;1399617;28
2025;1421013;28
2025;37304;28
2025;1399478;28
2025;13286;28
2025;87537;28
2025;108882;28
2025;7676;28
2025;14725;28
2025;1108786;28
2025;100958;28
2025;19206;28
2025;1399478;28
2025;100956;28
2025;5909;28
2025;12569;28
2025;90091;28
2025;108884;28
2025;1399485;28
2025;1180318;28
2025;100958;28
2025;9326;28
2025;86288;28
2025;1278877;28
2025;1408505;28
2025;5909;28
2025;72663;28
2025;86288;28
2025;100956;28
2025;18605;28
2025;758;28
2025;65114;28
2025;12970;28
2025;1390309;28
2025;82224;28
2025;1390317;28
2025;4720;28
2025;14615;28
2025;1180318;28
2025;72417;28
2025;1257524;28
2025;20360;28
2025;1179189;28
2025;58412;28
2025;13286;28
2025;1173014;28
2025;1399618;28
2025;1202547;28
2025;87941;28
2025;1192047;28
2025;108882;28
2025;1135207;28
2025;65924;28
2025;108882;28
2025;108882;28
2025;1399489;28
2025;108884;28
2025;1342536;28
2025;108882;28
2025;5001300;28
2025;4503;28
2025;57402;28
2025;868;28
2025;12569;28
2025;12692;28
2025;2392;28
2025;5000979;28
2025;13601;28
2025;59174;28
2025;86288;28
2025;1029204;28
2025;66248;28
2025;86288;28
2025;12813;28
2025;5000980;28
2025;8698;28
2025;1879;28
2025;1257524;28
2025;1108786;28
2025;13866;28
2025;5001341;28
2025;74594;28
2025;1427370;28
2025;6496;28
2025;108884;28
2025;90483;28
2025;108884;28
2025;91219;28
2025;99476;28
2025;1190280;28
2025;1399482;28
2025;13723;28
2025;1188900;28
2025;108884;28
2025;5001300;28
2025;108884;28
2025;1193264;28
2025;12;28
2025;13200;28
2025;65114;28
2025;12345;28
2025;1390317;28
2025;108882;28
2025;1101742;28
2025;14093;28
2025;20360;28
2025;108014;28
2025;1136509;28
2025;1216474;28
2025;389;28
2025;3677;28
2025;1445016;28
2025;19434;28
2025;1029763;28
2025;86356;28
2025;74655;28
2025;5000930;28
2025;5000930;28
2025;1421100;28
2025;389;28
2025;1399618;28
2025;84352;28
2025;7705;28
2025;86356;28
2025;108884;28
2025;5001341;28
2025;74655;28
2025;1408262;28
2025;86356;28
2025;86356;28
2025;84352;28
2025;86356;28
2025;72767;28
2025;1029204;28
2025;12015;28
2025;5001294;28
2025;57402;28
2025;1185025;28
2025;13103;28
2025;1334344;28
2025;5001294;28
2025;303;28
2025;14359;28
2025;72767;28
2025;8960;28
2025;1185076;28
2025;1267038;28
2025;1399478;28
2025;74594;28
2025;5000979;28
2025;7676;28
2025;5001341;28
2025;5001033;28
2025;1102360;28
2025;1258023;28
2025;72681;28
2025;99476;28
2025;1408505;28
2025;1465625;28
2025;484;28
2025;1399617;28
2025;72675;28
2025;1408505;28
2025;5000981;28
2025;8698;28
2025;5000980;28
2025;14615;28
2025;1146605;28
2025;91399;28
2025;74655;28
2025;1399488;28
2025;49060;28
2025;11114;28
2025;1188900;28
2025;1486298;28
2025;1163738;28
2025;1295813;28
2025;5001183;28
2025;48854;28
2025;97679;28
2025;1272168;28
2025;7676;28
2025;5000978;28
2025;1408259;28
2025;1292725;28
2025;79007;28
2025;121850;28
2025;78256;28
2025;18594;28
2025;7676;28
2025;85652;28
2025;82224;28
2025;64918;28
2025;1136509;28
2025;1184325;28
2025;82224;28
2025;11114;28
2025;1465625;28
2025;13996;28
2025;85652;28
2025;1385538;28
2025;14975;28
2025;1261971;28
2025;1408505;28
2025;1261972;28
2025;1457006;28
2025;1295813;28
2025;13601;28
2025;13200;28
2025;1261971;28
2025;1408508;28
2025;1487290;28
2025;14234;28
2025;1390317;28
2025;1408505;28
2025;1107;28
2025;1408507;28
2025;1292917;28
2025;103596;28
2025;1427419;28
2025;100956;28
2025;1483759;28
2025;5909;28
2025;85652;28
2025;1321864;28
2025;7414;28
2025;13424;28
2025;1184432;28
2025;8698;28
2025;91399;28
2025;1202539;28
2025;74655;28
2025;1483768;28
2025;14615;28
2025;14563;28
2025;86288;28
2025;1390317;28
2025;90483;28
2025;86288;28
2025;1292726;28
2025;14563;28
2025;1390317;28
2025;1439;28
2025;1214209;28
2025;1477973;28
2025;54490;28
2025;13286;28
2025;1342536;28
2025;1108281;28
2025;1408505;28
2025;1427419;28
2025;1108153;28
2025;1187646;28
2025;8698;28
2025;1439;28
2025;12569;28
2025;71859;28
2025;1108786;28
2025;1163738;28
2025;16236;28
2025;57852;28
2025;3148;28
2025;13453;28
2025;87537;28
2025;1330031;28
2025;3677;28
2025;1187646;28
2025;1385538;28
2025;1399484;28
2025;6711;28
2025;54494;28
2025;15839;28
2025;13286;28
2025;5001183;28
2025;1257524;28
2025;5000001;28
2025;5000981;28
2025;1385538;28
2025;5000979;28
2025;1179501;28
2025;1200712;28
2025;100958;28
2025;65114;28
2025;64706;28
2025;1178672;28
2025;1399486;28
2025;1187646;28
2025;64706;28
2025;1202553;28
2025;100688;28
2025;1408505;28
2025;7414;28
2025;78256;28
2025;1292725;28
2025;7414;28
2025;303;28
2025;78256;28
2025;7676;28
2025;1163738;28
2025;100688;28
2025;5001183;28
2025;1399480;28
2025;4720;28
2025;9326;28
2025;1399486;28
2025;1188900;28
2025;9772;28
2025;1292917;28
2025;1171609;28
2025;13866;28
2025;13601;28
2025;59174;28
2025;1399481;28
2025;1192047;29
2025;1257562;29
2025;82224;29
2025;1453564;29
2025;9326;29
2025;65924;29
2025;14359;29
2025;1108281;29
2025;1173014;29
2025;14975;29
2025;1399486;29
2025;1202546;29
2025;5001450;29
2025;57402;29
2025;49060;29
2025;6496;29
2025;5001466;29
2025;5001294;29
2025;5000980;29
2025;37304;29
2025;1390317;29
2025;7105;29
2025;5001033;29
2025;1173014;29
2025;59414;29
2025;14359;29
2025;1486298;29
2025;1173014;29
2025;85652;29
2025;1059179;29
2025;1173014;29
2025;1399618;29
2025;74655;29
2025;1180318;29
2025;84352;29
2025;5000933;29
2025;1399614;29
2025;1190280;29
2025;1178524;29
2025;97679;29
2025;1193264;29
2025;19434;29
2025;66361;29
2025;1193759;29
2025;5000979;29
2025;1202588;29
2025;10224;29
2025;5001294;29
2025;65114;29
2025;18594;29
2025;1408262;29
2025;1188900;29
2025;5001294;29
2025;1399618;29
2025;1163738;29
2025;1193275;29
2025;20249;29
2025;1178672;29
2025;1421013;29
2025;5001294;29
2025;1178672;29
2025;72681;29
2025;19294;29
2025;12970;29
2025;18605;29
2025;66248;29
2025;10289;29
2025;13601;29
2025;12345;29
2025;7705;29
2025;1408505;29
2025;1399618;29
2025;19294;29
2025;1399618;29
2025;72767;29
2025;5000930;29
2025;3148;29
2025;98506;29
2025;49060;29
2025;12970;29
2025;65114;29
2025;1399481;29
2025;14359;29
2025;1342536;29
2025;100956;29
2025;11114;29
2025;1397771;29
2025;90059;29
2025;1487491;29
2025;100688;29
2025;78256;29
2025;1168313;29
2025;14093;29
2025;1399487;29
2025;1202547;29
2025;57402;29
2025;11233;29
2025;1108281;29
2025;4503;29
2025;5000930;29
2025;82224;29
2025;11114;29
2025;13601;29
2025;91399;29
2025;1029204;29
2025;11114;29
2025;1187646;29
2025;103596;29
2025;5000979;29
2025;1399478;29
2025;1173014;29
2025;58412;29
2025;1342536;29
2025;13286;29
2025;49060;29
2025;1202547;29
2025;18594;29
2025;1108786;29
2025;85586;29
2025;14359;29
2025;1342536;29
2025;1321864;29
2025;66361;29
2025;1397772;29
2025;1104264;29
2025;1406536;29
2025;1261972;29
2025;1363536;29
2025;16236;29
2025;90091;29
2025;2695;29
2025;1102360;29
2025;13601;29
2025;12;29
2025;38071;29
2025;5000930;29
2025;1445016;29
2025;84352;29
2025;14975;29
2025;9805;29
2025;1342536;29
2025;1178524;29
2025;1408507;29
2025;20249;29
2025;14093;29
2025;1399482;29
2025;5345;29
2025;389;29
2025;1257524;29
2025;11114;29
2025;1190667;29
2025;1184047;29
2025;11316;29
2025;1190280;29
2025;5001183;29
2025;14359;29
2025;5000979;29
2025;108014;29
2025;1184432;29
2025;1390317;29
2025;1108786;29
2025;7705;29
2025;1168313;29
2025;1404416;29
2025;64918;29
2025;1408259;29
2025;4503;29
2025;12015;29
2025;37304;29
2025;1202588;29
2025;13996;29
2025;5001450;29
2025;82224;29
2025;72767;29
2025;13200;29
2025;303;29
2025;1438629;29
2025;1445016;29
2025;1399488;29
2025;86288;29
2025;14563;29
2025;11114;29
2025;1408507;29
2025;1439;29
2025;1399478;29
2025;1187646;29
2025;1321864;29
2025;65114;29
2025;90483;29
2025;4720;29
2025;19086;29
2025;1390309;29
2025;1180318;29
2025;4503;29
2025;1173014;29
2025;72767;29
2025;5000979;29
2025;1179189;29
2025;65114;29
2025;1408505;29
2025;1278877;29
2025;1421013;29
2025;71859;29
2025;85652;29
2025;64918;29
2025;82224;29
2025;100956;29
2025;98409;29
2025;9805;29
2025;1187646;29
2025;1190667;29
2025;1166567;29
2025;65114;29
2025;1184325;29
2025;3418;29
2025;1166567;29
2025;1166567;29
2025;48854;29
2025;1200578;29
2025;1200578;29
2025;1408507;29
2025;1439;29
2025;91219;29
2025;1192188;29
2025;10222;29
2025;1399487;29
2025;87941;29
2025;1179189;29
2025;13866;29
2025;1399487;29
2025;1399487;29
2025;1399487;29
2025;1068548;29
2025;54494;29
2025;69464;29
2025;48854;29
2025;1050663;29
2025;1408505;29
2025;1173014;29
2025;13286;29
2025;57852;29
2025;64918;29
2025;15343;29
2025;99476;29
2025;86288;29
2025;49910;29
2025;90483;29
2025;1349675;29
2025;49060;29
2025;1180318;29
2025;49060;29
2025;57852;29
2025;1477973;29
2025;5001294;29
2025;1192188;29
2025;11114;29
2025;1399618;29
2025;14234;29
2025;64918;29
2025;1399482;29
2025;1029204;29
2025;72681;29
2025;5001341;29
2025;2304;29
2025;1390317;29
2025;1327450;29
2025;91219;29
2025;57402;29
2025;18594;29
2025;5001183;29
2025;82224;29
2025;85652;29
2025;1725;29
2025;9772;29
2025;85652;29
2025;4503;29
2025;1322329;29
2025;1317634;29
2025;1050663;29
2025;1390309;29
2025;58412;29
2025;1257548;29
2025;1465625;29
2025;1184325;29
2025;90059;29
2025;3148;29
2025;5001294;29
2025;1408261;29
2025;72667;29
2025;1104264;29
2025;72667;29
2025;98409;29
2025;59174;29
2025;16236;29
2025;1408509;29
2025;1399479;29
2025;1390309;29
2025;1276878;29
2025;13866;29
2025;1179189;29
2025;1185025;29
2025;72767;29
2025;1190280;29
2025;15475;29
2025;14093;29
2025;1483759;29
2025;72681;29
2025;5001183;29
2025;1104264;29
2025;1179189;29
2025;1050663;29
2025;1399618;29
2025;1399478;29
2025;66361;29
2025;1267038;29
2025;1518;29
2025;90084;29
2025;9805;29
2025;100956;29
2025;1453564;29
2025;1104264;29
2025;72669;29
2025;5000930;29
2025;1483768;29
2025;90084;29
2025;13723;29
2025;1193275;29
2025;1135207;29
2025;85652;29
2025;1390317;29
2025;85652;29
2025;1518;29
2025;5001294;29
2025;12813;29
2025;2304;29
2025;1050663;29
2025;1385538;29
2025;72663;29
2025;14093;29
2025;65114;29
2025;78256;29
2025;100688;29
2025;1190621;29
2025;1264844;29
2025;18594;29
2025;72663;29
2025;14615;29
2025;5001294;29
2025;1191415;29
2025;1179189;29
2025;1399489;29
2025;90483;29
2025;1408262;29
2025;12015;29
2025;1179189;29
2025;78256;29
2025;2304;29
2025;72681;29
2025;1406536;29
2025;1399481;29
2025;1184432;29
2025;1202553;29
2025;18594;29
2025;2304;29
2025;5000001;29
2025;91219;29
2025;1408507;29
2025;72417;29
2025;59174;29
2025;72417;29
2025;5000980;29
2025;39415;29
2025;12813;29
2025;13424;29
2025;1439;29
2025;2304;29
2025;72417;29
2025;79007;29
2025;59174;29
2025;12;29
2025;21542;29
2025;5001300;29
2025;65114;29
2025;12569;29
2025;16904;29
2025;65114;29
2025;72417;29
2025;1185076;29
2025;1104264;29
2025;15783;29
2025;11114;29
2025;85652;29
2025;1185025;29
2025;14234;29
2025;5001033;29
2025;1180318;29
2025;100958;29
2025;5001033;29
2025;3148;29
2025;72667;29
2025;1399482;29
2025;15783;29
2025;58412;29
2025;1171609;29
2025;20058;29
2025;1408259;29
2025;90483;29
2025;1465625;29
2025;1427370;29
2025;6711;29
2025;10289;29
2025;2392;29
2025;1068548;29
2025;18472;29
2025;13424;29
2025;64918;29
2025;1178672;29
2025;18472;29
2025;1408259;29
2025;12;29
2025;1399618;29
2025;1184047;29
2025;9988;29
2025;21542;29
2025;51835;29
2025;18594;29
2025;91219;29
2025;1264844;29
2025;12015;29
2025;90847;29
2025;2695;29
2025;1258021;29
2025;13996;29
2025;13424;29
2025;1322329;29
2025;1317634;29
2025;65114;29
2025;1879;29
2025;65114;29
2025;1404416;29
2025;7676;29
2025;1313341;29
2025;1399477;29
2025;1258021;29
2025;87941;29
2025;6496;29
2025;87537;29
2025;14975;29
2025;84352;29
2025;3677;29
2025;90483;29
2025;1399614;29
2025;90059;29
2025;100958;29
2025;78256;29
2025;13424;29
2025;11316;29
2025;1202546;29
2025;72669;29
2025;85652;29
2025;13424;29
2025;60660;29
2025;1399477;29
2025;13996;29
2025;1421100;29
2025;1427419;29
2025;1184060;29
2025;1257777;29
2025;7105;29
2025;1427370;29
2025;59414;29
2025;91399;29
2025;11316;29
2025;90483;29
2025;5000980;29
2025;1408259;29
2025;7676;29
2025;5001033;29
2025;1455021;29
2025;1427420;29
2025;5001294;29
2025;99476;29
2025;100956;29
2025;1184060;29
2025;1257562;29
2025;72767;29
2025;1184047;29
2025;1399477;29
2025;5000001;29
2025;5001314;29
2025;5000931;29
2025;91399;29
2025;1184432;29
2025;85652;29
2025;5000001;29
2025;9988;29
2025;5001341;29
2025;1879;29
2025;13286;29
2025;3418;29
2025;1408508;29
2025;108882;29
2025;5001183;29
2025;1518495;29
2025;5000980;29
2025;7414;29
2025;1258021;29
2025;107666;29
2025;1483773;29
2025;8960;29
2025;1483773;29
2025;6496;29
2025;71859;29
2025;5000979;29
2025;57852;29
2025;57852;29
2025;5000001;29
2025;1453564;29
2025;5001033;29
2025;80037;29
2025;1200712;29
2025;5000001;29
2025;20360;29
2025;5909;29
2025;75821;29
2025;8960;29
2025;72667;29
2025;108882;29
2025;82224;29
2025;72675;29
2025;1438629;29
2025;5001033;29
2025;103596;29
2025;1483805;29
2025;39415;29
2025;1483773;29
2025;97679;29
2025;5000930;29
2025;85652;29
2025;66248;29
2025;11316;29
2025;1179501;29
2025;13424;29
2025;10224;29
2025;1190280;29
2025;1192047;29
2025;97679;29
2025;18594;29
2025;303;29
2025;5000812;29
2025;120983;29
2025;5001183;29
2025;1257524;29
2025;1445016;29
2025;1483773;29
2025;8554;29
2025;85652;29
2025;1188900;29
2025;65114;29
2025;99476;29
2025;11114;29
2025;1029763;29
2025;1421013;29
2025;1292917;29
2025;57852;29
2025;6496;29
2025;1321864;29
2025;1179189;29
2025;1399478;29
2025;12692;29
2025;1349675;29
2025;1108281;29
2025;1200712;29
2025;72767;29
2025;4503;29
2025;54490;29
2025;7414;29
2025;1385538;29
2025;1399486;29
2025;1261972;29
2025;100688;29
2025;49060;29
2025;57852;29
2025;13723;29
2025;1184325;29
2025;11114;29
2025;58412;29
2025;1292713;29
2025;20249;29
2025;1406536;29
2025;12569;29
2025;1184047;29
2025;1399477;29
2025;1184060;29
2025;1399485;29
2025;1322329;29
2025;65114;29
2025;1193759;29
2025;103596;29
2025;5001183;29
2025;18447;29
2025;60660;29
2025;1292869;29
2025;72681;29
2025;1399482;29
2025;14359;29
2025;5000933;29
2025;16236;29
2025;4503;29
2025;5000931;29
2025;5000930;29
2025;1342449;29
2025;1166567;29
2025;78256;29
2025;1399481;29
2025;5000931;29
2025;65114;29
2025;1192188;29
2025;39415;29
2025;1399483;29
2025;100956;29
2025;7676;29
2025;57852;29
2025;64918;29
2025;93001;29
2025;5001294;29
2025;1187646;29
2025;3677;29
2025;3418;29
2025;1200578;29
2025;13286;29
2025;5000931;29
2025;5000931;29
2025;1419799;29
2025;1202539;29
2025;4082;29
2025;1457503;29
2025;1457707;29
2025;13723;29
2025;1188849;29
2025;1518;29
2025;1408509;29
2025;5000978;29
2025;37304;29
2025;15475;29
2025;1029204;29
2025;1518495;29
2025;1168313;29
2025;65114;29
2025;1408509;29
2025;1292725;29
2025;1102360;29
2025;1292917;29
2025;1408507;29
2025;303;29
2025;82224;29
2025;12569;29
2025;1342536;29
2025;1258021;29
2025;82224;29
2025;1439;29
2025;1200712;29
2025;1399479;29
2025;1202553;29
2025;1385538;29
2025;93001;29
2025;13200;29
2025;1445016;29
2025;1026;29
2025;1397771;29
2025;49910;29
2025;1068548;29
2025;15783;29
2025;1187646;29
2025;16904;29
2025;1397772;29
2025;64918;29
2025;9326;29
2025;1629;29
2025;78256;29
2025;58412;29
2025;1399481;29
2025;18594;29
2025;18594;29
2025;1483759;29
2025;1485621;29
2025;1408507;29
2025;1445016;29
2025;1342505;29
2025;1399479;29
2025;1342449;29
2025;2695;29
2025;1399479;29
2025;1399618;29
2025;1267038;29
2025;82224;29
2025;13601;29
2025;5000979;29
2025;6711;29
2025;10591;29
2025;1190280;29
2025;91219;29
2025;1102360;29
2025;1399618;29
2025;101228;29
2025;1321864;29
2025;1171609;29
2025;11446;29
2025;389;29
2025;12692;29
2025;8554;29
2025;1190280;29
2025;1399615;29
2025;19294;29
2025;1189778;29
2025;51835;29
2025;1102360;29
2025;1178672;29
2025;1445016;29
2025;5000930;29
2025;1342536;29
2025;13200;29
2025;1178672;29
2025;1200712;29
2025;60660;29
2025;1108786;29
2025;1180318;29
2025;1109361;29
2025;6496;29
2025;5001033;29
2025;1399618;29
2025;1390317;29
2025;13866;29
2025;16236;29
2025;1399478;29
2025;14563;29
2025;84352;29
2025;4503;29
2025;64918;29
2025;1349675;29
2025;1108786;29
2025;1168313;29
2025;1171609;29
2025;13996;29
2025;71859;29
2025;1349675;29
2025;2695;29
2025;1427370;29
2025;72767;29
2025;1397771;29
2025;1399618;29
2025;100956;29
2025;1408259;29
2025;12970;29
2025;12813;29
2025;1029204;29
2025;11114;29
2025;87537;29
2025;4503;29
2025;1258023;29
2025;1187646;29
2025;59414;29
2025;100956;29
2025;1188127;29
2025;1267038;29
2025;1399618;29
2025;1257524;29
2025;1184325;29
2025;1317634;29
2025;97679;29
2025;1399481;29
2025;98406;29
2025;1188127;29
2025;53338;29
2025;758;29
2025;12015;29
2025;1465625;29
2025;1188127;29
2025;59414;29
2025;1188127;29
2025;1188127;29
2025;1457503;29
2025;58412;29
2025;72667;29
2025;1455021;29
2025;72417;29
2025;1184325;29
2025;1189778;29
2025;1258023;29
2025;1322329;29
2025;14615;29
2025;65114;29
2025;78256;29
2025;1202573;29
2025;1261971;29
2025;1330031;29
2025;1192047;29
2025;5001183;29
2025;5920;29
2025;14615;29
2025;11114;29
2025;5001314;29
2025;1419799;29
2025;1264844;29
2025;1458090;29
2025;72675;29
2025;1408509;29
2025;1166567;29
2025;13866;29
2025;1183958;29
2025;1171609;29
2025;5001466;29
2025;1397773;29
2025;9326;29
2025;389;29
2025;5920;29
2025;7676;29
2025;1189778;29
2025;1108281;29
2025;1342449;29
2025;5000930;29
2025;18594;29
2025;1292725;29
2025;1168313;29
2025;57852;29
2025;1518495;29
2025;1168313;29
2025;1202553;29
2025;1390309;29
2025;7105;29
2025;120983;29
2025;18594;29
2025;1445016;29
2025;1202553;29
2025;69464;29
2025;1399616;29
2025;72675;29
2025;1202553;29
2025;1399618;29
2025;6496;29
2025;66248;29
2025;1334344;29
2025;18594;29
2025;1180318;29
2025;1026;29
2025;57402;29
2025;1408259;29
2025;78256;29
2025;78256;29
2025;1202553;29
2025;1292713;29
2025;1457006;29
2025;14234;29
2025;1185076;29
2025;72669;29
2025;1342537;29
2025;1192047;29
2025;12970;29
2025;1399479;29
2025;1257562;29
2025;51835;29
2025;11233;29
2025;1487290;29
2025;1102360;29
2025;82224;29
2025;72675;29
2025;1385538;29
2025;1257524;29
2025;1292917;29
2025;1180318;29
2025;13866;29
2025;91219;29
2025;1190280;29
2025;120983;29
2025;1397772;29
2025;1202553;29
2025;16904;29
2025;5000979;29
2025;1200712;29
2025;5909;29
2025;1214209;29
2025;87537;29
2025;18472;29
2025;1342536;29
2025;13996;29
2025;1184060;29
2025;7837;29
2025;1108153;29
2025;1163738;29
2025;1427420;29
2025;1408262;29
2025;72767;29
2025;13424;29
2025;8698;29
2025;12813;29
2025;1363536;29
2025;51835;29
2025;5001294;29
2025;59174;29
2025;1184047;29
2025;90059;29
2025;1399486;29
2025;1185025;29
2025;1202588;29
2025;1258023;29
2025;98406;29
2025;1292726;29
2025;1390317;29
2025;1342449;29
2025;91219;29
2025;1421100;29
2025;72667;29
2025;82224;29
2025;1108281;29
2025;12813;29
2025;1136509;29
2025;3148;29
2025;71859;29
2025;1184047;29
2025;1342449;29
2025;100956;29
2025;1397773;29
2025;71859;29
2025;1202553;29
2025;1135207;29
2025;1104264;29
2025;1397773;29
2025;2695;29
2025;11446;29
2025;1026;29
2025;1184047;29
2025;1390317;29
2025;39415;29
2025;59414;29
2025;1292917;29
2025;1406536;29
2025;1292726;29
2025;75821;29
2025;1178524;29
2025;1258023;29
2025;9996;29
2025;1399481;29
2025;9805;29
2025;59174;29
2025;1457503;29
2025;108014;29
2025;98409;29
2025;14563;29
2025;19206;29
2025;1342610;29
2025;1399614;29
2025;1334344;29
2025;12970;29
2025;6496;29
2025;1202539;29
2025;100956;29
2025;9805;29
2025;39415;29
2025;18472;29
2025;9996;29
2025;9996;29
2025;1059179;29
2025;1390317;29
2025;1399482;29
2025;15475;29
2025;9996;29
2025;107766;29
2025;1029204;29
2025;107766;29
2025;107766;29
2025;1192047;29
2025;19086;29
2025;1068548;29
2025;84352;29
2025;107666;29
2025;1178524;29
2025;93001;29
2025;1399287;29
2025;93001;29
2025;1445016;29
2025;1399477;29
2025;72667;29
2025;100956;29
2025;2392;29
2025;78256;29
2025;85652;29
2025;65924;29
2025;150039;29
2025;53338;29
2025;90059;29
2025;5001294;29
2025;5001294;29
2025;51835;29
2025;1190280;29
2025;12345;29
2025;5001294;29
2025;5001183;29
2025;5000931;29
2025;1171609;29
2025;91219;29
2025;19850;29
2025;1136509;29
2025;1445016;29
2025;103596;29
2025;5000981;29
2025;72417;29
2025;90483;29
2025;12569;29
2025;100688;29
2025;72667;29
2025;1399479;29
2025;20360;29
2025;5001294;29
2025;78256;29
2025;82224;29
2025;101228;29
2025;12015;29
2025;84352;29
2025;1257777;29
2025;1342505;29
2025;13866;29
2025;1477973;29
2025;1193275;29
2025;1193275;29
2025;12569;29
2025;1202553;29
2025;1322329;29
2025;57402;29
2025;90483;29
2025;65114;29
2025;4503;29
2025;1397771;29
2025;1168313;29
2025;18447;29
2025;90483;29
2025;5345;29
2025;1397772;29
2025;90091;29
2025;1059179;29
2025;5001466;29
2025;2918;29
2025;65114;29
2025;5000980;29
2025;1399616;29
2025;72681;29
2025;18594;29
2025;90483;29
2025;90483;29
2025;1397771;29
2025;11233;29
2025;1399480;29
2025;1178524;29
2025;1193759;29
2025;1455021;29
2025;13424;29
2025;1421013;29
2025;12569;29
2025;1193759;29
2025;14563;29
2025;7676;29
2025;121850;29
2025;1477973;29
2025;1190280;29
2025;72663;29
2025;1026;29
2025;13286;29
2025;1185903;29
2025;90483;29
2025;87941;29
2025;87941;29
2025;1419799;29
2025;1399615;29
2025;11233;29
2025;1178524;29
2025;72681;29
2025;1397771;29
2025;1385538;29
2025;1200712;29
2025;1292917;29
2025;54494;29
2025;108882;29
2025;1399614;29
2025;1135207;29
2025;1292917;29
2025;59414;29
2025;13866;29
2025;14615;29
2025;1390309;29
2025;1438629;29
2025;1202553;29
2025;13866;29
2025;1202539;29
2025;87537;29
2025;1385538;29
2025;1185025;29
2025;1178524;29
2025;1342505;29
2025;1397772;29
2025;1068548;29
2025;1342449;29
2025;1192237;29
2025;16236;29
2025;758;29
2025;1292917;29
2025;13723;29
2025;57402;29
2025;1439;29
2025;75821;29
2025;1421100;29
2025;1399484;29
2025;1292917;29
2025;1879;29
2025;1192237;29
2025;80037;29
2025;1179501;29
2025;1185076;29
2025;1192237;29
2025;1399481;29
2025;11446;29
2025;100956;29
2025;1342449;29
2025;12692;29
2025;8554;29
2025;1163738;29
2025;14975;29
2025;1192188;29
2025;1399618;29
2025;10591;29
2025;19086;29
2025;1261971;29
2025;1399482;29
2025;100956;29
2025;84408;29
2025;5001294;29
2025;1518;29
2025;84352;29
2025;1321864;29
2025;1438629;29
2025;1390317;29
2025;10224;29
2025;1397771;29
2025;1397771;29
2025;18447;29
2025;14359;29
2025;1178672;29
2025;7837;29
2025;1108281;29
2025;1518;29
2025;1385521;29
2025;5001183;29
2025;1187646;29
2025;7837;29
2025;65924;29
2025;1408259;29
2025;1185076;29
2025;12;29
2025;1399478;29
2025;11316;29
2025;2695;29
2025;5000930;29
2025;12015;29
2025;1178672;29
2025;72663;29
2025;1261972;29
2025;78256;29
2025;12345;29
2025;20249;29
2025;5001294;29
2025;54490;29
2025;1193275;29
2025;4720;29
2025;5000812;29
2025;15343;29
2025;1317634;29
2025;12569;29
2025;1184432;29
2025;5001294;29
2025;1185076;29
2025;1448710;29
2025;82224;29
2025;18605;29
2025;5001294;29
2025;1101742;29
2025;5000812;29
2025;5001294;29
2025;1397773;29
2025;39415;29
2025;1483768;29
2025;90059;29
2025;65114;29
2025;103596;29
2025;11446;29
2025;72669;29
2025;108014;29
2025;1483759;29
2025;16904;29
2025;1292725;29
2025;1399287;29
2025;1183313;29
2025;1183313;29
2025;5000930;29
2025;64706;29
2025;1399480;29
2025;93001;29
2025;1183313;29
2025;1258021;29
2025;1187646;29
2025;1184432;29
2025;1200712;29
2025;93001;29
2025;78256;29
2025;11316;29
2025;71859;29
2025;1317634;29
2025;12970;29
2025;13424;29
2025;1292713;29
2025;9805;29
2025;108882;29
2025;1292725;29
2025;72681;29
2025;5000933;29
2025;1178524;29
2025;1189778;29
2025;1399618;29
2025;1477973;29
2025;58412;29
2025;1178672;29
2025;1166567;29
2025;1108786;29
2025;16236;29
2025;1445016;29
2025;5000933;29
2025;1518;29
2025;13286;29
2025;13286;29
2025;5000930;29
2025;1292726;29
2025;1427419;29
2025;14359;29
2025;1477973;29
2025;54494;29
2025;65114;29
2025;1406536;29
2025;13866;29
2025;1193275;29
2025;60660;29
2025;1399487;29
2025;303;29
2025;13723;29
2025;5000979;29
2025;86288;29
2025;1397772;29
2025;11446;29
2025;1477973;29
2025;72663;29
2025;1399618;29
2025;1399484;29
2025;12015;29
2025;16236;29
2025;1487290;29
2025;13601;29
2025;14563;29
2025;1292917;29
2025;1342449;29
2025;1427420;29
2025;108882;29
2025;108882;29
2025;1421100;29
2025;1200712;29
2025;12692;29
2025;12692;29
2025;1101742;29
2025;1427419;29
2025;1257562;29
2025;1399478;29
2025;1485621;29
2025;1399482;29
2025;85652;29
2025;14234;29
2025;64918;29
2025;1397771;29
2025;1108786;29
2025;69464;29
2025;100956;29
2025;9772;29
2025;20249;29
2025;75821;29
2025;1399616;29
2025;1399614;29
2025;1192188;29
2025;1445016;29
2025;13286;29
2025;4082;29
2025;1399477;29
2025;1184047;29
2025;99476;29
2025;1029204;29
2025;53338;29
2025;1390309;29
2025;74655;29
2025;1178524;29
2025;86288;29
2025;37304;29
2025;69624;29
2025;16904;29
2025;65114;29
2025;1486298;29
2025;65924;29
2025;1258023;29
2025;18605;29
2025;85652;29
2025;9996;29
2025;10222;29
2025;1399614;29
2025;1399477;29
2025;78256;29
2025;1399618;29
2025;1136509;29
2025;86356;29
2025;108882;29
2025;64706;29
2025;108882;29
2025;1189607;29
2025;1068548;29
2025;5909;29
2025;1438629;29
2025;1399480;29
2025;1427419;29
2025;1180318;29
2025;1108786;29
2025;1349675;29
2025;1399488;29
2025;108884;29
2025;108884;29
2025;65114;29
2025;39415;29
2025;86356;29
2025;1185903;29
2025;64918;29
2025;12015;29
2025;1029204;29
2025;1183313;29
2025;1477973;29
2025;1184325;29
2025;1292725;29
2025;97679;29
2025;16904;29
2025;13866;29
2025;15783;29
2025;11446;29
2025;1108786;29
2025;65114;29
2025;1399618;29
2025;108014;29
2025;1487290;29
2025;1404416;29
2025;1171609;29
2025;1399617;29
2025;72767;29
2025;1180318;29
2025;108884;29
2025;1399480;29
2025;1629;29
2025;78256;29
2025;8698;29
2025;16236;29
2025;12569;29
2025;5000979;29
2025;1190667;29
2025;19294;29
2025;78256;29
2025;66361;29
2025;86288;29
2025;71859;29
2025;12;29
2025;1261971;29
2025;5000812;29
2025;51835;29
2025;1257548;29
2025;98409;29
2025;49060;29
2025;1108786;29
2025;1406536;29
2025;1408505;29
2025;1184432;29
2025;1185903;29
2025;19086;29
2025;5001183;29
2025;20360;29
2025;48854;29
2025;86356;29
2025;38071;29
2025;1192047;29
2025;6496;29
2025;4503;29
2025;99476;29
2025;66361;29
2025;1029204;29
2025;65114;29
2025;65114;29
2025;1136509;29
2025;72767;29
2025;11446;29
2025;12970;29
2025;1321864;29
2025;121850;29
2025;71689;29
2025;5000930;29
2025;1292713;29
2025;1135207;29
2025;85652;29
2025;1184325;29
2025;100956;29
2025;1399618;29
2025;90483;29
2025;85652;29
2025;18605;29
2025;5001183;29
2025;87941;29
2025;98406;29
2025;69624;29
2025;82224;29
2025;13286;29
2025;1397772;29
2025;1408508;29
2025;99476;29
2025;1453564;29
2025;74594;29
2025;7414;29
2025;1486298;29
2025;13200;29
2025;1189607;29
2025;1292917;29
2025;120983;29
2025;1399479;29
2025;7414;29
2025;1408507;29
2025;8698;29
2025;1108281;29
2025;85652;29
2025;51835;29
2025;1421013;29
2025;1214209;29
2025;90091;29
2025;48854;29
2025;12692;29
2025;1187646;29
2025;82224;29
2025;86356;29
2025;1267038;29
2025;1258021;29
2025;1109361;29
2025;91219;29
2025;97679;29
2025;90483;29
2025;99476;29
2025;1408505;29
2025;1184060;29
2025;8437;29
2025;84408;29
2025;1202573;29
2025;97679;29
2025;389;29
2025;54490;29
2025;1427419;29
2025;14975;29
2025;85652;29
2025;66361;29
2025;82224;29
2025;1342536;29
2025;1136509;29
2025;98406;29
2025;57402;29
2025;71859;29
2025;72681;29
2025;90483;29
2025;72669;29
2025;108882;29
2025;1408509;29
2025;1439;29
2025;51699;29
2025;90059;29
2025;1385538;29
2025;1397772;29
2025;1408259;29
2025;90059;29
2025;18447;29
2025;20360;29
2025;86288;29
2025;78256;29
2025;1397772;29
2025;1180318;29
2025;72681;29
2025;1408505;29
2025;1486298;30
2025;49060;30
2025;65114;30
2025;97679;30
2025;1180318;30
2025;1179501;30
2025;11233;30
2025;1453564;30
2025;72669;30
2025;1349675;30
2025;99476;30
2025;1257548;30
2025;7414;30
2025;5000979;30
2025;86356;30
2025;1171609;30
2025;1173014;30
2025;1173014;30
2025;7414;30
2025;12970;30
2025;11114;30
2025;5001294;30
2025;1349675;30
2025;1292917;30
2025;1453564;30
2025;1399618;30
2025;12970;30
2025;1486822;30
2025;65114;30
2025;1267038;30
2025;1216474;30
2025;1192047;30
2025;1180318;30
2025;1191415;30
2025;1487290;30
2025;11233;30
2025;1050663;30
2025;1453564;30
2025;14359;30
2025;12;30
2025;1399486;30
2025;1453564;30
2025;1390317;30
2025;1193264;30
2025;1385538;30
2025;1408261;30
2025;1342610;30
2025;59174;30
2025;13424;30
2025;90091;30
2025;91219;30
2025;5000979;30
2025;1108786;30
2025;100958;30
2025;13866;30
2025;1477973;30
2025;1465625;30
2025;4503;30
2025;71859;30
2025;12970;30
2025;1408505;30
2025;100688;30
2025;1399618;30
2025;1408508;30
2025;1408507;30
2025;87537;30
2025;72675;30
2025;69624;30
2025;1258023;30
2025;1168313;30
2025;86288;30
2025;1399477;30
2025;11316;30
2025;98506;30
2025;98406;30
2025;49060;30
2025;65114;30
2025;20249;30
2025;59174;30
2025;4503;30
2025;82224;30
2025;65114;30
2025;5000979;30
2025;5000980;30
2025;4503;30
2025;1399619;30
2025;1390317;30
2025;11316;30
2025;10289;30
2025;1168313;30
2025;18594;30
2025;1029204;30
2025;1408259;30
2025;1178524;30
2025;1168313;30
2025;74594;30
2025;1184432;30
2025;98506;30
2025;13601;30
2025;93001;30
2025;14975;30
2025;4720;30
2025;72669;30
2025;1136509;30
2025;91219;30
2025;303;30
2025;54494;30
2025;100958;30
2025;1330031;30
2025;1189778;30
2025;1163738;30
2025;14563;30
2025;1399480;30
2025;99476;30
2025;3148;30
2025;12813;30
2025;4503;30
2025;1257524;30
2025;13996;30
2025;13286;30
2025;72667;30
2025;8437;30
2025;1457006;30
2025;5000841;30
2025;14234;30
2025;12970;30
2025;1278877;30
2025;66361;30
2025;13723;30
2025;5000001;30
2025;12970;30
2025;1399287;30
2025;10289;30
2025;1485621;30
2025;10289;30
2025;5000812;30
2025;758;30
2025;4720;30
2025;1184060;30
2025;12970;30
2025;20249;30
2025;1321864;30
2025;100958;30
2025;18594;30
2025;1192237;30
2025;1399485;30
2025;1408505;30
2025;87537;30
2025;1385538;30
2025;12015;30
2025;1292917;30
2025;14615;30
2025;13723;30
2025;5920;30
2025;90483;30
2025;84352;30
2025;1166567;30
2025;10289;30
2025;12692;30
2025;5000812;30
2025;100688;30
2025;85652;30
2025;6711;30
2025;86356;30
2025;90059;30
2025;1190280;30
2025;5345;30
2025;18447;30
2025;1184325;30
2025;1166567;30
2025;100956;30
2025;1399487;30
2025;1202588;30
2025;15783;30
2025;11316;30
2025;1184060;30
2025;84352;30
2025;82224;30
2025;758;30
2025;5000001;30
2025;1190280;30
2025;65114;30
2025;49060;30
2025;107666;30
2025;90483;30
2025;97679;30
2025;1202547;30
2025;1399489;30
2025;1399487;30
2025;5000981;30
2025;1267038;30
2025;1465625;30
2025;1179189;30
2025;1292917;30
2025;5206;30
2025;12569;30
2025;1257548;30
2025;1399488;30
2025;9772;30
2025;2695;30
2025;66361;30
2025;5001300;30
2025;5000933;30
2025;1202546;30
2025;5206;30
2025;18594;30
2025;1399486;30
2025;1179189;30
2025;4503;30
2025;59414;30
2025;1185903;30
2025;7705;30
2025;1168313;30
2025;8437;30
2025;1184060;30
2025;1321864;30
2025;1171609;30
2025;1190280;30
2025;2695;30
2025;1317634;30
2025;72681;30
2025;389;30
2025;74594;30
2025;12345;30
2025;90084;30
2025;59174;30
2025;82224;30
2025;72663;30
2025;758;30
2025;1102360;30
2025;1399618;30
2025;86288;30
2025;1321864;30
2025;65114;30
2025;13200;30
2025;1171609;30
2025;13286;30
2025;100688;30
2025;1399614;30
2025;98506;30
2025;90084;30
2025;1399487;30
2025;90084;30
2025;5000933;30
2025;90084;30
2025;90084;30
2025;1421100;30
2025;72675;30
2025;90483;30
2025;1190667;30
2025;12345;30
2025;1399478;30
2025;1439;30
2025;1190621;30
2025;72663;30
2025;1185076;30
2025;1399479;30
2025;57852;30
2025;13996;30
2025;2304;30
2025;5001294;30
2025;59174;30
2025;13286;30
2025;69624;30
2025;2304;30
2025;12015;30
2025;1108281;30
2025;1108786;30
2025;2304;30
2025;1342610;30
2025;1264844;30
2025;51835;30
2025;13286;30
2025;13723;30
2025;1192047;30
2025;7705;30
2025;1278877;30
2025;1399614;30
2025;1457503;30
2025;1385538;30
2025;12692;30
2025;1399618;30
2025;9996;30
2025;1438629;30
2025;1390311;30
2025;1050663;30
2025;11316;30
2025;78256;30
2025;1264844;30
2025;20249;30
2025;65114;30
2025;12970;30
2025;1390317;30
2025;16904;30
2025;74655;30
2025;49060;30
2025;13200;30
2025;1185903;30
2025;1399618;30
2025;1408259;30
2025;1292917;30
2025;1427370;30
2025;1184060;30
2025;1313341;30
2025;18472;30
2025;79007;30
2025;1193275;30
2025;48854;30
2025;1029204;30
2025;20058;30
2025;13723;30
2025;1292713;30
2025;12569;30
2025;1399616;30
2025;1202553;30
2025;1278877;30
2025;1397771;30
2025;100958;30
2025;1108786;30
2025;6496;30
2025;9326;30
2025;87537;30
2025;1216474;30
2025;1202573;30
2025;1397772;30
2025;100688;30
2025;1457006;30
2025;12569;30
2025;1445016;30
2025;1264844;30
2025;64918;30
2025;6496;30
2025;72667;30
2025;82224;30
2025;5000001;30
2025;1029204;30
2025;51835;30
2025;49060;30
2025;72667;30
2025;15343;30
2025;1342449;30
2025;1408507;30
2025;2695;30
2025;72681;30
2025;11114;30
2025;72681;30
2025;1171609;30
2025;1485621;30
2025;12692;30
2025;1399618;30
2025;1202573;30
2025;78256;30
2025;100956;30
2025;1427419;30
2025;8960;30
2025;1397771;30
2025;7414;30
2025;758;30
2025;1421013;30
2025;14563;30
2025;90483;30
2025;1385538;30
2025;1292917;30
2025;1399615;30
2025;97679;30
2025;1385538;30
2025;1399486;30
2025;72767;30
2025;5909;30
2025;13723;30
2025;1173014;30
2025;13286;30
2025;51699;30
2025;1439;30
2025;5000980;30
2025;1427370;30
2025;1173014;30
2025;6711;30
2025;51699;30
2025;8960;30
2025;1457707;30
2025;1427370;30
2025;1188900;30
2025;1173014;30
2025;1342536;30
2025;1408504;30
2025;5000931;30
2025;54494;30
2025;72667;30
2025;1399478;30
2025;1385538;30
2025;2695;30
2025;1163738;30
2025;18447;30
2025;100956;30
2025;1427370;30
2025;19294;30
2025;13601;30
2025;1168313;30
2025;71859;30
2025;12970;30
2025;1191415;30
2025;12;30
2025;1185025;30
2025;13200;30
2025;8698;30
2025;18472;30
2025;85652;30
2025;12569;30
2025;1163738;30
2025;1399478;30
2025;1397771;30
2025;93001;30
2025;75821;30
2025;86356;30
2025;97679;30
2025;1465625;30
2025;9996;30
2025;1399287;30
2025;7705;30
2025;7414;30
2025;86288;30
2025;1192047;30
2025;10289;30
2025;98409;30
2025;5000978;30
2025;7414;30
2025;1419799;30
2025;91219;30
2025;5000930;30
2025;7414;30
2025;11233;30
2025;5000980;30
2025;20249;30
2025;1399614;30
2025;1192188;30
2025;1349675;30
2025;5000980;30
2025;1399478;30
2025;1192047;30
2025;107666;30
2025;72675;30
2025;12569;30
2025;82224;30
2025;3148;30
2025;12692;30
2025;12813;30
2025;65114;30
2025;1457707;30
2025;1184060;30
2025;9326;30
2025;1261972;30
2025;11114;30
2025;7837;30
2025;1171609;30
2025;1188900;30
2025;5000931;30
2025;8698;30
2025;75821;30
2025;66248;30
2025;1184060;30
2025;5000931;30
2025;1399615;30
2025;2918;30
2025;15783;30
2025;1390311;30
2025;14563;30
2025;91219;30
2025;13723;30
2025;99476;30
2025;12813;30
2025;1322329;30
2025;87537;30
2025;1342537;30
2025;64706;30
2025;1192047;30
2025;98406;30
2025;1399478;30
2025;5001294;30
2025;1879;30
2025;1187646;30
2025;1202547;30
2025;1202573;30
2025;1102360;30
2025;1193759;30
2025;72417;30
2025;1187646;30
2025;12692;30
2025;1399485;30
2025;60660;30
2025;86288;30
2025;65114;30
2025;91219;30
2025;1108786;30
2025;5000812;30
2025;1292917;30
2025;1399487;30
2025;12970;30
2025;65114;30
2025;1408507;30
2025;78256;30
2025;1399482;30
2025;15839;30
2025;1483768;30
2025;64918;30
2025;1406536;30
2025;1342505;30
2025;14975;30
2025;389;30
2025;12015;30
2025;121850;30
2025;84408;30
2025;5345;30
2025;91219;30
2025;78256;30
2025;1408259;30
2025;10289;30
2025;1399481;30
2025;1187646;30
2025;65114;30
2025;12569;30
2025;1518;30
2025;5000930;30
2025;1397772;30
2025;1408505;30
2025;75821;30
2025;1399481;30
2025;1189778;30
2025;140;30
2025;6496;30
2025;12692;30
2025;1439;30
2025;108882;30
2025;72681;30
2025;12970;30
2025;1179501;30
2025;65114;30
2025;13286;30
2025;1190280;30
2025;1349675;30
2025;1399478;30
2025;5000979;30
2025;14563;30
2025;1184325;30
2025;19294;30
2025;1399482;30
2025;98506;30
2025;13286;30
2025;1317634;30
2025;1321864;30
2025;1390317;30
2025;100956;30
2025;18594;30
2025;12692;30
2025;1183958;30
2025;13866;30
2025;121850;30
2025;60660;30
2025;13286;30
2025;1202588;30
2025;1390311;30
2025;1192047;30
2025;1399480;30
2025;1184432;30
2025;1408508;30
2025;108014;30
2025;97679;30
2025;1408259;30
2025;1136509;30
2025;14975;30
2025;21542;30
2025;3677;30
2025;4082;30
2025;1322329;30
2025;1390311;30
2025;11316;30
2025;1192047;30
2025;13286;30
2025;18605;30
2025;12970;30
2025;1108786;30
2025;1188127;30
2025;79007;30
2025;82224;30
2025;84352;30
2025;1342537;30
2025;5345;30
2025;1427370;30
2025;1399480;30
2025;1485621;30
2025;1178524;30
2025;5001466;30
2025;1390317;30
2025;1200712;30
2025;2918;30
2025;78256;30
2025;72667;30
2025;1190667;30
2025;1190280;30
2025;1399616;30
2025;1108153;30
2025;389;30
2025;1399480;30
2025;1190280;30
2025;5001183;30
2025;5001294;30
2025;9326;30
2025;5000979;30
2025;1399478;30
2025;57852;30
2025;66248;30
2025;150039;30
2025;5001427;30
2025;11446;30
2025;1390317;30
2025;5000980;30
2025;1190280;30
2025;84408;30
2025;58412;30
2025;87537;30
2025;78256;30
2025;18594;30
2025;72417;30
2025;1406536;30
2025;1342505;30
2025;1399618;30
2025;12692;30
2025;91399;30
2025;1184325;30
2025;82224;30
2025;1136509;30
2025;1390317;30
2025;1258023;30
2025;1390309;30
2025;11114;30
2025;150039;30
2025;93001;30
2025;1438629;30
2025;1457006;30
2025;15783;30
2025;1188900;30
2025;10289;30
2025;7676;30
2025;1258023;30
2025;1180318;30
2025;37304;30
2025;1292917;30
2025;13723;30
2025;72767;30
2025;1184060;30
2025;98409;30
2025;1258023;30
2025;72669;30
2025;1188849;30
2025;1102360;30
2025;1190280;30
2025;1457503;30
2025;1477973;30
2025;10224;30
2025;5000979;30
2025;1427370;30
2025;1050663;30
2025;1184325;30
2025;1026;30
2025;1390317;30
2025;14725;30
2025;19434;30
2025;1258023;30
2025;19294;30
2025;1184325;30
2025;1408509;30
2025;85652;30
2025;108014;30
2025;7705;30
2025;72669;30
2025;107666;30
2025;12569;30
2025;13286;30
2025;1427370;30
2025;5001294;30
2025;65114;30
2025;1184047;30
2025;1108281;30
2025;1257777;30
2025;38071;30
2025;1200712;30
2025;75821;30
2025;1184047;30
2025;91219;30
2025;1399478;30
2025;1171609;30
2025;11446;30
2025;1485621;30
2025;140;30
2025;86356;30
2025;1334344;30
2025;12970;30
2025;65114;30
2025;11316;30
2025;7676;30
2025;13723;30
2025;1264844;30
2025;1107;30
2025;16904;30
2025;1292725;30
2025;85652;30
2025;5001033;30
2025;11114;30
2025;868;30
2025;37304;30
2025;14234;30
2025;5001427;30
2025;107766;30
2025;85652;30
2025;107766;30
2025;11114;30
2025;1399614;30
2025;1406536;30
2025;84352;30
2025;1146605;30
2025;1399485;30
2025;1399616;30
2025;1427420;30
2025;18594;30
2025;79007;30
2025;98506;30
2025;1397773;30
2025;18594;30
2025;3418;30
2025;1399477;30
2025;64918;30
2025;1108786;30
2025;10289;30
2025;1313341;30
2025;78256;30
2025;9996;30
2025;98406;30
2025;9996;30
2025;12569;30
2025;1399484;30
2025;49060;30
2025;12569;30
2025;13200;30
2025;12569;30
2025;12569;30
2025;98506;30
2025;108014;30
2025;1477973;30
2025;100956;30
2025;78256;30
2025;65114;30
2025;1342610;30
2025;113504;30
2025;12569;30
2025;7676;30
2025;90059;30
2025;1399614;30
2025;90483;30
2025;66248;30
2025;13453;30
2025;1188849;30
2025;66361;30
2025;78256;30
2025;1397771;30
2025;2392;30
2025;87941;30
2025;1342537;30
2025;1029204;30
2025;1399478;30
2025;108882;30
2025;5206;30
2025;71689;30
2025;1399614;30
2025;74594;30
2025;1363536;30
2025;1399478;30
2025;9996;30
2025;54494;30
2025;9805;30
2025;98409;30
2025;5001427;30
2025;1107;30
2025;1399615;30
2025;13286;30
2025;1421100;30
2025;1292726;30
2025;1292726;30
2025;1184047;30
2025;91219;30
2025;9996;30
2025;65114;30
2025;1483759;30
2025;12692;30
2025;1068548;30
2025;868;30
2025;1202553;30
2025;1518;30
2025;5001183;30
2025;1192237;30
2025;10591;30
2025;91399;30
2025;98406;30
2025;78256;30
2025;1292713;30
2025;12;30
2025;9805;30
2025;1178524;30
2025;65114;30
2025;66248;30
2025;1257562;30
2025;54490;30
2025;1321864;30
2025;14093;30
2025;1166567;30
2025;1408507;30
2025;5001294;30
2025;1193275;30
2025;1257777;30
2025;1192188;30
2025;1399477;30
2025;8437;30
2025;1184060;30
2025;13723;30
2025;64706;30
2025;13866;30
2025;10289;30
2025;20360;30
2025;1399616;30
2025;389;30
2025;5000812;30
2025;57402;30
2025;1439;30
2025;12;30
2025;18605;30
2025;1171609;30
2025;1419799;30
2025;1399486;30
2025;57402;30
2025;65114;30
2025;64918;30
2025;14615;30
2025;1171609;30
2025;75821;30
2025;1408505;30
2025;1178672;30
2025;3677;30
2025;60660;30
2025;65114;30
2025;12970;30
2025;1183313;30
2025;97679;30
2025;1135207;30
2025;1183313;30
2025;72663;30
2025;72681;30
2025;1183313;30
2025;1390311;30
2025;1399616;30
2025;1408259;30
2025;1342505;30
2025;8437;30
2025;65114;30
2025;65114;30
2025;100958;30
2025;1879;30
2025;14615;30
2025;10289;30
2025;12970;30
2025;1518495;30
2025;1192047;30
2025;72663;30
2025;1202553;30
2025;10289;30
2025;72681;30
2025;72663;30
2025;11114;30
2025;1189778;30
2025;93001;30
2025;2695;30
2025;1261972;30
2025;1257777;30
2025;1342505;30
2025;5001314;30
2025;1427370;30
2025;1200578;30
2025;2695;30
2025;1399482;30
2025;78256;30
2025;1404416;30
2025;18605;30
2025;7105;30
2025;12692;30
2025;1202573;30
2025;1184047;30
2025;5909;30
2025;1029204;30
2025;1050663;30
2025;1342536;30
2025;1445016;30
2025;5001101;30
2025;1258021;30
2025;108014;30
2025;5001450;30
2025;1399616;30
2025;72669;30
2025;12569;30
2025;1264844;30
2025;868;30
2025;1192047;30
2025;8960;30
2025;5001294;30
2025;4503;30
2025;59174;30
2025;5001183;30
2025;1108786;30
2025;72669;30
2025;1445016;30
2025;1408259;30
2025;11316;30
2025;75821;30
2025;1421013;30
2025;59414;30
2025;1178672;30
2025;72681;30
2025;1135207;30
2025;1399481;30
2025;15839;30
2025;5001294;30
2025;1179189;30
2025;85652;30
2025;65114;30
2025;1477973;30
2025;1477973;30
2025;12345;30
2025;1136509;30
2025;108884;30
2025;13103;30
2025;14975;30
2025;1101742;30
2025;90483;30
2025;108884;30
2025;1180318;30
2025;14359;30
2025;758;30
2025;90483;30
2025;108884;30
2025;1185903;30
2025;1408259;30
2025;72681;30
2025;1202539;30
2025;74655;30
2025;1397771;30
2025;5001101;30
2025;1421100;30
2025;5001167;30
2025;1173014;30
2025;38071;30
2025;19434;30
2025;19434;30
2025;5000981;30
2025;1487491;30
2025;5001294;30
2025;8698;30
2025;14359;30
2025;1193759;30
2025;98409;30
2025;79007;30
2025;1292725;30
2025;78256;30
2025;8698;30
2025;11114;30
2025;108884;30
2025;14615;30
2025;1397771;30
2025;108884;30
2025;14093;30
2025;14615;30
2025;1399482;30
2025;90483;30
2025;1163738;30
2025;1487290;30
2025;74655;30
2025;74655;30
2025;107666;30
2025;15783;30
2025;7837;30
2025;6496;30
2025;7676;30
2025;1399618;30
2025;1397771;30
2025;1399618;30
2025;8554;30
2025;1163738;30
2025;10224;30
2025;86288;30
2025;78256;30
2025;65114;30
2025;99476;30
2025;1184325;30
2025;2695;30
2025;5001314;30
2025;90084;30
2025;1397772;30
2025;1399616;30
2025;1342536;30
2025;1390311;30
2025;8698;30
2025;5000978;30
2025;5001300;30
2025;1406536;30
2025;1427370;30
2025;72681;30
2025;1146605;30
2025;1179189;30
2025;1108786;30
2025;60660;30
2025;13453;30
2025;18605;30
2025;69624;30
2025;19086;30
2025;1397772;30
2025;1292917;30
2025;1108786;30
2025;1421100;30
2025;85652;30
2025;14615;30
2025;7414;30
2025;13866;30
2025;1458090;30
2025;1184432;30
2025;65114;30
2025;51835;30
2025;5001314;30
2025;1178524;30
2025;1399614;30
2025;1399484;30
2025;1397771;30
2025;1399614;30
2025;13286;30
2025;5000930;30
2025;1399478;30
2025;99476;30
2025;5000001;30
2025;65114;30
2025;5909;30
2025;1399478;30
2025;8698;30
2025;90059;30
2025;90091;30
2025;1188849;30
2025;72669;30
2025;13286;30
2025;59174;30
2025;1408504;30
2025;5000980;30
2025;99476;30
2025;1109361;30
2025;11114;30
2025;91219;30
2025;1257562;30
2025;59174;30
2025;1399480;30
2025;90059;30
2025;5000980;30
2025;1518495;30
2025;2348;30
2025;1136509;30
2025;100958;30
2025;5000930;30
2025;14359;30
2025;7414;30
2025;1342505;30
2025;72667;30
2025;1399477;30
2025;9805;30
2025;1390317;30
2025;82224;30
2025;5001183;30
2025;78256;30
2025;12813;31
2025;1445016;31
2025;1483805;31
2025;4503;31
2025;91219;31
2025;1184060;31
2025;15839;31
2025;86356;31
2025;98506;31
2025;18594;31
2025;1173014;31
2025;65114;31
2025;1108786;31
2025;65114;31
2025;1184047;31
2025;1397772;31
2025;16904;31
2025;14234;31
2025;2918;31
2025;1187646;31
2025;59414;31
2025;1216474;31
2025;1385538;31
2025;1163738;31
2025;1408505;31
2025;1321864;31
2025;4503;31
2025;1408507;31
2025;86288;31
2025;60660;31
2025;5000981;31
2025;98506;31
2025;1397773;31
2025;4503;31
2025;1427370;31
2025;1487491;31
2025;84352;31
2025;18605;31
2025;11316;31
2025;12692;31
2025;14615;31
2025;1173014;31
2025;13200;31
2025;1399618;31
2025;1108786;31
2025;1408261;31
2025;4082;31
2025;13286;31
2025;2918;31
2025;1342536;31
2025;13723;31
2025;1342536;31
2025;51699;31
2025;5000812;31
2025;1185076;31
2025;12015;31
2025;15783;31
2025;1292725;31
2025;13723;31
2025;1397772;31
2025;9326;31
2025;1483768;31
2025;1390311;31
2025;18472;31
2025;18472;31
2025;13601;31
2025;5000812;31
2025;87537;31
2025;78256;31
2025;1185903;31
2025;39415;31
2025;1399619;31
2025;5000812;31
2025;5001300;31
2025;1179189;31
2025;484;31
2025;57852;31
2025;1399616;31
2025;1168313;31
2025;85652;31
2025;72669;31
2025;11114;31
2025;5001300;31
2025;72681;31
2025;1399617;31
2025;1385538;31
2025;5001450;31
2025;1465625;31
2025;2392;31
2025;5001450;31
2025;758;31
2025;64706;31
2025;1192237;31
2025;79007;31
2025;66361;31
2025;85652;31
2025;1108786;31
2025;1292917;31
2025;12813;31
2025;85652;31
2025;18605;31
2025;1487290;31
2025;1390317;31
2025;15475;31
2025;14234;31
2025;303;31
2025;2348;31
2025;12569;31
2025;79007;31
2025;5001294;31
2025;1179189;31
2025;53338;31
2025;1483805;31
2025;1399484;31
2025;1184060;31
2025;15343;31
2025;5000812;31
2025;1185903;31
2025;1166567;31
2025;5000981;31
2025;5000981;31
2025;66361;31
2025;7705;31
2025;59174;31
2025;1173014;31
2025;82224;31
2025;13424;31
2025;72417;31
2025;79007;31
2025;1050663;31
2025;99476;31
2025;13424;31
2025;66361;31
2025;1179189;31
2025;7676;31
2025;5000980;31
2025;72669;31
2025;60660;31
2025;90483;31
2025;74594;31
2025;90483;31
2025;5001450;31
2025;90084;31
2025;5000001;31
2025;72417;31
2025;59414;31
2025;1184060;31
2025;1029204;31
2025;1185025;31
2025;1202588;31
2025;13996;31
2025;1192047;31
2025;1193275;31
2025;1050663;31
2025;1185903;31
2025;79007;31
2025;72667;31
2025;1179189;31
2025;91219;31
2025;1184060;31
2025;14234;31
2025;90084;31
2025;90084;31
2025;14234;31
2025;1179189;31
2025;18472;31
2025;2304;31
2025;5001341;31
2025;2304;31
2025;90084;31
2025;86288;31
2025;90084;31
2025;12970;31
2025;1408508;31
2025;90084;31
2025;1179189;31
2025;1184432;31
2025;1399618;31
2025;16236;31
2025;5000001;31
2025;5000979;31
2025;9805;31
2025;1190621;31
2025;90084;31
2025;1342536;31
2025;1190621;31
2025;79007;31
2025;59174;31
2025;1421013;31
2025;91219;31
2025;4503;31
2025;5000980;31
2025;7705;31
2025;65114;31
2025;75821;31
2025;18594;31
2025;13601;31
2025;1185903;31
2025;1184325;31
2025;5001314;31
2025;97679;31
2025;5001183;31
2025;1202553;31
2025;1190280;31
2025;1184325;31
2025;1183958;31
2025;93001;31
2025;100956;31
2025;18594;31
2025;1408261;31
2025;4082;31
2025;1276878;31
2025;54494;31
2025;2304;31
2025;1136509;31
2025;6711;31
2025;75821;31
2025;389;31
2025;16904;31
2025;1321864;31
2025;1185903;31
2025;14359;31
2025;10289;31
2025;72667;31
2025;87537;31
2025;90847;31
2025;14615;31
2025;100958;31
2025;9988;31
2025;1200712;31
2025;1427419;31
2025;1399481;31
2025;1029204;31
2025;12970;31
2025;6496;31
2025;1190280;31
2025;90483;31
2025;72417;31
2025;5001314;31
2025;18594;31
2025;5001183;31
2025;1399615;31
2025;1408507;31
2025;1190667;31
2025;53338;31
2025;1399478;31
2025;1397772;31
2025;37304;31
2025;1483773;31
2025;51835;31
2025;90483;31
2025;1439;31
2025;72675;31
2025;90483;31
2025;1419799;31
2025;5000933;31
2025;100956;31
2025;1185903;31
2025;15475;31
2025;86288;31
2025;1477973;31
2025;12970;31
2025;12569;31
2025;53338;31
2025;1390311;31
2025;13866;31
2025;90483;31
2025;1408259;31
2025;5000931;31
2025;1465625;31
2025;13286;31
2025;13286;31
2025;12569;31
2025;1427370;31
2025;7414;31
2025;1483773;31
2025;7414;31
2025;1193275;31
2025;1385538;31
2025;65114;31
2025;1408505;31
2025;38071;31
2025;79007;31
2025;5001183;31
2025;65114;31
2025;1385538;31
2025;9805;31
2025;1399477;31
2025;85652;31
2025;1108281;31
2025;5000979;31
2025;9805;31
2025;1397772;31
2025;1184325;31
2025;6496;31
2025;38071;31
2025;1257562;31
2025;51835;31
2025;1178672;31
2025;108882;31
2025;1334344;31
2025;1313341;31
2025;140;31
2025;1292869;31
2025;13286;31
2025;11316;31
2025;1397773;31
2025;18594;31
2025;49060;31
2025;11114;31
2025;1292725;31
2025;13723;31
2025;1483773;31
2025;90483;31
2025;103596;31
2025;57402;31
2025;64918;31
2025;5000979;31
2025;65114;31
2025;64918;31
2025;1629;31
2025;1385538;31
2025;1184060;31
2025;1292917;31
2025;1390317;31
2025;11446;31
2025;5001294;31
2025;4503;31
2025;100688;31
2025;19850;31
2025;18594;31
2025;1278877;31
2025;1427420;31
2025;1421100;31
2025;5000931;31
2025;1427419;31
2025;15783;31
2025;5000930;31
2025;1193264;31
2025;1397771;31
2025;1050663;31
2025;14359;31
2025;1192188;31
2025;12569;31
2025;1272168;31
2025;868;31
2025;868;31
2025;5000981;31
2025;1168313;31
2025;72767;31
2025;99476;31
2025;90483;31
2025;1397772;31
2025;1192047;31
2025;5909;31
2025;13996;31
2025;57402;31
2025;1191415;31
2025;13996;31
2025;5000930;31
2025;13286;31
2025;14359;31
2025;98506;31
2025;1439;31
2025;5001294;31
2025;1399617;31
2025;1385538;31
2025;10289;31
2025;13200;31
2025;1439;31
2025;78256;31
2025;5000933;31
2025;5000979;31
2025;5000930;31
2025;13723;31
2025;13424;31
2025;1276878;31
2025;1397772;31
2025;1399618;31
2025;15783;31
2025;1192047;31
2025;12970;31
2025;1171609;31
2025;13996;31
2025;5000812;31
2025;1102360;31
2025;2348;31
2025;6496;31
2025;1330031;31
2025;5920;31
2025;64918;31
2025;1292725;31
2025;103596;31
2025;1457503;31
2025;1399479;31
2025;1178524;31
2025;82224;31
2025;18605;31
2025;1258023;31
2025;19850;31
2025;18472;31
2025;20249;31
2025;1408505;31
2025;1483805;31
2025;1029204;31
2025;5000930;31
2025;1390317;31
2025;1408508;31
2025;6496;31
2025;10289;31
2025;97679;31
2025;1026;31
2025;1399482;31
2025;4503;31
2025;1168313;31
2025;12569;31
2025;13996;31
2025;1188127;31
2025;14975;31
2025;1183958;31
2025;1188127;31
2025;66361;31
2025;1399478;31
2025;1163738;31
2025;90091;31
2025;1258023;31
2025;13866;31
2025;100956;31
2025;1107;31
2025;13424;31
2025;1399481;31
2025;72669;31
2025;107666;31
2025;103596;31
2025;1185903;31
2025;19294;31
2025;10224;31
2025;1397772;31
2025;1190667;31
2025;5001466;31
2025;19294;31
2025;1190667;31
2025;91219;31
2025;5001183;31
2025;15783;31
2025;19086;31
2025;120983;31
2025;4503;31
2025;51835;31
2025;1190280;31
2025;1408507;31
2025;48854;31
2025;11114;31
2025;13601;31
2025;13723;31
2025;10224;31
2025;80037;31
2025;98406;31
2025;72667;31
2025;1190280;31
2025;1258023;31
2025;1193275;31
2025;1342449;31
2025;1399478;31
2025;57402;31
2025;1385538;31
2025;1399618;31
2025;758;31
2025;1190280;31
2025;1399483;31
2025;86288;31
2025;72767;31
2025;5000979;31
2025;74655;31
2025;12015;31
2025;1184325;31
2025;1190280;31
2025;1190280;31
2025;71859;31
2025;12692;31
2025;72681;31
2025;57402;31
2025;12569;31
2025;1408259;31
2025;53338;31
2025;5001294;31
2025;78256;31
2025;1399616;31
2025;4503;31
2025;5001183;31
2025;1108786;31
2025;1397773;31
2025;5000979;31
2025;1292917;31
2025;75821;31
2025;5001033;31
2025;1419799;31
2025;13286;31
2025;1399481;31
2025;12569;31
2025;18605;31
2025;64918;31
2025;66361;31
2025;1317634;31
2025;85586;31
2025;1408262;31
2025;9326;31
2025;85652;31
2025;1399617;31
2025;99476;31
2025;1399481;31
2025;93001;31
2025;66361;31
2025;90483;31
2025;1202539;31
2025;1457707;31
2025;1178524;31
2025;1342610;31
2025;65114;31
2025;2392;31
2025;9996;31
2025;90059;31
2025;12569;31
2025;12569;31
2025;12015;31
2025;12015;31
2025;72669;31
2025;5001033;31
2025;59174;31
2025;98406;31
2025;1278877;31
2025;1068548;31
2025;1342449;31
2025;7676;31
2025;85652;31
2025;5001294;31
2025;72767;31
2025;5001294;31
2025;1190280;31
2025;5000979;31
2025;1188849;31
2025;1390317;31
2025;1399287;31
2025;1261972;31
2025;5000979;31
2025;12569;31
2025;5001341;31
2025;1184325;31
2025;1445016;31
2025;1399489;31
2025;90483;31
2025;107766;31
2025;1187646;31
2025;18594;31
2025;13723;31
2025;1059179;31
2025;1397771;31
2025;65114;31
2025;5345;31
2025;59174;31
2025;1390309;31
2025;1257777;31
2025;6496;31
2025;72667;31
2025;72767;31
2025;1363536;31
2025;1292917;31
2025;1200578;31
2025;1258023;31
2025;5000841;31
2025;60660;31
2025;20360;31
2025;1292917;31
2025;389;31
2025;87941;31
2025;121850;31
2025;1292713;31
2025;1267038;31
2025;72663;31
2025;14615;31
2025;9996;31
2025;12970;31
2025;1026;31
2025;1178524;31
2025;1190280;31
2025;5000980;31
2025;74655;31
2025;79007;31
2025;2392;31
2025;1188849;31
2025;1292917;31
2025;1192237;31
2025;1135207;31
2025;1879;31
2025;1330031;31
2025;13424;31
2025;7705;31
2025;5001294;31
2025;1399489;31
2025;1483768;31
2025;1518;31
2025;4720;31
2025;1385538;31
2025;14093;31
2025;1518;31
2025;1257777;31
2025;1385521;31
2025;13424;31
2025;1190280;31
2025;1322329;31
2025;1399614;31
2025;1192188;31
2025;57852;31
2025;1406536;31
2025;14359;31
2025;1322329;31
2025;108014;31
2025;1399488;31
2025;85652;31
2025;7676;31
2025;8437;31
2025;85652;31
2025;12970;31
2025;9996;31
2025;14359;31
2025;1439;31
2025;85652;31
2025;389;31
2025;78256;31
2025;1385538;31
2025;868;31
2025;1399616;31
2025;389;31
2025;1183313;31
2025;1184060;31
2025;1267038;31
2025;85586;31
2025;10289;31
2025;59414;31
2025;14615;31
2025;99476;31
2025;1179501;31
2025;14975;31
2025;13286;31
2025;7705;31
2025;2918;31
2025;65114;31
2025;107666;31
2025;1171609;31
2025;1419799;31
2025;1390309;31
2025;72669;31
2025;12015;31
2025;12015;31
2025;93001;31
2025;1445016;31
2025;12970;31
2025;1421013;31
2025;11316;31
2025;1349675;31
2025;72669;31
2025;1180318;31
2025;1397773;31
2025;1408507;31
2025;1445016;31
2025;5001341;31
2025;1349675;31
2025;1292917;31
2025;1419799;31
2025;11233;31
2025;1385538;31
2025;72663;31
2025;1399477;31
2025;1292713;31
2025;1399478;31
2025;5000980;31
2025;65114;31
2025;1267038;31
2025;1421013;31
2025;65114;31
2025;1408262;31
2025;86356;31
2025;1029204;31
2025;10222;31
2025;85652;31
2025;1485621;31
2025;90059;31
2025;20249;31
2025;1399617;31
2025;1408509;31
2025;1050663;31
2025;1171609;31
2025;107666;31
2025;1292713;31
2025;97679;31
2025;1397773;31
2025;65114;31
2025;1465625;31
2025;72681;31
2025;19294;31
2025;15783;31
2025;11316;31
2025;1190280;31
2025;1518;31
2025;108884;31
2025;1107;31
2025;64918;31
2025;13723;31
2025;108884;31
2025;150039;31
2025;1390311;31
2025;9772;31
2025;108882;31
2025;90059;31
2025;1188900;31
2025;74655;31
2025;1485621;31
2025;5000812;31
2025;1168313;31
2025;1163738;31
2025;13453;31
2025;1397772;31
2025;108884;31
2025;1427419;31
2025;1295813;31
2025;5000001;31
2025;1185903;31
2025;5000930;31
2025;1427420;31
2025;1187646;31
2025;91219;31
2025;1178524;31
2025;72681;31
2025;1188849;31
2025;10222;31
2025;1192188;31
2025;108014;31
2025;1295813;31
2025;6496;31
2025;20249;31
2025;2348;31
2025;5001101;31
2025;1421100;31
2025;37304;31
2025;8698;31
2025;1173014;31
2025;1465625;31
2025;1427370;31
2025;1408505;31
2025;1168313;31
2025;59414;31
2025;65114;31
2025;49060;31
2025;1200712;31
2025;65114;31
2025;1257524;31
2025;4503;31
2025;1200578;31
2025;1342536;31
2025;1399287;31
2025;9996;31
2025;1257548;31
2025;1408505;31
2025;7705;31
2025;1261971;31
2025;1292725;31
2025;65924;31
2025;16904;31
2025;14725;31
2025;8698;31
2025;57402;31
2025;5000979;31
2025;1188849;31
2025;14615;31
2025;1455021;31
2025;1385538;31
2025;59174;31
2025;10222;31
2025;84352;31
2025;9805;31
2025;100958;31
2025;5000001;31
2025;1136509;31
2025;79007;31
2025;5001101;31
2025;39415;31
2025;90059;31
2025;1179501;31
2025;1029204;31
2025;49060;31
2025;1188900;31
2025;9772;31
2025;39415;31
2025;1108786;32
2025;1421013;32
2025;14093;32
2025;108882;32
2025;75821;32
2025;90084;32
2025;7414;32
2025;7414;32
2025;1518495;32
2025;1173014;32
2025;49060;32
2025;1453564;32
2025;1026;32
2025;1385538;32
2025;72669;32
2025;1200712;32
2025;69624;32
2025;5000980;32
2025;78256;32
2025;64918;32
2025;1184432;32
2025;72681;32
2025;72417;32
2025;5001427;32
2025;51699;32
2025;72675;32
2025;18605;32
2025;13286;32
2025;1390317;32
2025;1292726;32
2025;5000930;32
2025;20360;32
2025;13866;32
2025;18472;32
2025;18594;32
2025;5001294;32
2025;65924;32
2025;1188900;32
2025;85652;32
2025;1483759;32
2025;1104264;32
2025;5000979;32
2025;13286;32
2025;4503;32
2025;1179501;32
2025;1342536;32
2025;72667;32
2025;72681;32
2025;484;32
2025;13723;32
2025;86288;32
2025;12015;32
2025;1385538;32
2025;1178524;32
2025;5001294;32
2025;1399616;32
2025;90059;32
2025;1399619;32
2025;82224;32
2025;1168313;32
2025;5000979;32
2025;1202539;32
2025;13723;32
2025;5345;32
2025;91219;32
2025;19850;32
2025;1191415;32
2025;868;32
2025;13723;32
2025;1190667;32
2025;1168313;32
2025;98506;32
2025;1486298;32
2025;1477973;32
2025;1102360;32
2025;2348;32
2025;1483805;32
2025;5001450;32
2025;5001450;32
2025;1184060;32
2025;103596;32
2025;11446;32
2025;65114;32
2025;4082;32
2025;1178672;32
2025;1184325;32
2025;72681;32
2025;7676;32
2025;18472;32
2025;57402;32
2025;5001466;32
2025;1385538;32
2025;78256;32
2025;90483;32
2025;57402;32
2025;1292917;32
2025;18594;32
2025;1184060;32
2025;1483759;32
2025;49060;32
2025;1408259;32
2025;1166567;32
2025;108882;32
2025;1399487;32
2025;65114;32
2025;6496;32
2025;1334344;32
2025;1184432;32
2025;1184432;32
2025;1173014;32
2025;91219;32
2025;1193264;32
2025;13866;32
2025;1465625;32
2025;91219;32
2025;18594;32
2025;1399617;32
2025;1399615;32
2025;1465625;32
2025;1292726;32
2025;1397772;32
2025;1185025;32
2025;78256;32
2025;5206;32
2025;72669;32
2025;5920;32
2025;5206;32
2025;5206;32
2025;5000001;32
2025;1202539;32
2025;90084;32
2025;37304;32
2025;75821;32
2025;1406536;32
2025;1185903;32
2025;59174;32
2025;1190621;32
2025;97679;32
2025;13200;32
2025;1487290;32
2025;65114;32
2025;1135207;32
2025;90084;32
2025;98506;32
2025;90084;32
2025;11446;32
2025;90084;32
2025;13601;32
2025;72667;32
2025;90084;32
2025;65114;32
2025;78256;32
2025;100956;32
2025;90483;32
2025;90084;32
2025;1385538;32
2025;90084;32
2025;72663;32
2025;90084;32
2025;1050663;32
2025;1190621;32
2025;1190621;32
2025;90084;32
2025;57402;32
2025;1179189;32
2025;2304;32
2025;1179189;32
2025;1258023;32
2025;5001294;32
2025;5000001;32
2025;1427419;32
2025;72767;32
2025;103596;32
2025;1486822;32
2025;1321864;32
2025;2695;32
2025;11233;32
2025;1107;32
2025;64918;32
2025;1026;32
2025;19294;32
2025;1276878;32
2025;1342536;32
2025;12970;32
2025;5000980;32
2025;64918;32
2025;1179189;32
2025;1163738;32
2025;66248;32
2025;1385538;32
2025;1408262;32
2025;4503;32
2025;1292869;32
2025;12569;32
2025;3418;32
2025;2392;32
2025;389;32
2025;1465625;32
2025;12970;32
2025;53338;32
2025;19850;32
2025;90847;32
2025;60660;32
2025;1190280;32
2025;1185076;32
2025;1317634;32
2025;1108786;32
2025;90847;32
2025;13601;32
2025;1399482;32
2025;5000930;32
2025;1168313;32
2025;1390309;32
2025;75821;32
2025;1168313;32
2025;15343;32
2025;1200578;32
2025;14093;32
2025;72667;32
2025;14563;32
2025;1068548;32
2025;12569;32
2025;100688;32
2025;1257548;32
2025;100956;32
2025;1168313;32
2025;65114;32
2025;5000931;32
2025;13424;32
2025;72681;32
2025;49060;32
2025;103596;32
2025;5000812;32
2025;98406;32
2025;1202547;32
2025;1173014;32
2025;1188849;32
2025;1184060;32
2025;1408504;32
2025;1202539;32
2025;1192047;32
2025;93001;32
2025;8437;32
2025;1385538;32
2025;5000931;32
2025;72667;32
2025;1483759;32
2025;1399479;32
2025;1483805;32
2025;1188900;32
2025;65114;32
2025;1483773;32
2025;10289;32
2025;84352;32
2025;1190667;32
2025;99476;32
2025;1202588;32
2025;13723;32
2025;51835;32
2025;1188900;32
2025;1385538;32
2025;1184060;32
2025;18605;32
2025;85652;32
2025;1385538;32
2025;65114;32
2025;1292869;32
2025;65114;32
2025;7414;32
2025;5000980;32
2025;20058;32
2025;11233;32
2025;65114;32
2025;98506;32
2025;1399484;32
2025;65114;32
2025;1101742;32
2025;1399614;32
2025;1399477;32
2025;5345;32
2025;12345;32
2025;1427370;32
2025;99476;32
2025;5001466;32
2025;84352;32
2025;10224;32
2025;84352;32
2025;18447;32
2025;1193275;32
2025;6496;32
2025;1486822;32
2025;84352;32
2025;65114;32
2025;14359;32
2025;11316;32
2025;1200578;32
2025;1192188;32
2025;18472;32
2025;1192047;32
2025;18594;32
2025;1108786;32
2025;2348;32
2025;1104264;32
2025;1184047;32
2025;3418;32
2025;1457006;32
2025;37304;32
2025;1438629;32
2025;87537;32
2025;1184060;32
2025;1180318;32
2025;13286;32
2025;1399488;32
2025;10222;32
2025;1390317;32
2025;11233;32
2025;1408259;32
2025;100956;32
2025;1292713;32
2025;5001294;32
2025;4503;32
2025;72681;32
2025;1427370;32
2025;59414;32
2025;1185076;32
2025;1292917;32
2025;389;32
2025;65114;32
2025;18605;32
2025;14563;32
2025;51835;32
2025;1184325;32
2025;13286;32
2025;1399481;32
2025;75821;32
2025;15783;32
2025;65924;32
2025;75821;32
2025;18594;32
2025;66248;32
2025;11316;32
2025;78256;32
2025;1465625;32
2025;37304;32
2025;12692;32
2025;16236;32
2025;1108786;32
2025;1257777;32
2025;4503;32
2025;16904;32
2025;1399481;32
2025;12692;32
2025;1363536;32
2025;18594;32
2025;18605;32
2025;1188127;32
2025;1188127;32
2025;1292726;32
2025;1257777;32
2025;1029204;32
2025;72767;32
2025;66248;32
2025;1258023;32
2025;1397771;32
2025;87537;32
2025;15783;32
2025;1399479;32
2025;72669;32
2025;1192047;32
2025;98406;32
2025;90483;32
2025;1168313;32
2025;18605;32
2025;100688;32
2025;91219;32
2025;11114;32
2025;1104264;32
2025;10224;32
2025;72767;32
2025;79007;32
2025;72675;32
2025;5001101;32
2025;13601;32
2025;7676;32
2025;18594;32
2025;1257524;32
2025;87537;32
2025;2918;32
2025;1342449;32
2025;150039;32
2025;5001294;32
2025;5001427;32
2025;1334344;32
2025;1879;32
2025;72669;32
2025;5001294;32
2025;1427370;32
2025;86288;32
2025;1258023;32
2025;1184060;32
2025;1408505;32
2025;65114;32
2025;1192047;32
2025;59174;32
2025;1109361;32
2025;5000980;32
2025;1187646;32
2025;82224;32
2025;78256;32
2025;5000980;32
2025;1399477;32
2025;1390317;32
2025;1334344;32
2025;1334344;32
2025;12970;32
2025;1408505;32
2025;12569;32
2025;12569;32
2025;1438629;32
2025;1264844;32
2025;16904;32
2025;57402;32
2025;1390317;32
2025;1104264;32
2025;65114;32
2025;59174;32
2025;14234;32
2025;14725;32
2025;1029204;32
2025;5001294;32
2025;5001294;32
2025;72669;32
2025;1190280;32
2025;1190280;32
2025;107666;32
2025;1108786;32
2025;10289;32
2025;16904;32
2025;1399618;32
2025;1188900;32
2025;1399489;32
2025;57402;32
2025;1292917;32
2025;12569;32
2025;21542;32
2025;87537;32
2025;12569;32
2025;1050663;32
2025;5001183;32
2025;84352;32
2025;1448710;32
2025;12692;32
2025;65114;32
2025;65114;32
2025;1029204;32
2025;1200712;32
2025;65114;32
2025;9996;32
2025;1385538;32
2025;13103;32
2025;98506;32
2025;9996;32
2025;72663;32
2025;1190280;32
2025;1108786;32
2025;49060;32
2025;59174;32
2025;121850;32
2025;1399481;32
2025;1029204;32
2025;13424;32
2025;1317634;32
2025;1292917;32
2025;13286;32
2025;121850;32
2025;5001466;32
2025;5000001;32
2025;1399484;32
2025;18594;32
2025;1487290;32
2025;1214209;32
2025;79007;32
2025;59174;32
2025;1264844;32
2025;3677;32
2025;107666;32
2025;8554;32
2025;54494;32
2025;13286;32
2025;1518;32
2025;389;32
2025;1322329;32
2025;1397771;32
2025;18605;32
2025;6711;32
2025;7837;32
2025;1173014;32
2025;18605;32
2025;1192237;32
2025;1483759;32
2025;1399618;32
2025;65114;32
2025;1108786;32
2025;84408;32
2025;1385538;32
2025;37304;32
2025;1439;32
2025;1179501;32
2025;1108281;32
2025;72663;32
2025;72663;32
2025;66361;32
2025;85652;32
2025;18472;32
2025;1184060;32
2025;1342610;32
2025;37304;32
2025;107666;32
2025;1050663;32
2025;15343;32
2025;5000930;32
2025;74594;32
2025;1200712;32
2025;78256;32
2025;1258021;32
2025;1108786;32
2025;72681;32
2025;80037;32
2025;1408507;32
2025;1399618;32
2025;4503;32
2025;93001;32
2025;72663;32
2025;13286;32
2025;1317634;32
2025;78256;32
2025;1166567;32
2025;1029204;32
2025;1185903;32
2025;72663;32
2025;1257548;32
2025;120983;32
2025;1200712;32
2025;18472;32
2025;13996;32
2025;1108786;32
2025;5001294;32
2025;5000812;32
2025;1879;32
2025;11114;32
2025;72417;32
2025;91219;32
2025;1292725;32
2025;13866;32
2025;49060;32
2025;12692;32
2025;72663;32
2025;1399615;32
2025;65114;32
2025;12015;32
2025;3148;32
2025;1477973;32
2025;74655;32
2025;1188849;32
2025;65114;32
2025;15783;32
2025;12813;32
2025;72669;32
2025;38071;32
2025;108882;32
2025;91399;32
2025;65924;32
2025;72667;32
2025;108884;32
2025;78256;32
2025;1399489;32
2025;20249;32
2025;72681;32
2025;8698;32
2025;1267038;32
2025;1200712;32
2025;107666;32
2025;65114;32
2025;1184325;32
2025;6496;32
2025;1399486;32
2025;1408508;32
2025;1200578;32
2025;72681;32
2025;1295813;32
2025;6711;32
2025;108884;32
2025;12345;32
2025;1188900;32
2025;1295813;32
2025;15475;32
2025;15783;32
2025;18605;32
2025;1487491;32
2025;1166567;32
2025;12569;32
2025;1385538;32
2025;140;32
2025;74594;32
2025;87941;32
2025;7705;32
2025;5001294;32
2025;5000979;32
2025;2918;32
2025;4503;32
2025;1108786;32
2025;5000812;32
2025;49060;32
2025;1188900;32
2025;1163738;32
2025;65114;32
2025;39415;32
2025;1487491;32
2025;1408505;32
2025;16236;32
2025;18447;32
2025;18472;32
2025;1190280;32
2025;20249;32
2025;10224;32
2025;39415;32
2025;85652;32
2025;1184325;32
2025;1135207;32
2025;1193275;32
2025;5000812;32
2025;1026;32
2025;9996;32
2025;7414;32
2025;64706;32
2025;20360;32
2025;1178672;32
2025;1397771;32
2025;1399618;32
2025;7105;32
2025;1397771;32
2025;7414;32
2025;1257777;32
2025;78256;32
2025;1349675;32
2025;1427370;32
2025;1168313;32
2025;20360;32
2025;1272168;32
2025;5001294;32
2025;1295813;32
2025;59174;32
2025;5001183;32
2025;1427419;32
2025;65114;32
2025;1168313;32
2025;1185903;32
2025;1202547;32
2025;58412;32
2025;91219;32
2025;72675;32
2025;16236;32
2025;5001294;32
2025;303;32
2025;1050663;32
2025;1136509;32
2025;4503;32
2025;1321864;32
2025;8698;32
2025;1399615;32
2025;100688;32
2025;72675;32
2025;1292726;32
2025;1483759;32
2025;48854;32
2025;1102360;32
2025;1188900;32
2025;78256;33
2025;1385538;33
2025;1419799;33
2025;66361;33
2025;7414;33
2025;1173014;33
2025;91219;33
2025;1408508;33
2025;65114;33
2025;1173014;33
2025;72675;33
2025;1173014;33
2025;65114;33
2025;1455021;33
2025;1408507;33
2025;5000930;33
2025;84352;33
2025;85652;33
2025;1399616;33
2025;85652;33
2025;10289;33
2025;1192047;33
2025;93001;33
2025;12569;33
2025;74655;33
2025;6496;33
2025;1408261;33
2025;1486298;33
2025;5000979;33
2025;5001294;33
2025;1108786;33
2025;13723;33
2025;1168313;33
2025;1399477;33
2025;1104264;33
2025;64706;33
2025;1518;33
2025;1385538;33
2025;1258021;33
2025;18605;33
2025;12569;33
2025;65114;33
2025;98506;33
2025;85652;33
2025;65114;33
2025;85652;33
2025;1168313;33
2025;1399482;33
2025;18472;33
2025;1399486;33
2025;5000812;33
2025;1178524;33
2025;72767;33
2025;72417;33
2025;1190667;33
2025;15783;33
2025;1108786;33
2025;71859;33
2025;64918;33
2025;98409;33
2025;85652;33
2025;1408259;33
2025;85586;33
2025;72669;33
2025;98506;33
2025;97679;33
2025;1399479;33
2025;1399484;33
2025;64918;33
2025;1188900;33
2025;5000930;33
2025;18605;33
2025;7676;33
2025;1322329;33
2025;1184432;33
2025;1190280;33
2025;1184060;33
2025;1184047;33
2025;1258023;33
2025;1188849;33
2025;85652;33
2025;1166567;33
2025;72675;33
2025;12569;33
2025;1257524;33
2025;1399486;33
2025;85652;33
2025;57852;33
2025;12;33
2025;1173014;33
2025;49060;33
2025;72667;33
2025;14359;33
2025;5001294;33
2025;12813;33
2025;1408505;33
2025;1184432;33
2025;66361;33
2025;90084;33
2025;72667;33
2025;5001183;33
2025;5001341;33
2025;9772;33
2025;65114;33
2025;72669;33
2025;90084;33
2025;5000841;33
2025;1629;33
2025;90084;33
2025;1408505;33
2025;1189778;33
2025;1179189;33
2025;19294;33
2025;60660;33
2025;20249;33
2025;1317634;33
2025;1168313;33
2025;1408504;33
2025;90084;33
2025;1486822;33
2025;5000812;33
2025;1190621;33
2025;9805;33
2025;90084;33
2025;49060;33
2025;1190621;33
2025;1190621;33
2025;1408509;33
2025;101228;33
2025;14563;33
2025;59174;33
2025;2304;33
2025;72767;33
2025;1399477;33
2025;1171609;33
2025;1192237;33
2025;1179189;33
2025;1486822;33
2025;65114;33
2025;1399485;33
2025;5000001;33
2025;65114;33
2025;303;33
2025;18594;33
2025;98409;33
2025;90483;33
2025;14359;33
2025;1179501;33
2025;1408261;33
2025;18594;33
2025;72669;33
2025;49060;33
2025;389;33
2025;1193275;33
2025;1184432;33
2025;8960;33
2025;53338;33
2025;90847;33
2025;1185903;33
2025;12345;33
2025;9988;33
2025;1190667;33
2025;10591;33
2025;2304;33
2025;97679;33
2025;84352;33
2025;1178672;33
2025;100688;33
2025;18472;33
2025;64918;33
2025;5000979;33
2025;303;33
2025;20249;33
2025;1026;33
2025;1257562;33
2025;8960;33
2025;75821;33
2025;1483768;33
2025;66248;33
2025;140;33
2025;1327450;33
2025;97679;33
2025;90483;33
2025;1184432;33
2025;1184060;33
2025;1421100;33
2025;1264844;33
2025;1108281;33
2025;90483;33
2025;1059179;33
2025;7414;33
2025;65114;33
2025;7414;33
2025;51835;33
2025;15783;33
2025;1427370;33
2025;72681;33
2025;389;33
2025;72669;33
2025;1408259;33
2025;97679;33
2025;1173014;33
2025;1408261;33
2025;1385538;33
2025;1258023;33
2025;5000931;33
2025;5000931;33
2025;5000931;33
2025;1408507;33
2025;20249;33
2025;1059179;33
2025;18472;33
2025;84352;33
2025;75821;33
2025;1168313;33
2025;13601;33
2025;20360;33
2025;1399482;33
2025;85652;33
2025;1385538;33
2025;78256;33
2025;1292869;33
2025;1188900;33
2025;98409;33
2025;65114;33
2025;19434;33
2025;1190280;33
2025;1385538;33
2025;7414;33
2025;1183313;33
2025;1399481;33
2025;65114;33
2025;5000980;33
2025;10289;33
2025;1179501;33
2025;1399479;33
2025;1408507;33
2025;5001314;33
2025;85652;33
2025;1107;33
2025;65114;33
2025;13866;33
2025;65114;33
2025;1421013;33
2025;7105;33
2025;72669;33
2025;1050663;33
2025;97679;33
2025;1317634;33
2025;5000931;33
2025;57852;33
2025;13286;33
2025;98406;33
2025;3418;33
2025;65114;33
2025;1168313;33
2025;1399481;33
2025;19850;33
2025;1399478;33
2025;97679;33
2025;98506;33
2025;1168313;33
2025;1258021;33
2025;1427370;33
2025;13601;33
2025;1439;33
2025;1193275;33
2025;12569;33
2025;13286;33
2025;78256;33
2025;13866;33
2025;1399478;33
2025;13996;33
2025;2695;33
2025;12015;33
2025;11114;33
2025;1399618;33
2025;1200712;33
2025;38071;33
2025;1399481;33
2025;1068548;33
2025;1292917;33
2025;5001341;33
2025;13723;33
2025;107666;33
2025;14563;33
2025;1193275;33
2025;1399479;33
2025;72681;33
2025;1313341;33
2025;12015;33
2025;1200578;33
2025;1267038;33
2025;5909;33
2025;1457503;33
2025;100956;33
2025;1190667;33
2025;5001466;33
2025;1399619;33
2025;49060;33
2025;98409;33
2025;90084;33
2025;2392;33
2025;1455021;33
2025;1399616;33
2025;1108281;33
2025;93001;33
2025;37304;33
2025;4503;33
2025;1200712;33
2025;1408507;33
2025;1458090;33
2025;14975;33
2025;1258021;33
2025;10289;33
2025;1363536;33
2025;1050663;33
2025;9805;33
2025;5001466;33
2025;1190280;33
2025;13601;33
2025;1029204;33
2025;1178524;33
2025;1399481;33
2025;1408504;33
2025;1190280;33
2025;1421013;33
2025;59414;33
2025;1200578;33
2025;49060;33
2025;53338;33
2025;1190280;33
2025;57402;33
2025;75821;33
2025;64918;33
2025;14359;33
2025;72667;33
2025;1518;33
2025;1178524;33
2025;1465625;33
2025;14359;33
2025;1202539;33
2025;11316;33
2025;82224;33
2025;11316;33
2025;1399478;33
2025;59174;33
2025;1421100;33
2025;1193275;33
2025;14359;33
2025;140;33
2025;14615;33
2025;1330031;33
2025;12569;33
2025;1399483;33
2025;87537;33
2025;108882;33
2025;18605;33
2025;1108786;33
2025;1202553;33
2025;19850;33
2025;1439;33
2025;13866;33
2025;1104264;33
2025;1399480;33
2025;1408509;33
2025;1399618;33
2025;1342536;33
2025;13723;33
2025;72675;33
2025;1184047;33
2025;1427370;33
2025;99476;33
2025;1050663;33
2025;20249;33
2025;12569;33
2025;9996;33
2025;9996;33
2025;91399;33
2025;1419799;33
2025;18605;33
2025;15475;33
2025;389;33
2025;1518;33
2025;12692;33
2025;1408262;33
2025;84408;33
2025;1445016;33
2025;1261971;33
2025;60660;33
2025;98506;33
2025;1029204;33
2025;5001294;33
2025;72669;33
2025;1390317;33
2025;1185903;33
2025;78256;33
2025;1185903;33
2025;1193759;33
2025;14975;33
2025;78256;33
2025;14359;33
2025;1108153;33
2025;1257777;33
2025;1184060;33
2025;868;33
2025;65114;33
2025;13453;33
2025;11316;33
2025;72681;33
2025;5001341;33
2025;1385538;33
2025;1185076;33
2025;1408508;33
2025;5000979;33
2025;87941;33
2025;74655;33
2025;1200578;33
2025;19206;33
2025;65114;33
2025;1202573;33
2025;389;33
2025;9805;33
2025;108014;33
2025;1185903;33
2025;1188849;33
2025;1322329;33
2025;65114;33
2025;80037;33
2025;1192237;33
2025;1322329;33
2025;1136509;33
2025;5001314;33
2025;1518;33
2025;1518;33
2025;4503;33
2025;18594;33
2025;1421100;33
2025;5001294;33
2025;1518;33
2025;1108786;33
2025;39415;33
2025;1068548;33
2025;1180318;33
2025;1486298;33
2025;1171609;33
2025;1322329;33
2025;91399;33
2025;1408507;33
2025;1178524;33
2025;13103;33
2025;1399619;33
2025;10289;33
2025;5001294;33
2025;1258023;33
2025;98406;33
2025;1187646;33
2025;1397773;33
2025;1314146;33
2025;1427370;33
2025;71859;33
2025;93001;33
2025;91219;33
2025;7105;33
2025;74655;33
2025;1257548;33
2025;18605;33
2025;78256;33
2025;1178672;33
2025;1408259;33
2025;18605;33
2025;14975;33
2025;12015;33
2025;1399287;33
2025;64918;33
2025;5001101;33
2025;1427370;33
2025;1191415;33
2025;1193759;33
2025;1257524;33
2025;5000979;33
2025;18605;33
2025;19294;33
2025;1192047;33
2025;13723;33
2025;90059;33
2025;65924;33
2025;72663;33
2025;93001;33
2025;78256;33
2025;1108786;33
2025;72681;33
2025;5001183;33
2025;2392;33
2025;1216474;33
2025;5000980;33
2025;5001294;33
2025;100956;33
2025;1190667;33
2025;1187646;33
2025;1188849;33
2025;1399482;33
2025;1397771;33
2025;5000812;33
2025;1188900;33
2025;1257777;33
2025;72667;33
2025;7105;33
2025;39415;33
2025;7676;33
2025;5001294;33
2025;93001;33
2025;4720;33
2025;12345;33
2025;65114;33
2025;7837;33
2025;1184325;33
2025;1399617;33
2025;1427419;33
2025;65114;33
2025;87537;33
2025;1295813;33
2025;10289;33
2025;39415;33
2025;72681;33
2025;18605;33
2025;1190280;33
2025;1458090;33
2025;75821;33
2025;1487491;33
2025;1399484;33
2025;1108786;33
2025;1321864;33
2025;100956;33
2025;1404416;33
2025;85652;33
2025;99476;33
2025;1136509;33
2025;90091;33
2025;12345;33
2025;74655;33
2025;1487491;33
2025;11446;33
2025;72681;33
2025;1399480;33
2025;6711;33
2025;1408261;33
2025;1457707;33
2025;57402;33
2025;72681;33
2025;12813;33
2025;5001300;33
2025;1166567;33
2025;18605;33
2025;12569;33
2025;1257524;33
2025;1146605;33
2025;1349675;33
2025;5000930;33
2025;1184060;33
2025;1200712;33
2025;7414;33
2025;72681;33
2025;1457503;33
2025;1178524;33
2025;11316;33
2025;8698;33
2025;72663;33
2025;1427370;33
2025;86288;33
2025;65114;33
2025;18472;33
2025;16236;33
2025;11316;33
2025;1267038;33
2025;5000001;33
2025;13996;33
2025;1257777;33
2025;1184325;33
2025;9326;33
2025;10289;33
2025;7414;33
2025;38071;33
2025;1363536;33
2025;1258021;34
2025;19294;34
2025;14615;34
2025;1385538;34
2025;1190280;34
2025;7414;34
2025;1419799;34
2025;71689;34
2025;72681;34
2025;86356;34
2025;1399486;34
2025;5001183;34
2025;85652;34
2025;87537;34
2025;5000980;34
2025;1427370;34
2025;97679;34
2025;85652;34
2025;5001294;34
2025;8554;34
2025;1184060;34
2025;11114;34
2025;5001300;34
2025;5000981;34
2025;1184060;34
2025;1408505;34
2025;57402;34
2025;1321864;34
2025;5000930;34
2025;91219;34
2025;66361;34
2025;1421013;34
2025;72667;34
2025;58412;34
2025;1292917;34
2025;1399618;34
2025;11446;34
2025;15783;34
2025;1189607;34
2025;1399480;34
2025;72667;34
2025;1168313;34
2025;1168313;34
2025;98409;34
2025;1439;34
2025;65114;34
2025;1397772;34
2025;14234;34
2025;1179189;34
2025;1465625;34
2025;1190280;34
2025;85652;34
2025;13601;34
2025;12015;34
2025;5000812;34
2025;1477973;34
2025;72675;34
2025;97679;34
2025;1397773;34
2025;1166567;34
2025;1202539;34
2025;1108281;34
2025;5000980;34
2025;1192237;34
2025;66361;34
2025;1483805;34
2025;18605;34
2025;18605;34
2025;1292869;34
2025;78256;34
2025;100956;34
2025;1292726;34
2025;1107;34
2025;1399618;34
2025;1399477;34
2025;5000812;34
2025;72767;34
2025;1408259;34
2025;15343;34
2025;1202553;34
2025;107666;34
2025;1879;34
2025;98409;34
2025;1257777;34
2025;7676;34
2025;5345;34
2025;1477973;34
2025;4082;34
2025;13996;34
2025;1184060;34
2025;5000930;34
2025;1349675;34
2025;1179189;34
2025;1258023;34
2025;1399487;34
2025;1184060;34
2025;21542;34
2025;11114;34
2025;1397773;34
2025;140;34
2025;1184060;34
2025;1465625;34
2025;13723;34
2025;72667;34
2025;1187646;34
2025;1399618;34
2025;82224;34
2025;20249;34
2025;57852;34
2025;69624;34
2025;9988;34
2025;90483;34
2025;1399486;34
2025;90084;34
2025;90084;34
2025;1322329;34
2025;1342449;34
2025;1191415;34
2025;90084;34
2025;90084;34
2025;90084;34
2025;90084;34
2025;1487491;34
2025;1385538;34
2025;5000812;34
2025;1108281;34
2025;90084;34
2025;5000812;34
2025;18605;34
2025;90084;34
2025;1399484;34
2025;1399618;34
2025;90084;34
2025;59174;34
2025;90084;34
2025;1879;34
2025;9805;34
2025;1399480;34
2025;1486822;34
2025;1190621;34
2025;72663;34
2025;1190621;34
2025;1190621;34
2025;4503;34
2025;1445016;34
2025;49060;34
2025;1399477;34
2025;1202553;34
2025;1050663;34
2025;1191415;34
2025;1399482;34
2025;140;34
2025;18605;34
2025;1189607;34
2025;1330031;34
2025;1050663;34
2025;100956;34
2025;85652;34
2025;59174;34
2025;1185025;34
2025;1390309;34
2025;1190667;34
2025;75821;34
2025;98409;34
2025;13866;34
2025;65114;34
2025;1108786;34
2025;65114;34
2025;5345;34
2025;1107;34
2025;19434;34
2025;72667;34
2025;72675;34
2025;64918;34
2025;1188849;34
2025;1408504;34
2025;1483805;34
2025;14563;34
2025;1342449;34
2025;11114;34
2025;1427419;34
2025;98406;34
2025;75821;34
2025;14615;34
2025;5000001;34
2025;100956;34
2025;18472;34
2025;53338;34
2025;91219;34
2025;7414;34
2025;1399614;34
2025;1397773;34
2025;59414;34
2025;1408508;34
2025;1397772;34
2025;1257777;34
2025;49060;34
2025;1184060;34
2025;7414;34
2025;14234;34
2025;9988;34
2025;1050663;34
2025;7414;34
2025;18472;34
2025;75821;34
2025;7414;34
2025;49910;34
2025;90059;34
2025;1399481;34
2025;1349675;34
2025;10289;34
2025;1173014;34
2025;72675;34
2025;1408261;34
2025;1408259;34
2025;1029204;34
2025;5000931;34
2025;5000931;34
2025;16236;34
2025;11114;34
2025;1184060;34
2025;1342449;34
2025;16236;34
2025;1188849;34
2025;86288;34
2025;12813;34
2025;1399618;34
2025;98406;34
2025;1421013;34
2025;72675;34
2025;90483;34
2025;1188900;34
2025;1202539;34
2025;5000981;34
2025;14975;34
2025;12813;34
2025;6496;34
2025;1465625;34
2025;1192047;34
2025;1029204;34
2025;7414;34
2025;91219;34
2025;5001300;34
2025;57852;34
2025;71859;34
2025;1190280;34
2025;5000001;34
2025;5001183;34
2025;85652;34
2025;6496;34
2025;1202553;34
2025;1408259;34
2025;5000931;34
2025;18605;34
2025;12970;34
2025;1399618;34
2025;11316;34
2025;1455021;34
2025;1317634;34
2025;1258021;34
2025;1193275;34
2025;1399481;34
2025;11233;34
2025;1397771;34
2025;13286;34
2025;86288;34
2025;18605;34
2025;72681;34
2025;5001294;34
2025;3677;34
2025;1477973;34
2025;13866;34
2025;1192237;34
2025;78256;34
2025;3148;34
2025;14234;34
2025;18605;34
2025;71859;34
2025;5000979;34
2025;5001183;34
2025;11316;34
2025;1276878;34
2025;1317634;34
2025;1190667;34
2025;1261971;34
2025;100958;34
2025;1399478;34
2025;100956;34
2025;79007;34
2025;1184060;34
2025;18594;34
2025;78256;34
2025;1399479;34
2025;1518;34
2025;389;34
2025;72669;34
2025;78256;34
2025;59174;34
2025;86356;34
2025;90059;34
2025;1408505;34
2025;1200712;34
2025;1363536;34
2025;1363536;34
2025;5000979;34
2025;72417;34
2025;14093;34
2025;13286;34
2025;5001294;34
2025;13723;34
2025;1188127;34
2025;1399618;34
2025;1342505;34
2025;9805;34
2025;79007;34
2025;10289;34
2025;19086;34
2025;1399618;34
2025;14563;34
2025;14615;34
2025;84352;34
2025;1397773;34
2025;12970;34
2025;65114;34
2025;1171609;34
2025;99476;34
2025;5001466;34
2025;1193275;34
2025;1399489;34
2025;12;34
2025;99476;34
2025;1108281;34
2025;1184325;34
2025;1465625;34
2025;75821;34
2025;54490;34
2025;1102360;34
2025;1465625;34
2025;18605;34
2025;18594;34
2025;1322329;34
2025;98409;34
2025;57402;34
2025;1397771;34
2025;1322329;34
2025;65114;34
2025;1404416;34
2025;75821;34
2025;1188849;34
2025;1487290;34
2025;1026;34
2025;1190667;34
2025;14563;34
2025;1399614;34
2025;1485621;34
2025;13996;34
2025;5001314;34
2025;64918;34
2025;1408259;34
2025;1184325;34
2025;13286;34
2025;5001294;34
2025;69464;34
2025;1408259;34
2025;85652;34
2025;5000930;34
2025;1189778;34
2025;84352;34
2025;99476;34
2025;4503;34
2025;5001314;34
2025;1184047;34
2025;5001183;34
2025;1192047;34
2025;15839;34
2025;98406;34
2025;5001101;34
2025;64918;34
2025;1518;34
2025;57402;34
2025;140;34
2025;12345;34
2025;14234;34
2025;1192188;34
2025;72669;34
2025;1408262;34
2025;1399480;34
2025;1163738;34
2025;1184325;34
2025;1171609;34
2025;1272168;34
2025;78256;34
2025;1397773;34
2025;1190280;34
2025;82224;34
2025;1397772;34
2025;9996;34
2025;1322329;34
2025;1292917;34
2025;72669;34
2025;12569;34
2025;60660;34
2025;19294;34
2025;1180318;34
2025;1193759;34
2025;12;34
2025;12569;34
2025;82224;34
2025;1322329;34
2025;7676;34
2025;65114;34
2025;1278877;34
2025;1421100;34
2025;1408505;34
2025;12015;34
2025;65114;34
2025;90483;34
2025;11446;34
2025;1390317;34
2025;9805;34
2025;5000930;34
2025;57402;34
2025;1390311;34
2025;100956;34
2025;1399616;34
2025;5000812;34
2025;1408505;34
2025;71859;34
2025;5001183;34
2025;78256;34
2025;98506;34
2025;1321864;34
2025;1322329;34
2025;1183313;34
2025;5001294;34
2025;1163738;34
2025;1518;34
2025;1518;34
2025;90091;34
2025;1193275;34
2025;1518;34
2025;389;34
2025;72669;34
2025;5920;34
2025;1518;34
2025;1397771;34
2025;1518;34
2025;1518;34
2025;1193275;34
2025;5000812;34
2025;1216474;34
2025;1334344;34
2025;1184060;34
2025;18605;34
2025;1342505;34
2025;1292917;34
2025;74594;34
2025;3148;34
2025;11316;34
2025;51835;34
2025;1483759;34
2025;1399616;34
2025;6496;34
2025;78256;34
2025;140;34
2025;19294;34
2025;303;34
2025;484;34
2025;12569;34
2025;5001294;34
2025;72663;34
2025;1202573;34
2025;78256;34
2025;1200578;34
2025;1185025;34
2025;1465625;34
2025;87537;34
2025;100956;34
2025;65114;34
2025;1349675;34
2025;74594;34
2025;5001294;34
2025;1178672;34
2025;1399489;34
2025;2392;34
2025;38071;34
2025;1399478;34
2025;1477973;34
2025;1292726;34
2025;1399616;34
2025;1168313;34
2025;4503;34
2025;19294;34
2025;4503;34
2025;1399484;34
2025;9996;34
2025;1193275;34
2025;1050663;34
2025;1136509;34
2025;11114;34
2025;13453;34
2025;12569;34
2025;1438629;34
2025;1399482;34
2025;1399482;34
2025;1725;34
2025;1399618;34
2025;57402;34
2025;72681;34
2025;1136509;34
2025;1408508;34
2025;74655;34
2025;20249;34
2025;1108786;34
2025;9772;34
2025;1188900;34
2025;1188900;34
2025;10224;34
2025;1408259;34
2025;12569;34
2025;78256;34
2025;9772;34
2025;1408507;34
2025;1363536;34
2025;78256;34
2025;75821;34
2025;85652;34
2025;72681;34
2025;1465625;34
2025;38071;34
2025;85652;34
2025;72667;34
2025;87537;34
2025;10289;34
2025;1487491;34
2025;1421100;34
2025;72667;34
2025;1135207;34
2025;64918;34
2025;1184432;34
2025;1487491;34
2025;1292725;34
2025;57402;34
2025;98406;34
2025;1257548;34
2025;1477973;34
2025;1171609;34
2025;100688;34
2025;4503;34
2025;108014;34
2025;11446;34
2025;85652;34
2025;59174;34
2025;7414;34
2025;72669;34
2025;86356;34
2025;1518;34
2025;1465625;34
2025;87537;34
2025;1390317;34
2025;72681;34
2025;84408;34
2025;2392;34
2025;1399488;34
2025;5000980;34
2025;1408507;34
2025;1399486;34
2025;1330031;34
2025;1190667;34
2025;1258021;34
2025;1029763;34
2025;8698;34
2025;8698;34
2025;1136509;34
2025;99476;34
2025;78256;34
2025;1267038;34
2025;1408505;35
2025;65114;35
2025;72669;35
2025;59174;35
2025;7414;35
2025;1399618;35
2025;1180318;35
2025;19850;35
2025;1399614;35
2025;54490;35
2025;1465625;35
2025;1190667;35
2025;1200578;35
2025;18472;35
2025;1483759;35
2025;1399481;35
2025;5000930;35
2025;5000930;35
2025;18605;35
2025;1518495;35
2025;59174;35
2025;1166567;35
2025;72669;35
2025;1349675;35
2025;14359;35
2025;84352;35
2025;1385538;35
2025;1399616;35
2025;3148;35
2025;13723;35
2025;98406;35
2025;79007;35
2025;1187646;35
2025;1166567;35
2025;59174;35
2025;58412;35
2025;65114;35
2025;11316;35
2025;1485621;35
2025;1258023;35
2025;1102360;35
2025;1184060;35
2025;72675;35
2025;1483768;35
2025;78256;35
2025;1278877;35
2025;1486822;35
2025;1059179;35
2025;98406;35
2025;98506;35
2025;1399614;35
2025;1179189;35
2025;1457006;35
2025;1390311;35
2025;1292726;35
2025;1408259;35
2025;1180318;35
2025;100958;35
2025;85652;35
2025;1184060;35
2025;1187646;35
2025;85652;35
2025;12970;35
2025;1168313;35
2025;1399477;35
2025;1408508;35
2025;1166567;35
2025;37304;35
2025;1166567;35
2025;39415;35
2025;1166567;35
2025;1193264;35
2025;78256;35
2025;1385538;35
2025;85652;35
2025;12;35
2025;49060;35
2025;1257548;35
2025;13200;35
2025;1427419;35
2025;1399482;35
2025;1108786;35
2025;90084;35
2025;9772;35
2025;1408508;35
2025;1257524;35
2025;8960;35
2025;1397771;35
2025;1397771;35
2025;90084;35
2025;1483759;35
2025;5001294;35
2025;57402;35
2025;2392;35
2025;1399482;35
2025;5000001;35
2025;5000812;35
2025;90084;35
2025;1321864;35
2025;1257524;35
2025;12015;35
2025;1483759;35
2025;1179189;35
2025;1190621;35
2025;59174;35
2025;1050663;35
2025;9805;35
2025;1050663;35
2025;2304;35
2025;1477973;35
2025;7676;35
2025;7676;35
2025;72767;35
2025;78256;35
2025;66361;35
2025;72675;35
2025;49060;35
2025;91219;35
2025;1390309;35
2025;1108281;35
2025;72669;35
2025;1185025;35
2025;1399482;35
2025;5345;35
2025;1192047;35
2025;59414;35
2025;79007;35
2025;98409;35
2025;1200578;35
2025;1029204;35
2025;66361;35
2025;75821;35
2025;90847;35
2025;79007;35
2025;58412;35
2025;18594;35
2025;20249;35
2025;1483759;35
2025;72681;35
2025;868;35
2025;1486822;35
2025;90059;35
2025;5000930;35
2025;1261972;35
2025;1397772;35
2025;1190667;35
2025;1397771;35
2025;97679;35
2025;9988;35
2025;1200712;35
2025;16236;35
2025;1108786;35
2025;1191415;35
2025;39415;35
2025;57402;35
2025;72669;35
2025;1200712;35
2025;64918;35
2025;5001294;35
2025;59174;35
2025;1427419;35
2025;108882;35
2025;97679;35
2025;1192047;35
2025;10289;35
2025;82224;35
2025;60660;35
2025;1190667;35
2025;65114;35
2025;1487491;35
2025;100688;35
2025;97679;35
2025;1292725;35
2025;107666;35
2025;1202553;35
2025;82224;35
2025;5000812;35
2025;5000812;35
2025;1408259;35
2025;86288;35
2025;7414;35
2025;1257562;35
2025;1184047;35
2025;1185025;35
2025;1292725;35
2025;66361;35
2025;86356;35
2025;1257548;35
2025;4503;35
2025;4503;35
2025;1399481;35
2025;1399481;35
2025;65114;35
2025;12970;35
2025;1188849;35
2025;39415;35
2025;1486822;35
2025;1421013;35
2025;90483;35
2025;1258023;35
2025;1349675;35
2025;1399486;35
2025;1108281;35
2025;5001294;35
2025;1163738;35
2025;72767;35
2025;10289;35
2025;78256;35
2025;1190280;35
2025;1397772;35
2025;18605;35
2025;1168313;35
2025;65114;35
2025;1457503;35
2025;1399619;35
2025;1188849;35
2025;15783;35
2025;11233;35
2025;4503;35
2025;12015;35
2025;1184325;35
2025;57402;35
2025;72767;35
2025;11316;35
2025;18594;35
2025;48854;35
2025;13286;35
2025;65114;35
2025;65114;35
2025;57402;35
2025;11114;35
2025;1399287;35
2025;84408;35
2025;1108281;35
2025;20249;35
2025;75821;35
2025;19294;35
2025;66361;35
2025;65114;35
2025;1190667;35
2025;1050663;35
2025;65114;35
2025;57852;35
2025;5001183;35
2025;37304;35
2025;12692;35
2025;1108786;35
2025;66361;35
2025;7676;35
2025;18594;35
2025;7105;35
2025;1187646;35
2025;72669;35
2025;1026;35
2025;1190667;35
2025;1292726;35
2025;91219;35
2025;1257777;35
2025;1189607;35
2025;7105;35
2025;5001314;35
2025;12569;35
2025;72669;35
2025;72767;35
2025;71859;35
2025;79007;35
2025;4503;35
2025;99476;35
2025;1385538;35
2025;1104264;35
2025;1190280;35
2025;18472;35
2025;1184325;35
2025;14359;35
2025;7676;35
2025;57852;35
2025;1399616;35
2025;1390317;35
2025;1397771;35
2025;91219;35
2025;20058;35
2025;72667;35
2025;5000979;35
2025;140;35
2025;1399618;35
2025;85652;35
2025;121850;35
2025;121850;35
2025;13723;35
2025;5001294;35
2025;5001294;35
2025;108882;35
2025;1292726;35
2025;72681;35
2025;1399616;35
2025;84408;35
2025;1408505;35
2025;13200;35
2025;71859;35
2025;1180318;35
2025;1168313;35
2025;1629;35
2025;1178524;35
2025;1408262;35
2025;1050663;35
2025;1427420;35
2025;1477973;35
2025;1399614;35
2025;1408507;35
2025;12692;35
2025;1342449;35
2025;1390317;35
2025;12970;35
2025;69624;35
2025;1399477;35
2025;9996;35
2025;1342449;35
2025;72663;35
2025;74655;35
2025;1397771;35
2025;1059179;35
2025;2392;35
2025;1321864;35
2025;9996;35
2025;1518495;35
2025;1363536;35
2025;1192047;35
2025;13286;35
2025;1029204;35
2025;57402;35
2025;9996;35
2025;1168313;35
2025;1342449;35
2025;6496;35
2025;12813;35
2025;1026;35
2025;59174;35
2025;1518;35
2025;12692;35
2025;1390317;35
2025;1518;35
2025;1322329;35
2025;1385521;35
2025;1193759;35
2025;100958;35
2025;1029204;35
2025;1385521;35
2025;1408508;35
2025;1399618;35
2025;37304;35
2025;389;35
2025;1185903;35
2025;1399615;35
2025;1185903;35
2025;1257562;35
2025;91399;35
2025;1314146;35
2025;11114;35
2025;57852;35
2025;20360;35
2025;1190280;35
2025;1439;35
2025;51835;35
2025;18605;35
2025;39415;35
2025;72681;35
2025;20249;35
2025;5000979;35
2025;1427370;35
2025;13601;35
2025;18605;35
2025;5001294;35
2025;5000980;35
2025;13424;35
2025;65114;35
2025;65114;35
2025;1427420;35
2025;85652;35
2025;38071;35
2025;65114;35
2025;1257524;35
2025;1292917;35
2025;1108786;35
2025;1163738;35
2025;1200712;35
2025;13424;35
2025;91219;35
2025;65114;35
2025;82224;35
2025;1171609;35
2025;1190667;35
2025;90483;35
2025;13103;35
2025;1342449;35
2025;5000980;35
2025;1193264;35
2025;15783;35
2025;9772;35
2025;19294;35
2025;19294;35
2025;90483;35
2025;1200578;35
2025;7705;35
2025;1397772;35
2025;19294;35
2025;1292917;35
2025;86356;35
2025;5000812;35
2025;59174;35
2025;58412;35
2025;1445016;35
2025;99476;35
2025;85652;35
2025;1193275;35
2025;57402;35
2025;1487290;35
2025;97679;35
2025;5000930;35
2025;1184060;35
2025;14359;35
2025;1168313;35
2025;18605;35
2025;37304;35
2025;86288;35
2025;100956;35
2025;82224;35
2025;7414;35
2025;8698;35
2025;91219;35
2025;72417;35
2025;75821;35
2025;1485621;35
2025;1190280;35
2025;75821;35
2025;1427420;35
2025;5000812;35
2025;91219;35
2025;99476;35
2025;8698;35
2025;1455021;35
2025;1292917;35
2025;5001294;35
2025;5001183;35
2025;72767;35
2025;1399287;35
2025;1171609;36
2025;85652;36
2025;49060;36
2025;1168313;36
2025;7414;36
2025;8698;36
2025;113504;36
2025;1168313;36
2025;51835;36
2025;19086;36
2025;1183313;36
2025;1173014;36
2025;91219;36
2025;91219;36
2025;1483805;36
2025;1184060;36
2025;1408261;36
2025;1292917;36
2025;1202573;36
2025;2348;36
2025;85652;36
2025;1193275;36
2025;14234;36
2025;1171609;36
2025;1427420;36
2025;1397771;36
2025;1408507;36
2025;78256;36
2025;9805;36
2025;1465625;36
2025;5001294;36
2025;18594;36
2025;1108786;36
2025;868;36
2025;13723;36
2025;85652;36
2025;37304;36
2025;11316;36
2025;1399618;36
2025;1385538;36
2025;1342536;36
2025;72667;36
2025;1399488;36
2025;72681;36
2025;1408507;36
2025;1385538;36
2025;49060;36
2025;6496;36
2025;1399615;36
2025;13286;36
2025;1399481;36
2025;1292917;36
2025;100956;36
2025;100958;36
2025;1029204;36
2025;91219;36
2025;66361;36
2025;1168313;36
2025;12692;36
2025;1188849;36
2025;1390317;36
2025;15783;36
2025;10224;36
2025;1166567;36
2025;14615;36
2025;1330031;36
2025;13601;36
2025;107666;36
2025;39415;36
2025;72667;36
2025;11316;36
2025;1313341;36
2025;1330031;36
2025;1272168;36
2025;14234;36
2025;9326;36
2025;1399618;36
2025;85652;36
2025;1322329;36
2025;72767;36
2025;1399477;36
2025;9772;36
2025;65114;36
2025;100956;36
2025;1397771;36
2025;1192047;36
2025;1185903;36
2025;1399618;36
2025;1258021;36
2025;1183313;36
2025;71859;36
2025;13200;36
2025;5001294;36
2025;98406;36
2025;1399480;36
2025;1171609;36
2025;72663;36
2025;85652;36
2025;66248;36
2025;18605;36
2025;1190621;36
2025;1408505;36
2025;1487290;36
2025;5909;36
2025;66361;36
2025;51835;36
2025;1399618;36
2025;72663;36
2025;1184325;36
2025;4503;36
2025;1427370;36
2025;4503;36
2025;1202553;36
2025;65924;36
2025;5001294;36
2025;57852;36
2025;91219;36
2025;1183958;36
2025;1068548;36
2025;5000979;36
2025;72667;36
2025;1399614;36
2025;59174;36
2025;1465625;36
2025;100956;36
2025;1408259;36
2025;1397772;36
2025;1408508;36
2025;87537;36
2025;1342537;36
2025;13453;36
2025;1190280;36
2025;12692;36
2025;11446;36
2025;1408509;36
2025;72767;36
2025;5000930;36
2025;65114;36
2025;1184325;36
2025;1487491;36
2025;1390311;36
2025;13723;36
2025;57852;36
2025;7414;36
2025;1399481;36
2025;1173014;36
2025;1185025;36
2025;18472;36
2025;13200;36
2025;72675;36
2025;5000812;36
2025;65114;36
2025;5000930;36
2025;108882;36
2025;4503;36
2025;78256;36
2025;1385538;36
2025;7414;36
2025;7414;36
2025;13424;36
2025;1173014;36
2025;7414;36
2025;10289;36
2025;1465625;36
2025;7105;36
2025;1385538;36
2025;9326;36
2025;4082;36
2025;78256;36
2025;72667;36
2025;1477973;36
2025;1178524;36
2025;1399486;36
2025;69624;36
2025;1421013;36
2025;1390311;36
2025;97679;36
2025;484;36
2025;1180318;36
2025;72767;36
2025;1399619;36
2025;65114;36
2025;1178524;36
2025;758;36
2025;100956;36
2025;1399482;36
2025;59174;36
2025;66361;36
2025;1202539;36
2025;65114;36
2025;65114;36
2025;49060;36
2025;19850;36
2025;113504;36
2025;389;36
2025;1171609;36
2025;38071;36
2025;72667;36
2025;65924;36
2025;100958;36
2025;1178524;36
2025;49060;36
2025;13286;36
2025;5000930;36
2025;1108786;36
2025;57852;36
2025;1342536;36
2025;58412;36
2025;1399481;36
2025;100956;36
2025;12692;36
2025;5001183;36
2025;1419799;36
2025;11114;36
2025;1477973;36
2025;12692;36
2025;98406;36
2025;54494;36
2025;14093;36
2025;1314146;36
2025;1108281;36
2025;1180318;36
2025;5000812;36
2025;1202539;36
2025;100956;36
2025;18594;36
2025;1399615;36
2025;1178524;36
2025;1399614;36
2025;13286;36
2025;65114;36
2025;85652;36
2025;18605;36
2025;78256;36
2025;1397773;36
2025;98409;36
2025;1108786;36
2025;1397772;36
2025;74594;36
2025;1184047;36
2025;5001294;36
2025;71859;36
2025;1457707;36
2025;3677;36
2025;100688;36
2025;37304;36
2025;85652;36
2025;1330031;36
2025;72663;36
2025;5001294;36
2025;65114;36
2025;1192047;36
2025;18594;36
2025;72669;36
2025;1184060;36
2025;12569;36
2025;1202553;36
2025;1168313;36
2025;1178672;36
2025;1477973;36
2025;39415;36
2025;1314146;36
2025;72663;36
2025;8437;36
2025;5001294;36
2025;54494;36
2025;72663;36
2025;1397771;36
2025;91219;36
2025;1292917;36
2025;78256;36
2025;10591;36
2025;1399619;36
2025;1292917;36
2025;1399616;36
2025;1327450;36
2025;1184432;36
2025;868;36
2025;1385538;36
2025;65114;36
2025;90483;36
2025;65114;36
2025;74655;36
2025;5001294;36
2025;85652;36
2025;1445016;36
2025;1385521;36
2025;5001294;36
2025;1385538;36
2025;72669;36
2025;1168313;36
2025;1408262;36
2025;1342610;36
2025;90483;36
2025;1518495;36
2025;1166567;36
2025;1163738;36
2025;1107;36
2025;1465625;36
2025;59414;36
2025;1183313;36
2025;75821;36
2025;1188127;36
2025;8437;36
2025;1178524;36
2025;1257777;36
2025;1518495;36
2025;1192047;36
2025;1184060;36
2025;85652;36
2025;49910;36
2025;15839;36
2025;13453;36
2025;74655;36
2025;1190667;36
2025;5001427;36
2025;1438629;36
2025;72669;36
2025;1192237;36
2025;1178524;36
2025;13286;36
2025;7676;36
2025;108884;36
2025;5001314;36
2025;99476;36
2025;98406;36
2025;1399616;36
2025;1399614;36
2025;18605;36
2025;1487491;36
2025;1399616;36
2025;65114;36
2025;1029763;36
2025;1390311;36
2025;72681;36
2025;91219;36
2025;14563;36
2025;1399618;36
2025;18605;36
2025;121850;36
2025;1408508;36
2025;65114;36
2025;19434;36
2025;64918;36
2025;1258021;36
2025;1178672;36
2025;1257524;36
2025;74655;36
2025;65114;36
2025;8960;36
2025;72681;36
2025;12015;36
2025;1421013;36
2025;90483;36
2025;78256;36
2025;85652;36
2025;1465625;36
2025;99476;36
2025;1108786;36
2025;85652;36
2025;1202546;36
2025;72669;36
2025;91219;36
2025;1136509;36
2025;5001294;36
2025;49060;36
2025;8698;36
2025;97679;36
2025;72681;36
2025;5001341;36
2025;4503;36
2025;72669;36
2025;16236;37
2025;1465625;37
2025;7414;37
2025;49060;37
2025;86288;37
2025;72663;37
2025;5909;37
2025;1408259;37
2025;1419799;37
2025;19434;37
2025;18472;37
2025;5001183;37
2025;18605;37
2025;18605;37
2025;85652;37
2025;1190667;37
2025;1050663;37
2025;1399477;37
2025;7705;37
2025;1408507;37
2025;1518495;37
2025;75821;37
2025;72669;37
2025;1193275;37
2025;57402;37
2025;90483;37
2025;140;37
2025;85652;37
2025;64918;37
2025;12692;37
2025;75821;37
2025;66361;37
2025;39415;37
2025;1485621;37
2025;1184060;37
2025;65114;37
2025;1171609;37
2025;1292917;37
2025;1457006;37
2025;1385538;37
2025;72681;37
2025;72681;37
2025;5000001;37
2025;72675;37
2025;5001450;37
2025;1258023;37
2025;4503;37
2025;1185076;37
2025;100956;37
2025;1108786;37
2025;1184060;37
2025;5001427;37
2025;85652;37
2025;5000812;37
2025;85652;37
2025;98409;37
2025;8960;37
2025;1184060;37
2025;1183313;37
2025;72669;37
2025;1399487;37
2025;18472;37
2025;1342610;37
2025;1408259;37
2025;72767;37
2025;100956;37
2025;1136509;37
2025;1421013;37
2025;1257548;37
2025;5000979;37
2025;9996;37
2025;1214209;37
2025;98409;37
2025;1184060;37
2025;90084;37
2025;5001294;37
2025;37304;37
2025;1184060;37
2025;90084;37
2025;1465625;37
2025;90084;37
2025;1322329;37
2025;1179189;37
2025;39415;37
2025;49060;37
2025;59414;37
2025;10289;37
2025;57852;37
2025;5000001;37
2025;100956;37
2025;48854;37
2025;1257524;37
2025;18605;37
2025;14359;37
2025;1258021;37
2025;1408504;37
2025;1408508;37
2025;14234;37
2025;389;37
2025;75821;37
2025;1465625;37
2025;57852;37
2025;1200578;37
2025;91219;37
2025;1278877;37
2025;1399481;37
2025;1485621;37
2025;1193275;37
2025;75821;37
2025;79007;37
2025;72681;37
2025;1408261;37
2025;93001;37
2025;1216474;37
2025;90847;37
2025;13286;37
2025;1192047;37
2025;1026;37
2025;4503;37
2025;9988;37
2025;1184060;37
2025;1385538;37
2025;1465625;37
2025;1342537;37
2025;18594;37
2025;71859;37
2025;12569;37
2025;1192047;37
2025;6496;37
2025;1190667;37
2025;1399486;37
2025;18605;37
2025;72681;37
2025;18594;37
2025;57402;37
2025;53338;37
2025;19294;37
2025;1192047;37
2025;7414;37
2025;1419799;37
2025;1189778;37
2025;1264844;37
2025;85586;37
2025;5000812;37
2025;1173014;37
2025;1173014;37
2025;97679;37
2025;78256;37
2025;303;37
2025;1399482;37
2025;4503;37
2025;5000931;37
2025;1330031;37
2025;1108281;37
2025;37304;37
2025;1427370;37
2025;1408504;37
2025;1408504;37
2025;1322329;37
2025;1408504;37
2025;1184060;37
2025;1518;37
2025;7414;37
2025;1397771;37
2025;7414;37
2025;1385538;37
2025;9805;37
2025;65114;37
2025;39415;37
2025;18594;37
2025;1179501;37
2025;1190280;37
2025;75821;37
2025;1184060;37
2025;1192188;37
2025;1385538;37
2025;1189778;37
2025;1399479;37
2025;1322329;37
2025;108882;37
2025;1178524;37
2025;10222;37
2025;1399615;37
2025;12970;37
2025;19294;37
2025;5001294;37
2025;37304;37
2025;75821;37
2025;13453;37
2025;1399482;37
2025;65114;37
2025;57402;37
2025;99476;37
2025;1026;37
2025;93001;37
2025;1188849;37
2025;1399481;37
2025;13723;37
2025;5000930;37
2025;1408505;37
2025;1192188;37
2025;84352;37
2025;1192188;37
2025;82224;37
2025;1385538;37
2025;2918;37
2025;1188127;37
2025;1258023;37
2025;18605;37
2025;5000980;37
2025;5000980;37
2025;13866;37
2025;1342536;37
2025;20360;37
2025;12692;37
2025;1102360;37
2025;5345;37
2025;18605;37
2025;84352;37
2025;1419799;37
2025;57852;37
2025;1399615;37
2025;1168313;37
2025;98506;37
2025;1483759;37
2025;1399615;37
2025;1399478;37
2025;1292725;37
2025;1465625;37
2025;1190667;37
2025;98506;37
2025;1465625;37
2025;1258023;37
2025;72667;37
2025;87537;37
2025;5000001;37
2025;1385538;37
2025;1322329;37
2025;7837;37
2025;87537;37
2025;9996;37
2025;100688;37
2025;5000979;37
2025;66361;37
2025;84352;37
2025;11316;37
2025;78256;37
2025;72767;37
2025;1477973;37
2025;13286;37
2025;1518495;37
2025;13424;37
2025;57402;37
2025;1399615;37
2025;107766;37
2025;1200578;37
2025;84408;37
2025;49060;37
2025;1390311;37
2025;1184060;37
2025;1399616;37
2025;1408507;37
2025;1193275;37
2025;1385538;37
2025;5000979;37
2025;3677;37
2025;1419799;37
2025;1390317;37
2025;1184060;37
2025;37304;37
2025;37304;37
2025;5000812;37
2025;14563;37
2025;87941;37
2025;75821;37
2025;9326;37
2025;1342610;37
2025;9326;37
2025;5000930;37
2025;10289;37
2025;1180318;37
2025;1408259;37
2025;1185903;37
2025;1029204;37
2025;1342449;37
2025;1397773;37
2025;1178524;37
2025;91219;37
2025;1184325;37
2025;9326;37
2025;1108786;37
2025;1202573;37
2025;19206;37
2025;13286;37
2025;84408;37
2025;1185903;37
2025;5000979;37
2025;1477973;37
2025;59174;37
2025;65114;37
2025;100956;37
2025;78256;37
2025;5001294;37
2025;107766;37
2025;1399618;37
2025;1399616;37
2025;1185903;37
2025;87537;37
2025;1178524;37
2025;1399614;37
2025;1518495;37
2025;75821;37
2025;1342536;37
2025;1518;37
2025;1184325;37
2025;5001294;37
2025;5000980;37
2025;1385538;37
2025;65114;37
2025;1257524;37
2025;140;37
2025;18605;37
2025;65114;37
2025;1166567;37
2025;57852;37
2025;1166567;37
2025;1327450;37
2025;1399478;37
2025;1108786;37
2025;100956;37
2025;39415;37
2025;20058;37
2025;1399489;37
2025;91219;37
2025;1399614;37
2025;1192188;37
2025;85652;37
2025;1330031;37
2025;1188900;37
2025;1385538;37
2025;2918;37
2025;1321864;37
2025;39415;37
2025;1487491;37
2025;1399616;37
2025;108884;37
2025;1190280;37
2025;1295813;37
2025;868;37
2025;1029204;37
2025;18447;37
2025;12970;37
2025;85652;37
2025;14563;37
2025;90483;37
2025;74655;37
2025;1399287;37
2025;12345;37
2025;1192047;37
2025;1202553;37
2025;87941;37
2025;18605;37
2025;18472;37
2025;64918;37
2025;7414;37
2025;7414;37
2025;1427419;37
2025;1166567;37
2025;85652;37
2025;1408259;37
2025;1487491;37
2025;5001341;37
2025;1171609;37
2025;72669;37
2025;7414;37
2025;99476;37
2025;1185903;37
2025;1168313;37
2025;39415;37
2025;90483;37
2025;18472;37
2025;7105;37
2025;1258021;37
2025;1261971;38
2025;1180318;38
2025;7414;38
2025;7414;38
2025;1408504;38
2025;78256;38
2025;16904;38
2025;1257548;38
2025;72675;38
2025;1408507;38
2025;18447;38
2025;1399484;38
2025;1202546;38
2025;18605;38
2025;1193264;38
2025;18594;38
2025;1257548;38
2025;1390311;38
2025;1184060;38
2025;1457707;38
2025;1487491;38
2025;1483759;38
2025;72767;38
2025;1322329;38
2025;1317634;38
2025;15475;38
2025;49060;38
2025;108014;38
2025;4503;38
2025;1322329;38
2025;91219;38
2025;9326;38
2025;1385538;38
2025;72669;38
2025;1419799;38
2025;1342537;38
2025;1399616;38
2025;1192237;38
2025;1193264;38
2025;64918;38
2025;13286;38
2025;1477973;38
2025;1399487;38
2025;13723;38
2025;86288;38
2025;1408508;38
2025;9326;38
2025;1184060;38
2025;85652;38
2025;15475;38
2025;7837;38
2025;1477973;38
2025;85652;38
2025;1385538;38
2025;18594;38
2025;5001294;38
2025;84352;38
2025;64918;38
2025;1050663;38
2025;90084;38
2025;5001314;38
2025;5001294;38
2025;1173014;38
2025;1173014;38
2025;1399482;38
2025;66361;38
2025;1399616;38
2025;72669;38
2025;1342449;38
2025;1518495;38
2025;1185903;38
2025;1408509;38
2025;90084;38
2025;1485621;38
2025;5001183;38
2025;1184060;38
2025;90084;38
2025;59174;38
2025;5000930;38
2025;72667;38
2025;1322329;38
2025;1190621;38
2025;1191415;38
2025;18605;38
2025;1171609;38
2025;65114;38
2025;75821;38
2025;91219;38
2025;1487491;38
2025;1178524;38
2025;1179189;38
2025;5001033;38
2025;1184060;38
2025;1399487;38
2025;65114;38
2025;1399479;38
2025;1385538;38
2025;65114;38
2025;72669;38
2025;8437;38
2025;18605;38
2025;9988;38
2025;9996;38
2025;1200578;38
2025;75821;38
2025;1465625;38
2025;1483805;38
2025;1397772;38
2025;1190667;38
2025;11114;38
2025;5001300;38
2025;1168313;38
2025;1202553;38
2025;1184325;38
2025;1408508;38
2025;79007;38
2025;5001450;38
2025;91219;38
2025;1184060;38
2025;18594;38
2025;11316;38
2025;18594;38
2025;84408;38
2025;72767;38
2025;9805;38
2025;1465625;38
2025;72681;38
2025;51699;38
2025;18605;38
2025;1322329;38
2025;1408259;38
2025;7705;38
2025;7414;38
2025;1408508;38
2025;18605;38
2025;91219;38
2025;5000979;38
2025;65114;38
2025;1483773;38
2025;59174;38
2025;85652;38
2025;78256;38
2025;1408262;38
2025;78256;38
2025;1399614;38
2025;98409;38
2025;1184060;38
2025;18605;38
2025;1188900;38
2025;108014;38
2025;1483805;38
2025;72669;38
2025;1193264;38
2025;7105;38
2025;15839;38
2025;18472;38
2025;5000001;38
2025;1200578;38
2025;1487290;38
2025;1390317;38
2025;5000812;38
2025;5001294;38
2025;5000812;38
2025;1184325;38
2025;78256;38
2025;1385538;38
2025;1385538;38
2025;1171609;38
2025;5000979;38
2025;7837;38
2025;5000841;38
2025;65114;38
2025;108014;38
2025;98406;38
2025;91219;38
2025;1349675;38
2025;5000980;38
2025;1192188;38
2025;1192188;38
2025;1192188;38
2025;1399482;38
2025;1399479;38
2025;82224;38
2025;5001294;38
2025;78256;38
2025;91219;38
2025;91219;38
2025;18472;38
2025;65114;38
2025;65114;38
2025;5000979;38
2025;1191415;38
2025;140;38
2025;19294;38
2025;53338;38
2025;10289;38
2025;1421013;38
2025;84352;38
2025;1185903;38
2025;82224;38
2025;5001294;38
2025;49060;38
2025;1399477;38
2025;7676;38
2025;59174;38
2025;75821;38
2025;74594;38
2025;72417;38
2025;1397771;38
2025;64918;38
2025;389;38
2025;91219;38
2025;14975;38
2025;1257548;38
2025;1342449;38
2025;19294;38
2025;1190280;38
2025;1257562;38
2025;1185076;38
2025;19086;38
2025;1202553;38
2025;72669;38
2025;66361;38
2025;1421013;38
2025;12813;38
2025;103596;38
2025;59174;38
2025;7676;38
2025;19294;38
2025;18472;38
2025;65114;38
2025;1192237;38
2025;59174;38
2025;99476;38
2025;85652;38
2025;14359;38
2025;5001427;38
2025;72767;38
2025;57852;38
2025;1486822;38
2025;1184325;38
2025;1108786;38
2025;2918;38
2025;1487290;38
2025;5001294;38
2025;72669;38
2025;1184432;38
2025;72675;38
2025;1192047;38
2025;1258023;38
2025;1483759;38
2025;1214209;38
2025;78256;38
2025;49060;38
2025;14234;38
2025;11316;38
2025;1184060;38
2025;5001294;38
2025;1427370;38
2025;1390309;38
2025;1399481;38
2025;74594;38
2025;65114;38
2025;5001167;38
2025;19206;38
2025;13424;38
2025;39415;38
2025;1178524;38
2025;2392;38
2025;78256;38
2025;1029204;38
2025;14359;38
2025;1399616;38
2025;1168313;38
2025;1292917;38
2025;1465625;38
2025;12569;38
2025;1330031;38
2025;18594;38
2025;65114;38
2025;1278877;38
2025;1108281;38
2025;1029204;38
2025;1385538;38
2025;100956;38
2025;1399618;38
2025;72681;38
2025;1427370;38
2025;5000812;38
2025;1261972;38
2025;72767;38
2025;1029204;38
2025;72681;38
2025;1427419;38
2025;5001294;38
2025;1399480;38
2025;13996;38
2025;98406;38
2025;1518;38
2025;1419799;38
2025;11114;38
2025;1385538;38
2025;65114;38
2025;1322329;38
2025;1487491;38
2025;1050663;38
2025;85652;38
2025;79007;38
2025;1445016;38
2025;1486822;38
2025;5000812;38
2025;1168313;38
2025;868;38
2025;1399616;38
2025;5000812;38
2025;1448710;38
2025;65114;38
2025;1399480;38
2025;15343;38
2025;1321864;38
2025;13286;38
2025;78256;38
2025;72663;38
2025;98406;38
2025;1108786;38
2025;1421013;38
2025;72681;38
2025;90483;38
2025;1050663;38
2025;90483;38
2025;72663;38
2025;1188849;38
2025;1487290;38
2025;1178524;38
2025;20360;38
2025;65114;38
2025;5001341;38
2025;1408505;38
2025;1390311;38
2025;1267038;38
2025;72681;38
2025;11233;38
2025;72667;38
2025;1188900;38
2025;1188900;38
2025;1059179;38
2025;85652;38
2025;1399618;38
2025;1257548;38
2025;1192047;38
2025;1363536;38
2025;5000979;38
2025;72767;38
2025;1185903;38
2025;1487491;38
2025;72667;38
2025;8698;38
2025;8698;38
2025;1200712;38
2025;7676;38
2025;1399482;38
2025;1184060;38
2025;1202547;38
2025;90483;38
2025;5000978;38
2025;1257524;38
2025;19294;38
2025;69624;38
2025;5001300;38
2025;66361;38
2025;7676;38
2025;39415;38
2025;1166567;38
2025;7414;38
2025;64918;38
2025;1399488;39
2025;1399615;39
2025;1173014;39
2025;5001183;39
2025;8698;39
2025;1483768;39
2025;49060;39
2025;66248;39
2025;1399618;39
2025;1399486;39
2025;78256;39
2025;91219;39
2025;1166567;39
2025;5000979;39
2025;1190280;39
2025;1179189;39
2025;1349675;39
2025;85652;39
2025;1399618;39
2025;87941;39
2025;1202553;39
2025;98506;39
2025;1399618;39
2025;75821;39
2025;59414;39
2025;1050663;39
2025;1397772;39
2025;1421013;39
2025;1419799;39
2025;1408261;39
2025;1477973;39
2025;14359;39
2025;1108786;39
2025;1184325;39
2025;1399488;39
2025;1190621;39
2025;1171609;39
2025;100688;39
2025;5001450;39
2025;1477973;39
2025;66361;39
2025;1184060;39
2025;65114;39
2025;90483;39
2025;1184325;39
2025;98409;39
2025;5000001;39
2025;1179189;39
2025;1166567;39
2025;1390309;39
2025;57402;39
2025;1258023;39
2025;1184060;39
2025;1184060;39
2025;1192188;39
2025;1190280;39
2025;1179189;39
2025;1455021;39
2025;1408504;39
2025;1180318;39
2025;5000001;39
2025;1390309;39
2025;1487290;39
2025;1390311;39
2025;1427419;39
2025;1399480;39
2025;1189778;39
2025;1190667;39
2025;1399614;39
2025;85652;39
2025;11446;39
2025;1399477;39
2025;90084;39
2025;90084;39
2025;74594;39
2025;97679;39
2025;90084;39
2025;1190621;39
2025;1342449;39
2025;85652;39
2025;1190621;39
2025;66361;39
2025;79007;39
2025;90084;39
2025;18472;39
2025;71859;39
2025;91219;39
2025;5000980;39
2025;1408509;39
2025;1185903;39
2025;1193275;39
2025;3148;39
2025;14359;39
2025;1465625;39
2025;1483805;39
2025;65114;39
2025;1408259;39
2025;10289;39
2025;91219;39
2025;1193275;39
2025;7676;39
2025;1184047;39
2025;1184060;39
2025;1059179;39
2025;1050663;39
2025;100958;39
2025;5000980;39
2025;1390317;39
2025;1188849;39
2025;1399616;39
2025;65114;39
2025;1322329;39
2025;7676;39
2025;1163738;39
2025;97679;39
2025;1321864;39
2025;65114;39
2025;13286;39
2025;90059;39
2025;1485621;39
2025;14359;39
2025;1487290;39
2025;4503;39
2025;107766;39
2025;1327450;39
2025;85652;39
2025;7414;39
2025;1050663;39
2025;1879;39
2025;1173014;39
2025;1184432;39
2025;1168313;39
2025;1184060;39
2025;1168313;39
2025;1408504;39
2025;1068548;39
2025;1261972;39
2025;57402;39
2025;1399478;39
2025;108884;39
2025;1465625;39
2025;57402;39
2025;100956;39
2025;1108281;39
2025;65114;39
2025;1050663;39
2025;4503;39
2025;1427370;39
2025;1408509;39
2025;9996;39
2025;1050663;39
2025;1399616;39
2025;6711;39
2025;1192047;39
2025;1465625;39
2025;140;39
2025;1406536;39
2025;10289;39
2025;64706;39
2025;1408261;39
2025;18605;39
2025;1342449;39
2025;1399616;39
2025;1190667;39
2025;5000841;39
2025;1104264;39
2025;99476;39
2025;12692;39
2025;65114;39
2025;1408509;39
2025;1276878;39
2025;66361;39
2025;1427370;39
2025;18605;39
2025;9326;39
2025;1257777;39
2025;98406;39
2025;65114;39
2025;10591;39
2025;1322329;39
2025;4503;39
2025;1397773;39
2025;5001183;39
2025;1477973;39
2025;18472;39
2025;1399615;39
2025;1166567;39
2025;51835;39
2025;1200712;39
2025;5001341;39
2025;13286;39
2025;5001294;39
2025;1879;39
2025;1427419;39
2025;1184325;39
2025;1465625;39
2025;1184060;39
2025;1385538;39
2025;1108281;39
2025;12970;39
2025;1457503;39
2025;91219;39
2025;5909;39
2025;1178524;39
2025;99476;39
2025;1399618;39
2025;78256;39
2025;1168313;39
2025;1050663;39
2025;19434;39
2025;18605;39
2025;11446;39
2025;1408262;39
2025;20249;39
2025;19294;39
2025;1321864;39
2025;1399482;39
2025;1190280;39
2025;1108786;39
2025;1483759;39
2025;65114;39
2025;1399477;39
2025;99476;39
2025;107666;39
2025;1192047;39
2025;16904;39
2025;65114;39
2025;5000979;39
2025;1193275;39
2025;1029204;39
2025;1108281;39
2025;1408262;39
2025;5000979;39
2025;71859;39
2025;99476;39
2025;1485621;39
2025;1193275;39
2025;1292917;39
2025;39415;39
2025;1322329;39
2025;1408261;39
2025;1390311;39
2025;1185903;39
2025;1192188;39
2025;5001294;39
2025;1193275;39
2025;18605;39
2025;1267038;39
2025;51835;39
2025;72681;39
2025;1465625;39
2025;72669;39
2025;1184060;39
2025;65114;39
2025;5000812;39
2025;1408505;39
2025;1421100;39
2025;12813;39
2025;1029204;39
2025;85652;39
2025;1349675;39
2025;1193275;39
2025;9326;39
2025;19294;39
2025;1427420;39
2025;49060;39
2025;1107;39
2025;65114;39
2025;74655;39
2025;1193275;39
2025;65114;39
2025;18472;39
2025;72667;39
2025;84352;39
2025;1399479;39
2025;1408507;39
2025;5000812;39
2025;5000812;39
2025;1104264;39
2025;78256;39
2025;19206;39
2025;18605;39
2025;65924;39
2025;1399616;39
2025;4503;39
2025;9326;39
2025;5000931;39
2025;1408262;39
2025;1166567;39
2025;72767;39
2025;1487491;39
2025;85652;39
2025;5001294;39
2025;19086;39
2025;19206;39
2025;9996;39
2025;1399480;39
2025;1487491;39
2025;65924;39
2025;1465625;39
2025;5001183;39
2025;7414;39
2025;1180318;39
2025;5001183;39
2025;8698;39
2025;1485621;39
2025;1487491;39
2025;7414;39
2025;5000841;39
2025;1421013;39
2025;100956;39
2025;1193275;39
2025;1257548;39
2025;85652;39
2025;72667;39
2025;1390311;39
2025;1135207;39
2025;16904;39
2025;1421013;39
2025;12970;39
2025;66361;39
2025;91219;39
2025;91219;39
2025;79007;39
2025;1295813;39
2025;1408261;39
2025;100958;39
2025;37304;39
2025;1184047;39
2025;7414;39
2025;75821;39
2025;72667;40
2025;7414;40
2025;15783;40
2025;1399614;40
2025;1184047;40
2025;65114;40
2025;12;40
2025;1385538;40
2025;1363536;40
2025;1193264;40
2025;1342536;40
2025;9996;40
2025;57852;40
2025;1477973;40
2025;1342505;40
2025;15343;40
2025;1135207;40
2025;1399481;40
2025;1342536;40
2025;65114;40
2025;72675;40
2025;49060;40
2025;66361;40
2025;1184060;40
2025;5000979;40
2025;5000812;40
2025;13286;40
2025;1192047;40
2025;78256;40
2025;1427370;40
2025;1408259;40
2025;1179189;40
2025;1399484;40
2025;1184060;40
2025;1408259;40
2025;5001183;40
2025;1399614;40
2025;65114;40
2025;98406;40
2025;1485621;40
2025;84352;40
2025;85652;40
2025;59174;40
2025;5000979;40
2025;78256;40
2025;37304;40
2025;69624;40
2025;1399488;40
2025;1166567;40
2025;1202588;40
2025;1185025;40
2025;1390311;40
2025;87537;40
2025;1193275;40
2025;1184060;40
2025;9772;40
2025;1399479;40
2025;1399618;40
2025;72669;40
2025;71859;40
2025;75821;40
2025;1136509;40
2025;1408509;40
2025;18605;40
2025;78256;40
2025;1399615;40
2025;90084;40
2025;389;40
2025;13286;40
2025;65114;40
2025;90084;40
2025;19850;40
2025;1399614;40
2025;1399480;40
2025;5000001;40
2025;1050663;40
2025;1190667;40
2025;5001341;40
2025;1179189;40
2025;75821;40
2025;1184432;40
2025;5000979;40
2025;1397772;40
2025;20249;40
2025;4503;40
2025;14975;40
2025;1029204;40
2025;1399617;40
2025;65114;40
2025;1258021;40
2025;1408509;40
2025;72667;40
2025;59174;40
2025;12970;40
2025;1465625;40
2025;7414;40
2025;65114;40
2025;1483773;40
2025;1191415;40
2025;1483805;40
2025;108014;40
2025;4503;40
2025;19850;40
2025;1050663;40
2025;1292725;40
2025;72669;40
2025;1477973;40
2025;5000931;40
2025;1408261;40
2025;72669;40
2025;79007;40
2025;66361;40
2025;86288;40
2025;1518495;40
2025;1408505;40
2025;1188900;40
2025;5000930;40
2025;1408504;40
2025;100956;40
2025;7414;40
2025;72669;40
2025;868;40
2025;1399614;40
2025;1190280;40
2025;5000933;40
2025;65114;40
2025;15839;40
2025;1457707;40
2025;1108786;40
2025;3418;40
2025;1408259;40
2025;91219;40
2025;13601;40
2025;1487290;40
2025;1184325;40
2025;1136509;40
2025;1185076;40
2025;1397771;40
2025;1399616;40
2025;8698;40
2025;1399615;40
2025;1427370;40
2025;75821;40
2025;1399614;40
2025;65114;40
2025;1257777;40
2025;1202539;40
2025;1258023;40
2025;1257777;40
2025;57402;40
2025;10289;40
2025;1258023;40
2025;11316;40
2025;1399482;40
2025;1192047;40
2025;72767;40
2025;1184060;40
2025;97679;40
2025;1408259;40
2025;1397771;40
2025;1184432;40
2025;57402;40
2025;75821;40
2025;85652;40
2025;1192047;40
2025;13200;40
2025;5001294;40
2025;1108281;40
2025;1427370;40
2025;5001294;40
2025;18594;40
2025;49060;40
2025;1192047;40
2025;85652;40
2025;1166567;40
2025;72669;40
2025;85652;40
2025;1363536;40
2025;1390309;40
2025;1166567;40
2025;1465625;40
2025;1193275;40
2025;100688;40
2025;3148;40
2025;5000980;40
2025;1334344;40
2025;72675;40
2025;18605;40
2025;1146605;40
2025;14359;40
2025;59174;40
2025;5001294;40
2025;1399617;40
2025;107666;40
2025;69624;40
2025;1190280;40
2025;65924;40
2025;79007;40
2025;18594;40
2025;18447;40
2025;1399480;40
2025;9805;40
2025;1385538;40
2025;72663;40
2025;2392;40
2025;1108786;40
2025;37304;40
2025;1166567;40
2025;5000812;40
2025;18605;40
2025;1486822;40
2025;1399478;40
2025;1184060;40
2025;11316;40
2025;1193759;40
2025;1193275;40
2025;12;40
2025;14725;40
2025;1399616;40
2025;9326;40
2025;5000812;40
2025;60660;40
2025;1178524;40
2025;1192047;40
2025;18605;40
2025;1399489;40
2025;1322329;40
2025;1216474;40
2025;5001294;40
2025;65924;40
2025;66361;40
2025;1200578;40
2025;13424;40
2025;100956;40
2025;1327450;40
2025;6496;40
2025;13601;40
2025;1421100;40
2025;1166567;40
2025;37304;40
2025;1135207;40
2025;80037;40
2025;1183313;40
2025;85652;40
2025;38071;40
2025;18447;40
2025;100688;40
2025;1101742;40
2025;1050663;40
2025;100688;40
2025;1184060;40
2025;1408505;40
2025;75821;40
2025;85652;40
2025;72681;40
2025;1421013;40
2025;72681;40
2025;1166567;40
2025;13200;40
2025;1029204;40
2025;91219;40
2025;108882;40
2025;5000979;40
2025;1258021;40
2025;1438629;40
2025;66361;40
2025;18605;40
2025;59174;40
2025;1487491;40
2025;85652;40
2025;1487491;40
2025;7705;40
2025;57402;40
2025;100958;40
2025;93001;40
2025;1421100;40
2025;1385538;40
2025;100956;40
2025;1190280;40
2025;18605;40
2025;1193275;40
2025;1029204;40
2025;1190280;40
2025;79007;40
2025;1185076;40
2025;1399477;40
2025;12569;40
2025;1026;40
2025;90059;40
2025;91219;40
2025;1050663;40
2025;1187646;40
2025;1188900;40
2025;65114;40
2025;1399287;40
2025;2918;40
2025;39415;40
2025;97679;40
2025;71689;41
2025;74594;41
2025;1184047;41
2025;12692;41
2025;1202553;41
2025;1399481;41
2025;15475;41
2025;1465625;41
2025;1068548;41
2025;18594;41
2025;97679;41
2025;79007;41
2025;37304;41
2025;57402;41
2025;1465625;41
2025;69464;41
2025;9805;41
2025;1108281;41
2025;1163738;41
2025;13286;41
2025;57402;41
2025;1184432;41
2025;1483759;41
2025;1421013;41
2025;1185903;41
2025;16904;41
2025;1184060;41
2025;1190667;41
2025;71859;41
2025;18447;41
2025;5000001;41
2025;1477973;41
2025;49060;41
2025;65114;41
2025;1192188;41
2025;1427370;41
2025;1190667;41
2025;1483805;41
2025;85652;41
2025;1518495;41
2025;1487491;41
2025;1166567;41
2025;98409;41
2025;78256;41
2025;1399487;41
2025;1184060;41
2025;1108786;41
2025;1185025;41
2025;1184432;41
2025;72767;41
2025;1292917;41
2025;11114;41
2025;1399479;41
2025;1258023;41
2025;1180318;41
2025;75821;41
2025;87537;41
2025;1399480;41
2025;13996;41
2025;71859;41
2025;1399615;41
2025;90084;41
2025;90084;41
2025;2304;41
2025;1190621;41
2025;1258021;41
2025;1258023;41
2025;107666;41
2025;97679;41
2025;1399477;41
2025;72681;41
2025;1190280;41
2025;15783;41
2025;91219;41
2025;1050663;41
2025;1399615;41
2025;1184060;41
2025;5000980;41
2025;86288;41
2025;1185903;41
2025;1399480;41
2025;1190280;41
2025;97679;41
2025;85652;41
2025;1399616;41
2025;1168313;41
2025;65114;41
2025;5000001;41
2025;65114;41
2025;1184060;41
2025;71859;41
2025;86288;41
2025;87537;41
2025;1184060;41
2025;65114;41
2025;100956;41
2025;1257524;41
2025;100956;41
2025;1184047;41
2025;1184060;41
2025;37304;41
2025;1385538;41
2025;1173014;41
2025;1322329;41
2025;1399484;41
2025;5000001;41
2025;1408508;41
2025;8698;41
2025;5345;41
2025;1168313;41
2025;1184060;41
2025;1408504;41
2025;72675;41
2025;1184060;41
2025;7414;41
2025;1322329;41
2025;6496;41
2025;72667;41
2025;1399616;41
2025;7414;41
2025;7414;41
2025;72667;41
2025;1363536;41
2025;1399487;41
2025;1180318;41
2025;1419799;41
2025;100956;41
2025;484;41
2025;1465625;41
2025;5000931;41
2025;1171609;41
2025;5000980;41
2025;65114;41
2025;75821;41
2025;1292917;41
2025;85652;41
2025;5001294;41
2025;140;41
2025;78256;41
2025;49060;41
2025;1193275;41
2025;13286;41
2025;1399487;41
2025;85652;41
2025;90483;41
2025;20360;41
2025;65114;41
2025;72667;41
2025;1029204;41
2025;1107;41
2025;1200712;41
2025;1108153;41
2025;13200;41
2025;78256;41
2025;97679;41
2025;75821;41
2025;1427419;41
2025;1108281;41
2025;18594;41
2025;71859;41
2025;1465625;41
2025;1168313;41
2025;1178524;41
2025;1258021;41
2025;1184060;41
2025;18605;41
2025;1184060;41
2025;1399479;41
2025;72667;41
2025;1184325;41
2025;1292917;41
2025;1385538;41
2025;38071;41
2025;5000812;41
2025;72767;41
2025;5001294;41
2025;5345;41
2025;65114;41
2025;1168313;41
2025;65114;41
2025;72669;41
2025;1026;41
2025;5001294;41
2025;1190280;41
2025;65114;41
2025;1292917;41
2025;71859;41
2025;78256;41
2025;91219;41
2025;49910;41
2025;5000979;41
2025;1322329;41
2025;1168313;41
2025;65114;41
2025;1166567;41
2025;9996;41
2025;1399478;41
2025;1334344;41
2025;65114;41
2025;91219;41
2025;90483;41
2025;1399477;41
2025;87941;41
2025;72663;41
2025;6496;41
2025;1179501;41
2025;1399614;41
2025;14234;41
2025;9996;41
2025;65114;41
2025;1399481;41
2025;65114;41
2025;389;41
2025;5001294;41
2025;1188900;41
2025;1397773;41
2025;5001294;41
2025;1322329;41
2025;1397772;41
2025;9805;41
2025;1399616;41
2025;85652;41
2025;1178524;41
2025;58412;41
2025;1322329;41
2025;1166567;41
2025;1168313;41
2025;72663;41
2025;5001294;41
2025;5000001;41
2025;1190667;41
2025;1029204;41
2025;13601;41
2025;1399618;41
2025;14093;41
2025;14093;41
2025;1104264;41
2025;1408504;41
2025;1321864;41
2025;1427420;41
2025;1421013;41
2025;91219;41
2025;1399617;41
2025;85652;41
2025;1438629;41
2025;1427420;41
2025;85652;41
2025;1193275;41
2025;1104264;41
2025;1192047;41
2025;9772;41
2025;5000980;41
2025;72681;41
2025;100956;41
2025;1190280;41
2025;18594;41
2025;5000978;41
2025;74655;41
2025;18605;41
2025;85652;41
2025;1104264;41
2025;85652;41
2025;66361;41
2025;10289;41
2025;16904;41
2025;1278877;41
2025;20058;41
2025;1465625;41
2025;1427419;41
2025;1408508;41
2025;1193275;41
2025;1408508;41
2025;91219;41
2025;58412;41
2025;5000001;41
2025;1397771;41
2025;18594;41
2025;48854;41
2025;7414;42
2025;1192047;42
2025;5000930;42
2025;1397771;42
2025;72667;42
2025;5000001;42
2025;1390311;42
2025;18605;42
2025;1399486;42
2025;1483805;42
2025;18605;42
2025;72767;42
2025;18605;42
2025;1465625;42
2025;1108153;42
2025;18605;42
2025;1465625;42
2025;1487491;42
2025;91219;42
2025;66361;42
2025;9996;42
2025;98506;42
2025;1399614;42
2025;1257777;42
2025;98506;42
2025;1399485;42
2025;72669;42
2025;1399615;42
2025;79007;42
2025;7676;42
2025;1191415;42
2025;65114;42
2025;1135207;42
2025;1050663;42
2025;100956;42
2025;20360;42
2025;4503;42
2025;1408262;42
2025;1202588;42
2025;1518495;42
2025;1190667;42
2025;5000930;42
2025;1178524;42
2025;1179189;42
2025;90084;42
2025;90483;42
2025;5000930;42
2025;1190667;42
2025;74655;42
2025;7676;42
2025;1190280;42
2025;99476;42
2025;5000001;42
2025;1465625;42
2025;1408508;42
2025;85652;42
2025;90084;42
2025;51699;42
2025;1190621;42
2025;90483;42
2025;2304;42
2025;1168313;42
2025;1399615;42
2025;13866;42
2025;5001183;42
2025;1465625;42
2025;140;42
2025;5000979;42
2025;9988;42
2025;1453564;42
2025;72669;42
2025;1477973;42
2025;19850;42
2025;5000980;42
2025;87537;42
2025;18605;42
2025;57852;42
2025;1399481;42
2025;5001427;42
2025;100956;42
2025;1483768;42
2025;1202588;42
2025;1342449;42
2025;1385538;42
2025;97679;42
2025;72667;42
2025;20360;42
2025;78256;42
2025;4503;42
2025;5001033;42
2025;1184060;42
2025;1180318;42
2025;1397771;42
2025;72675;42
2025;1408508;42
2025;5000930;42
2025;1485621;42
2025;66361;42
2025;72681;42
2025;1399618;42
2025;9326;42
2025;140;42
2025;1399488;42
2025;18594;42
2025;7414;42
2025;7414;42
2025;1184047;42
2025;4503;42
2025;1385538;42
2025;1427370;42
2025;1102360;42
2025;1408259;42
2025;51835;42
2025;57402;42
2025;66361;42
2025;1192188;42
2025;20058;42
2025;72669;42
2025;5000931;42
2025;5000979;42
2025;64918;42
2025;1292726;42
2025;91219;42
2025;1184325;42
2025;1399478;42
2025;1202588;42
2025;11114;42
2025;5000812;42
2025;1135207;42
2025;7676;42
2025;19294;42
2025;18605;42
2025;78256;42
2025;14359;42
2025;78256;42
2025;1399481;42
2025;53338;42
2025;18605;42
2025;1397772;42
2025;1257548;42
2025;1399477;42
2025;1102360;42
2025;57402;42
2025;97679;42
2025;78256;42
2025;1408505;42
2025;1342610;42
2025;1192047;42
2025;1322329;42
2025;16904;42
2025;1397771;42
2025;1408509;42
2025;1465625;42
2025;75821;42
2025;93001;42
2025;1193275;42
2025;1184325;42
2025;5001294;42
2025;1166567;42
2025;5001294;42
2025;1390311;42
2025;66361;42
2025;74594;42
2025;5000979;42
2025;1457707;42
2025;1330031;42
2025;19294;42
2025;72767;42
2025;39415;42
2025;107766;42
2025;1026;42
2025;5001294;42
2025;5001294;42
2025;5000981;42
2025;1190280;42
2025;65114;42
2025;1408504;42
2025;1477973;42
2025;6496;42
2025;78256;42
2025;20360;42
2025;1399619;42
2025;78256;42
2025;99476;42
2025;18472;42
2025;84352;42
2025;18472;42
2025;1029204;42
2025;1322329;42
2025;1258023;42
2025;14615;42
2025;1292726;42
2025;64706;42
2025;65924;42
2025;59174;42
2025;1188849;42
2025;1518;42
2025;100956;42
2025;75821;42
2025;18594;42
2025;1135207;42
2025;1192047;42
2025;13424;42
2025;1193275;42
2025;1190667;42
2025;18605;42
2025;14359;42
2025;1399614;42
2025;97679;42
2025;1397772;42
2025;1399482;42
2025;1342449;42
2025;65924;42
2025;14975;42
2025;1183313;42
2025;1342537;42
2025;1465625;42
2025;18605;42
2025;1455021;42
2025;1427420;42
2025;1185903;42
2025;91219;42
2025;1408508;42
2025;65114;42
2025;57852;42
2025;1399618;42
2025;65114;42
2025;91219;42
2025;79007;42
2025;1202547;42
2025;1190280;42
2025;1180318;42
2025;100956;42
2025;1427419;42
2025;1168313;42
2025;1399619;42
2025;69464;42
2025;1477973;42
2025;1258021;42
2025;5001183;42
2025;18594;42
2025;1487491;42
2025;1292917;42
2025;85652;42
2025;1408262;42
2025;1190667;42
2025;2918;42
2025;1408259;42
2025;5000930;42
2025;5001294;42
2025;1190280;42
2025;59174;42
2025;1192047;42
2025;1193275;42
2025;1184060;42
2025;65114;42
2025;19294;42
2025;72669;42
2025;1399618;42
2025;9772;42
2025;90483;43
2025;1465625;43
2025;5000979;43
2025;7414;43
2025;1487491;43
2025;57852;43
2025;1477973;43
2025;1173014;43
2025;12692;43
2025;7837;43
2025;5001294;43
2025;18605;43
2025;65924;43
2025;1445016;43
2025;7705;43
2025;18605;43
2025;20249;43
2025;1342536;43
2025;1168313;43
2025;1455021;43
2025;15343;43
2025;1408261;43
2025;1050663;43
2025;5001294;43
2025;12970;43
2025;1188849;43
2025;18605;43
2025;97679;43
2025;91219;43
2025;72669;43
2025;1483805;43
2025;1322329;43
2025;1166567;43
2025;1385538;43
2025;85652;43
2025;1408509;43
2025;72667;43
2025;1166567;43
2025;5000001;43
2025;1192047;43
2025;1185025;43
2025;90483;43
2025;5000001;43
2025;78256;43
2025;1102360;43
2025;72667;43
2025;71859;43
2025;79007;43
2025;1184060;43
2025;1399618;43
2025;1399618;43
2025;1408261;43
2025;78256;43
2025;72667;43
2025;90084;43
2025;19206;43
2025;1050663;43
2025;10591;43
2025;1180318;43
2025;1399482;43
2025;72681;43
2025;72667;43
2025;1465625;43
2025;18605;43
2025;5001294;43
2025;18605;43
2025;1191415;43
2025;75821;43
2025;1190667;43
2025;1465625;43
2025;1185903;43
2025;1483805;43
2025;1390311;43
2025;5001183;43
2025;1178672;43
2025;5000812;43
2025;86288;43
2025;13286;43
2025;1292725;43
2025;5000981;43
2025;1399615;43
2025;1050663;43
2025;1192047;43
2025;1483805;43
2025;1108786;43
2025;72667;43
2025;1397773;43
2025;1322329;43
2025;5001294;43
2025;57852;43
2025;65114;43
2025;1178524;43
2025;5000979;43
2025;18605;43
2025;11114;43
2025;5001294;43
2025;1322329;43
2025;37304;43
2025;13286;43
2025;9805;43
2025;84352;43
2025;1190280;43
2025;10289;43
2025;78256;43
2025;1168313;43
2025;1408509;43
2025;1399619;43
2025;5000979;43
2025;18605;43
2025;1408261;43
2025;1399477;43
2025;18605;43
2025;5000812;43
2025;1322329;43
2025;100956;43
2025;1190667;43
2025;86288;43
2025;1190280;43
2025;1168313;43
2025;12970;43
2025;1408504;43
2025;16904;43
2025;1465625;43
2025;100956;43
2025;1399482;43
2025;12970;43
2025;72681;43
2025;1166567;43
2025;1322329;43
2025;1168313;43
2025;1190280;43
2025;1408259;43
2025;1399619;43
2025;1184325;43
2025;57402;43
2025;1190280;43
2025;1408262;43
2025;1322329;43
2025;5000979;43
2025;72767;43
2025;1399614;43
2025;1179501;43
2025;1178524;43
2025;18472;43
2025;5001314;43
2025;1397773;43
2025;1257548;43
2025;1399481;43
2025;72675;43
2025;1258023;43
2025;1427419;43
2025;1104264;43
2025;71859;43
2025;8698;43
2025;1399618;43
2025;1399619;43
2025;1399618;43
2025;1408262;43
2025;1390317;43
2025;1399480;43
2025;65114;43
2025;57402;43
2025;1190667;43
2025;1193275;43
2025;1108281;43
2025;9996;43
2025;18472;43
2025;78256;43
2025;1427419;43
2025;1408505;43
2025;72663;43
2025;1408261;43
2025;1322329;43
2025;85652;43
2025;10591;43
2025;78256;43
2025;5000979;43
2025;1399614;43
2025;18605;43
2025;1184060;43
2025;85652;43
2025;1184060;43
2025;18605;43
2025;9996;43
2025;18605;43
2025;1399481;43
2025;72667;43
2025;1166567;43
2025;1166567;43
2025;72663;43
2025;87537;43
2025;72681;43
2025;65114;43
2025;5000981;43
2025;72663;43
2025;80037;43
2025;39415;43
2025;85652;43
2025;1108786;43
2025;5000979;43
2025;1184325;43
2025;1438629;43
2025;1214209;43
2025;1258021;43
2025;1190667;43
2025;6711;43
2025;85652;43
2025;74655;43
2025;1180318;43
2025;85652;43
2025;1184060;43
2025;72667;43
2025;18594;43
2025;1258023;43
2025;72681;43
2025;1408507;43
2025;74655;43
2025;1399616;43
2025;19206;43
2025;1419799;43
2025;1278877;43
2025;18605;43
2025;100958;43
2025;1342537;43
2025;85652;43
2025;1399481;43
2025;1399479;43
2025;1397771;43
2025;1163738;43
2025;1257524;43
2025;1191415;43
2025;59174;43
2025;1465625;43
2025;65114;43
2025;72667;43
2025;1171609;43
2025;1193275;43
2025;65114;43
2025;1421100;43
2025;1180318;43
2025;75821;44
2025;1399616;44
2025;1178524;44
2025;86288;44
2025;72669;44
2025;72667;44
2025;90483;44
2025;1427419;44
2025;1168313;44
2025;15783;44
2025;1485621;44
2025;1322329;44
2025;85652;44
2025;1258021;44
2025;19850;44
2025;85652;44
2025;5000001;44
2025;1408508;44
2025;37304;44
2025;72681;44
2025;1408259;44
2025;1399614;44
2025;1184060;44
2025;1421100;44
2025;1427419;44
2025;1399484;44
2025;1184060;44
2025;1166567;44
2025;1166567;44
2025;66361;44
2025;1184060;44
2025;65114;44
2025;1408508;44
2025;1397771;44
2025;5000001;44
2025;65114;44
2025;65114;44
2025;1483759;44
2025;1193264;44
2025;65114;44
2025;1485621;44
2025;72681;44
2025;75821;44
2025;18605;44
2025;1108281;44
2025;1189778;44
2025;1399615;44
2025;1193264;44
2025;7105;44
2025;5000930;44
2025;98409;44
2025;5000001;44
2025;72675;44
2025;7414;44
2025;72681;44
2025;1399477;44
2025;5000931;44
2025;5000931;44
2025;5000931;44
2025;1487491;44
2025;1200578;44
2025;1166567;44
2025;57402;44
2025;1408505;44
2025;1192047;44
2025;90084;44
2025;18472;44
2025;1483773;44
2025;72681;44
2025;9988;44
2025;9988;44
2025;7414;44
2025;7414;44
2025;91219;44
2025;72681;44
2025;11233;44
2025;64918;44
2025;20058;44
2025;65114;44
2025;1385538;44
2025;57402;44
2025;1292917;44
2025;78256;44
2025;7105;44
2025;1108281;44
2025;1190280;44
2025;91219;44
2025;12970;44
2025;72667;44
2025;82224;44
2025;4720;44
2025;10591;44
2025;1408259;44
2025;65924;44
2025;1399618;44
2025;1178524;44
2025;1322329;44
2025;1399618;44
2025;1465625;44
2025;100956;44
2025;1135207;44
2025;1292917;44
2025;18605;44
2025;78256;44
2025;53338;44
2025;64918;44
2025;1408259;44
2025;1390309;44
2025;4503;44
2025;1487491;44
2025;1257524;44
2025;2918;44
2025;5000980;44
2025;1457503;44
2025;1188849;44
2025;78256;44
2025;1258023;44
2025;1485621;44
2025;5000980;44
2025;484;44
2025;7837;44
2025;91399;44
2025;1184060;44
2025;1257524;44
2025;72675;44
2025;78256;44
2025;98506;44
2025;5001294;44
2025;1190280;44
2025;1202547;44
2025;1399616;44
2025;18594;44
2025;1184060;44
2025;72667;44
2025;65114;44
2025;18472;44
2025;78256;44
2025;91219;44
2025;1390317;44
2025;1363536;44
2025;1342536;44
2025;1193275;44
2025;1397773;44
2025;1399489;44
2025;10591;44
2025;72767;44
2025;5001294;44
2025;1399477;44
2025;1399287;44
2025;6496;44
2025;5001294;44
2025;1322329;44
2025;20360;44
2025;1322329;44
2025;1029204;44
2025;1168313;44
2025;51835;44
2025;5001294;44
2025;65114;44
2025;1399489;44
2025;85652;44
2025;49060;44
2025;72663;44
2025;8698;44
2025;1408262;44
2025;1192047;44
2025;1180318;44
2025;85652;44
2025;5000812;44
2025;1168313;44
2025;5001183;44
2025;1188849;44
2025;59414;44
2025;1477973;44
2025;1399489;44
2025;1166567;44
2025;57402;44
2025;108882;44
2025;18594;44
2025;18605;44
2025;74655;44
2025;12;44
2025;1390317;44
2025;85652;44
2025;1408262;44
2025;1029204;44
2025;1399477;44
2025;1421013;44
2025;91219;44
2025;1487491;44
2025;7414;44
2025;1202547;44
2025;87537;44
2025;5000980;44
2025;72675;44
2025;1108786;44
2025;1050663;44
2025;1108281;44
2025;18605;44
2025;1191415;44
2025;1180318;44
2025;72669;44
2025;1477973;44
2025;1179501;44
2025;90084;44
2025;19294;45
2025;1292917;45
2025;78256;45
2025;65114;45
2025;1258021;45
2025;90483;45
2025;1725;45
2025;1390317;45
2025;1408259;45
2025;5345;45
2025;1421013;45
2025;86288;45
2025;7414;45
2025;65114;45
2025;121850;45
2025;98409;45
2025;1408262;45
2025;1399618;45
2025;78256;45
2025;9805;45
2025;107766;45
2025;1399615;45
2025;1050663;45
2025;5000812;45
2025;1108281;45
2025;1385538;45
2025;1190621;45
2025;107766;45
2025;1190621;45
2025;1258023;45
2025;1399477;45
2025;1258023;45
2025;7105;45
2025;57402;45
2025;1399477;45
2025;1192047;45
2025;1408508;45
2025;1184325;45
2025;1108281;45
2025;90483;45
2025;5001183;45
2025;72681;45
2025;97679;45
2025;1397772;45
2025;91219;45
2025;107766;45
2025;65924;45
2025;7414;45
2025;60660;45
2025;1486822;45
2025;1399481;45
2025;1486822;45
2025;1322329;45
2025;99476;45
2025;5000981;45
2025;72681;45
2025;5001033;45
2025;1457707;45
2025;1200712;45
2025;91219;45
2025;18605;45
2025;18605;45
2025;1108786;45
2025;1485621;45
2025;1190280;45
2025;5001341;45
2025;1321864;45
2025;1192047;45
2025;97679;45
2025;1168313;45
2025;18605;45
2025;13286;45
2025;57402;45
2025;1457707;45
2025;5001294;45
2025;72669;45
2025;78256;45
2025;9988;45
2025;65114;45
2025;1184325;45
2025;1108786;45
2025;1342505;45
2025;389;45
2025;74655;45
2025;1322329;45
2025;18605;45
2025;87537;45
2025;1322329;45
2025;72663;45
2025;1408507;45
2025;13723;45
2025;1483773;45
2025;18594;45
2025;18605;45
2025;1399617;45
2025;1518;45
2025;1427419;45
2025;75821;45
2025;1408507;45
2025;87537;45
2025;1200578;45
2025;1292917;45
2025;85652;45
2025;65114;45
2025;85652;45
2025;18605;45
2025;5001183;45
2025;1427420;45
2025;1399489;45
2025;1184060;45
2025;1029204;45
2025;65924;45
2025;1408259;45
2025;9996;45
2025;74655;45
2025;72667;45
2025;1399614;45
2025;99476;45
2025;1487491;45
2025;1487491;45
2025;108882;45
2025;1399614;45
2025;12015;45
2025;72681;45
2025;37304;45
2025;5000979;45
2025;1465625;45
2025;49060;45
2025;1292726;45
2025;7414;45
2025;1465625;45
2025;1390311;46
2025;1180318;46
2025;79007;46
2025;78256;46
2025;1258023;46
2025;1321864;46
2025;13996;46
2025;66361;46
2025;5001294;46
2025;1163738;46
2025;1455021;46
2025;1465625;46
2025;6496;46
2025;12;46
2025;5001183;46
2025;78256;46
2025;100956;46
2025;1166567;46
2025;72667;46
2025;1399615;46
2025;57402;46
2025;1465625;46
2025;13723;46
2025;100956;46
2025;1408509;46
2025;90084;46
2025;9805;46
2025;1399618;46
2025;1363536;46
2025;1168313;46
2025;78256;46
2025;5000979;46
2025;1108786;46
2025;1193275;46
2025;49060;46
2025;1292917;46
2025;1292869;46
2025;1184047;46
2025;5001294;46
2025;7414;46
2025;1399616;46
2025;1399616;46
2025;72667;46
2025;1399481;46
2025;5000931;46
2025;1399482;46
2025;1321864;46
2025;1399618;46
2025;7414;46
2025;1322329;46
2025;1322329;46
2025;57402;46
2025;4503;46
2025;18605;46
2025;71859;46
2025;66361;46
2025;1292917;46
2025;58412;46
2025;1180318;46
2025;1399618;46
2025;1292917;46
2025;1190280;46
2025;5345;46
2025;1190667;46
2025;65924;46
2025;5001294;46
2025;1108281;46
2025;1190667;46
2025;1334344;46
2025;1485621;46
2025;65114;46
2025;1104264;46
2025;121850;46
2025;65114;46
2025;72663;46
2025;85652;46
2025;18472;46
2025;1397771;46
2025;1399480;46
2025;1322329;46
2025;1465625;46
2025;93001;46
2025;87537;46
2025;140;46
2025;1163738;46
2025;389;46
2025;1168313;46
2025;1485621;46
2025;71859;46
2025;1178524;46
2025;5000930;46
2025;1178672;46
2025;1190280;46
2025;18605;46
2025;1477973;46
2025;18605;46
2025;65114;46
2025;74655;46
2025;78256;46
2025;71859;46
2025;5001294;46
2025;100688;46
2025;8698;46
2025;72667;46
2025;74655;46
2025;98506;46
2025;1421100;46
2025;86288;46
2025;1465625;46
2025;7414;46
2025;1421013;46
2025;8698;46
2025;7414;46
2025;1385538;46
2025;65114;47
2025;85652;47
2025;64918;47
2025;72667;47
2025;1163738;47
2025;1192047;47
2025;1399482;47
2025;1190667;47
2025;1190667;47
2025;1390317;47
2025;65924;47
2025;72681;47
2025;72681;47
2025;1108281;47
2025;57852;47
2025;1397772;47
2025;5000980;47
2025;38071;47
2025;71859;47
2025;1399619;47
2025;1166567;47
2025;1421013;47
2025;1399616;47
2025;1399482;47
2025;18605;47
2025;9805;47
2025;85652;47
2025;1108281;47
2025;5000812;47
2025;9996;47
2025;5000979;47
2025;1408504;47
2025;82224;47
2025;1171609;47
2025;1483773;47
2025;1483805;47
2025;6496;47
2025;1184325;47
2025;91219;47
2025;78256;47
2025;78256;47
2025;14234;47
2025;19294;47
2025;1200578;47
2025;78256;47
2025;1408259;47
2025;1200712;47
2025;1166567;47
2025;57402;47
2025;5001167;47
2025;100956;47
2025;1399487;47
2025;5001294;47
2025;78256;47
2025;5001294;47
2025;1408259;47
2025;1465625;47
2025;1322329;47
2025;39415;47
2025;72681;47
2025;1399615;47
2025;1349675;47
2025;72669;47
2025;78256;47
2025;1192188;47
2025;1184325;47
2025;90084;47
2025;1408261;47
2025;85652;47
2025;66361;47
2025;18594;47
2025;99476;47
2025;1483768;47
2025;19086;47
2025;1385538;47
2025;72681;47
2025;1108786;47
2025;1188900;47
2025;1399615;47
2025;18594;47
2025;1421013;47
2025;1178524;47
2025;18447;47
2025;98506;47
2025;7414;47
2025;1427420;47
2025;1200578;47
2025;71859;47
2025;1399477;48
2025;49060;48
2025;72667;48
2025;85652;48
2025;1258023;48
2025;51835;48
2025;1166567;48
2025;48854;48
2025;18605;48
2025;1455021;48
2025;1202553;48
2025;7676;48
2025;1257548;48
2025;90483;48
2025;9772;48
2025;1487290;48
2025;75821;48
2025;2304;48
2025;78256;48
2025;1518495;48
2025;65114;48
2025;1483773;48
2025;1184060;48
2025;5000812;48
2025;72767;48
2025;13286;48
2025;78256;48
2025;7414;48
2025;14975;48
2025;18605;48
2025;1108281;48
2025;1292917;48
2025;1258021;48
2025;1399479;48
2025;18605;48
2025;1399479;48
2025;1192047;48
2025;1458090;48
2025;54494;48
2025;1184047;48
2025;72767;48
2025;1408262;48
2025;65114;48
2025;1465625;48
2025;1455021;48
2025;1184060;48
2025;1193275;48
2025;1190667;48
2025;1184060;48
2025;20360;48
2025;18605;48
2025;1390317;48
2025;19434;48
2025;78256;48
2025;5001294;48
2025;7676;48
2025;1322329;48
2025;1421013;48
2025;10289;48
2025;1399616;48
2025;1518;48
2025;8698;48
2025;64918;48
2025;66361;48
2025;1399616;48
2025;18605;48
2025;1487491;48
2025;1399481;48
2025;39415;48
2025;1487491;48
2025;1179189;48
2025;7414;48
2025;85652;48
2025;85652;48
2025;98506;48
2025;1108281;48
2025;7414;48
2025;1477973;49
2025;1192047;49
2025;1184060;49
2025;1399616;49
2025;1163738;49
2025;71859;49
2025;1321864;49
2025;1166567;49
2025;53338;49
2025;1188900;49
2025;1399477;49
2025;1487290;49
2025;1406536;49
2025;1190621;49
2025;9988;49
2025;1455021;49
2025;57402;49
2025;1399614;49
2025;64918;49
2025;5345;49
2025;1108281;49
2025;1399614;49
2025;1399617;49
2025;18605;49
2025;65114;49
2025;4503;49
2025;13601;49
2025;1439;49
2025;1190667;49
2025;1408262;49
2025;14563;49
2025;1399479;49
2025;1349675;49
2025;1385538;49
2025;1292726;49
2025;1421100;49
2025;1258021;49
2025;72667;49
2025;21542;49
2025;1485621;49
2025;91219;49
2025;1408505;49
2025;1050663;49
2025;140;49
2025;1427419;49
2025;72663;49
2025;1419799;49
2025;1184325;49
2025;1184325;49
2025;100688;49
2025;5001294;49
2025;1202553;49
2025;1487491;49
2025;1190667;49
2025;1518495;49
2025;1487290;49
2025;9805;49
2025;1427419;49
2025;1453564;49
2025;1184047;50
2025;1453564;50
2025;1190280;50
2025;65924;50
2025;82224;50
2025;1193275;50
2025;1455021;50
2025;1173014;50
2025;1399614;50
2025;1190280;50
2025;37304;50
2025;97679;50
2025;1399488;50
2025;1390317;50
2025;5001183;50
2025;7676;50
2025;1184060;50
2025;57402;50
2025;1188900;50
2025;1258021;50
2025;20360;50
2025;7676;50
2025;78256;50
2025;1477973;50
2025;4503;50
2025;18605;50
2025;1427370;50
2025;5000980;50
2025;5000979;50
2025;1200578;50
2025;72663;50
2025;5000979;50
2025;1190280;50
2025;1029204;50
2025;1184047;50
2025;65114;50
2025;78256;50
2025;1486822;50
2025;1136509;50
2025;140;50
2025;1427419;50
2025;1487491;50
2025;1193275;50
2025;1349675;50
2025;90084;51
2025;1184060;51
2025;18605;51
2025;1171609;51
2025;78256;51
2025;7837;51
2025;72681;51
2025;7414;51
2025;1108786;51
2025;20058;51
2025;1321864;51
2025;19206;51
2025;1485621;51
2025;78256;51
2025;18605;51
2025;75821;51
2025;1188900;51
2025;18472;51
2025;6496;51
2025;1166567;51
2025;1257548;51
2025;7414;51
2025;7414;51
2025;1258021;51
2025;64918;51
2025;1486822;52
2025;5000979;52
2025;19294;52
2025;4503;52
2025;13424;52
2025;1385538;52
2025;87537;52
2025;1184060;52
2025;1390311;52
2025;57402;52
2025;1193275;52
2025;75821;52
2025;9805;52
2025;1193275;52
2025;1202546;52
2025;1184047;52
2025;1399477;52
2025;12;52
2025;9805;52
2025;1261971;52
2025;5001294;52
2025;65114;52
2025;85652;52
2025;15475;52
2025;1453564;53
2025;1408261;53
2025;1188849;53
2025;1399619;53
2025;1399619;53
2025;7676;53
2025;1399479;53
2025;72667;53
2025;57402;53
2025;1184325;53
2025;49060;53
2025;7414;53
2025;1477973;53
2025;100956;53
2025;1171609;53
2025;1439;53
2025;85652;53
2025;19294;53
2025;1408505;53
2025;1050663;53
2025;1399479;53
2025;75821;53
2025;1518495;53
2025;1427419;53
2025;1485621;53
2025;7414;53
2025;85652;53
2025;53338;54
2025;7414;54
2025;7414;54
2025;66361;54
2025;19206;54
2025;13424;54
2025;1399480;54
2025;84352;54
2025;91219;54
2025;1399616;54
2025;5000980;54
2025;18594;54
2025;7414;54
2025;1184060;55
2025;66361;55
2025;79007;55
2025;100688;55
2025;1399616;55
2025;13286;55
2025;18605;55
2025;18605;55
2025;7676;55
2025;5001294;55
2025;5001183;55
2025;1465625;55
2025;5000979;56
2025;2304;56
2025;18605;56
2025;1184432;56
2025;74655;56
2025;1258021;56
2025;1180318;56
2025;1399479;56
2025;1408505;56
2025;15475;57
2025;1408508;57
2025;1193275;57
2025;1168313;57
2025;5001294;57
2025;65114;57
2025;5000978;57
2025;6496;57
2025;1399477;57
2025;8698;57
2025;72767;58
2025;1408259;58
2025;13424;58
2025;1397772;59
2025;1385538;59
2025;1184432;59
2025;101228;59
2025;1455021;59
2025;72667;60
2025;78256;60
2025;15475;61
2025;1518;61
2025;7676;62
2025;72669;62
2025;5001183;62
2025;84352;62
2025;1399483;62
2025;1390311;62
2025;2392;63
2025;18605;63
2025;85652;63
2025;1202553;63
2025;99476;64
2025;1257548;64
2025;1101742;64
2025;1108786;64
2025;1202547;65
2025;15475;65
2025;64918;67
2025;1455021;73
2025;1397771;75
